format,row_no,brief_id,title,role,industry,jtbd,execution_status,session_id,session_url,share_status,share_id,share_url,missing_fields,repair_action
html,54,ce98f261-f9e4-4c9e-963d-f9ad05c8d580,Which prior-art fields create the most significant patent risks for software-defined vehicles?,in_house_ip_legal,automotive,"[""prior_art""]",completed,sess_db09b95cd14c4071,https://eureka.patsnap.com/ai-search/sess_db09b95cd14c4071?from=rd-home&start_from=eureka_landingpage,submission_unknown,,,share_url,retry_share_only
html,380,bd7d6dd9-3e1e-4a84-8fe9-d7de92cfceb7,"How do jurisdiction, patent-family coverage, and legal status change FTO risk across engineering markets?",in_house_ip_legal,engineering,"[""fto_design_risks""]",submission_unknown,,,pending,,,session_url|share_url,force_resubmit_unknown
html,672,af165bf1-2d2b-4a22-bfb0-8c2422ed9f59,What task menu could clarify how maturity is changing across automotive technology fields?,innovation_product_strategy,automotive,"[""other""]",submission_unknown,,,pending,,,session_url|share_url,force_resubmit_unknown
html,673,5eeb4ad6-f664-4a63-8cd2-d24645dbbb59,Which research approaches could reveal where technology activity is shifting across the automotive value chain?,innovation_product_strategy,automotive,"[""other""]",submission_unknown,,,pending,,,session_url|share_url,force_resubmit_unknown
html,674,b1358277-ec6d-4600-9646-e92649b54f56,What research tasks could compare technology trends across the automotive lifecycle?,innovation_product_strategy,automotive,"[""other""]",submission_unknown,,,pending,,,session_url|share_url,force_resubmit_unknown
html,675,35928bb7-3d90-4325-9539-7299522d36df,Which task options would best identify emerging convergence among automotive technology fields?,innovation_product_strategy,automotive,"[""other""]",submission_unknown,,,pending,,,session_url|share_url,force_resubmit_unknown
html,676,49629747-f2f9-4c52-b950-29f467dbb734,What research tasks could track shifts in the automotive industry's major systems and enabling technologies?,innovation_product_strategy,automotive,"[""other""]",submission_unknown,,,pending,,,session_url|share_url,force_resubmit_unknown
html,677,e257d13d-a6c1-4471-87b2-4c5b59774f57,Which evidence-based research tasks could show how automotive technology priorities are evolving?,innovation_product_strategy,automotive,"[""other""]",submission_unknown,,,pending,,,session_url|share_url,force_resubmit_unknown
html,678,3ad9c451-bb02-4081-8b4a-cb1e89628745,"What task menu could distinguish research, commercialization, and adoption signals in automotive technology trends?",innovation_product_strategy,automotive,"[""other""]",submission_unknown,,,pending,,,session_url|share_url,force_resubmit_unknown
html,679,8b95856c-4dca-4f18-98c4-e0e25dc7f436,Which research tasks could assess how external pressures are redirecting the automotive technology landscape?,innovation_product_strategy,automotive,"[""other""]",submission_unknown,,,pending,,,session_url|share_url,force_resubmit_unknown
html,680,7cf8960f-9785-4a24-929e-b5e012fd2bef,What research tasks would best explore likely next developments and uncertainties in automotive technology?,innovation_product_strategy,automotive,"[""other""]",submission_unknown,,,pending,,,session_url|share_url,force_resubmit_unknown
html,681,e2820d8f-7ef6-48de-9028-6bf3540cb2b0,How are automotive patent filing trends and technology clusters changing across the industry?,innovation_product_strategy,automotive,"[""patent_landscapes""]",submission_unknown,,,pending,,,session_url|share_url,force_resubmit_unknown
html,682,2e2ce246-ada0-4fa5-9096-b943456cea27,"Which automotive technology fields are showing the strongest acceleration, stability, or decline in patent activity?",innovation_product_strategy,automotive,"[""patent_landscapes""]",submission_unknown,,,pending,,,session_url|share_url,force_resubmit_unknown
html,683,d3329c8e-85b4-4a8e-b7d7-9b610cae2bfe,How is the landscape of major automotive patent rights holders and new entrants evolving?,innovation_product_strategy,automotive,"[""patent_landscapes""]",submission_unknown,,,pending,,,session_url|share_url,force_resubmit_unknown
html,684,4f80290a-93a8-4038-bb06-31d8f1540177,Where is patent activity converging across major automotive technology domains?,innovation_product_strategy,automotive,"[""patent_landscapes""]",submission_unknown,,,pending,,,session_url|share_url,force_resubmit_unknown
html,685,d13d0ae6-e34e-4445-9af8-6a05ca27ffc8,How is the geographic distribution of automotive patent activity shifting worldwide?,innovation_product_strategy,automotive,"[""patent_landscapes""]",submission_unknown,,,pending,,,session_url|share_url,force_resubmit_unknown
html,686,9484a318-3f5b-4ffe-8fa9-9f2de681428a,"How are automotive patent trends shifting across research, vehicle development, manufacturing, and mobility-enabling technologies?",innovation_product_strategy,automotive,"[""patent_landscapes""]",submission_unknown,,,pending,,,session_url|share_url,force_resubmit_unknown
html,687,bef22d2c-ea09-422c-8677-bc1458399aae,Which automotive patent clusters show signals of emerging maturity or increasing adoption readiness?,innovation_product_strategy,automotive,"[""patent_landscapes""]",submission_unknown,,,pending,,,session_url|share_url,force_resubmit_unknown
html,688,88181588-7aa9-4f15-b6b4-65325b240288,Which emerging automotive patent areas remain fragmented or comparatively underrepresented?,innovation_product_strategy,automotive,"[""patent_landscapes""]",submission_unknown,,,pending,,,session_url|share_url,force_resubmit_unknown
html,689,ba55775a-c81e-4d05-bfed-bd7615fc036d,How are collaboration and knowledge-flow networks changing in the automotive patent landscape?,innovation_product_strategy,automotive,"[""patent_landscapes""]",submission_unknown,,,pending,,,session_url|share_url,force_resubmit_unknown
html,690,981f6e40-9cf9-4cb6-aad0-6bd1d785e261,How are automotive patent families evolving from early filings into broader international portfolios?,innovation_product_strategy,automotive,"[""patent_landscapes""]",submission_unknown,,,pending,,,session_url|share_url,force_resubmit_unknown
html,691,ebb42159-954f-4803-9c11-b4e37f5e3a4b,What intellectual-property risks could constrain automotive electrification product strategies?,innovation_product_strategy,automotive,"[""product_ip_risks""]",submission_unknown,,,pending,,,session_url|share_url,force_resubmit_unknown
html,692,1bd78338-0bd0-4805-a73e-68f034025088,Which intellectual-property risks should automotive product strategists assess for software-defined vehicles?,innovation_product_strategy,automotive,"[""product_ip_risks""]",submission_unknown,,,pending,,,session_url|share_url,force_resubmit_unknown
html,693,a1e158fc-f96c-4396-bcb1-2ef84e852481,What intellectual-property risks could affect automotive connected-service portfolios and business models?,innovation_product_strategy,automotive,"[""product_ip_risks""]",submission_unknown,,,pending,,,session_url|share_url,force_resubmit_unknown
html,694,dd539dac-0c93-444f-be4f-f84ffdcf20c7,Which patent and ownership risks could shape automotive strategies for assisted and automated driving?,innovation_product_strategy,automotive,"[""product_ip_risks""]",submission_unknown,,,pending,,,session_url|share_url,force_resubmit_unknown
html,695,1b3c4c51-41c5-4d1a-875c-1e83f7412fc9,What standard-essential patent risks should inform automotive connectivity product strategies?,innovation_product_strategy,automotive,"[""product_ip_risks""]",submission_unknown,,,pending,,,session_url|share_url,force_resubmit_unknown
html,696,5049b314-2947-4d16-aa34-a59cd2f9c960,Which intellectual-property risks arise when automotive products incorporate open-source software?,innovation_product_strategy,automotive,"[""product_ip_risks""]",submission_unknown,,,pending,,,session_url|share_url,force_resubmit_unknown
html,697,ce558cb5-b46d-4a40-a7ae-8c36749394fd,What IP ownership and freedom-to-operate risks could emerge from automotive technology collaborations?,innovation_product_strategy,automotive,"[""product_ip_risks""]",submission_unknown,,,pending,,,session_url|share_url,force_resubmit_unknown
html,698,16dcfa9f-073d-41f5-9037-72a42c771407,Which intellectual-property risks could limit reuse of technologies across automotive product portfolios?,innovation_product_strategy,automotive,"[""product_ip_risks""]",submission_unknown,,,pending,,,session_url|share_url,force_resubmit_unknown
html,699,09d5d308-3baa-473d-9ed8-22dc3c052ee8,What design-around risks and opportunities should be assessed in automotive product planning?,innovation_product_strategy,automotive,"[""product_ip_risks""]",submission_unknown,,,pending,,,session_url|share_url,force_resubmit_unknown
html,700,60788398-1e40-4ac1-b094-93f4da94dca1,Which emerging automotive technology fields present the greatest intellectual-property uncertainty for product strategy?,innovation_product_strategy,automotive,"[""product_ip_risks""]",submission_unknown,,,pending,,,session_url|share_url,force_resubmit_unknown
html,701,430dc991-b039-46d5-9cb7-1d1d90c04641,Which propulsion and onboard energy technology trends should shape automotive R&D priorities?,innovation_product_strategy,automotive,"[""rd_directions""]",submission_unknown,,,pending,,,session_url|share_url,force_resubmit_unknown
html,702,6a43615a-0981-45fc-a0dd-c3faad60d612,Which software-defined vehicle and electronic architecture trends merit greater automotive R&D attention?,innovation_product_strategy,automotive,"[""rd_directions""]",submission_unknown,,,pending,,,session_url|share_url,force_resubmit_unknown
html,703,6e5efc0d-b6ca-4cce-9685-57e22d15035b,Which automated-driving and vehicle-perception research trends should be prioritized for further automotive R&D?,innovation_product_strategy,automotive,"[""rd_directions""]",submission_unknown,,,pending,,,session_url|share_url,force_resubmit_unknown
html,704,76e2adcc-a777-4496-97e3-1198c1610e5f,Which advanced automotive manufacturing trends offer the strongest directions for future R&D investment?,innovation_product_strategy,automotive,"[""rd_directions""]",submission_unknown,,,pending,,,session_url|share_url,force_resubmit_unknown
html,705,a08d35fa-8270-4e1f-b68f-85d5c24d4962,Which lightweighting and advanced-materials trends should guide automotive R&D priorities?,innovation_product_strategy,automotive,"[""rd_directions""]",submission_unknown,,,pending,,,session_url|share_url,force_resubmit_unknown
html,706,f99129d9-8d00-4a7d-9b60-a347f267db44,"Which circularity, recycling, and remanufacturing technology trends should influence automotive R&D priorities?",innovation_product_strategy,automotive,"[""rd_directions""]",submission_unknown,,,pending,,,session_url|share_url,force_resubmit_unknown
html,707,ec2c4c01-107e-4953-9202-2c9ef30530ea,"Which connected-vehicle, V2X, and automotive cybersecurity trends deserve priority in future R&D?",innovation_product_strategy,automotive,"[""rd_directions""]",submission_unknown,,,pending,,,session_url|share_url,force_resubmit_unknown
html,708,477b0d75-975c-4702-984f-005022b0c7b7,Which vehicle thermal-management and energy-efficiency trends should be elevated in automotive R&D planning?,innovation_product_strategy,automotive,"[""rd_directions""]",submission_unknown,,,pending,,,session_url|share_url,force_resubmit_unknown
html,709,8a0ec390-2f05-45ac-80cb-f9c3bd1eeeb8,"Which in-cabin interface, sensing, and occupant-experience trends should shape automotive R&D priorities?",innovation_product_strategy,automotive,"[""rd_directions""]",submission_unknown,,,pending,,,session_url|share_url,force_resubmit_unknown
html,710,ff53ea9b-55e5-4b84-8a6b-fd75c9a7f2ad,"Which AI-enabled engineering, simulation, and validation trends should lead automotive R&D priorities?",innovation_product_strategy,automotive,"[""rd_directions""]",submission_unknown,,,pending,,,session_url|share_url,force_resubmit_unknown
html,711,90885bad-1450-4c16-a991-6efc0330dde2,How are major automotive technology providers changing their technology bets and development priorities?,innovation_product_strategy,automotive,"[""technology_competitors""]",submission_unknown,,,pending,,,session_url|share_url,force_resubmit_unknown
html,712,bf89d64e-1b94-41bb-8dc1-edbd84e0e9bf,Which automotive technology providers are advancing from demonstrations toward commercially ready offerings?,innovation_product_strategy,automotive,"[""technology_competitors""]",submission_unknown,,,pending,,,session_url|share_url,force_resubmit_unknown
html,713,67d92c0b-cb47-47d4-8020-962883b86736,How are partnerships changing automotive technology providers’ capabilities and routes to adoption?,innovation_product_strategy,automotive,"[""technology_competitors""]",submission_unknown,,,pending,,,session_url|share_url,force_resubmit_unknown
html,714,577087a2-2bf5-4029-a75d-fa11c0986bb0,Which emerging automotive technology providers are becoming credible alternatives to established suppliers?,innovation_product_strategy,automotive,"[""technology_competitors""]",submission_unknown,,,pending,,,session_url|share_url,force_resubmit_unknown
html,715,ea26c73d-d62e-4f5a-ba8f-e814212706c2,Which automotive technology providers are gaining repeat adoption beyond initial customer deployments?,innovation_product_strategy,automotive,"[""technology_competitors""]",submission_unknown,,,pending,,,session_url|share_url,force_resubmit_unknown
html,716,ecfbd489-5a9e-439f-aa18-7818159ee7f4,How are automotive technology providers’ claimed technical advantages changing as new evidence emerges?,innovation_product_strategy,automotive,"[""technology_competitors""]",submission_unknown,,,pending,,,session_url|share_url,force_resubmit_unknown
html,717,f339ddc6-fb23-437a-b48a-74dc35adae26,How are automotive technology providers changing licensing and interoperability to influence adoption?,innovation_product_strategy,automotive,"[""technology_competitors""]",submission_unknown,,,pending,,,session_url|share_url,force_resubmit_unknown
html,718,560eb317-ff4c-4b40-9ba7-a6edf642b542,How are acquisitions and divestitures changing who controls automotive technology capabilities?,innovation_product_strategy,automotive,"[""technology_competitors""]",submission_unknown,,,pending,,,session_url|share_url,force_resubmit_unknown
html,719,302d3694-36b2-4874-b96d-f83292d38c79,"Which automotive technology providers are reducing or ending development efforts, and how are alternatives changing?",innovation_product_strategy,automotive,"[""technology_competitors""]",submission_unknown,,,pending,,,session_url|share_url,force_resubmit_unknown
html,720,8c774c1f-e861-4851-bbaa-db0a80b713ed,How are automotive technology providers changing their regional reach and local adoption support?,innovation_product_strategy,automotive,"[""technology_competitors""]",submission_unknown,,,pending,,,session_url|share_url,force_resubmit_unknown
html,721,b7c79e22-2609-465a-8237-71e42692cfbb,Which emerging platform technologies present the strongest innovation opportunities across the biotechnology industry?,innovation_product_strategy,biotech,"[""innovation_opportunities""]",submission_unknown,,,pending,,,session_url|share_url,force_resubmit_unknown
html,722,7b93cca6-495d-4fd9-a15f-2b5f399f2857,Which unmet technical needs reveal the most promising innovation opportunities across biotechnology applications?,innovation_product_strategy,biotech,"[""innovation_opportunities""]",submission_unknown,,,pending,,,session_url|share_url,force_resubmit_unknown
html,723,35deb1c0-e93e-4ec5-945d-98b4d78f225d,Which convergences between biotechnology and digital technologies create the most actionable innovation opportunities?,innovation_product_strategy,biotech,"[""innovation_opportunities""]",submission_unknown,,,pending,,,session_url|share_url,force_resubmit_unknown
html,724,9ee7647b-d4e6-4ef8-9648-4b4b7265f046,Which emerging technologies could address the most persistent biomanufacturing challenges across the biotechnology industry?,innovation_product_strategy,biotech,"[""innovation_opportunities""]",submission_unknown,,,pending,,,session_url|share_url,force_resubmit_unknown
html,725,2e21e904-2197-4cff-ba52-3c5481a4eb27,Which biotechnology innovations offer the greatest potential to enable more sustainable industrial practices?,innovation_product_strategy,biotech,"[""innovation_opportunities""]",submission_unknown,,,pending,,,session_url|share_url,force_resubmit_unknown
html,726,b5b644be-62f5-436e-9351-9ce9a5cc855c,Which enabling technologies could most effectively close scale-up and commercialization gaps across biotechnology?,innovation_product_strategy,biotech,"[""innovation_opportunities""]",submission_unknown,,,pending,,,session_url|share_url,force_resubmit_unknown
html,727,34e659af-9a7c-4794-a077-33a25e64c989,Which emerging research infrastructure technologies could unlock new innovation opportunities across biotechnology?,innovation_product_strategy,biotech,"[""innovation_opportunities""]",submission_unknown,,,pending,,,session_url|share_url,force_resubmit_unknown
html,728,72525de1-a6f5-49a9-8196-4026d48a7f92,Which technologies for generating and interpreting evidence could create new opportunities across biotechnology development?,innovation_product_strategy,biotech,"[""innovation_opportunities""]",submission_unknown,,,pending,,,session_url|share_url,force_resubmit_unknown
html,729,0d5cb0e6-ca58-4b58-b970-48a58a87ce46,Which decentralized or point-of-use biotechnology approaches present credible emerging innovation opportunities?,innovation_product_strategy,biotech,"[""innovation_opportunities""]",submission_unknown,,,pending,,,session_url|share_url,force_resubmit_unknown
html,730,53e8d1dc-d7a5-4d0e-96f3-761bbed54ce8,Which technologies from adjacent industries could be transferred into biotechnology to create new innovation opportunities?,innovation_product_strategy,biotech,"[""innovation_opportunities""]",submission_unknown,,,pending,,,session_url|share_url,force_resubmit_unknown
html,731,d306271a-95b8-45e8-bbd9-2be893170af8,Which research tasks could map recent shifts across the biotechnology technology landscape?,innovation_product_strategy,biotech,"[""other""]",submission_unknown,,,pending,,,session_url|share_url,force_resubmit_unknown
html,732,a27e380a-20ac-42d7-be44-52cb6d87974c,Which research approaches could clarify trends across major biotechnology therapeutic modalities?,innovation_product_strategy,biotech,"[""other""]",submission_unknown,,,pending,,,session_url|share_url,force_resubmit_unknown
html,733,8324c77f-d8d0-401b-b6a6-20406823c16f,What task options could assess how biotechnology platform technologies are evolving?,innovation_product_strategy,biotech,"[""other""]",submission_unknown,,,pending,,,session_url|share_url,force_resubmit_unknown
html,734,4e6e3cf1-2a62-490f-9b6c-49bddd871f4e,Which research tasks could reveal how biotechnology discovery and development workflows are changing?,innovation_product_strategy,biotech,"[""other""]",submission_unknown,,,pending,,,session_url|share_url,force_resubmit_unknown
html,735,5c79e363-65f2-4a5b-b20e-f198c2116888,What research options could clarify major trends in biotechnology manufacturing technologies?,innovation_product_strategy,biotech,"[""other""]",submission_unknown,,,pending,,,session_url|share_url,force_resubmit_unknown
html,736,4f59b1ff-1375-4e7d-90de-3aab0d9a96ab,Which task menu would best distinguish ways to study biotechnology diagnostics and research-tool trends?,innovation_product_strategy,biotech,"[""other""]",submission_unknown,,,pending,,,session_url|share_url,force_resubmit_unknown
html,737,fa3f4841-4744-4ce6-8b95-640615037d80,"What research tasks could track the changing role of data, automation, and AI across biotechnology?",innovation_product_strategy,biotech,"[""other""]",submission_unknown,,,pending,,,session_url|share_url,force_resubmit_unknown
html,738,237ab8fa-8454-4a46-9b1a-4fd246dafb06,Which research approaches could examine convergence among major biotechnology technology fields?,innovation_product_strategy,biotech,"[""other""]",submission_unknown,,,pending,,,session_url|share_url,force_resubmit_unknown
html,739,770e6bec-cf1b-4a20-8604-2b36d77584f8,What task options could compare the maturity and adoption trajectories of biotechnology technologies?,innovation_product_strategy,biotech,"[""other""]",submission_unknown,,,pending,,,session_url|share_url,force_resubmit_unknown
html,740,57f4f658-43ff-46ee-9f23-c74f0fd62ee3,Which research tasks could identify emerging biotechnology fields and their likely next directions?,innovation_product_strategy,biotech,"[""other""]",submission_unknown,,,pending,,,session_url|share_url,force_resubmit_unknown
html,741,80fd9608-2606-4256-96a7-a875b70215c0,Which biotechnology technology clusters show the strongest recent shifts in patent filing activity?,innovation_product_strategy,biotech,"[""patent_landscapes""]",submission_unknown,,,pending,,,session_url|share_url,force_resubmit_unknown
html,742,8af744a1-24cd-4809-a8a9-6322ec87ebae,How is the distribution of major patent rights holders changing across the biotechnology industry?,innovation_product_strategy,biotech,"[""patent_landscapes""]",submission_unknown,,,pending,,,session_url|share_url,force_resubmit_unknown
html,743,e3a14d9c-2608-4125-8aea-7a307756cf4e,Which emerging biotechnology fields are gaining patent momentum relative to established fields?,innovation_product_strategy,biotech,"[""patent_landscapes""]",submission_unknown,,,pending,,,session_url|share_url,force_resubmit_unknown
html,744,876e4463-8afc-45fe-b484-77cda127e9e2,How are biotechnology patent filing trends shifting across major application areas?,innovation_product_strategy,biotech,"[""patent_landscapes""]",submission_unknown,,,pending,,,session_url|share_url,force_resubmit_unknown
html,745,7d3cf7a2-3145-415b-a821-b5131a9e8b6d,Which countries and regions are becoming more prominent sources of biotechnology patent activity?,innovation_product_strategy,biotech,"[""patent_landscapes""]",submission_unknown,,,pending,,,session_url|share_url,force_resubmit_unknown
html,746,df014d7f-ea29-44c6-b9af-ace1b2a0c90d,Where is patent activity converging between previously distinct biotechnology technology fields?,innovation_product_strategy,biotech,"[""patent_landscapes""]",submission_unknown,,,pending,,,session_url|share_url,force_resubmit_unknown
html,747,e56d74ce-402d-4ecf-ba7a-b6219fb05553,How are collaboration patterns among biotechnology patent applicants changing over time?,innovation_product_strategy,biotech,"[""patent_landscapes""]",submission_unknown,,,pending,,,session_url|share_url,force_resubmit_unknown
html,748,4beb12cd-88bd-484c-836d-d6359eee7421,"Which biotechnology patent clusters are showing signs of maturation, fragmentation, or renewal?",innovation_product_strategy,biotech,"[""patent_landscapes""]",submission_unknown,,,pending,,,session_url|share_url,force_resubmit_unknown
html,749,58831177-c11a-4406-a5fb-1e57c6134955,How are patent citation flows changing among major biotechnology technology domains?,innovation_product_strategy,biotech,"[""patent_landscapes""]",submission_unknown,,,pending,,,session_url|share_url,force_resubmit_unknown
html,750,2e04f602-3131-49e0-b295-54407efaf878,Which biotechnology patent domains are attracting the greatest increase in new organizational entrants?,innovation_product_strategy,biotech,"[""patent_landscapes""]",submission_unknown,,,pending,,,session_url|share_url,force_resubmit_unknown
html,751,18c14b2a-7022-4da5-a7ef-457e40e33041,Which intellectual-property risks most affect product positioning and market-entry choices across the biotech industry?,innovation_product_strategy,biotech,"[""product_ip_risks""]",submission_unknown,,,pending,,,session_url|share_url,force_resubmit_unknown
html,752,24b670a6-f1ac-4c28-8fcf-417547dcda74,How do third-party platform patents create IP risks for biotech product roadmaps and feature priorities?,innovation_product_strategy,biotech,"[""product_ip_risks""]",submission_unknown,,,pending,,,session_url|share_url,force_resubmit_unknown
html,753,41de0fc3-a80f-408f-b9f4-62fc848e0625,What IP ownership risks arise when biotech products depend on collaborative research and externally generated inventions?,innovation_product_strategy,biotech,"[""product_ip_risks""]",submission_unknown,,,pending,,,session_url|share_url,force_resubmit_unknown
html,754,132af51d-46e9-44d1-b502-770105ca63dd,"Which IP risks should product strategists assess when biotech offerings rely on proprietary data, software, or AI-enabled methods?",innovation_product_strategy,biotech,"[""product_ip_risks""]",submission_unknown,,,pending,,,session_url|share_url,force_resubmit_unknown
html,755,5f9de041-b8cc-470a-b865-3019081c5cc6,How can research-use restrictions and field-of-use limitations create IP risks for biotech product commercialization?,innovation_product_strategy,biotech,"[""product_ip_risks""]",submission_unknown,,,pending,,,session_url|share_url,force_resubmit_unknown
html,756,aedaa404-27d6-425d-bfdd-6e4ef8b1ab64,What patent and trade-secret risks can influence manufacturing strategy for biotech products across the industry?,innovation_product_strategy,biotech,"[""product_ip_risks""]",submission_unknown,,,pending,,,session_url|share_url,force_resubmit_unknown
html,757,ca3f1e89-a377-4c68-afe7-e223e358001e,"Which sequence, biomarker, and biological-target IP risks can constrain biotech product use cases?",innovation_product_strategy,biotech,"[""product_ip_risks""]",submission_unknown,,,pending,,,session_url|share_url,force_resubmit_unknown
html,758,699bc887-c1f3-4dd1-bc74-6bf2d2d3823a,How do IP risks change when biotech companies expand existing products into new use cases or lifecycle extensions?,innovation_product_strategy,biotech,"[""product_ip_risks""]",submission_unknown,,,pending,,,session_url|share_url,force_resubmit_unknown
html,759,4f1c7d18-ffec-4fda-8e92-779f95a4a378,Which jurisdiction-dependent IP risks should inform geographic expansion strategies across the biotech industry?,innovation_product_strategy,biotech,"[""product_ip_risks""]",submission_unknown,,,pending,,,session_url|share_url,force_resubmit_unknown
html,760,5e899c75-126e-4b6d-83de-92f8e74a632c,How should design-around feasibility be assessed as an IP risk for biotech product differentiation?,innovation_product_strategy,biotech,"[""product_ip_risks""]",submission_unknown,,,pending,,,session_url|share_url,force_resubmit_unknown
html,761,e8d96836-bebd-45eb-9d44-381ba9bd7cfa,Which emerging biotechnology platform trends should be prioritized for R&D exploration across the industry?,innovation_product_strategy,biotech,"[""rd_directions""]",submission_unknown,,,pending,,,session_url|share_url,force_resubmit_unknown
html,762,6dcdce1e-c76f-4203-81fe-a7df8c7aa32a,Which AI-enabled biotechnology trends offer the strongest evidence for prioritizing future R&D directions?,innovation_product_strategy,biotech,"[""rd_directions""]",submission_unknown,,,pending,,,session_url|share_url,force_resubmit_unknown
html,763,8a0d6fad-44ed-4db2-aa18-7837fd033701,Which next-generation measurement and multi-omics trends should receive priority in biotechnology R&D scouting?,innovation_product_strategy,biotech,"[""rd_directions""]",submission_unknown,,,pending,,,session_url|share_url,force_resubmit_unknown
html,764,8709f191-edf3-4b3e-8fe3-aeb6abcbe9cb,Which genome engineering and synthetic biology trends are becoming mature enough to prioritize for R&D?,innovation_product_strategy,biotech,"[""rd_directions""]",submission_unknown,,,pending,,,session_url|share_url,force_resubmit_unknown
html,765,1e0587f3-aeca-4e18-aed0-6bb14eedabcc,Which biomanufacturing technology trends should be prioritized to improve biotechnology R&D and scale-up pathways?,innovation_product_strategy,biotech,"[""rd_directions""]",submission_unknown,,,pending,,,session_url|share_url,force_resubmit_unknown
html,766,f6d3a08e-8824-4f49-8a04-adc392ae6ada,Which biological delivery technology trends show the greatest momentum for industry-wide R&D prioritization?,innovation_product_strategy,biotech,"[""rd_directions""]",submission_unknown,,,pending,,,session_url|share_url,force_resubmit_unknown
html,767,a160824f-1d8f-4f98-9c45-3ea1accbe4e7,Which laboratory automation and high-throughput experimentation trends warrant priority for biotechnology R&D?,innovation_product_strategy,biotech,"[""rd_directions""]",submission_unknown,,,pending,,,session_url|share_url,force_resubmit_unknown
html,768,85bc94c5-c28c-480f-aa5f-8af10ad399f2,Which cell-free and programmable biological system trends should be prioritized as emerging biotechnology R&D directions?,innovation_product_strategy,biotech,"[""rd_directions""]",submission_unknown,,,pending,,,session_url|share_url,force_resubmit_unknown
html,769,0374dc0d-33b3-43fc-9fc9-0b38d87fbf45,Which sustainable biotechnology technology trends merit priority for long-term R&D investment?,innovation_product_strategy,biotech,"[""rd_directions""]",submission_unknown,,,pending,,,session_url|share_url,force_resubmit_unknown
html,770,fa56ba4f-53aa-43c3-899c-3af5dd50fec4,Which converging biotechnology trends are most likely to shape priority R&D fields over the next five years?,innovation_product_strategy,biotech,"[""rd_directions""]",submission_unknown,,,pending,,,session_url|share_url,force_resubmit_unknown
html,771,a443f3c2-001b-4e70-b35c-84c92799eba3,How have major biotech competitors shifted their technology priorities over the past two years?,innovation_product_strategy,biotech,"[""technology_competitors""]",submission_unknown,,,pending,,,session_url|share_url,force_resubmit_unknown
html,772,144024ff-3e55-4ea4-a1f9-723b3e1c9e90,"Which biotech competitors have advanced the maturity of their technologies, and what evidence supports that progress?",innovation_product_strategy,biotech,"[""technology_competitors""]",submission_unknown,,,pending,,,session_url|share_url,force_resubmit_unknown
html,773,fe2e10f1-4aca-47c8-8e21-8ebdcebfa476,How have biotech competitors changed access to their technologies through partnerships and licensing?,innovation_product_strategy,biotech,"[""technology_competitors""]",submission_unknown,,,pending,,,session_url|share_url,force_resubmit_unknown
html,774,0e6653c4-d3ac-4c35-b0ed-6069a2e664e7,Which emerging biotech competitors are gaining technical credibility relative to established participants?,innovation_product_strategy,biotech,"[""technology_competitors""]",submission_unknown,,,pending,,,session_url|share_url,force_resubmit_unknown
html,775,536ff0f3-2342-4355-8a75-c8937fc41a35,How are biotech competitors progressing from technical demonstrations toward scalable deployment?,innovation_product_strategy,biotech,"[""technology_competitors""]",submission_unknown,,,pending,,,session_url|share_url,force_resubmit_unknown
html,776,1b885a44-a547-4619-ab22-3008c62abce2,Which biotech competitors are expanding technology adoption across major application areas?,innovation_product_strategy,biotech,"[""technology_competitors""]",submission_unknown,,,pending,,,session_url|share_url,force_resubmit_unknown
html,777,0e2bd25c-e27f-478d-8955-0b2c70fca08b,How have biotech competitors’ demonstrated technical advantages changed over the past two years?,innovation_product_strategy,biotech,"[""technology_competitors""]",submission_unknown,,,pending,,,session_url|share_url,force_resubmit_unknown
html,778,dc0cc2d7-1092-4c03-b629-f3827af810e3,How are biotech competitors turning new technical capabilities into externally available products and services?,innovation_product_strategy,biotech,"[""technology_competitors""]",submission_unknown,,,pending,,,session_url|share_url,force_resubmit_unknown
html,779,abe30207-a52b-4804-8e19-6e1fb2ce1e79,How have biotech competitors’ technology exits and ownership changes affected the external supplier landscape?,innovation_product_strategy,biotech,"[""technology_competitors""]",submission_unknown,,,pending,,,session_url|share_url,force_resubmit_unknown
html,780,0366a78e-b4ab-487f-8c57-a4f764bf603c,"Which biotech competitors are combining previously separate technology fields, and how has their progress evolved?",innovation_product_strategy,biotech,"[""technology_competitors""]",submission_unknown,,,pending,,,session_url|share_url,force_resubmit_unknown
html,781,3852d1de-f132-4705-be39-663218a0c9c1,Which emerging renewable and waste-derived feedstock technologies offer the strongest innovation opportunities across the chemical industry?,innovation_product_strategy,chemical,"[""innovation_opportunities""]",submission_unknown,,,pending,,,session_url|share_url,force_resubmit_unknown
html,782,4a85e61f-3076-48ca-b2dd-7dcaca886d38,Which process-intensification technologies present underexplored innovation opportunities across chemical manufacturing?,innovation_product_strategy,chemical,"[""innovation_opportunities""]",submission_unknown,,,pending,,,session_url|share_url,force_resubmit_unknown
html,783,a026b51c-e4d6-4f27-bbce-85d6cc121936,Which emerging separation and purification technologies could unlock new value across the chemical industry?,innovation_product_strategy,chemical,"[""innovation_opportunities""]",submission_unknown,,,pending,,,session_url|share_url,force_resubmit_unknown
html,784,cf678300-fcbe-4ef7-a9d1-e304fe73094f,Which circular-chemistry technologies offer the most promising innovation opportunities across the chemical industry?,innovation_product_strategy,chemical,"[""innovation_opportunities""]",submission_unknown,,,pending,,,session_url|share_url,force_resubmit_unknown
html,785,ae95472a-6ee4-4f91-9871-5e3b057a95de,Which low-carbon heat and electrification technologies create emerging innovation opportunities for the chemical industry?,innovation_product_strategy,chemical,"[""innovation_opportunities""]",submission_unknown,,,pending,,,session_url|share_url,force_resubmit_unknown
html,786,c62413fe-973f-4220-8def-5881d436e1f4,Which biomanufacturing platforms could open new application and innovation opportunities across the chemical industry?,innovation_product_strategy,chemical,"[""innovation_opportunities""]",submission_unknown,,,pending,,,session_url|share_url,force_resubmit_unknown
html,787,e7d68a2a-0189-4b09-a863-ec3c9128ba25,Which artificial-intelligence and autonomous-research technologies offer actionable innovation opportunities across the chemical industry?,innovation_product_strategy,chemical,"[""innovation_opportunities""]",submission_unknown,,,pending,,,session_url|share_url,force_resubmit_unknown
html,788,9ec65d58-e5dd-42a4-b603-28b7203f8bc2,Which advanced sensing and real-time analytics technologies could enable new innovation opportunities across the chemical industry?,innovation_product_strategy,chemical,"[""innovation_opportunities""]",submission_unknown,,,pending,,,session_url|share_url,force_resubmit_unknown
html,789,ae842cc4-af38-47ab-a5d5-ed4cd38649b8,"Which technologies for emissions prevention, capture, and utilization offer emerging opportunities across the chemical industry?",innovation_product_strategy,chemical,"[""innovation_opportunities""]",submission_unknown,,,pending,,,session_url|share_url,force_resubmit_unknown
html,790,d581bb41-1c3b-4e99-8427-d2079e96b8e0,Which distributed and modular production technologies could create new chemical-industry application opportunities?,innovation_product_strategy,chemical,"[""innovation_opportunities""]",submission_unknown,,,pending,,,session_url|share_url,force_resubmit_unknown
html,791,89b6bc34-2d65-4577-998a-7dec34b10161,Which trend-scanning tasks can map the chemical industry's major technology domains and their changing maturity?,innovation_product_strategy,chemical,"[""other""]",submission_unknown,,,pending,,,session_url|share_url,force_resubmit_unknown
html,792,f99f10e6-0c7f-47a1-817f-057b81d73097,Which research tasks best reveal how technology priorities are shifting across the chemical industry value chain?,innovation_product_strategy,chemical,"[""other""]",submission_unknown,,,pending,,,session_url|share_url,force_resubmit_unknown
html,793,334ba18e-385a-4c89-8a72-d0f75f2c559e,Which publication-based research tasks can identify rising and declining technology fields in the chemical industry?,innovation_product_strategy,chemical,"[""other""]",submission_unknown,,,pending,,,session_url|share_url,force_resubmit_unknown
html,794,975bfdc1-ac8f-4b1f-8a67-5a95f9b5565b,Which patent-landscape tasks can clarify the chemical industry's emerging technology directions?,innovation_product_strategy,chemical,"[""other""]",submission_unknown,,,pending,,,session_url|share_url,force_resubmit_unknown
html,795,58692fda-13b5-4231-a9d6-2beeeee3a6a9,Which corporate-activity scanning tasks can show where the chemical industry's technology landscape is moving?,innovation_product_strategy,chemical,"[""other""]",submission_unknown,,,pending,,,session_url|share_url,force_resubmit_unknown
html,796,00229531-3bec-43f2-bf2b-31cc12a84a34,Which regulatory and policy scanning tasks can assess changes in the chemical industry's technology landscape?,innovation_product_strategy,chemical,"[""other""]",submission_unknown,,,pending,,,session_url|share_url,force_resubmit_unknown
html,797,8b2dbe95-d8b6-4f36-81ed-88415c9f76a2,"Which trend-research tasks can map sustainability, decarbonization, and circularity directions across the chemical industry?",innovation_product_strategy,chemical,"[""other""]",submission_unknown,,,pending,,,session_url|share_url,force_resubmit_unknown
html,798,7141d402-26f0-48ac-9fc6-09ab6fb4abab,Which research tasks can track emerging process and manufacturing technology trends across the chemical industry?,innovation_product_strategy,chemical,"[""other""]",submission_unknown,,,pending,,,session_url|share_url,force_resubmit_unknown
html,799,6b5bd7a7-8865-4745-a2e8-4e9e22a5739b,Which trend-scanning tasks can clarify the role of digitalization and automation in the chemical technology landscape?,innovation_product_strategy,chemical,"[""other""]",submission_unknown,,,pending,,,session_url|share_url,force_resubmit_unknown
html,800,d49d7d59-3759-4abd-a3c8-f5e486f28e58,Which market-application scanning tasks can identify demand-driven shifts in the chemical industry's technology landscape?,innovation_product_strategy,chemical,"[""other""]",submission_unknown,,,pending,,,session_url|share_url,force_resubmit_unknown
html,801,4cc041eb-6dbc-4047-9595-eccdcf41a354,Which technology clusters are gaining or losing patenting momentum across the chemical industry?,innovation_product_strategy,chemical,"[""patent_landscapes""]",submission_unknown,,,pending,,,session_url|share_url,force_resubmit_unknown
html,802,804f0ed4-e888-41a6-8176-f30f7361d585,How is the composition of major patent rights holders changing across the chemical industry?,innovation_product_strategy,chemical,"[""patent_landscapes""]",submission_unknown,,,pending,,,session_url|share_url,force_resubmit_unknown
html,803,98fcfcd5-ad47-4d2d-8520-6c98a2796771,What geographic shifts are emerging in chemical-industry patent origination and filing coverage?,innovation_product_strategy,chemical,"[""patent_landscapes""]",submission_unknown,,,pending,,,session_url|share_url,force_resubmit_unknown
html,804,932ff493-5a8d-45b5-a0bc-799c9dfe873f,Where is technological convergence becoming more visible in the chemical-industry patent landscape?,innovation_product_strategy,chemical,"[""patent_landscapes""]",submission_unknown,,,pending,,,session_url|share_url,force_resubmit_unknown
html,805,6e502aba-f421-4976-b423-2a5c4c78194f,Which chemical technology fields appear to be moving from emergence toward maturity in the patent landscape?,innovation_product_strategy,chemical,"[""patent_landscapes""]",submission_unknown,,,pending,,,session_url|share_url,force_resubmit_unknown
html,806,7d865f9d-4e1d-43d4-a725-a090dc791a6c,How are sustainability-oriented inventions reshaping the chemical-industry patent landscape?,innovation_product_strategy,chemical,"[""patent_landscapes""]",submission_unknown,,,pending,,,session_url|share_url,force_resubmit_unknown
html,807,7f64ec83-baf6-425f-9041-51da17091ab4,What patenting trends are changing the technology landscape for chemical manufacturing and processing?,innovation_product_strategy,chemical,"[""patent_landscapes""]",submission_unknown,,,pending,,,session_url|share_url,force_resubmit_unknown
html,808,96800390-2b8b-4648-8514-5a19da874596,Which application fields are attracting the fastest expansion of chemical-industry patent activity?,innovation_product_strategy,chemical,"[""patent_landscapes""]",submission_unknown,,,pending,,,session_url|share_url,force_resubmit_unknown
html,809,96c99177-cf3f-4132-9163-a92e584153e8,How are collaboration patterns evolving within the chemical-industry patent landscape?,innovation_product_strategy,chemical,"[""patent_landscapes""]",submission_unknown,,,pending,,,session_url|share_url,force_resubmit_unknown
html,810,2d97f6c7-4f19-4c0f-b4ea-66c16c84036b,How are patent-family reach and international filing strategies changing across chemical technology fields?,innovation_product_strategy,chemical,"[""patent_landscapes""]",submission_unknown,,,pending,,,session_url|share_url,force_resubmit_unknown
html,811,d80905f7-f8ce-45c8-a957-0fde281dbf41,Which intellectual-property risks should shape the prioritization of major chemical-industry applications and use cases?,innovation_product_strategy,chemical,"[""product_ip_risks""]",submission_unknown,,,pending,,,session_url|share_url,force_resubmit_unknown
html,812,0e638280-5b7a-439f-8488-dac9f834a6be,What IP risks should chemical product strategists assess when evaluating emerging technology fields?,innovation_product_strategy,chemical,"[""product_ip_risks""]",submission_unknown,,,pending,,,session_url|share_url,force_resubmit_unknown
html,813,308231bf-e45c-4d6e-bd10-a8473c3d90c3,How should IP risks be assessed during early chemical product-concept selection?,innovation_product_strategy,chemical,"[""product_ip_risks""]",submission_unknown,,,pending,,,session_url|share_url,force_resubmit_unknown
html,814,99558ab3-0109-463b-88b2-7d206f083167,Which IP risks can arise when chemical products move from laboratory concepts to commercial-scale production?,innovation_product_strategy,chemical,"[""product_ip_risks""]",submission_unknown,,,pending,,,session_url|share_url,force_resubmit_unknown
html,815,8f0b8160-1e58-4ff7-a9df-22a0b81a3245,What IP risks should be evaluated when considering reformulation or design-around strategies in the chemical industry?,innovation_product_strategy,chemical,"[""product_ip_risks""]",submission_unknown,,,pending,,,session_url|share_url,force_resubmit_unknown
html,816,82b63b21-1b88-4ef4-a18b-a400c0daf721,Which IP risks could affect product strategies built around sustainability and circularity in the chemical industry?,innovation_product_strategy,chemical,"[""product_ip_risks""]",submission_unknown,,,pending,,,session_url|share_url,force_resubmit_unknown
html,817,2394ba2d-1f05-470a-b5ae-619cdc1d98fa,What IP risks accompany the use of digital and AI-enabled capabilities in chemical product strategies?,innovation_product_strategy,chemical,"[""product_ip_risks""]",submission_unknown,,,pending,,,session_url|share_url,force_resubmit_unknown
html,818,909364b8-bb5b-4815-8ee3-b0b193697e03,Which IP ownership risks should chemical product strategists assess in externally collaborative innovation?,innovation_product_strategy,chemical,"[""product_ip_risks""]",submission_unknown,,,pending,,,session_url|share_url,force_resubmit_unknown
html,819,f6331321-e968-47a1-8c4e-a8711bc3fa12,How do jurisdictional patent differences create IP risks for chemical-industry market-entry strategies?,innovation_product_strategy,chemical,"[""product_ip_risks""]",submission_unknown,,,pending,,,session_url|share_url,force_resubmit_unknown
html,820,6a6200eb-d10f-4490-b4bd-e494bd9b1336,Which lifecycle-related IP risks should inform chemical product portfolio renewal and retirement decisions?,innovation_product_strategy,chemical,"[""product_ip_risks""]",submission_unknown,,,pending,,,session_url|share_url,force_resubmit_unknown
html,821,5e442013-890a-48b9-867e-a49245cd362c,"Which emerging technology domains should the chemical industry prioritize for R&D based on recent advances, maturity, and adoption potential?",innovation_product_strategy,chemical,"[""rd_directions""]",submission_unknown,,,pending,,,session_url|share_url,force_resubmit_unknown
html,822,7b305fe3-ff8a-4b1e-b01c-87b3d614f3fe,"How are alternative feedstock technologies evolving across the chemical industry, and which R&D directions appear most promising?",innovation_product_strategy,chemical,"[""rd_directions""]",submission_unknown,,,pending,,,session_url|share_url,force_resubmit_unknown
html,823,5d5b104a-6a22-4ebf-8ef9-97a06223ceae,Which electrification and low-carbon process technologies are gaining momentum across the chemical industry and merit R&D priority?,innovation_product_strategy,chemical,"[""rd_directions""]",submission_unknown,,,pending,,,session_url|share_url,force_resubmit_unknown
html,824,3c447a72-6f4d-47ea-94aa-3abc00d4e468,"How are chemical recycling and circular production technologies advancing, and which fields should receive greater R&D attention?",innovation_product_strategy,chemical,"[""rd_directions""]",submission_unknown,,,pending,,,session_url|share_url,force_resubmit_unknown
html,825,edc1e162-0bcc-4041-87fc-3d4c91b4ee2b,"Which catalytic technology trends could have the greatest cross-industry impact, and how should they be prioritized for chemical R&D?",innovation_product_strategy,chemical,"[""rd_directions""]",submission_unknown,,,pending,,,session_url|share_url,force_resubmit_unknown
html,826,d4f63143-c4d6-4058-b5cd-fe59771f17d6,"How are separation and purification technologies changing across the chemical industry, and which approaches warrant R&D priority?",innovation_product_strategy,chemical,"[""rd_directions""]",submission_unknown,,,pending,,,session_url|share_url,force_resubmit_unknown
html,827,e12f2e10-ca74-4287-8d5f-6e1d2b32f275,"Which digital and autonomous R&D technologies are reshaping chemical innovation, and where should future research be prioritized?",innovation_product_strategy,chemical,"[""rd_directions""]",submission_unknown,,,pending,,,session_url|share_url,force_resubmit_unknown
html,828,1a9c9a63-afc4-4bc3-a056-a5076ae70ec2,"How are biomanufacturing and biocatalytic routes evolving in the chemical industry, and which R&D directions deserve priority?",innovation_product_strategy,chemical,"[""rd_directions""]",submission_unknown,,,pending,,,session_url|share_url,force_resubmit_unknown
html,829,084ec43f-3e0e-424e-9bff-d111192d5fe1,Which advances in process safety and environmental monitoring should shape chemical-industry R&D priorities?,innovation_product_strategy,chemical,"[""rd_directions""]",submission_unknown,,,pending,,,session_url|share_url,force_resubmit_unknown
html,830,762d6816-2379-46c5-9158-b7050ec82960,"How are water-efficiency and resource-recovery technologies developing across the chemical industry, and which R&D fields should be prioritized?",innovation_product_strategy,chemical,"[""rd_directions""]",submission_unknown,,,pending,,,session_url|share_url,force_resubmit_unknown
html,831,d34fc9a7-2bba-4490-9943-ab85f8985319,How have major chemical-industry participants changed their technology bets over the past five years?,innovation_product_strategy,chemical,"[""technology_competitors""]",submission_unknown,,,pending,,,session_url|share_url,force_resubmit_unknown
html,832,4bc45215-1ad1-44c1-a6c9-a0e0122082f8,Which chemical-industry competitors have advanced technologies from research announcements to pilots and commercial deployment?,innovation_product_strategy,chemical,"[""technology_competitors""]",submission_unknown,,,pending,,,session_url|share_url,force_resubmit_unknown
html,833,081cd1a1-f664-4a2f-8c38-896f2591d113,"How are partnerships, licensing agreements, and joint ventures changing the chemical industry’s competitive technology landscape?",innovation_product_strategy,chemical,"[""technology_competitors""]",submission_unknown,,,pending,,,session_url|share_url,force_resubmit_unknown
html,834,ef1dbeb4-38eb-4dae-b48e-9bec78041fca,What shifts in patents and technical publications reveal changing technology priorities among chemical-industry competitors?,innovation_product_strategy,chemical,"[""technology_competitors""]",submission_unknown,,,pending,,,session_url|share_url,force_resubmit_unknown
html,835,05d51b45-34b9-4fb2-a482-c1cb8cb43d1b,How are competitors changing technology investment and deployment patterns across the global chemical industry?,innovation_product_strategy,chemical,"[""technology_competitors""]",submission_unknown,,,pending,,,session_url|share_url,force_resubmit_unknown
html,836,ce3e8a38-9d53-4c00-bc0b-0452a7e740e7,How have chemical-industry competitors repositioned their technology portfolios around decarbonization?,innovation_product_strategy,chemical,"[""technology_competitors""]",submission_unknown,,,pending,,,session_url|share_url,force_resubmit_unknown
html,837,9df57cef-2e33-48e2-bf96-ef2b63fb4dd3,"How is competition evolving around circular feedstocks, recovery, and recycling technologies in the chemical industry?",innovation_product_strategy,chemical,"[""technology_competitors""]",submission_unknown,,,pending,,,session_url|share_url,force_resubmit_unknown
html,838,37fad11c-d61a-4178-8d89-3cdf6f8afdb5,Which competitors are gaining momentum in digital and AI-enabled technologies across the chemical industry?,innovation_product_strategy,chemical,"[""technology_competitors""]",submission_unknown,,,pending,,,session_url|share_url,force_resubmit_unknown
html,839,fc5aa357-f8d8-4e1a-acd1-e017f1e07acd,How are chemical-industry competitors changing their technology strategies for alternative feedstocks and production routes?,innovation_product_strategy,chemical,"[""technology_competitors""]",submission_unknown,,,pending,,,session_url|share_url,force_resubmit_unknown
html,840,2b1001b5-8c76-4b71-b125-e574766e89ad,"What evidence shows chemical-industry competitors changing their technology differentiation priorities around performance, cost, and scalability?",innovation_product_strategy,chemical,"[""technology_competitors""]",submission_unknown,,,pending,,,session_url|share_url,force_resubmit_unknown
html,841,2c16c313-36a2-4816-9775-62aaad637ac3,Which emerging technologies offer the strongest opportunities to reduce lifecycle carbon across the construction industry?,innovation_product_strategy,construction,"[""innovation_opportunities""]",submission_unknown,,,pending,,,session_url|share_url,force_resubmit_unknown
html,842,c9ef9299-afea-45a6-b4c2-a63b6cc7728b,Which emerging automation and robotics technologies could address the construction industry’s largest productivity gaps?,innovation_product_strategy,construction,"[""innovation_opportunities""]",submission_unknown,,,pending,,,session_url|share_url,force_resubmit_unknown
html,843,c7528eba-15b6-4490-bd45-0d40d0ba0235,Which circular construction technologies present the most promising opportunities for reducing material waste and increasing reuse?,innovation_product_strategy,construction,"[""innovation_opportunities""]",submission_unknown,,,pending,,,session_url|share_url,force_resubmit_unknown
html,844,fa02cfe1-a83f-4de4-afd5-c6c5f5d62a06,Which emerging technologies could create new opportunities for climate-resilient construction?,innovation_product_strategy,construction,"[""innovation_opportunities""]",submission_unknown,,,pending,,,session_url|share_url,force_resubmit_unknown
html,845,3e3b3e2c-07a3-45e1-902b-297274fdc0f1,Which emerging safety technologies could address persistent worker-risk gaps across the construction industry?,innovation_product_strategy,construction,"[""innovation_opportunities""]",submission_unknown,,,pending,,,session_url|share_url,force_resubmit_unknown
html,846,35c22053-356d-46f7-9d80-f5048c178659,Which digital technologies offer the strongest opportunities to improve information continuity across the construction lifecycle?,innovation_product_strategy,construction,"[""innovation_opportunities""]",submission_unknown,,,pending,,,session_url|share_url,force_resubmit_unknown
html,847,75fe1de0-fbb9-4cff-9a89-63cf2b117d87,Which emerging technologies could unlock new opportunities for scalable renovation and retrofit across the construction industry?,innovation_product_strategy,construction,"[""innovation_opportunities""]",submission_unknown,,,pending,,,session_url|share_url,force_resubmit_unknown
html,848,68aa270b-48b5-4f60-a4bc-4301f9f7d194,Which emerging technologies could improve construction supply-chain visibility and resilience?,innovation_product_strategy,construction,"[""innovation_opportunities""]",submission_unknown,,,pending,,,session_url|share_url,force_resubmit_unknown
html,849,6d6a1244-363c-417e-8ad4-74afe66cda29,Which emerging inspection and sensing technologies could enable earlier quality-risk detection across construction?,innovation_product_strategy,construction,"[""innovation_opportunities""]",submission_unknown,,,pending,,,session_url|share_url,force_resubmit_unknown
html,850,903b881b-fe38-4425-a294-413e1f78d524,Which emerging technology pathways could expand access to skilled construction capabilities amid workforce constraints?,innovation_product_strategy,construction,"[""innovation_opportunities""]",submission_unknown,,,pending,,,session_url|share_url,force_resubmit_unknown
html,851,b5535792-662c-4999-93e8-61fc749a08f4,Which research tasks would best map the construction industry’s major technology domains and their recent trajectories?,innovation_product_strategy,construction,"[""other""]",submission_unknown,,,pending,,,session_url|share_url,force_resubmit_unknown
html,852,6bcac193-dcfb-4005-addb-446d075dc7ec,Which research tasks would reveal how technology priorities are shifting across the construction lifecycle?,innovation_product_strategy,construction,"[""other""]",submission_unknown,,,pending,,,session_url|share_url,force_resubmit_unknown
html,853,dd411483-e9fc-4040-b567-74a69494f682,Which research tasks would best compare the maturity and adoption momentum of construction technologies?,innovation_product_strategy,construction,"[""other""]",submission_unknown,,,pending,,,session_url|share_url,force_resubmit_unknown
html,854,978efc09-9f63-4769-956a-75ba7eb2c690,Which research tasks would best scan technology trends supporting construction decarbonization and resource efficiency?,innovation_product_strategy,construction,"[""other""]",submission_unknown,,,pending,,,session_url|share_url,force_resubmit_unknown
html,855,a2948f3b-8a95-4ef9-a7ce-cb060223eb2e,"Which research tasks would clarify recent directions in construction automation, robotics, and industrialized delivery?",innovation_product_strategy,construction,"[""other""]",submission_unknown,,,pending,,,session_url|share_url,force_resubmit_unknown
html,856,e2972bc3-7dbc-4772-9353-ba320fe24542,"Which research tasks would best examine the evolution of digital, data, and AI technologies across construction?",innovation_product_strategy,construction,"[""other""]",submission_unknown,,,pending,,,session_url|share_url,force_resubmit_unknown
html,857,93725f8d-9c7d-44ac-8310-5e63ceaf7719,"Which research tasks would identify technology trends reshaping construction productivity, safety, and workforce needs?",innovation_product_strategy,construction,"[""other""]",submission_unknown,,,pending,,,session_url|share_url,force_resubmit_unknown
html,858,4d2c43ff-4077-4c46-ac12-f3139a6390e0,Which research tasks would best map emerging construction technologies for resilience and climate adaptation?,innovation_product_strategy,construction,"[""other""]",submission_unknown,,,pending,,,session_url|share_url,force_resubmit_unknown
html,859,d1be15ca-5e69-491b-b7bf-809f5c9e2e31,"Which research tasks would show how regulation, standards, procurement, and interoperability are steering construction technology trends?",innovation_product_strategy,construction,"[""other""]",submission_unknown,,,pending,,,session_url|share_url,force_resubmit_unknown
html,860,dbb8c9c7-93de-4485-ae68-b8caec079b6b,Which research tasks would best identify converging technology fields and likely next developments in construction?,innovation_product_strategy,construction,"[""other""]",submission_unknown,,,pending,,,session_url|share_url,force_resubmit_unknown
html,861,a6ec4aa7-42e4-4f79-af49-63ff44fd5911,How are patent filing trends shifting across the major technology fields of the construction industry?,innovation_product_strategy,construction,"[""patent_landscapes""]",submission_unknown,,,pending,,,session_url|share_url,force_resubmit_unknown
html,862,377b0944-0749-4bba-aaf5-0625249d1fe2,"Which construction lifecycle stages are attracting growing patent activity, and how are their technology clusters evolving?",innovation_product_strategy,construction,"[""patent_landscapes""]",submission_unknown,,,pending,,,session_url|share_url,force_resubmit_unknown
html,863,83f12154-93e6-4201-b708-da82980f4947,How is the geographic distribution of construction patent activity changing across major filing jurisdictions?,innovation_product_strategy,construction,"[""patent_landscapes""]",submission_unknown,,,pending,,,session_url|share_url,force_resubmit_unknown
html,864,11c0f8aa-af3c-4d65-adae-9bf9f059bd91,"How is the mix of major patent applicants in construction changing among established companies, new entrants, and research organizations?",innovation_product_strategy,construction,"[""patent_landscapes""]",submission_unknown,,,pending,,,session_url|share_url,force_resubmit_unknown
html,865,a9276187-8e78-4211-81d4-b068f09056a9,Which technology convergences are emerging most clearly in the construction patent landscape?,innovation_product_strategy,construction,"[""patent_landscapes""]",submission_unknown,,,pending,,,session_url|share_url,force_resubmit_unknown
html,866,3bce2640-0cfe-487e-b0c6-8c958f3af90e,What does the construction patent landscape indicate about the changing maturity of major technology paths?,innovation_product_strategy,construction,"[""patent_landscapes""]",submission_unknown,,,pending,,,session_url|share_url,force_resubmit_unknown
html,867,03a2cb1b-e30d-4d67-9b0c-2ba770eaf994,Which construction technology fields show rising patent influence based on citation and family-expansion trends?,innovation_product_strategy,construction,"[""patent_landscapes""]",submission_unknown,,,pending,,,session_url|share_url,force_resubmit_unknown
html,868,b3651c44-7c69-4fdc-b4aa-4a230ef80834,How are sustainability-oriented technology directions changing within the construction patent landscape?,innovation_product_strategy,construction,"[""patent_landscapes""]",submission_unknown,,,pending,,,session_url|share_url,force_resubmit_unknown
html,869,a4507fa5-2315-40c9-a8c5-9fd43d9b9fb4,How are automation and digitalization reshaping technology clusters in the construction patent landscape?,innovation_product_strategy,construction,"[""patent_landscapes""]",submission_unknown,,,pending,,,session_url|share_url,force_resubmit_unknown
html,870,8b2bf080-0205-4726-bdb3-82e70b35b493,"How are patent trends changing around safety, resilience, and risk reduction across construction technologies?",innovation_product_strategy,construction,"[""patent_landscapes""]",submission_unknown,,,pending,,,session_url|share_url,force_resubmit_unknown
html,871,53108963-6598-4e4c-a87b-f8c8532664e5,Which intellectual-property risks are most significant when positioning new products across the construction industry?,innovation_product_strategy,construction,"[""product_ip_risks""]",submission_unknown,,,pending,,,session_url|share_url,force_resubmit_unknown
html,872,e548d420-18ef-4995-bb89-a8f52c14f4bd,What intellectual-property risks should construction product teams assess before entering new application markets?,innovation_product_strategy,construction,"[""product_ip_risks""]",submission_unknown,,,pending,,,session_url|share_url,force_resubmit_unknown
html,873,9749798d-7fc9-457a-82c3-75d30c654c10,How do digital construction workflows create intellectual-property risks for product strategy across the industry?,innovation_product_strategy,construction,"[""product_ip_risks""]",submission_unknown,,,pending,,,session_url|share_url,force_resubmit_unknown
html,874,57472961-d7e7-493b-9bd1-4c8af5220a4b,What intellectual-property risks could affect product strategies for low-carbon construction solutions?,innovation_product_strategy,construction,"[""product_ip_risks""]",submission_unknown,,,pending,,,session_url|share_url,force_resubmit_unknown
html,875,015d518e-c87b-461d-8e91-6bab4dc52046,Which intellectual-property risks should guide product decisions in off-site and industrialized construction?,innovation_product_strategy,construction,"[""product_ip_risks""]",submission_unknown,,,pending,,,session_url|share_url,force_resubmit_unknown
html,876,ef4538c6-26ae-464c-818f-1d8fd07a3087,What intellectual-property risks arise when construction product strategies incorporate automation and robotics?,innovation_product_strategy,construction,"[""product_ip_risks""]",submission_unknown,,,pending,,,session_url|share_url,force_resubmit_unknown
html,877,64383beb-143a-4505-8841-9b951691f4ea,How should intellectual-property risks be assessed for connected and smart-building product strategies?,innovation_product_strategy,construction,"[""product_ip_risks""]",submission_unknown,,,pending,,,session_url|share_url,force_resubmit_unknown
html,878,044eed00-4eb4-4181-9336-5e909431d9a5,Which intellectual-property risks could constrain construction product strategies for renovation and adaptive reuse?,innovation_product_strategy,construction,"[""product_ip_risks""]",submission_unknown,,,pending,,,session_url|share_url,force_resubmit_unknown
html,879,a07134df-656e-446f-b936-d2a5ae61d42e,What intellectual-property risks should product strategists evaluate in circular construction business models?,innovation_product_strategy,construction,"[""product_ip_risks""]",submission_unknown,,,pending,,,session_url|share_url,force_resubmit_unknown
html,880,d5a9a850-603c-4a35-b963-362d6e11e69a,How can interoperability and industry standards create intellectual-property risks for construction product strategies?,innovation_product_strategy,construction,"[""product_ip_risks""]",submission_unknown,,,pending,,,session_url|share_url,force_resubmit_unknown
html,881,3d19d207-293c-4702-989b-194955115d13,Which design and engineering technology trends should the construction industry prioritize for R&D?,innovation_product_strategy,construction,"[""rd_directions""]",submission_unknown,,,pending,,,session_url|share_url,force_resubmit_unknown
html,882,6780d01f-d936-4f13-b73b-c2ba3c1dbaa7,Which construction automation and robotics trends offer the strongest directions for future R&D?,innovation_product_strategy,construction,"[""rd_directions""]",submission_unknown,,,pending,,,session_url|share_url,force_resubmit_unknown
html,883,c4e9ede1-5941-4e01-b06f-0333cdf10730,Which emerging construction material technologies warrant priority in industry R&D portfolios?,innovation_product_strategy,construction,"[""rd_directions""]",submission_unknown,,,pending,,,session_url|share_url,force_resubmit_unknown
html,884,2b7cdaf9-40fe-4adc-8f12-7bb7372c8056,"Which digital twin, sensing, and connected-data trends should guide construction R&D priorities?",innovation_product_strategy,construction,"[""rd_directions""]",submission_unknown,,,pending,,,session_url|share_url,force_resubmit_unknown
html,885,3d46705f-a0e9-4b75-b79a-92f53c1b83fe,Which artificial intelligence trends are becoming the most consequential for construction R&D?,innovation_product_strategy,construction,"[""rd_directions""]",submission_unknown,,,pending,,,session_url|share_url,force_resubmit_unknown
html,886,2c2b3f64-2d9e-4979-9b4b-cfba1a29bbea,Which industrialized and off-site construction technology trends deserve greater R&D emphasis?,innovation_product_strategy,construction,"[""rd_directions""]",submission_unknown,,,pending,,,session_url|share_url,force_resubmit_unknown
html,887,62cb7d02-c928-4988-ab31-294acf9b6271,Which circular construction technology trends should be prioritized for further R&D?,innovation_product_strategy,construction,"[""rd_directions""]",submission_unknown,,,pending,,,session_url|share_url,force_resubmit_unknown
html,888,34942f31-bb4a-4bce-8d4f-778e078f91b0,Which decarbonization technology trends present the most promising construction R&D directions?,innovation_product_strategy,construction,"[""rd_directions""]",submission_unknown,,,pending,,,session_url|share_url,force_resubmit_unknown
html,889,a8742fbf-7b79-404e-a112-3e316bb053d0,Which climate-resilience technologies should shape the construction industry's future R&D agenda?,innovation_product_strategy,construction,"[""rd_directions""]",submission_unknown,,,pending,,,session_url|share_url,force_resubmit_unknown
html,890,4d367f92-911e-4c31-81ea-658c3c2dd3fb,Which worker safety and human-technology interaction trends merit priority in construction R&D?,innovation_product_strategy,construction,"[""rd_directions""]",submission_unknown,,,pending,,,session_url|share_url,force_resubmit_unknown
html,891,6732b19a-98c2-4458-82a6-916784fc3711,How have major construction technology competitors shifted their technology bets over the past three years?,innovation_product_strategy,construction,"[""technology_competitors""]",submission_unknown,,,pending,,,session_url|share_url,force_resubmit_unknown
html,892,ceb5208b-6067-42f2-aa15-de79019798f9,"Which partnerships, acquisitions, and investments are changing the construction technology competitive landscape?",innovation_product_strategy,construction,"[""technology_competitors""]",submission_unknown,,,pending,,,session_url|share_url,force_resubmit_unknown
html,893,d55c1e0e-036a-4992-873f-e42cd2a2ac56,Which construction technology competitors are progressing from pilots to broader commercial deployment?,innovation_product_strategy,construction,"[""technology_competitors""]",submission_unknown,,,pending,,,session_url|share_url,force_resubmit_unknown
html,894,64680e54-3648-4e64-b352-d9482f3f777b,How are major construction technology competitors expanding across regions and markets?,innovation_product_strategy,construction,"[""technology_competitors""]",submission_unknown,,,pending,,,session_url|share_url,force_resubmit_unknown
html,895,d5244177-a14c-49cf-8097-977f7b3a977e,How are construction technology competitors changing their differentiation claims and supporting evidence?,innovation_product_strategy,construction,"[""technology_competitors""]",submission_unknown,,,pending,,,session_url|share_url,force_resubmit_unknown
html,896,f589ff24-5b22-4e29-8abe-61192aa85342,"Which competitors are increasing research, development, and commercialization activity in construction technology?",innovation_product_strategy,construction,"[""technology_competitors""]",submission_unknown,,,pending,,,session_url|share_url,force_resubmit_unknown
html,897,620c8c75-b385-4890-bdd4-6fba39ae2a10,How are competitors building technology platforms and partner ecosystems across the construction industry?,innovation_product_strategy,construction,"[""technology_competitors""]",submission_unknown,,,pending,,,session_url|share_url,force_resubmit_unknown
html,898,f36a014f-7417-4e96-b0f8-efbd651c2f3a,How are construction technology competitors responding to changing standards and regulatory priorities?,innovation_product_strategy,construction,"[""technology_competitors""]",submission_unknown,,,pending,,,session_url|share_url,force_resubmit_unknown
html,899,cf6ae58f-d0c0-411c-bbef-3b6b3b0d317f,Which competitors are strengthening their positions in low-carbon and resource-efficient construction technologies?,innovation_product_strategy,construction,"[""technology_competitors""]",submission_unknown,,,pending,,,session_url|share_url,force_resubmit_unknown
html,900,764ad30c-a887-406b-8912-9f5231ab6446,"How are construction competitors combining digitalization, automation, and data capabilities to reshape their positions?",innovation_product_strategy,construction,"[""technology_competitors""]",submission_unknown,,,pending,,,session_url|share_url,force_resubmit_unknown
html,901,6b3eafbd-852b-4292-8029-f59a55eff746,Which emerging technologies offer the strongest opportunities to improve flexible and adaptive production across electronics manufacturing?,innovation_product_strategy,electronics_manufacturing,"[""innovation_opportunities""]",submission_unknown,,,pending,,,session_url|share_url,force_resubmit_unknown
html,902,1d336865-704e-4d83-a037-74c80a180f33,Which emerging inspection and metrology technologies represent the most promising innovation opportunities in electronics manufacturing?,innovation_product_strategy,electronics_manufacturing,"[""innovation_opportunities""]",submission_unknown,,,pending,,,session_url|share_url,force_resubmit_unknown
html,1135,580d6c70-19bb-4837-b31a-79764217f96f,How are technology partnerships changing competing providers’ capabilities in food and farming production?,innovation_product_strategy,food_farming_production,"[""technology_competitors""]",submission_unknown,,,pending,,,session_url|share_url,force_resubmit_unknown
html,1136,03c1d813-b7ae-4109-8713-41be633a9cda,How are acquisitions and divestitures reshaping competing technology portfolios in food and farming production?,innovation_product_strategy,food_farming_production,"[""technology_competitors""]",submission_unknown,,,pending,,,session_url|share_url,force_resubmit_unknown
html,1137,ed99b3c0-a0c7-4da0-b0c2-60399dae5995,"Which technology providers are entering or leaving food and farming production, and how is the competitive field changing?",innovation_product_strategy,food_farming_production,"[""technology_competitors""]",submission_unknown,,,pending,,,session_url|share_url,force_resubmit_unknown
html,1138,9e321b43-a429-48f1-8369-6fae2f9efe5e,How are food and farming production technology providers competing on interoperability and technology access?,innovation_product_strategy,food_farming_production,"[""technology_competitors""]",submission_unknown,,,pending,,,session_url|share_url,force_resubmit_unknown
html,1139,4e62c5d5-a5cd-48a7-b171-9aea548563d0,How are technology providers changing their resource-efficiency differentiation in food and farming production?,innovation_product_strategy,food_farming_production,"[""technology_competitors""]",submission_unknown,,,pending,,,session_url|share_url,force_resubmit_unknown
html,1140,da10cbd9-cfd8-4c35-9a1e-21141ece81f2,Which food and farming production technology providers are making adoption less costly or demanding?,innovation_product_strategy,food_farming_production,"[""technology_competitors""]",submission_unknown,,,pending,,,session_url|share_url,force_resubmit_unknown
html,1141,3104ba38-bd2c-4022-8ca5-2dfc8849f438,Which emerging materials opportunities could enable lower-carbon applications across major end-use markets?,innovation_product_strategy,materials,"[""innovation_opportunities""]",submission_unknown,,,pending,,,session_url|share_url,force_resubmit_unknown
html,1142,a8c1ffb3-f8dd-44b1-befe-cac8e4bab4c5,Where are the strongest innovation opportunities for circular material flows and waste-derived feedstocks?,innovation_product_strategy,materials,"[""innovation_opportunities""]",submission_unknown,,,pending,,,session_url|share_url,force_resubmit_unknown
html,1143,cbf7708e-346b-4d4c-b2a7-a47c7752632a,Which unmet performance needs offer the most promising opportunities for new material platforms?,innovation_product_strategy,materials,"[""innovation_opportunities""]",submission_unknown,,,pending,,,session_url|share_url,force_resubmit_unknown
html,1144,fb11e06e-30d6-4333-bbc5-a916e33fc392,Which materials-informatics capabilities could unlock new innovation opportunities across the materials industry?,innovation_product_strategy,materials,"[""innovation_opportunities""]",submission_unknown,,,pending,,,session_url|share_url,force_resubmit_unknown
html,1145,72b33fe0-78eb-4cec-bc01-9cd9c26c3ff8,"Which emerging processing technologies present opportunities to reduce energy, waste, or complexity in materials production?",innovation_product_strategy,materials,"[""innovation_opportunities""]",submission_unknown,,,pending,,,session_url|share_url,force_resubmit_unknown
html,1146,75cd4bd3-24f3-4295-8ab4-5edb896126c7,Which alternative material pathways could address supply constraints and improve resource resilience?,innovation_product_strategy,materials,"[""innovation_opportunities""]",submission_unknown,,,pending,,,session_url|share_url,force_resubmit_unknown
html,1147,398e75f5-dfdc-43fe-abb0-4b75b79f1ce5,Which multifunctional material concepts could create new application opportunities across established markets?,innovation_product_strategy,materials,"[""innovation_opportunities""]",submission_unknown,,,pending,,,session_url|share_url,force_resubmit_unknown
html,1148,b0b4295e-c6e7-4425-bf35-d26382ab453b,Which emerging materials opportunities could support adaptation to harsher environmental and operating conditions?,innovation_product_strategy,materials,"[""innovation_opportunities""]",submission_unknown,,,pending,,,session_url|share_url,force_resubmit_unknown
html,1149,9c60448d-8452-4a24-ba1c-511f3169b1d0,Which safer material alternatives could open innovation opportunities as health and environmental expectations evolve?,innovation_product_strategy,materials,"[""innovation_opportunities""]",submission_unknown,,,pending,,,session_url|share_url,force_resubmit_unknown
html,1150,6aecf547-5c95-47e2-8b05-1f26685facdd,Which converging technology platforms could generate the next wave of materials innovation opportunities?,innovation_product_strategy,materials,"[""innovation_opportunities""]",submission_unknown,,,pending,,,session_url|share_url,force_resubmit_unknown
html,1151,27b9d666-4ff4-4c4e-b94a-90770248567d,Which research tasks would best map the materials industry's major technology domains and their recent momentum?,innovation_product_strategy,materials,"[""other""]",submission_unknown,,,pending,,,session_url|share_url,force_resubmit_unknown
html,1152,9a7efde6-9365-4547-b833-d3e77fc5d005,Which research approaches could reveal how end-use demand is changing the materials technology landscape?,innovation_product_strategy,materials,"[""other""]",submission_unknown,,,pending,,,session_url|share_url,force_resubmit_unknown
html,1153,13197d93-3a40-40b7-ae1b-1bbedc37e27f,What research tasks could compare maturity shifts across the materials industry's principal technology fields?,innovation_product_strategy,materials,"[""other""]",submission_unknown,,,pending,,,session_url|share_url,force_resubmit_unknown
html,1154,23f171e7-276a-42f5-aee5-a3fcf1838183,Which research tasks could identify emerging materials fields most likely to shape the industry's next technology directions?,innovation_product_strategy,materials,"[""other""]",submission_unknown,,,pending,,,session_url|share_url,force_resubmit_unknown
html,1155,7a17d40a-eb8a-4d50-a444-ccad55f2cf20,What research tasks would clarify how sustainability and circularity trends are reshaping materials technologies?,innovation_product_strategy,materials,"[""other""]",submission_unknown,,,pending,,,session_url|share_url,force_resubmit_unknown
html,1156,82161295-f72f-4854-b375-1d4df98bc5b7,Which research tasks could assess how digital and computational methods are changing the materials innovation landscape?,innovation_product_strategy,materials,"[""other""]",submission_unknown,,,pending,,,session_url|share_url,force_resubmit_unknown
html,1157,47df9bd8-c3b6-4f8e-a20b-58904d253566,What research tasks could track scale-up and manufacturing technology trends across the materials industry?,innovation_product_strategy,materials,"[""other""]",submission_unknown,,,pending,,,session_url|share_url,force_resubmit_unknown
html,1158,b82f5d5c-5748-4152-980b-baedd98010da,Which research tasks would map the rise of smart and multifunctional capabilities across materials technologies?,innovation_product_strategy,materials,"[""other""]",submission_unknown,,,pending,,,session_url|share_url,force_resubmit_unknown
html,1159,98ca73e9-1352-400e-9e3e-56402a48e9e5,"What research tasks could show how supply, policy, and regulatory shifts are redirecting materials technology development?",innovation_product_strategy,materials,"[""other""]",submission_unknown,,,pending,,,session_url|share_url,force_resubmit_unknown
html,1160,aa7895ce-224b-452a-9149-4773aac168bb,"Which research tasks could use publications, patents, funding, and partnerships to scan shifts in the materials innovation landscape?",innovation_product_strategy,materials,"[""other""]",submitted,sess_7442494e10a54bef,https://eureka.patsnap.com/ai-search/sess_7442494e10a54bef?from=rd-home&start_from=eureka_landingpage,submission_unknown,,,share_url,retry_share_only
html,1161,209ce98c-a704-4df9-b6fe-fa72342c912a,How are the major patent technology clusters evolving across the materials industry?,innovation_product_strategy,materials,"[""patent_landscapes""]",submission_unknown,,,pending,,,session_url|share_url,force_resubmit_unknown
html,1162,89edd59d-ae92-4290-886e-64eec68781f1,Which materials application fields are gaining or losing patenting momentum?,innovation_product_strategy,materials,"[""patent_landscapes""]",submission_unknown,,,pending,,,session_url|share_url,force_resubmit_unknown
html,1163,20304d0c-c972-4383-8199-c51806ebe011,How is the landscape of major patent rights holders changing across the materials industry?,innovation_product_strategy,materials,"[""patent_landscapes""]",submission_unknown,,,pending,,,session_url|share_url,force_resubmit_unknown
html,1164,7d13aeaa-05ff-416e-8090-9c842ab5838f,What geographic shifts are emerging in materials patent filing and protection strategies?,innovation_product_strategy,materials,"[""patent_landscapes""]",submission_unknown,,,pending,,,session_url|share_url,force_resubmit_unknown
html,1165,502e6b1a-35f3-465d-ba05-9ef94c41a58d,Which stages of the materials innovation lifecycle show the strongest changes in patent activity?,innovation_product_strategy,materials,"[""patent_landscapes""]",submission_unknown,,,pending,,,session_url|share_url,force_resubmit_unknown
html,1166,35347bc7-cad0-4ed8-b46c-aac853391118,How are sustainability and circularity themes reshaping the materials patent landscape?,innovation_product_strategy,materials,"[""patent_landscapes""]",submission_unknown,,,pending,,,session_url|share_url,force_resubmit_unknown
html,1167,07c0276e-1a92-4c29-92e4-1bbc3e38bb6a,What patent trends indicate the growing role of digital and data-driven technologies in materials innovation?,innovation_product_strategy,materials,"[""patent_landscapes""]",submission_unknown,,,pending,,,session_url|share_url,force_resubmit_unknown
html,1168,6af6d7a2-5ee9-456f-b510-96a219f3ff57,Where is technological convergence becoming more visible in the materials patent landscape?,innovation_product_strategy,materials,"[""patent_landscapes""]",submission_unknown,,,pending,,,session_url|share_url,force_resubmit_unknown
html,1169,c6167aa8-66d5-4e62-9ed1-f82eacba17a6,Which emerging materials patent clusters show the strongest evidence of increasing maturity?,innovation_product_strategy,materials,"[""patent_landscapes""]",submission_unknown,,,pending,,,session_url|share_url,force_resubmit_unknown
html,1170,12d43782-4d7a-42fd-8a65-6e77ccbb9532,How are collaboration and knowledge-transfer patterns changing in the materials patent landscape?,innovation_product_strategy,materials,"[""patent_landscapes""]",submission_unknown,,,pending,,,session_url|share_url,force_resubmit_unknown
html,1171,f0eaa01f-1a22-42ae-8b06-460d15ab6f5e,Which patent-density and claim-overlap risks should materials product strategists assess across major application fields?,innovation_product_strategy,materials,"[""product_ip_risks""]",submission_unknown,,,pending,,,session_url|share_url,force_resubmit_unknown
html,1172,1d44f8c7-4acb-4224-8504-9e872379ab7d,"How do IP risks differ across material discovery, formulation, processing, and end-use positioning?",innovation_product_strategy,materials,"[""product_ip_risks""]",submission_unknown,,,pending,,,session_url|share_url,force_resubmit_unknown
html,1199,1cb511b8-2c94-4e30-a1a2-be4b9955d29b,How have materials competitors’ technical differentiation priorities changed over the past 24 months?,innovation_product_strategy,materials,"[""technology_competitors""]",submitted,sess_36765a40f2b44308,https://eureka.patsnap.com/ai-search/sess_36765a40f2b44308?from=rd-home&start_from=eureka_landingpage,submission_unknown,,,share_url,retry_share_only
html,1200,5266526a-d937-4c1b-b9b1-c0d089aa68ed,How have materials competitors changed the ways other firms can evaluate and adopt their technologies over the past 24 months?,innovation_product_strategy,materials,"[""technology_competitors""]",submission_unknown,,,pending,,,session_url|share_url,force_resubmit_unknown
html,1201,2266408d-acd2-4a2a-abfb-40aa494e6d67,Which emerging sensing and monitoring technologies offer the strongest innovation opportunities across the medical device industry?,innovation_product_strategy,medical_devices,"[""innovation_opportunities""]",submission_unknown,,,pending,,,session_url|share_url,force_resubmit_unknown
html,1202,5ab0f6bc-bfc5-4b70-8f67-c00271408d63,Which external technology advances could enable new medical device applications in decentralized and home-based care?,innovation_product_strategy,medical_devices,"[""innovation_opportunities""]",submission_unknown,,,pending,,,session_url|share_url,force_resubmit_unknown
html,1254,388456b5-4e86-449d-9bbe-a5b4d7081eb9,How are regulatory milestones changing medical-device competitors’ technology deployment opportunities?,innovation_product_strategy,medical_devices,"[""technology_competitors""]",submission_unknown,,,pending,,,session_url|share_url,force_resubmit_unknown
html,1255,1868680d-fb00-4ebe-8d96-ef7264e71c89,How are partnerships changing medical-device competitors’ access to external technologies?,innovation_product_strategy,medical_devices,"[""technology_competitors""]",failed,,,pending,,,session_url|share_url,retry_failed
html,1392,77430b83-89d1-4900-b257-05f11104ad30,How should research tasks be organized to compare technology trends across biotech application fields?,other,biotech,"[""other""]",submitted,sess_5c351ceb02b94150,https://eureka.patsnap.com/ai-search/sess_5c351ceb02b94150?from=rd-home&start_from=eureka_landingpage,submission_unknown,,,share_url,retry_share_only
html,1779,d65fa52a-a9de-47b9-bfd9-98ebeedaea94,How feasible is maintaining product functionality across diverse operating environments in food and agricultural production?,other,food_farming_production,"[""technical_feasibility""]",submission_unknown,,,pending,,,session_url|share_url,force_resubmit_unknown
html,1780,53fdafa3-4a6b-4f7b-9c61-efe18d514105,When is combining multiple functions in one product technically justified in food and agricultural production?,other,food_farming_production,"[""technical_feasibility""]",submission_unknown,,,pending,,,session_url|share_url,force_resubmit_unknown
html,1781,de3a5365-8626-4714-97ca-5cfc02467146,Which AI applications can help translate user needs into product design requirements across food and farming production?,other,food_farming_production,"[""technical_solutions""]",submission_unknown,,,pending,,,session_url|share_url,force_resubmit_unknown
html,1782,90f13277-6c32-4e9f-b1a1-63d8762c7f28,Where can AI help generate feasible product design concepts for food and farming production?,other,food_farming_production,"[""technical_solutions""]",submission_unknown,,,pending,,,session_url|share_url,force_resubmit_unknown
html,1783,04924da7-ea42-4fe7-859b-bb8363f1adca,"Which AI applications can support product design trade-offs among performance, cost, and resource use in food and farming production?",other,food_farming_production,"[""technical_solutions""]",submission_unknown,,,pending,,,session_url|share_url,force_resubmit_unknown
html,1784,d28e18e3-4359-4640-9ed5-52af7291ca0a,Which AI applications can support virtual evaluation of product designs before physical prototyping in food and farming production?,other,food_farming_production,"[""technical_solutions""]",submission_unknown,,,pending,,,session_url|share_url,force_resubmit_unknown
html,1785,8aa7ef9c-c99b-429d-819c-cecec6fede5e,Where can AI help assess product design robustness to variable operating conditions in food and farming production?,other,food_farming_production,"[""technical_solutions""]",submission_unknown,,,pending,,,session_url|share_url,force_resubmit_unknown
html,1786,f5f943ad-36d6-4567-abb1-e97f3b198df9,Which AI applications can help identify safety risks during product design for food and farming production?,other,food_farming_production,"[""technical_solutions""]",submission_unknown,,,pending,,,session_url|share_url,force_resubmit_unknown
html,1787,6a974cae-84dd-4c68-90d1-0ef2cdb390ed,Which AI applications can support usability and accessibility decisions in product design for food and farming production?,other,food_farming_production,"[""technical_solutions""]",submission_unknown,,,pending,,,session_url|share_url,force_resubmit_unknown
html,1788,09edce6d-1b86-4fba-845c-5ae0ff4c3e64,Where can AI help evaluate maintainability and repairability during product design for food and farming production?,other,food_farming_production,"[""technical_solutions""]",submission_unknown,,,pending,,,session_url|share_url,force_resubmit_unknown
html,1789,df76e169-f296-42cb-805e-9f5ac0a46815,Which AI applications can help assess manufacturability early in product design across food and farming production?,other,food_farming_production,"[""technical_solutions""]",submission_unknown,,,pending,,,session_url|share_url,force_resubmit_unknown
html,1790,1cd8ab21-81b6-42b3-ad02-c745ed73bfd0,Which AI applications can help retrieve and adapt prior design knowledge for new products in food and farming production?,other,food_farming_production,"[""technical_solutions""]",submission_unknown,,,pending,,,session_url|share_url,force_resubmit_unknown
html,1791,ad0ecca6-4da4-4d5f-acc4-e404c563c4e6,How are sensing technologies changing product design priorities across food and farming production?,other,food_farming_production,"[""technology_trends""]",submission_unknown,,,pending,,,session_url|share_url,force_resubmit_unknown
html,1792,0f0bf31d-b95d-4205-a7c2-f46133f837e7,What trends in AI-enabled decision support are shaping product functionality across food and farming production?,other,food_farming_production,"[""technology_trends""]",submission_unknown,,,pending,,,session_url|share_url,force_resubmit_unknown
html,1793,07f1fab7-36b9-406e-a1cc-3bc3ee11c8c8,"How are robotics and autonomy evolving across food and farming production, and what do those shifts mean for product design?",other,food_farming_production,"[""technology_trends""]",submission_unknown,,,pending,,,session_url|share_url,force_resubmit_unknown
html,1794,44bc82e8-80ba-43f4-a77f-56ad91d8d85d,Which interoperability trends are changing product interface design across food and farming production?,other,food_farming_production,"[""technology_trends""]",submission_unknown,,,pending,,,session_url|share_url,force_resubmit_unknown
html,1795,d8ef96de-3bd0-4aa9-b627-b68ebd858a89,What resource-efficiency technology trends are influencing product design across food and farming production?,other,food_farming_production,"[""technology_trends""]",submission_unknown,,,pending,,,session_url|share_url,force_resubmit_unknown
html,1796,a451cfdf-86cf-46b9-b89a-00f24805d7b2,"How are contamination-prevention technologies evolving, and what are the design implications for food and farming production?",other,food_farming_production,"[""technology_trends""]",submission_unknown,,,pending,,,session_url|share_url,force_resubmit_unknown
html,1797,4e55b689-5cf7-483a-bd08-fce69e7d94cb,How are traceability technologies changing product data-capture requirements across food and farming production?,other,food_farming_production,"[""technology_trends""]",submission_unknown,,,pending,,,session_url|share_url,force_resubmit_unknown
html,1798,91d822f7-070d-48d0-a4a4-68257bad170a,Which human–machine interaction trends are reshaping product usability across food and farming production?,other,food_farming_production,"[""technology_trends""]",submission_unknown,,,pending,,,session_url|share_url,force_resubmit_unknown
html,1799,1bebd86c-7946-4baa-8be2-71debf990038,What technology trends are expanding design options for product durability and repairability in food and farming production?,other,food_farming_production,"[""technology_trends""]",submission_unknown,,,pending,,,session_url|share_url,force_resubmit_unknown
html,1800,4a6d18b3-c200-4581-a693-edc0e9079111,How are simulation and virtual validation technologies changing product development across food and farming production?,other,food_farming_production,"[""technology_trends""]",submission_unknown,,,pending,,,session_url|share_url,force_resubmit_unknown
html,1801,41568ed7-ebeb-4d89-a9f7-e547ad1243c9,Where could circularity challenges in the materials industry inspire new product concepts?,other,materials,"[""ideas_concepts""]",submission_unknown,,,pending,,,session_url|share_url,force_resubmit_unknown
html,1802,0a9350c6-c8be-4408-99e1-07a42e586cb7,Which unmet durability and repair needs offer product innovation opportunities across the materials industry?,other,materials,"[""ideas_concepts""]",submission_unknown,,,pending,,,session_url|share_url,force_resubmit_unknown
html,1803,08d75ee3-a219-4ef2-9371-eb1e8adf84a7,Where could reduced dependence on scarce inputs create new product opportunities in the materials industry?,other,materials,"[""ideas_concepts""]",submission_unknown,,,pending,,,session_url|share_url,force_resubmit_unknown
html,1804,7ced3567-6574-461f-a3e3-855c58970397,Which opportunities in the materials industry could inspire products that reduce energy demand during use?,other,materials,"[""ideas_concepts""]",submission_unknown,,,pending,,,session_url|share_url,force_resubmit_unknown
html,1805,488cf046-5306-4d38-9abc-65537431bad3,Where could unmet safety needs create product design opportunities across the materials industry?,other,materials,"[""ideas_concepts""]",submission_unknown,,,pending,,,session_url|share_url,force_resubmit_unknown
html,1806,eae6cc9b-bbe7-4fd4-bd31-f877a603c3d7,Which accessibility needs could inspire new product concepts across the materials industry?,other,materials,"[""ideas_concepts""]",submission_unknown,,,pending,,,session_url|share_url,force_resubmit_unknown
html,1807,5830b2af-21ef-4f95-b66d-c6fd318c7484,Where could changing use conditions open opportunities for adaptive product concepts in the materials industry?,other,materials,"[""ideas_concepts""]",submission_unknown,,,pending,,,session_url|share_url,force_resubmit_unknown
html,1808,c3a1a9b9-aee9-4498-82e9-40eba9629f7e,Which unmet needs for understanding material condition could generate new product concepts across the industry?,other,materials,"[""ideas_concepts""]",submission_unknown,,,pending,,,session_url|share_url,force_resubmit_unknown
html,1809,825693e6-ec15-49ac-9fa7-0c758e1053d8,Where could unmet needs for combined functions create product innovation opportunities in the materials industry?,other,materials,"[""ideas_concepts""]",submission_unknown,,,pending,,,session_url|share_url,force_resubmit_unknown
html,1810,42ec5d3c-0e47-4f98-b900-c6be07690b5d,Which unmet customization needs offer opportunities for new product concepts across the materials industry?,other,materials,"[""ideas_concepts""]",submission_unknown,,,pending,,,session_url|share_url,force_resubmit_unknown
html,1811,59ba1642-57ff-40ea-8270-ea0fbc47e2de,Which research tasks can map recent shifts across the materials industry’s major technology fields?,other,materials,"[""other""]",submission_unknown,,,pending,,,session_url|share_url,force_resubmit_unknown
html,1812,d6dcfc35-dc3b-4c88-8a16-f4cd0364223c,Which research tasks can compare the maturity and momentum of major materials technology areas?,other,materials,"[""other""]",submission_unknown,,,pending,,,session_url|share_url,force_resubmit_unknown
html,1813,65ccf57c-1353-4169-a3c5-f8bfdd2f9190,Which research tasks can track how application demand is reshaping materials innovation priorities?,other,materials,"[""other""]",submission_unknown,,,pending,,,session_url|share_url,force_resubmit_unknown
html,1814,6eb139a2-ce6f-4673-8d9c-0faa34331fb7,Which research tasks can reveal emerging research directions across the materials industry?,other,materials,"[""other""]",submission_unknown,,,pending,,,session_url|share_url,force_resubmit_unknown
html,1815,90be35a7-4437-4a18-ba99-f3d789b2a27d,Which research tasks can assess changing technical challenges across major materials fields?,other,materials,"[""other""]",submission_unknown,,,pending,,,session_url|share_url,force_resubmit_unknown
html,1816,3890ddf7-f575-4bfc-a4e2-5a183cdd4255,Which research tasks can examine sustainability-driven changes in the materials technology landscape?,other,materials,"[""other""]",submission_unknown,,,pending,,,session_url|share_url,force_resubmit_unknown
html,1817,e0759ba7-ba3c-4553-ad3c-978853afa629,Which research tasks can scan the growing role of digital methods in materials research and development?,other,materials,"[""other""]",submission_unknown,,,pending,,,session_url|share_url,force_resubmit_unknown
html,1818,3c2460c2-548e-45be-91b1-18d758e9b57e,Which research tasks can track shifts from materials discovery toward industrial adoption?,other,materials,"[""other""]",submission_unknown,,,pending,,,session_url|share_url,force_resubmit_unknown
html,1819,ab81cb5d-870c-4fa6-a7b1-98a9da2a5920,Which research tasks can identify convergence among previously separate materials technology fields?,other,materials,"[""other""]",submission_unknown,,,pending,,,session_url|share_url,force_resubmit_unknown
html,1820,8772af1a-2db2-4032-8ab8-75588118091e,Which research tasks can anticipate the materials industry’s likely next technology developments?,other,materials,"[""other""]",submission_unknown,,,pending,,,session_url|share_url,force_resubmit_unknown
html,1821,598f4576-3b38-4916-99d2-3d6413d01c04,Which major application fields show the strongest shifts in patent activity and technical direction across the materials industry?,other,materials,"[""search_draft_patents""]",submission_unknown,,,pending,,,session_url|share_url,force_resubmit_unknown
html,1822,5f11a950-946e-4124-8e18-0e1576d824ec,"How are the principal technology clusters in the materials patent landscape expanding, contracting, or converging?",other,materials,"[""search_draft_patents""]",submission_unknown,,,pending,,,session_url|share_url,force_resubmit_unknown
html,1823,ab2793f5-21dc-4420-afe6-8ac78a26b1c7,How has the geographic distribution of materials patent filings and technical specialization changed in recent years?,other,materials,"[""search_draft_patents""]",submission_unknown,,,pending,,,session_url|share_url,force_resubmit_unknown
html,1824,36497bbe-99d7-494d-8483-f8755e04ab30,How is the composition of major rights holders and new entrants changing across the materials patent landscape?,other,materials,"[""search_draft_patents""]",submission_unknown,,,pending,,,session_url|share_url,force_resubmit_unknown
html,1825,0e0f7bad-383f-435f-8aac-cc1741f81ce5,"Which areas of the materials patent landscape are moving from early emergence toward growth, consolidation, or maturity?",other,materials,"[""search_draft_patents""]",submission_unknown,,,pending,,,session_url|share_url,force_resubmit_unknown
html,1826,d4d3a36b-3a76-44f5-85ba-cad48fb28067,How are sustainability and circularity priorities changing the materials patent landscape?,other,materials,"[""search_draft_patents""]",submission_unknown,,,pending,,,session_url|share_url,force_resubmit_unknown
html,1827,501fd5df-b758-41e0-937d-4d15f86c9214,How are computational methods and data-driven discovery reshaping patent activity across the materials industry?,other,materials,"[""search_draft_patents""]",submission_unknown,,,pending,,,session_url|share_url,force_resubmit_unknown
html,1828,5638c2b3-47dd-4cb6-8665-804518d5a577,Which materials processing and manufacturing directions show the greatest changes in patenting activity?,other,materials,"[""search_draft_patents""]",submission_unknown,,,pending,,,session_url|share_url,force_resubmit_unknown
html,1829,a80847e9-6c46-4507-ab1e-1544a9049ed1,Which material property and functional-performance targets are gaining or losing prominence in the patent landscape?,other,materials,"[""search_draft_patents""]",submission_unknown,,,pending,,,session_url|share_url,force_resubmit_unknown
html,1830,24b22525-36b7-4483-9825-0737a2360d22,Which interdisciplinary areas are emerging as likely next directions in the materials patent landscape?,other,materials,"[""search_draft_patents""]",submission_unknown,,,pending,,,session_url|share_url,force_resubmit_unknown
html,1831,31d352ad-cbfa-439e-a39a-bab359fe013c,When are multifunctional material concepts technically feasible enough to advance in product design?,other,materials,"[""technical_feasibility""]",submission_unknown,,,pending,,,session_url|share_url,force_resubmit_unknown
html,1832,82368d5f-e92a-4a9a-8476-6c942fd37240,How can material compatibility evidence establish whether new material directions are feasible for product integration?,other,materials,"[""technical_feasibility""]",submission_unknown,,,pending,,,session_url|share_url,force_resubmit_unknown
html,1833,d4f43ade-af4c-4490-b4f9-89c97b37125b,When does manufacturability evidence support the feasibility of material-enabled product designs?,other,materials,"[""technical_feasibility""]",submission_unknown,,,pending,,,session_url|share_url,force_resubmit_unknown
html,1834,14b1c652-f7b0-4278-97a0-c5c075a11ef7,How far can laboratory material results support feasibility judgments for larger-scale product applications?,other,materials,"[""technical_feasibility""]",submission_unknown,,,pending,,,session_url|share_url,force_resubmit_unknown
html,1835,7c79ab99-ffcd-43d0-958d-06885eed146b,When is durability evidence sufficient to support the technical feasibility of emerging material directions?,other,materials,"[""technical_feasibility""]",submission_unknown,,,pending,,,session_url|share_url,force_resubmit_unknown
html,1836,2066d9f1-3be9-4781-b973-e225318814b2,How does material-property variability affect the feasibility of robust product designs?,other,materials,"[""technical_feasibility""]",submission_unknown,,,pending,,,session_url|share_url,force_resubmit_unknown
html,1837,953b89c4-6278-47f8-b830-987dcdc48372,When are circular material-use strategies technically feasible without compromising required product functions?,other,materials,"[""technical_feasibility""]",submission_unknown,,,pending,,,session_url|share_url,force_resubmit_unknown
html,1838,1d4cf23d-b4e3-48b3-a0eb-e0564aa8e7a7,When can predictive material models credibly support product-design feasibility judgments?,other,materials,"[""technical_feasibility""]",submission_unknown,,,pending,,,session_url|share_url,force_resubmit_unknown
html,1839,0d8f8117-45af-4a47-84cd-8e3df3768790,When are material test results representative enough to justify advancing a product-design direction?,other,materials,"[""technical_feasibility""]",submission_unknown,,,pending,,,session_url|share_url,force_resubmit_unknown
html,2583,82e3b73c-12d8-4e06-8105-ec0ef8eb030f,What criteria should guide the choice of claim categories when preparing a coordinated claim set?,patent_ip_services,other,"[""draft_refine_claims""]",submitted,sess_97f57514ca0c4248,https://eureka.patsnap.com/ai-search/sess_97f57514ca0c4248?from=rd-home&start_from=eureka_landingpage,submission_unknown,,,share_url,retry_share_only
html,3008,8792c4ef-ab02-4a11-939f-c7e85e52b21f,Which advances are improving how virtual and physical evidence support engineering design validation?,rd_engineer,engineering,"[""existing_technologies""]",submitted,sess_9a7e5b89dae844ef,https://eureka.patsnap.com/ai-search/sess_9a7e5b89dae844ef?from=rd-home&start_from=eureka_landingpage,submission_unknown,,,share_url,retry_share_only
html,3071,8f45647b-50aa-40da-92a8-f0743d865315,Which major technology shifts in food and farming production could define useful R&D exploration tasks?,rd_engineer,food_farming_production,"[""other""]",failed,,,pending,,,session_url|share_url,retry_failed
html,3072,4ffa204c-0d5f-4508-9ed4-4213b1a6a7e9,"How is technology maturity changing across food and farming production, and which research tasks could clarify those changes?",rd_engineer,food_farming_production,"[""other""]",failed,,,pending,,,session_url|share_url,retry_failed
html,3073,1a1641e7-45e9-41db-8d46-eb94637498d2,Which emerging application areas in food and farming production warrant further R&D landscape research?,rd_engineer,food_farming_production,"[""other""]",failed,,,pending,,,session_url|share_url,retry_failed
html,3075,c4c03130-b4e8-47b4-896b-021fbbe7cbd6,"Which technical challenges are gaining research attention across food and farming production, and how could they guide task selection?",rd_engineer,food_farming_production,"[""other""]",failed,,,pending,,,session_url|share_url,retry_failed
html,3076,c0e449b9-d1ce-4af6-a843-5c04bb049c48,How are sustainability priorities reshaping the food and farming production technology landscape and possible R&D research tasks?,rd_engineer,food_farming_production,"[""other""]",failed,,,pending,,,session_url|share_url,retry_failed
html,3077,07d02f7d-c135-440e-bd93-2ac856993c0a,"How is the evidence behind emerging food and farming production technologies evolving, and what review tasks could assess it?",rd_engineer,food_farming_production,"[""other""]",failed,,,pending,,,session_url|share_url,retry_failed
html,3079,b25e02ff-eb42-4a69-b1ec-f7b8f9fa4a7b,"How are standardization and interoperability needs evolving across food and farming production technologies, and what could R&D investigate?",rd_engineer,food_farming_production,"[""other""]",failed,,,pending,,,session_url|share_url,retry_failed
html,3080,6777f4b3-85f6-4478-b582-ddbc62dcb6b3,"Which research gaps are emerging as food and farming production technologies advance, and what follow-up tasks could examine them?",rd_engineer,food_farming_production,"[""other""]",failed,,,pending,,,session_url|share_url,retry_failed
html,3081,1d64b673-d47c-4388-a8a5-0afd8954545f,Which prior-art search gaps could put invention concepts in food and farming production at risk?,rd_engineer,food_farming_production,"[""patent_ip_risk""]",failed,,,pending,,,session_url|share_url,retry_failed
html,3082,98a52981-34c9-4b47-a9da-e6dfd76e529f,What patent-overlap risks should be assessed before prototyping inventions in food and farming production?,rd_engineer,food_farming_production,"[""patent_ip_risk""]",failed,,,pending,,,session_url|share_url,retry_failed
html,3083,fc6e4efe-c95b-49aa-a126-1a41aae6cce8,How could pending patent applications create IP uncertainty for inventions in food and farming production?,rd_engineer,food_farming_production,"[""patent_ip_risk""]",failed,,,pending,,,session_url|share_url,retry_failed
html,3084,5fc7af3d-5303-4540-ae49-32553ee4100d,What IP risks can arise from sharing invention details before filing in food and farming production?,rd_engineer,food_farming_production,"[""patent_ip_risk""]",failed,,,pending,,,session_url|share_url,retry_failed
html,3085,298b6aea-fcac-4c06-a1d2-4fedc506400d,Where can inventorship and ownership uncertainty create IP risks in food and farming production?,rd_engineer,food_farming_production,"[""patent_ip_risk""]",failed,,,pending,,,session_url|share_url,retry_failed
html,3086,0671f40d-f059-4f36-bfef-a9e269ce2e40,What residual patent risks should be assessed when developing design-arounds in food and farming production?,rd_engineer,food_farming_production,"[""patent_ip_risk""]",failed,,,pending,,,session_url|share_url,retry_failed
html,3087,878d8e9f-2623-4920-bae0-0f353d51b19e,Which invention-disclosure evidence gaps could weaken patent protection in food and farming production?,rd_engineer,food_farming_production,"[""patent_ip_risk""]",failed,,,pending,,,session_url|share_url,retry_failed
html,3088,4305a381-5cd1-4756-8873-d2c470b78db1,What trade-secret risks arise when using external know-how to develop inventions in food and farming production?,rd_engineer,food_farming_production,"[""patent_ip_risk""]",failed,,,pending,,,session_url|share_url,retry_failed
html,3089,8c74a983-6613-425d-8612-e42f96b9242d,What IP permission gaps could affect inventions built on third-party technology in food and farming production?,rd_engineer,food_farming_production,"[""patent_ip_risk""]",failed,,,pending,,,session_url|share_url,retry_failed
html,3090,bfe79258-d2a2-46fa-a465-409ccbb9db26,How can territorial patent differences create IP risks for inventions in food and farming production?,rd_engineer,food_farming_production,"[""patent_ip_risk""]",failed,,,pending,,,session_url|share_url,retry_failed
html,3091,7ec960df-cdcc-4b2e-a94a-5e6bc7c1668d,Where could AI turn monitoring data into useful product features across food and farming production?,rd_engineer,food_farming_production,"[""product_ideas""]",failed,,,pending,,,session_url|share_url,retry_failed
html,3092,40eb91c8-0918-413a-88d2-d71b822624da,Which AI forecasting applications could inspire new products for food and farming production?,rd_engineer,food_farming_production,"[""product_ideas""]",failed,,,pending,,,session_url|share_url,retry_failed
html,3093,2a3a1e03-9cb1-4c18-9eda-8ea800292f0d,Where could AI decision support become a valuable product capability in food and farming production?,rd_engineer,food_farming_production,"[""product_ideas""]",failed,,,pending,,,session_url|share_url,retry_failed
html,3094,4f9ae049-1d06-4c56-ae08-a0df0b4c2b70,Which AI applications could support human-supervised task automation in food and farming production products?,rd_engineer,food_farming_production,"[""product_ideas""]",failed,,,pending,,,session_url|share_url,retry_failed
html,3095,eb9099e9-5b10-42b7-83b4-2ebf35109228,What AI quality-assessment applications could inspire product concepts across food and farming production?,rd_engineer,food_farming_production,"[""product_ideas""]",failed,,,pending,,,session_url|share_url,retry_failed
html,3096,eb2b9e0b-773f-416f-9c17-738fe735e4af,Where could AI enable products that help reduce resource use and waste in food and farming production?,rd_engineer,food_farming_production,"[""product_ideas""]",failed,,,pending,,,session_url|share_url,retry_failed
html,3097,aecc4312-0e08-4bdf-9e58-9981eaf9f92a,Which AI traceability applications could become useful product features in food and farming production?,rd_engineer,food_farming_production,"[""product_ideas""]",failed,,,pending,,,session_url|share_url,retry_failed
html,3098,dc192643-ea31-49fb-99c7-051b375ae84e,Where could AI knowledge assistance create new product opportunities in food and farming production?,rd_engineer,food_farming_production,"[""product_ideas""]",failed,,,pending,,,session_url|share_url,retry_failed
html,3099,054b7fe0-6715-4365-8205-b28f79dc7e37,Which AI applications could make products easier to learn and use across food and farming production?,rd_engineer,food_farming_production,"[""product_ideas""]",failed,,,pending,,,session_url|share_url,retry_failed
html,3100,e5a6fbbc-f6fa-4b15-9c4f-22682c1c0e5e,Where could AI help users explore and compare design alternatives in food and farming production?,rd_engineer,food_farming_production,"[""product_ideas""]",failed,,,pending,,,session_url|share_url,retry_failed
html,3101,f4b9d0bb-a2e4-4c55-b712-6cd78bc29d58,How feasible is designing products that maintain their intended performance across variable food and farming production conditions?,rd_engineer,food_farming_production,"[""technical_feasibility""]",failed,,,pending,,,session_url|share_url,retry_failed
html,3102,4253eadb-1a60-4d4a-8977-5d29bbc81627,How feasible is incorporating safety and hygiene requirements into product design across food and farming production?,rd_engineer,food_farming_production,"[""technical_feasibility""]",failed,,,pending,,,session_url|share_url,retry_failed
html,3103,d6b99e1a-a4ae-47ba-987d-84ca93353f34,How feasible is reducing resource demand through product design without compromising food and farming production functions?,rd_engineer,food_farming_production,"[""technical_feasibility""]",failed,,,pending,,,session_url|share_url,retry_failed
html,3104,3b8d6f38-0512-4ffc-b7fd-86e1208b8077,How feasible is improving product repairability while preserving performance and safety in food and farming production?,rd_engineer,food_farming_production,"[""technical_feasibility""]",failed,,,pending,,,session_url|share_url,retry_failed
html,3105,14d21083-190a-42bf-a0c7-80f1fa1c69ce,How feasible is accommodating diverse user capabilities through product design in food and farming production?,rd_engineer,food_farming_production,"[""technical_feasibility""]",failed,,,pending,,,session_url|share_url,retry_failed
html,3106,e9cc52df-b978-470e-9bd9-9e2a7bc6cdfe,How feasible is adding sensing capabilities to products used across food and farming production?,rd_engineer,food_farming_production,"[""technical_feasibility""]",failed,,,pending,,,session_url|share_url,retry_failed
html,3107,d5af1b58-0835-4111-9f08-ca9d51183bcc,How feasible is using lower-impact materials while meeting product requirements across food and farming production?,rd_engineer,food_farming_production,"[""technical_feasibility""]",failed,,,pending,,,session_url|share_url,retry_failed
html,3108,883e8e85-a30b-4ff2-a50e-67aa7cc3a8b9,How feasible is scaling emerging product designs from demonstrations to practical use in food and farming production?,rd_engineer,food_farming_production,"[""technical_feasibility""]",failed,,,pending,,,session_url|share_url,retry_failed
html,3109,c968da7f-8ba0-4f09-ae34-147aea6d26a8,How feasible is designing products for reuse or recovery after their initial use in food and farming production?,rd_engineer,food_farming_production,"[""technical_feasibility""]",failed,,,pending,,,session_url|share_url,retry_failed
html,3110,8afcf3c1-de3c-4c53-be67-e17003276f76,How feasible is adapting shared product designs to different application requirements across food and farming production?,rd_engineer,food_farming_production,"[""technical_feasibility""]",failed,,,pending,,,session_url|share_url,retry_failed
html,3111,2a3d9bc6-b7fc-45b2-a00a-b6970aeb1f16,Which AI applications can turn diverse user needs into actionable product design requirements in food and farming production?,rd_engineer,food_farming_production,"[""technical_solutions""]",failed,,,pending,,,session_url|share_url,retry_failed
html,3112,3a4c3f64-b050-4dc9-aaee-2c39c9ac02db,Which AI applications can generate feasible product design concepts for food and farming production?,rd_engineer,food_farming_production,"[""technical_solutions""]",failed,,,pending,,,session_url|share_url,retry_failed
html,3113,b1b0c1bf-c807-4bb5-9760-6b30cf991cc9,Which AI applications can clarify product architecture trade-offs in food and farming production?,rd_engineer,food_farming_production,"[""technical_solutions""]",failed,,,pending,,,session_url|share_url,retry_failed
html,3114,11ca4247-bd06-4326-9380-a0b86c2cafc9,Which AI applications can accelerate product performance prediction during design in food and farming production?,rd_engineer,food_farming_production,"[""technical_solutions""]",failed,,,pending,,,session_url|share_url,retry_failed
html,3115,22700179-856c-45bd-8411-eb719b5a7509,Which AI applications can help design products for variable operating conditions in food and farming production?,rd_engineer,food_farming_production,"[""technical_solutions""]",failed,,,pending,,,session_url|share_url,retry_failed
html,3116,28b52973-f7e3-486b-a15b-ef6466649b71,Which AI applications can support lower-impact product design choices in food and farming production?,rd_engineer,food_farming_production,"[""technical_solutions""]",failed,,,pending,,,session_url|share_url,retry_failed
html,3117,69d16e0a-7eae-4072-9a0e-ed0b0f2d0804,Which AI applications can reveal usability improvements during product design in food and farming production?,rd_engineer,food_farming_production,"[""technical_solutions""]",failed,,,pending,,,session_url|share_url,retry_failed
html,3118,2d35b8af-dc52-4f60-94e7-b3dfba06ade7,Which AI applications can help reuse proven design knowledge in food and farming production?,rd_engineer,food_farming_production,"[""technical_solutions""]",failed,,,pending,,,session_url|share_url,retry_failed
html,3119,591e0da4-cac9-4714-9224-6b3f5222acd7,Which AI applications can identify safety-related design concerns early in food and farming production?,rd_engineer,food_farming_production,"[""technical_solutions""]",failed,,,pending,,,session_url|share_url,retry_failed
html,3120,45be8e9e-7669-4e0c-a3fd-6723d411e9ba,Which AI applications can target evidence gaps in product design verification for food and farming production?,rd_engineer,food_farming_production,"[""technical_solutions""]",failed,,,pending,,,session_url|share_url,retry_failed
html,3121,637a349d-7228-4f87-83a0-703ad89f5201,What research trends are shaping multifunctional materials design across the materials industry?,rd_engineer,materials,"[""existing_technologies""]",failed,,,pending,,,session_url|share_url,retry_failed
html,3122,12117eeb-9230-4d59-bae3-fa354dcc6024,Which computational and data-driven approaches are emerging for materials selection and design?,rd_engineer,materials,"[""existing_technologies""]",failed,,,pending,,,session_url|share_url,retry_failed
html,3123,fa2d9244-42f7-433f-91e5-f81896f6d55f,"What materials design trends support reuse, recovery, and circular product lifecycles?",rd_engineer,materials,"[""existing_technologies""]",failed,,,pending,,,session_url|share_url,retry_failed
html,3124,7edd4014-2b64-44b4-b8f2-967dde9da5d9,What advances in structure–property design are opening new options across the materials industry?,rd_engineer,materials,"[""existing_technologies""]",failed,,,pending,,,session_url|share_url,retry_failed
html,3125,ec8eb139-4dea-4f6c-85eb-a8e81ef68b8d,Which materials research directions could expand design options for longer product service life?,rd_engineer,materials,"[""existing_technologies""]",failed,,,pending,,,session_url|share_url,retry_failed
html,3126,b84c1907-7983-4d4a-8be1-9c92b57703e5,What research trends are helping materials design approaches move from laboratory concepts to practical use?,rd_engineer,materials,"[""existing_technologies""]",failed,,,pending,,,session_url|share_url,retry_failed
html,3127,3cdf33a8-aa11-44ff-bb81-adc22064348a,Which materials substitution trends could reduce dependence on scarce inputs while preserving product function?,rd_engineer,materials,"[""existing_technologies""]",failed,,,pending,,,session_url|share_url,retry_failed
html,3128,1058f3c0-93d5-4d5a-b13f-4932cd602bb7,What interface and compatibility research trends are broadening materials combination options in product design?,rd_engineer,materials,"[""existing_technologies""]",failed,,,pending,,,session_url|share_url,retry_failed
html,3129,6a52f712-a81b-4bb0-9fda-cea066b20a49,Which characterization advances are improving the evidence available for materials design decisions?,rd_engineer,materials,"[""existing_technologies""]",failed,,,pending,,,session_url|share_url,retry_failed
html,3131,a5530f84-b714-4dee-bc8b-18c59ee28285,"How are major technology fields evolving across the materials industry, and which landscape-mapping tasks could clarify an R&D brief?",rd_engineer,materials,"[""other""]",failed,,,pending,,,session_url|share_url,retry_failed
html,3132,e212cd11-51f0-4e42-90f6-e19214acf9c4,Which trend-scanning tasks could clarify how changing application needs are influencing materials research directions?,rd_engineer,materials,"[""other""]",failed,,,pending,,,session_url|share_url,retry_failed
html,3133,08265edb-6e5f-4ff7-9e7e-6ca4fe46ab5b,How could an R&D team frame a trend scan of technology maturity and research-to-use transitions across the materials industry?,rd_engineer,materials,"[""other""]",failed,,,pending,,,session_url|share_url,retry_failed
html,3134,2eb710ae-2879-4139-8377-5fa320ed0055,Which research tasks could help an R&D team explore convergence trends among technology fields across the materials industry?,rd_engineer,materials,"[""other""]",failed,,,pending,,,session_url|share_url,retry_failed
html,3135,2f77b644-ae88-4363-9f68-4beb8a014731,Which trend-scanning tasks could clarify the changing role of digital methods in the materials industry's research landscape?,rd_engineer,materials,"[""other""]",failed,,,pending,,,session_url|share_url,retry_failed
html,3136,406d0cc0-6628-4455-bf33-96b2dd7cf5e8,How could an R&D team frame a scan of sustainability-related shifts in the materials industry's technology landscape?,rd_engineer,materials,"[""other""]",failed,,,pending,,,session_url|share_url,retry_failed
html,3137,ad214021-7d18-4b9b-8a4d-409b6fe4fe55,Which tasks could clarify trends in characterization and validation capabilities across the materials industry's research landscape?,rd_engineer,materials,"[""other""]",failed,,,pending,,,session_url|share_url,retry_failed
html,3138,3ea3a8d7-ac80-4fca-99fd-2cc8c3e0d1c8,Which trend-scanning tasks could help an R&D team explore scale-up and manufacturing research directions across the materials industry?,rd_engineer,materials,"[""other""]",failed,,,pending,,,session_url|share_url,retry_failed
html,3139,f5876772-63e9-4480-ad65-73bd7b02468f,How could an R&D team frame a trend scan of durability and service-life research across the materials industry?,rd_engineer,materials,"[""other""]",failed,,,pending,,,session_url|share_url,retry_failed
html,3140,64a6a5c3-d7ee-4367-af6a-580e681f8e3f,Which horizon-scanning tasks could clarify emerging research areas and weak signals across the materials industry?,rd_engineer,materials,"[""other""]",failed,,,pending,,,session_url|share_url,retry_failed
html,3141,b9b7a387-08a4-45ee-ba46-d85f8df7d32c,What prior-art risks can undermine claims of technical distinctiveness for inventions in the materials industry?,rd_engineer,materials,"[""patent_ip_risk""]",failed,,,pending,,,session_url|share_url,retry_failed
html,3142,ac8dc56e-88ea-4a64-8d2a-b1f36bd393f6,What freedom-to-operate risks arise when materials inventions are assessed by technical novelty alone?,rd_engineer,materials,"[""patent_ip_risk""]",failed,,,pending,,,session_url|share_url,retry_failed
html,3143,6ee43792-7ec8-4a71-9705-dbf6e2400835,How can disclosure timing put patent protection for materials inventions at risk?,rd_engineer,materials,"[""patent_ip_risk""]",failed,,,pending,,,session_url|share_url,retry_failed
html,3144,2e54953b-c970-4b76-82df-4ba95cb4e6e1,What inventorship and ownership risks follow from incomplete contribution records in materials invention development?,rd_engineer,materials,"[""patent_ip_risk""]",failed,,,pending,,,session_url|share_url,retry_failed
html,3145,94d570a0-e1c4-4fd4-a62c-cc2ca1f1ce09,What IP risks arise from unclear provenance of technical information used to develop materials inventions?,rd_engineer,materials,"[""patent_ip_risk""]",failed,,,pending,,,session_url|share_url,retry_failed
html,3146,53623f9c-5ef6-4de8-ac9d-da22d50940fb,What patent-support risks arise when materials invention disclosures extend beyond the available technical evidence?,rd_engineer,materials,"[""patent_ip_risk""]",failed,,,pending,,,session_url|share_url,retry_failed
html,3147,979fe759-ce21-49b6-8cb3-850855cf0381,What residual patent risks should be assessed when developing design-around concepts in the materials industry?,rd_engineer,materials,"[""patent_ip_risk""]",failed,,,pending,,,session_url|share_url,retry_failed
html,3148,68a5eddc-d1c0-49fd-bc76-db2a4643ca7c,How can incomplete patent-family and legal-status evidence distort IP risk assessments for materials inventions?,rd_engineer,materials,"[""patent_ip_risk""]",failed,,,pending,,,session_url|share_url,retry_failed
html,3149,ffd22b0a-9f41-446f-a90c-d71c8fe5a217,What IP uncertainties do patent publication delays create for emerging materials invention concepts?,rd_engineer,materials,"[""patent_ip_risk""]",failed,,,pending,,,session_url|share_url,retry_failed
html,3150,1f1b88ac-b1ed-4845-8a69-aeb2d0802dd6,What priority-support risks arise when materials invention concepts evolve beyond their earlier disclosures?,rd_engineer,materials,"[""patent_ip_risk""]",failed,,,pending,,,session_url|share_url,retry_failed
html,3151,5145c1b5-9d6b-4446-89ae-2cff70086e14,Where can AI help translate user needs into new material product concepts?,rd_engineer,materials,"[""product_ideas""]",failed,,,pending,,,session_url|share_url,retry_failed
html,3153,aa6451b0-d693-4944-bb6e-c5cedee4b006,Where can AI-assisted material selection reveal opportunities for differentiated product concepts?,rd_engineer,materials,"[""product_ideas""]",failed,,,pending,,,session_url|share_url,retry_failed
html,3154,7e8fb49d-35ba-47e4-aa85-a93528ed1272,Which AI applications can help explore competing requirements when developing material product concepts?,rd_engineer,materials,"[""product_ideas""]",failed,,,pending,,,session_url|share_url,retry_failed
html,3155,7d7b2507-3ac0-4e78-88f8-2bd77b09cef8,Where can AI-accelerated simulation enable broader exploration of material product concepts?,rd_engineer,materials,"[""product_ideas""]",failed,,,pending,,,session_url|share_url,retry_failed
html,3156,5fb33689-b953-48f1-b977-9a7c433ad28d,What AI applications can connect material capabilities with product integration needs during concept development?,rd_engineer,materials,"[""product_ideas""]",failed,,,pending,,,session_url|share_url,retry_failed
html,3157,c57856db-e2a2-45d7-8462-367a50745ee0,Which AI applications could support material product concepts designed for circularity?,rd_engineer,materials,"[""product_ideas""]",failed,,,pending,,,session_url|share_url,retry_failed
html,3158,a4fbc090-4178-4555-add8-a9fe37a7dd0c,Where can AI-based lifetime prediction inform new material product concepts?,rd_engineer,materials,"[""product_ideas""]",failed,,,pending,,,session_url|share_url,retry_failed
html,3159,92d1523e-82bd-4e74-b13d-e5e881c2deca,Which AI applications can help turn uncertain material product ideas into testable concepts?,rd_engineer,materials,"[""product_ideas""]",failed,,,pending,,,session_url|share_url,retry_failed
html,3160,6019cc46-b01b-4647-98fa-e578583517db,What AI applications can turn fragmented materials knowledge into new product concept opportunities?,rd_engineer,materials,"[""product_ideas""]",failed,,,pending,,,session_url|share_url,retry_failed
html,3161,873a54bb-89b0-4b7d-9033-a38aed6cd02e,When does laboratory performance provide enough evidence to pursue application-level material design?,rd_engineer,materials,"[""technical_feasibility""]",failed,,,pending,,,session_url|share_url,retry_failed
html,3162,974a0ade-b5f1-4a46-b7b9-558191d08554,When are material design directions with competing performance requirements technically feasible?,rd_engineer,materials,"[""technical_feasibility""]",failed,,,pending,,,session_url|share_url,retry_failed
html,3163,ee3c4e2c-443f-4900-9eb0-64165a7d41f6,When can predictive models justify further development of a material design direction?,rd_engineer,materials,"[""technical_feasibility""]",failed,,,pending,,,session_url|share_url,retry_failed
html,3165,d45936f4-1608-4efd-b86c-57997edd0357,When does material-property variability leave a credible path to robust product design?,rd_engineer,materials,"[""technical_feasibility""]",failed,,,pending,,,session_url|share_url,retry_failed
html,3166,d2736eea-419e-4b7f-9cc3-6513a62c083f,When do manufacturability constraints still allow a material design direction to remain feasible?,rd_engineer,materials,"[""technical_feasibility""]",failed,,,pending,,,session_url|share_url,retry_failed
html,3167,99db6d5f-9b46-4eb5-8c40-74d99f0c94df,When does evidence on long-term material behavior justify advancing a product-design direction?,rd_engineer,materials,"[""technical_feasibility""]",failed,,,pending,,,session_url|share_url,retry_failed
html,3168,bd5d741f-e92e-4e5d-bb11-d9f2c4af7350,When are recyclability-oriented material design directions feasible without compromising required functions?,rd_engineer,materials,"[""technical_feasibility""]",failed,,,pending,,,session_url|share_url,retry_failed
html,3169,e1d60c07-57ad-4be7-9b1c-7fcbc5bcf255,Can a material design direction warrant further development when characterization results disagree?,rd_engineer,materials,"[""technical_feasibility""]",failed,,,pending,,,session_url|share_url,retry_failed
html,3170,dd451331-9d46-4971-9af0-563717510d33,When is material substitution technically feasible within existing product-design requirements?,rd_engineer,materials,"[""technical_feasibility""]",failed,,,pending,,,session_url|share_url,retry_failed
html,3171,5934c636-1142-49c5-870c-ecbfea147cda,Which AI applications can help translate functional needs into material design requirements?,rd_engineer,materials,"[""technical_solutions""]",failed,,,pending,,,session_url|share_url,retry_failed
html,3172,b11dd3c2-5f89-4545-b30b-c2ef9dfb490a,Which AI applications can help engineers extract material-selection evidence from technical literature and datasets?,rd_engineer,materials,"[""technical_solutions""]",failed,,,pending,,,session_url|share_url,retry_failed
html,3173,f5fd4f9b-7b28-4362-994c-ed87ad7af0c6,Which AI applications can generate candidate material designs from target properties?,rd_engineer,materials,"[""technical_solutions""]",failed,,,pending,,,session_url|share_url,retry_failed
html,3174,5e8fc3cd-f4a1-4686-aef0-da391ecec60d,Which AI applications can help identify material design options that balance competing requirements?,rd_engineer,materials,"[""technical_solutions""]",failed,,,pending,,,session_url|share_url,retry_failed
html,3175,2e51ac5d-c97f-4e97-9759-26417daa7485,Which AI applications can reduce the computational effort needed to screen material designs?,rd_engineer,materials,"[""technical_solutions""]",failed,,,pending,,,session_url|share_url,retry_failed
html,3176,8a8d7291-3b16-49c1-8184-646e0b73a548,Which AI applications can support material design decisions when relevant property data are limited?,rd_engineer,materials,"[""technical_solutions""]",failed,,,pending,,,session_url|share_url,retry_failed
html,3177,ee6b6534-4ae2-481e-9fd3-b946adfa81b4,Which AI applications can help engineers account for prediction uncertainty when selecting material designs?,rd_engineer,materials,"[""technical_solutions""]",failed,,,pending,,,session_url|share_url,retry_failed
html,3178,7e783215-012d-4b62-aa47-72bc6d4c0e64,Which AI applications can help connect material characteristics across scales to design-relevant properties?,rd_engineer,materials,"[""technical_solutions""]",failed,,,pending,,,session_url|share_url,retry_failed
html,3180,2e9c309c-5d25-4272-9bd5-ae58668c4c89,Which AI applications can help screen material designs for manufacturability during early design decisions?,rd_engineer,materials,"[""technical_solutions""]",failed,,,pending,,,session_url|share_url,retry_failed
html,3181,fb85054e-1f14-43e6-8c34-c5df585189e9,Which trends in intelligent functionality are shaping medical device product design?,rd_engineer,medical_devices,"[""existing_technologies""]",failed,,,pending,,,session_url|share_url,retry_failed
html,3182,a28cbe84-b24b-4fd1-afa4-4bf6bda6882d,What emerging approaches to usability and accessibility are influencing medical device design?,rd_engineer,medical_devices,"[""existing_technologies""]",failed,,,pending,,,session_url|share_url,retry_failed
html,3183,cf2f6a45-2289-4afb-879d-143dc8364007,Which interoperability trends are influencing medical device architecture and interface design?,rd_engineer,medical_devices,"[""existing_technologies""]",failed,,,pending,,,session_url|share_url,retry_failed
html,3184,9a028c50-65d5-4a5e-abc4-ee388d1f9cff,What recent advances in energy efficiency are opening new design possibilities for medical devices?,rd_engineer,medical_devices,"[""existing_technologies""]",failed,,,pending,,,session_url|share_url,retry_failed
html,3185,4a3974b3-4477-453e-a0ef-c53185370f44,Which emerging design approaches aim to improve medical device safety and reliability?,rd_engineer,medical_devices,"[""existing_technologies""]",failed,,,pending,,,session_url|share_url,retry_failed
html,3186,11dfdb19-39f2-4c43-83fa-21787f21eb9b,What trends in personalization and configurability are shaping medical device product design?,rd_engineer,medical_devices,"[""existing_technologies""]",failed,,,pending,,,session_url|share_url,retry_failed
html,3187,546af3bc-f2ad-48d6-9ce8-42fa1649151c,Which sustainability-focused technology trends are influencing medical device lifecycle design?,rd_engineer,medical_devices,"[""existing_technologies""]",failed,,,pending,,,session_url|share_url,retry_failed
html,3188,527f2479-1bfd-4609-97aa-c6e4046ae604,What advances in modeling and simulation are changing how medical device design options are evaluated?,rd_engineer,medical_devices,"[""existing_technologies""]",failed,,,pending,,,session_url|share_url,retry_failed
html,3189,dd104868-bf7e-4bb5-b2f2-be35d69cd14a,"Which medical device design trends address trade-offs among functionality, size, and complexity?",rd_engineer,medical_devices,"[""existing_technologies""]",failed,,,pending,,,session_url|share_url,retry_failed
html,3190,f5ab88c2-3c53-487f-a04d-1ae8bb104db1,Which materials-related research trends are expanding design options across the medical device industry?,rd_engineer,medical_devices,"[""existing_technologies""]",failed,,,pending,,,session_url|share_url,retry_failed
html,3191,229717de-06e7-4dc4-a585-be20cbf5deea,Which research tasks could help map changing priorities across the medical device industry's major technology fields?,rd_engineer,medical_devices,"[""other""]",failed,,,pending,,,session_url|share_url,retry_failed
html,3192,05dfaeb5-74b0-4ea3-975b-c2f084743995,"What trend-scanning tasks could help distinguish emerging, developing, and mature technologies across medical devices?",rd_engineer,medical_devices,"[""other""]",failed,,,pending,,,session_url|share_url,retry_failed
html,3193,9491f41a-f893-4aa5-907b-fcbffa026049,Which research options could reveal how application needs are reshaping technology directions across medical devices?,rd_engineer,medical_devices,"[""other""]",failed,,,pending,,,session_url|share_url,retry_failed
html,3194,5acc0449-9686-47e3-822e-315cdf9aa9b5,What research tasks could track convergence between technology fields across the medical device industry?,rd_engineer,medical_devices,"[""other""]",failed,,,pending,,,session_url|share_url,retry_failed
html,3195,f93492e0-c93a-4cde-a3d4-a4b653108a50,Which trend-research tasks could clarify changing technical challenges and improvement directions across medical devices?,rd_engineer,medical_devices,"[""other""]",failed,,,pending,,,session_url|share_url,retry_failed
html,3196,9439eb82-e188-4a41-b2c0-85f2f1a6994e,What research options could track how technologies progress from early research toward practical use across medical devices?,rd_engineer,medical_devices,"[""other""]",failed,,,pending,,,session_url|share_url,retry_failed
html,3197,e93fe04c-2853-4ab9-913d-0dd4a184d715,Which research tasks could map changing manufacturing and scale-up technology directions across the medical device industry?,rd_engineer,medical_devices,"[""other""]",failed,,,pending,,,session_url|share_url,retry_failed
html,3198,c4596ef6-17c2-4a6b-a24f-fcf2dbc70434,What trend-scanning tasks could clarify evolving integration and interoperability research across medical devices?,rd_engineer,medical_devices,"[""other""]",failed,,,pending,,,session_url|share_url,retry_failed
html,3199,8206d5fe-b2e8-49e5-ac44-b7acbfc24457,Which research options could reveal changing reliability and lifecycle technology priorities across medical devices?,rd_engineer,medical_devices,"[""other""]",failed,,,pending,,,session_url|share_url,retry_failed
html,3200,eec56224-0091-464e-930f-061c3e47a540,"What research tasks could compare signals of emerging medical device technologies across publications, patents, and public reports?",rd_engineer,medical_devices,"[""other""]",failed,,,pending,,,session_url|share_url,retry_failed
html,3201,34adafa8-5273-4fd8-8066-598028e5f111,What prior-art risks should be assessed when defining technical distinctions for medical device inventions?,rd_engineer,medical_devices,"[""patent_ip_risk""]",failed,,,pending,,,session_url|share_url,retry_failed
html,3202,4b112937-cf23-405f-bb72-a2d89ce1dc00,What freedom-to-operate risks should be assessed before advancing medical device invention concepts?,rd_engineer,medical_devices,"[""patent_ip_risk""]",failed,,,pending,,,session_url|share_url,retry_failed
html,3203,7a6198dc-268a-4639-9d36-28ab9db93105,What IP risks arise from the timing of technical disclosures during medical device invention development?,rd_engineer,medical_devices,"[""patent_ip_risk""]",failed,,,pending,,,session_url|share_url,retry_failed
html,3204,f0ebc81f-26d9-4447-bade-67c24a543e6b,What inventorship and ownership risks should be assessed in medical device invention records?,rd_engineer,medical_devices,"[""patent_ip_risk""]",failed,,,pending,,,session_url|share_url,retry_failed
html,3205,43b5797c-7472-4dae-a1b8-e160688ae9e7,What IP risks should be assessed when third-party technical inputs inform medical device inventions?,rd_engineer,medical_devices,"[""patent_ip_risk""]",failed,,,pending,,,session_url|share_url,retry_failed
html,3206,b53d1b44-9133-40f3-8129-0978f09c94e1,What residual patent risks should be assessed when considering design-arounds for medical device inventions?,rd_engineer,medical_devices,"[""patent_ip_risk""]",failed,,,pending,,,session_url|share_url,retry_failed
html,3207,6eb60f93-c3ad-450e-a3c3-15b5d0f010a8,What IP protection gaps can emerge as medical device invention concepts evolve into prototypes?,rd_engineer,medical_devices,"[""patent_ip_risk""]",failed,,,pending,,,session_url|share_url,retry_failed
html,3208,6bba29e2-e811-4094-ada2-1d75f3a47e05,How can gaps in patent visibility create IP risk for medical device invention development?,rd_engineer,medical_devices,"[""patent_ip_risk""]",failed,,,pending,,,session_url|share_url,retry_failed
html,3209,374b73cc-1750-4dda-a6f4-804b98044060,What IP risks should be weighed when considering trade-secret protection for medical device inventions?,rd_engineer,medical_devices,"[""patent_ip_risk""]",failed,,,pending,,,session_url|share_url,retry_failed
html,3210,8c83bd4b-59ea-4912-bb51-08ed1f4e0168,What patent risks should be assessed when technical standards influence medical device invention concepts?,rd_engineer,medical_devices,"[""patent_ip_risk""]",failed,,,pending,,,session_url|share_url,retry_failed
html,3211,844bca10-6cc6-4bf0-ba2d-0bed61e6b46f,Where could AI help uncover unmet user needs that inspire new medical device concepts?,rd_engineer,medical_devices,"[""product_ideas""]",failed,,,pending,,,session_url|share_url,retry_failed
html,3212,d99e694a-e2d9-49dc-ab45-3272b41bdb31,Which AI applications could help designers explore alternative functions for new medical device concepts?,rd_engineer,medical_devices,"[""product_ideas""]",failed,,,pending,,,session_url|share_url,retry_failed
html,3213,05cc70f2-9a74-499b-8a9b-c5a1290db839,Which AI applications could improve the quality of data captured by medical devices?,rd_engineer,medical_devices,"[""product_ideas""]",failed,,,pending,,,session_url|share_url,retry_failed
html,3214,790a8c2f-0d22-42d3-b55b-833d8619514e,Where could AI turn multiple sources of medical device data into useful new interpretation functions?,rd_engineer,medical_devices,"[""product_ideas""]",failed,,,pending,,,session_url|share_url,retry_failed
html,3215,a66ae7c6-280f-493d-9f57-80778de16ca8,Which AI applications could help medical device functions adapt to individual user needs?,rd_engineer,medical_devices,"[""product_ideas""]",failed,,,pending,,,session_url|share_url,retry_failed
html,3216,8cb54136-8cef-4ad9-b6e1-40183e70eae0,Which AI applications could make medical device interfaces easier to understand and more accessible?,rd_engineer,medical_devices,"[""product_ideas""]",failed,,,pending,,,session_url|share_url,retry_failed
html,3217,7adfad4a-d632-4352-b922-591cea0286a5,Where could AI-enabled medical device functions help users coordinate tasks and navigate workflows?,rd_engineer,medical_devices,"[""product_ideas""]",failed,,,pending,,,session_url|share_url,retry_failed
html,3218,0593c1c5-bf53-4cc7-a639-11817bddee40,Which AI applications could enable new medical device functions for condition awareness and maintenance guidance?,rd_engineer,medical_devices,"[""product_ideas""]",failed,,,pending,,,session_url|share_url,retry_failed
html,3219,0ce30935-bb95-4979-a05d-e6bf7eb75e2e,Which AI applications could help medical devices exchange information with less manual translation?,rd_engineer,medical_devices,"[""product_ideas""]",failed,,,pending,,,session_url|share_url,retry_failed
html,3220,f6d941c7-f276-4ff1-8ae7-66d3de37b625,Which AI applications could help medical devices communicate uncertainty and output limitations to users?,rd_engineer,medical_devices,"[""product_ideas""]",failed,,,pending,,,session_url|share_url,retry_failed
html,3221,873a07b1-f43e-402e-9fd6-cd3e6ddefa45,When are emerging design approaches mature enough to warrant further validation in medical devices?,rd_engineer,medical_devices,"[""technical_feasibility""]",failed,,,pending,,,session_url|share_url,retry_failed
html,3222,e6339ff5-1c98-4474-903a-f04283fa8aef,How can medical device designers judge feasibility when functional requirements create competing design demands?,rd_engineer,medical_devices,"[""technical_feasibility""]",failed,,,pending,,,session_url|share_url,retry_failed
html,3223,47a85d06-554f-4753-ab15-d54f344194e5,How should variation in users and use environments affect medical device design feasibility judgments?,rd_engineer,medical_devices,"[""technical_feasibility""]",failed,,,pending,,,session_url|share_url,retry_failed
html,3224,4c27a825-512c-4635-9b9e-d1182832dd81,When do interface compatibility requirements make a medical device design technically feasible?,rd_engineer,medical_devices,"[""technical_feasibility""]",failed,,,pending,,,session_url|share_url,retry_failed
html,3225,9d58d31c-a6ac-444d-bddd-d133796e8096,What evidence shows that a medical device design can remain feasible when manufactured repeatedly?,rd_engineer,medical_devices,"[""technical_feasibility""]",failed,,,pending,,,session_url|share_url,retry_failed
html,3226,03a63e59-a70e-4d65-8ae3-1aab0aca9a53,How can medical device designers assess whether intended performance is feasible throughout the product's usable life?,rd_engineer,medical_devices,"[""technical_feasibility""]",failed,,,pending,,,session_url|share_url,retry_failed
html,3227,748f89a1-d842-4fea-b451-20f419330c14,How should the feasibility of design-level risk controls influence medical device concept decisions?,rd_engineer,medical_devices,"[""technical_feasibility""]",failed,,,pending,,,session_url|share_url,retry_failed
html,3228,4ea5fbb7-4f30-4656-8f11-83881e6f73af,When is evidence from analogous designs sufficient to support medical device technical feasibility?,rd_engineer,medical_devices,"[""technical_feasibility""]",failed,,,pending,,,session_url|share_url,retry_failed
html,3229,62a86e06-18a8-41f4-b5c4-83de1ae5074a,How should limits on measuring intended performance affect medical device design feasibility decisions?,rd_engineer,medical_devices,"[""technical_feasibility""]",failed,,,pending,,,session_url|share_url,retry_failed
html,3230,2f984daa-2c8a-469b-ae1c-bfb74ae7095c,When is accommodating future requirement changes technically feasible in medical device design?,rd_engineer,medical_devices,"[""technical_feasibility""]",failed,,,pending,,,session_url|share_url,retry_failed
html,3231,b1ed4dbc-1505-408a-88a6-8fce89f34719,Which AI applications can help translate user needs into actionable medical device design requirements?,rd_engineer,medical_devices,"[""technical_solutions""]",failed,,,pending,,,session_url|share_url,retry_failed
html,3232,55fcd55e-a479-46db-bb3e-0a39b1b24f5e,Where can AI help generate feasible design concepts for medical devices?,rd_engineer,medical_devices,"[""technical_solutions""]",failed,,,pending,,,session_url|share_url,retry_failed
html,3233,dbd8a6a9-7593-45dc-89e0-1f63fa196c10,Which AI applications can support architecture trade-offs in medical device design?,rd_engineer,medical_devices,"[""technical_solutions""]",failed,,,pending,,,session_url|share_url,retry_failed
html,3234,f3ba8fd4-237f-41aa-bfc2-96c2d1524701,How can AI support material selection during medical device design?,rd_engineer,medical_devices,"[""technical_solutions""]",failed,,,pending,,,session_url|share_url,retry_failed
html,3235,54b23bee-0750-459c-99f6-2fb46614e865,Where can AI help reduce simulation effort when exploring medical device designs?,rd_engineer,medical_devices,"[""technical_solutions""]",failed,,,pending,,,session_url|share_url,retry_failed
html,3236,fc169dc3-2c61-445e-bddb-b4657a6d3cda,Which AI applications can help identify usability improvements in medical device design?,rd_engineer,medical_devices,"[""technical_solutions""]",failed,,,pending,,,session_url|share_url,retry_failed
html,3237,ab2adab0-0b70-40e3-953e-3ca6fbca80cb,Where can AI support hazard identification and risk-control design for medical devices?,rd_engineer,medical_devices,"[""technical_solutions""]",failed,,,pending,,,session_url|share_url,retry_failed
html,3238,a7144912-2863-46f5-b62d-5dbf1ba24391,Which AI applications can help uncover gaps in medical device design verification coverage?,rd_engineer,medical_devices,"[""technical_solutions""]",failed,,,pending,,,session_url|share_url,retry_failed
html,3239,41785c04-35bc-423f-8472-854f5c25f0f7,How can AI help assess the design consequences of changes to medical devices?,rd_engineer,medical_devices,"[""technical_solutions""]",failed,,,pending,,,session_url|share_url,retry_failed
html,3240,09204fb7-d8b6-4f77-883e-00ee04bf0823,Which AI applications can help engineers find reusable technical solutions for medical device design?,rd_engineer,medical_devices,"[""technical_solutions""]",failed,,,pending,,,session_url|share_url,retry_failed
html,3241,003a4fa0-c16c-41d5-acb2-1f2810ce867f,Which technology trends are expanding the functional capabilities available to product designers across the industry?,rd_engineer,other,"[""existing_technologies""]",failed,,,pending,,,session_url|share_url,retry_failed
html,3242,237ac972-1a6d-4c0d-a4bf-d41139d85e18,What emerging technology directions are changing product architecture and component integration across the industry?,rd_engineer,other,"[""existing_technologies""]",failed,,,pending,,,session_url|share_url,retry_failed
html,3243,0f991432-f078-4a46-bcf7-0f236b65928f,Which advances in material selection and evaluation are opening new product-design options across the industry?,rd_engineer,other,"[""existing_technologies""]",failed,,,pending,,,session_url|share_url,retry_failed
html,3244,5799810a-ffbb-4d33-b0df-8b715c4f74b4,What trends in digital design and simulation are changing how product concepts are explored across the industry?,rd_engineer,other,"[""existing_technologies""]",failed,,,pending,,,session_url|share_url,retry_failed
html,3245,ac8da263-8d4c-4467-a9d2-51fc1392a07e,Which technology directions are emerging for improving resource efficiency through product design across the industry?,rd_engineer,other,"[""existing_technologies""]",failed,,,pending,,,session_url|share_url,retry_failed
html,3246,d7d72fe5-0d2e-4e1d-b792-ff39f5d309d3,What research trends are shaping design-stage approaches to product durability and reliability across the industry?,rd_engineer,other,"[""existing_technologies""]",failed,,,pending,,,session_url|share_url,retry_failed
html,3247,acb3f782-8497-484c-afd4-e07ce3003422,Which technology trends are broadening interface compatibility and interoperability options in industry-wide product design?,rd_engineer,other,"[""existing_technologies""]",failed,,,pending,,,session_url|share_url,retry_failed
html,3248,aa1b106d-aa19-4c0e-b2cb-e013379ab063,What advances are changing how manufacturability constraints inform product design across the industry?,rd_engineer,other,"[""existing_technologies""]",failed,,,pending,,,session_url|share_url,retry_failed
html,3249,f5db3b82-2705-421d-956b-30884fd556a8,"Which emerging technologies are expanding design options for product repair, upgrade, and recovery across the industry?",rd_engineer,other,"[""existing_technologies""]",failed,,,pending,,,session_url|share_url,retry_failed
html,3250,85f17380-2dcf-4c30-bbc4-7d11c939d255,What emerging technology directions are changing user interaction and accessibility in product design across the industry?,rd_engineer,other,"[""existing_technologies""]",failed,,,pending,,,session_url|share_url,retry_failed
html,3251,97505083-c9d2-4eaa-aa9c-238392625a91,How could shifts in the industry's main technology fields help identify an initial research task?,rd_engineer,other,"[""other""]",failed,,,pending,,,session_url|share_url,retry_failed
html,3252,c7906bb0-72ed-4aed-adb5-15d868463dac,Which research tasks could clarify how technology maturity is changing across the industry?,rd_engineer,other,"[""other""]",failed,,,pending,,,session_url|share_url,retry_failed
html,3253,33c6baea-84d5-4d19-988f-8ead683b22bd,How could changing application priorities shape a menu of industry technology research tasks?,rd_engineer,other,"[""other""]",failed,,,pending,,,session_url|share_url,retry_failed
html,3254,f3658c83-df18-44ac-aea1-bd8819411612,Which research tasks could reveal whether technology fields are converging across the industry?,rd_engineer,other,"[""other""]",failed,,,pending,,,session_url|share_url,retry_failed
html,3255,722c14c2-5147-4d84-913d-a67c06d1633b,How could changes in industry-wide technical bottlenecks guide the choice of a research task?,rd_engineer,other,"[""other""]",failed,,,pending,,,session_url|share_url,retry_failed
html,3256,36ae843c-d442-4a43-ba1b-20cb5d097582,Which research tasks could distinguish emerging technology areas from short-lived attention in the industry?,rd_engineer,other,"[""other""]",failed,,,pending,,,session_url|share_url,retry_failed
html,3257,4a9edf62-caea-491c-bf4a-d70bcb2a359c,Which research tasks could compare industry research momentum with technology adoption trends?,rd_engineer,other,"[""other""]",failed,,,pending,,,session_url|share_url,retry_failed
html,3258,f11ee39c-fb12-4d56-9e97-17e016a33024,How could evolving standards and interoperability needs inform industry technology research task choices?,rd_engineer,other,"[""other""]",failed,,,pending,,,session_url|share_url,retry_failed
html,3259,e3739f94-6418-4283-a53b-c880804b8643,Which research tasks could track how collaboration patterns are shaping the industry's technology landscape?,rd_engineer,other,"[""other""]",failed,,,pending,,,session_url|share_url,retry_failed
html,3260,c513fa73-6541-4c90-9419-56c73bc64a98,Which research tasks could clarify conflicting signals about the industry's next technology directions?,rd_engineer,other,"[""other""]",failed,,,pending,,,session_url|share_url,retry_failed
html,3261,d8336325-3354-4216-87fb-d28579f30744,What IP risks arise when prior-art research overlooks non-patent technical disclosures?,rd_engineer,other,"[""patent_ip_risk""]",failed,,,pending,,,session_url|share_url,retry_failed
html,3262,9e71b04d-b4f7-417d-aaee-a1f4db86c040,Where can gaps in mapping invention features to patent claims undermine freedom-to-operate risk assessment?,rd_engineer,other,"[""patent_ip_risk""]",failed,,,pending,,,session_url|share_url,retry_failed
html,3263,992781aa-5620-43f3-af96-5a55020415a3,What IP risks should be assessed before publicly sharing an invention concept or prototype evidence?,rd_engineer,other,"[""patent_ip_risk""]",failed,,,pending,,,session_url|share_url,retry_failed
html,3264,38ad4a6a-7a2d-4447-825e-2b8f2f8a5eaf,How can incomplete records of technical contributions create inventorship and ownership risks?,rd_engineer,other,"[""patent_ip_risk""]",failed,,,pending,,,session_url|share_url,retry_failed
html,3265,3ab86ee8-7610-434e-bbb6-999aca2b127f,What IP risks arise when an invention disclosure describes broader functionality than its technical evidence supports?,rd_engineer,other,"[""patent_ip_risk""]",failed,,,pending,,,session_url|share_url,retry_failed
html,3266,c36f5f3b-b70d-47ce-bf4e-bc0a4ee1393d,What IP risks arise when the origin of confidential technical information used in invention development is unclear?,rd_engineer,other,"[""patent_ip_risk""]",failed,,,pending,,,session_url|share_url,retry_failed
html,3267,e04c5d3c-fece-49e4-bbf0-612846a571b6,What IP risks should be assessed when reusing third-party technology in an invention concept?,rd_engineer,other,"[""patent_ip_risk""]",failed,,,pending,,,session_url|share_url,retry_failed
html,3268,9a9ecff0-7735-4a84-9e98-3dad158a6eb1,What residual IP risks should be assessed when considering design-around directions for an invention?,rd_engineer,other,"[""patent_ip_risk""]",failed,,,pending,,,session_url|share_url,retry_failed
html,3269,ab0ea4d4-6a72-482d-a718-d3e881d84dc2,How can uncertainty about patent status and territorial coverage distort IP risk assessment for invention development?,rd_engineer,other,"[""patent_ip_risk""]",failed,,,pending,,,session_url|share_url,retry_failed
html,3270,5ddd1a7d-9c35-4043-9a17-580ca832e749,"How can changes between an invention concept, prototype, and disclosure leave IP risks untracked?",rd_engineer,other,"[""patent_ip_risk""]",failed,,,pending,,,session_url|share_url,retry_failed
html,3271,d76e8ec2-78c2-4e03-9028-40e040cf1fa3,Which AI applications could uncover unmet user needs worth addressing in new product concepts?,rd_engineer,other,"[""product_ideas""]",failed,,,pending,,,session_url|share_url,retry_failed
html,3272,cccc2366-9a53-4801-826c-c594606027ec,Where could AI help designers generate alternative product functions that address the same user problem?,rd_engineer,other,"[""product_ideas""]",failed,,,pending,,,session_url|share_url,retry_failed
html,3273,f22dcdf9-d4f2-4c49-95b6-cd3b23c85611,Which AI applications could simplify how users learn and operate unfamiliar products?,rd_engineer,other,"[""product_ideas""]",failed,,,pending,,,session_url|share_url,retry_failed
html,3274,86a3e210-380d-4de5-85d1-fe00bd5afecd,Which AI applications could make product functions accessible to users with different abilities?,rd_engineer,other,"[""product_ideas""]",failed,,,pending,,,session_url|share_url,retry_failed
html,3275,04cff29c-22a5-484a-aa9a-7d706583ece3,Where could AI-enabled personalization create useful new product concepts while preserving user control?,rd_engineer,other,"[""product_ideas""]",failed,,,pending,,,session_url|share_url,retry_failed
html,3276,7bfd0df9-0921-437b-ab8e-5c09035de0ab,Which AI applications could help products respond appropriately to changing contexts of use?,rd_engineer,other,"[""product_ideas""]",failed,,,pending,,,session_url|share_url,retry_failed
html,3277,fa9037a1-5d92-4124-8bb1-d9be0f4ebef1,Which AI applications could support user decisions through product features that explain options and trade-offs?,rd_engineer,other,"[""product_ideas""]",failed,,,pending,,,session_url|share_url,retry_failed
html,3278,f715fab3-f593-4653-a837-0455752e5ba0,Where could AI-enabled product features help users reduce resource consumption during use?,rd_engineer,other,"[""product_ideas""]",failed,,,pending,,,session_url|share_url,retry_failed
html,3279,c80bea93-c092-4102-bba3-04614336a372,Which AI applications could turn product troubleshooting needs into useful self-service feature concepts?,rd_engineer,other,"[""product_ideas""]",failed,,,pending,,,session_url|share_url,retry_failed
html,3280,a45fcf5b-f440-457c-837e-54576bcc6b7f,Which AI applications could help designers test early product concepts against user needs before detailed design?,rd_engineer,other,"[""product_ideas""]",failed,,,pending,,,session_url|share_url,retry_failed
html,3281,fd91bcd3-f663-470e-adf0-61921d735de1,When are emerging technologies mature enough to warrant further validation for product-design use?,rd_engineer,other,"[""technical_feasibility""]",failed,,,pending,,,session_url|share_url,retry_failed
html,3282,b7ad29e0-197f-4787-ade0-eee5e5255997,Under what conditions is improving several product functions at once technically feasible?,rd_engineer,other,"[""technical_feasibility""]",failed,,,pending,,,session_url|share_url,retry_failed
html,3283,26d9bd0b-e041-4131-84f1-62a5f70fae3c,When does proof-of-concept evidence justify further validation of a product-design direction?,rd_engineer,other,"[""technical_feasibility""]",failed,,,pending,,,session_url|share_url,retry_failed
html,3284,5bcc8c3e-1a35-471f-bcbc-26cae0f6e9da,When is introducing new product functionality compatible with existing interfaces and technical dependencies?,rd_engineer,other,"[""technical_feasibility""]",failed,,,pending,,,session_url|share_url,retry_failed
html,3285,2703750c-8578-4dbb-828f-330112a09029,Under what conditions can product-design improvements remain feasible across varied operating environments?,rd_engineer,other,"[""technical_feasibility""]",failed,,,pending,,,session_url|share_url,retry_failed
html,3286,a84963ce-d52d-487a-a5e4-5f4245398717,When are product-design changes intended to extend service life technically feasible?,rd_engineer,other,"[""technical_feasibility""]",failed,,,pending,,,session_url|share_url,retry_failed
html,3287,ab13bad6-1490-4420-af23-fff61e3759cd,Under what conditions can new product-design concepts be manufactured without losing their intended functions?,rd_engineer,other,"[""technical_feasibility""]",failed,,,pending,,,session_url|share_url,retry_failed
html,3288,b45441cd-8f85-4740-8226-306aeb6650d1,When can product-design changes reduce resource demand without compromising required performance?,rd_engineer,other,"[""technical_feasibility""]",failed,,,pending,,,session_url|share_url,retry_failed
html,3289,2c7e07d7-c519-4988-95c8-c4404e34ef7b,Under what conditions are product-design changes for easier maintenance technically feasible?,rd_engineer,other,"[""technical_feasibility""]",failed,,,pending,,,session_url|share_url,retry_failed
html,3290,b2b1fbf2-b0d4-4fec-9e58-6a2355bb7b79,When is a product-design direction technically feasible given safety requirements and foreseeable misuse?,rd_engineer,other,"[""technical_feasibility""]",failed,,,pending,,,session_url|share_url,retry_failed
html,3291,7c3beb65-4691-4f39-a088-a8677cb9e4ed,"Which AI applications can help turn ambiguous product needs into clear, traceable design requirements?",rd_engineer,other,"[""technical_solutions""]",failed,,,pending,,,session_url|share_url,retry_failed
html,3292,143557f4-0c11-443c-9fc5-e1f6c6a67976,Where can AI help product designers find and adapt relevant engineering knowledge instead of repeating prior work?,rd_engineer,other,"[""technical_solutions""]",failed,,,pending,,,session_url|share_url,retry_failed
html,3293,b9663065-2aba-43bd-993c-95049483aed5,Which AI applications can broaden early product concept exploration while keeping proposed ideas tied to requirements?,rd_engineer,other,"[""technical_solutions""]",failed,,,pending,,,session_url|share_url,retry_failed
html,3294,655bfc04-c38e-42f5-a187-15e8f25e593f,Which AI applications can help product designers evaluate competing objectives when choosing among design alternatives?,rd_engineer,other,"[""technical_solutions""]",failed,,,pending,,,session_url|share_url,retry_failed
html,3295,0a1acebe-b781-4b4a-a2fe-de07a90f6a6e,Where can AI reduce the effort of engineering simulation while preserving useful evidence for product-design decisions?,rd_engineer,other,"[""technical_solutions""]",failed,,,pending,,,session_url|share_url,retry_failed
html,3296,8af37b3e-97f2-493f-b8e7-69423c4fee1f,Which AI applications can help detect inconsistencies between product specifications and design representations?,rd_engineer,other,"[""technical_solutions""]",failed,,,pending,,,session_url|share_url,retry_failed
html,3297,a616da8e-eef4-4ffc-a083-37407772be5b,Which AI applications can help product designers identify manufacturability concerns before designs are released?,rd_engineer,other,"[""technical_solutions""]",failed,,,pending,,,session_url|share_url,retry_failed
html,3298,858a50b2-a91e-4985-a6e2-f0c4862f16ba,Where can AI help product designers identify usability concerns early enough to inform design choices?,rd_engineer,other,"[""technical_solutions""]",failed,,,pending,,,session_url|share_url,retry_failed
html,3299,48a41c93-7f15-4561-b58d-7f6874b759b3,Which AI applications can help product designers find gaps in verification coverage before design approval?,rd_engineer,other,"[""technical_solutions""]",failed,,,pending,,,session_url|share_url,retry_failed
html,3300,5ac104f4-6642-4b24-9d8c-c84c5460c3a5,Which AI applications can help product designers trace the consequences of proposed design changes?,rd_engineer,other,"[""technical_solutions""]",failed,,,pending,,,session_url|share_url,retry_failed
html,3301,966b91e3-0ae9-4140-9685-f50989766862,What emerging research directions could improve energy efficiency across the automotive industry?,researcher,automotive,"[""new_research_fields""]",failed,,,pending,,,session_url|share_url,retry_failed
html,3302,9733e1ee-090e-4467-93fe-d66e45a6be3d,Which research directions are emerging for reducing lifecycle environmental impacts across the automotive industry?,researcher,automotive,"[""new_research_fields""]",failed,,,pending,,,session_url|share_url,retry_failed
html,3303,5d14da7f-2f9c-4d99-90f4-3e157a56f7b7,How are AI-assisted discovery and engineering methods evolving across automotive research?,researcher,automotive,"[""new_research_fields""]",failed,,,pending,,,session_url|share_url,retry_failed
html,3304,f632a4b0-78a5-425e-83c4-067ed6a94b7d,What new research directions are connecting simulation and physical experimentation across the automotive industry?,researcher,automotive,"[""new_research_fields""]",failed,,,pending,,,session_url|share_url,retry_failed
html,3305,944eb07b-cb74-480a-a76c-3ee8287bbf1c,Which emerging research approaches could strengthen safety assurance across the automotive industry?,researcher,automotive,"[""new_research_fields""]",failed,,,pending,,,session_url|share_url,retry_failed
html,3306,5c051f7e-0bb5-48eb-9560-457be1156644,What emerging human-factors research could improve interactions with automotive technologies?,researcher,automotive,"[""new_research_fields""]",failed,,,pending,,,session_url|share_url,retry_failed
html,3307,f0ee411f-2265-451c-b47f-a59f58fc7e29,How are cybersecurity and privacy research directions evolving across the automotive technology lifecycle?,researcher,automotive,"[""new_research_fields""]",failed,,,pending,,,session_url|share_url,retry_failed
html,3308,07961b07-0879-4c35-b816-8d6ded6f1a3b,Which research trends could improve durability and service-life prediction across the automotive industry?,researcher,automotive,"[""new_research_fields""]",failed,,,pending,,,session_url|share_url,retry_failed
html,3309,969d21c8-8810-41ed-b5a8-067be5bd6b41,What emerging research directions could improve interoperability across the automotive industry?,researcher,automotive,"[""new_research_fields""]",failed,,,pending,,,session_url|share_url,retry_failed
html,3310,dfad93c7-2dcc-4f58-9ed3-b640df7dfc4e,Which emerging research approaches could help automotive technologies move from laboratory results to scalable use?,researcher,automotive,"[""new_research_fields""]",failed,,,pending,,,session_url|share_url,retry_failed
html,3311,a4c66d97-c85d-44eb-9925-bdf7b0bf934c,Which research tasks could help map changing priorities across the automotive industry's major technology fields?,researcher,automotive,"[""other""]",failed,,,pending,,,session_url|share_url,retry_failed
html,3312,a3a6cc53-adb1-4525-8160-ea7615fe5b02,What research options could clarify how technology maturity is changing across the automotive industry?,researcher,automotive,"[""other""]",failed,,,pending,,,session_url|share_url,retry_failed
html,3313,e95f2249-1f6b-4391-9931-6f8c1ad7f50e,Which research tasks could track growing connections between technology fields across the automotive industry?,researcher,automotive,"[""other""]",failed,,,pending,,,session_url|share_url,retry_failed
html,3314,f903ff7f-bbc8-4be8-afc0-7d90e3c80d62,How could research tasks compare technology trends across lifecycle stages in the automotive industry?,researcher,automotive,"[""other""]",failed,,,pending,,,session_url|share_url,retry_failed
html,3315,f657d69f-a40f-4483-82c4-9f5d2966d0c5,Which research options could reveal how technologies are spreading across automotive application areas?,researcher,automotive,"[""other""]",failed,,,pending,,,session_url|share_url,retry_failed
html,3316,ec51b4a9-df9c-4244-b712-60eb86aa6112,What research tasks could track changing technical barriers and improvement directions across the automotive industry?,researcher,automotive,"[""other""]",failed,,,pending,,,session_url|share_url,retry_failed
html,3317,d69cb589-c679-4b3a-84d9-983681f0d62f,Which research tasks could distinguish emerging automotive technology areas from short-lived bursts of attention?,researcher,automotive,"[""other""]",failed,,,pending,,,session_url|share_url,retry_failed
html,3318,85e94308-eacd-42ea-b67a-a567cf4abb90,What research options could examine where evidence sources agree or diverge on automotive technology trends?,researcher,automotive,"[""other""]",failed,,,pending,,,session_url|share_url,retry_failed
html,3319,4a9fb0e6-efa4-48ad-addb-d0021ac0bebd,Which research tasks could track how collaboration patterns are changing the automotive technology landscape?,researcher,automotive,"[""other""]",failed,,,pending,,,session_url|share_url,retry_failed
html,3320,d9e37c09-7c63-4863-b8b3-037f8a93d167,What research tasks could explore plausible next directions in the automotive industry's technology landscape?,researcher,automotive,"[""other""]",failed,,,pending,,,session_url|share_url,retry_failed
html,3321,e7a9addc-24f1-4c2c-9918-a1ba19d846a0,How has the balance of patent activity across major automotive technology clusters changed?,researcher,automotive,"[""patents_literature""]",failed,,,pending,,,session_url|share_url,retry_failed
html,3322,7f9c216d-01f1-4174-95eb-57c4f2ff6238,Which emerging research areas are gaining visibility in the automotive patent landscape?,researcher,automotive,"[""patents_literature""]",failed,,,pending,,,session_url|share_url,retry_failed
html,3323,9e903295-a15c-46cc-8b9e-6cd723ce4419,How is the mix of major rights holders and new entrants changing across automotive patent portfolios?,researcher,automotive,"[""patents_literature""]",failed,,,pending,,,session_url|share_url,retry_failed
html,3324,b2405e65-e69b-4c8d-aa1c-59513f00ceb0,How are geographic filing patterns changing across the automotive patent landscape?,researcher,automotive,"[""patents_literature""]",failed,,,pending,,,session_url|share_url,retry_failed
html,3325,1cafaf23-6546-431c-934b-c1cadd4e43e4,What changes in research collaboration are visible in automotive patent records?,researcher,automotive,"[""patents_literature""]",failed,,,pending,,,session_url|share_url,retry_failed
html,3326,b26d421f-1bdd-4d7f-80c4-d3d213a7d210,Which combinations of research fields are becoming more prominent in automotive patents?,researcher,automotive,"[""patents_literature""]",failed,,,pending,,,session_url|share_url,retry_failed
html,3327,703ef10f-110f-4e22-9ee0-8930e67a974d,"How is automotive patent activity shifting across research, production, use, and end-of-life stages?",researcher,automotive,"[""patents_literature""]",failed,,,pending,,,session_url|share_url,retry_failed
html,3328,f37b61e8-d974-442b-8f00-503dd750b494,How are links between scientific literature and automotive patent activity evolving?,researcher,automotive,"[""patents_literature""]",failed,,,pending,,,session_url|share_url,retry_failed
html,3329,dd55a6dd-108f-4cc0-bc36-2c8407f46554,"Which automotive patent research directions show sustained activity, and which show short-lived surges?",researcher,automotive,"[""patents_literature""]",failed,,,pending,,,session_url|share_url,retry_failed
html,3330,f9a3a8e5-1af2-4081-a8d1-74bf824b3a73,Which technical challenges are receiving increasing attention in automotive patent filings?,researcher,automotive,"[""patents_literature""]",failed,,,pending,,,session_url|share_url,retry_failed
html,3331,692f308a-61a2-4a6c-bf9b-f2a1575af619,Where could data-efficient learning open new applied-research opportunities across the automotive industry?,researcher,automotive,"[""research_ideas""]",failed,,,pending,,,session_url|share_url,retry_failed
html,3332,6892a2d6-8f92-4de6-aa7c-36a953099f92,What research opportunities could improve the transfer of simulation evidence to real-world automotive applications?,researcher,automotive,"[""research_ideas""]",failed,,,pending,,,session_url|share_url,retry_failed
html,3333,e325c645-21fb-49cf-bd01-c71d9f05cf93,Which research gaps offer the strongest opportunities to enable circular resource use across the automotive lifecycle?,researcher,automotive,"[""research_ideas""]",failed,,,pending,,,session_url|share_url,retry_failed
html,3334,18940990-98e5-4392-9342-c40bbf5abc06,Where could better lifecycle evidence reveal overlooked environmental innovation opportunities in automotive research?,researcher,automotive,"[""research_ideas""]",failed,,,pending,,,session_url|share_url,retry_failed
html,3335,c7fc438f-bc83-4bcd-a47d-1061539e3631,What unmet human–technology interaction needs could inspire new research across automotive applications?,researcher,automotive,"[""research_ideas""]",failed,,,pending,,,session_url|share_url,retry_failed
html,3336,06d450ea-0e62-450f-8664-e2396143aade,Where could research on interactions between technologies unlock new automotive safety assurance approaches?,researcher,automotive,"[""research_ideas""]",failed,,,pending,,,session_url|share_url,retry_failed
html,3337,14f4f264-6bd1-4921-b6c6-39bfc2947304,What opportunities could privacy-preserving evidence sharing create for applied automotive research?,researcher,automotive,"[""research_ideas""]",failed,,,pending,,,session_url|share_url,retry_failed
html,3338,fbcdefd1-b244-4ccc-bd2a-27d39ddc8d3a,Which research opportunities could make automotive software changes easier to validate throughout the lifecycle?,researcher,automotive,"[""research_ideas""]",failed,,,pending,,,session_url|share_url,retry_failed
html,3339,25cab6c6-c915-4532-91f0-40c9a82e3b5e,Where could linking evidence across physical scales reveal new automotive research opportunities?,researcher,automotive,"[""research_ideas""]",failed,,,pending,,,session_url|share_url,retry_failed
html,3340,173ebb6d-f9d9-4e24-9bcd-c7767fcd392d,What overlooked accessibility needs could open new applied-research directions across the automotive industry?,researcher,automotive,"[""research_ideas""]",failed,,,pending,,,session_url|share_url,retry_failed
html,3341,93c35053-9a02-4ea2-9d81-48ea682da789,"How do factorial, response-surface, and adaptive experimental designs compare for applied automotive research?",researcher,automotive,"[""research_methods""]",failed,,,pending,,,session_url|share_url,retry_failed
html,3342,e80b9572-c579-431b-b1f2-2b4d69e94b27,"How do physics-based, data-driven, and hybrid modeling methods compare for applied automotive research?",researcher,automotive,"[""research_methods""]",failed,,,pending,,,session_url|share_url,retry_failed
html,3343,844da7f4-5ca6-48a9-a9c0-6e5c8588e8c1,How do local and global sensitivity analysis methods compare for identifying influential factors in automotive research?,researcher,automotive,"[""research_methods""]",failed,,,pending,,,session_url|share_url,retry_failed
html,3344,097e041f-bb0a-45da-804e-76b89e89853a,"How do Monte Carlo, polynomial chaos, and interval methods compare for uncertainty propagation in automotive research?",researcher,automotive,"[""research_methods""]",failed,,,pending,,,session_url|share_url,retry_failed
html,3345,152530b1-c3ac-40e0-84a1-a4b13c0841b2,"How do randomized, quasi-experimental, and observational methods compare for causal inference in automotive research?",researcher,automotive,"[""research_methods""]",failed,,,pending,,,session_url|share_url,retry_failed
html,3346,24b9ec6c-1af6-482c-be7d-3906da951e73,"How do physical testing, simulation-based testing, and combined approaches compare for validating automotive research findings?",researcher,automotive,"[""research_methods""]",failed,,,pending,,,session_url|share_url,retry_failed
html,3347,8da9700f-c67d-46ff-b113-c493fa3319fe,"How do narrative synthesis, meta-analysis, and evidence mapping compare for assessing applied automotive research evidence?",researcher,automotive,"[""research_methods""]",failed,,,pending,,,session_url|share_url,retry_failed
html,3348,91dfba28-f4aa-4bec-8a2c-631b4b165de9,"How do parametric, semiparametric, and nonparametric methods compare for reliability analysis in automotive research?",researcher,automotive,"[""research_methods""]",failed,,,pending,,,session_url|share_url,retry_failed
html,3349,7c8fd911-cb30-4209-9391-17623d148913,"How do laboratory, field, and combined measurement studies compare for collecting evidence in automotive research?",researcher,automotive,"[""research_methods""]",failed,,,pending,,,session_url|share_url,retry_failed
html,3350,eb5a3a3e-731e-44eb-8411-2d71a60ca7a0,"How do complete-case analysis, multiple imputation, and likelihood-based methods compare for missing data in automotive research?",researcher,automotive,"[""research_methods""]",failed,,,pending,,,session_url|share_url,retry_failed
html,3351,aa1e1c5a-be2e-4a16-937f-0d75a32d303f,How is automotive research on vehicle energy efficiency evolving across major applications?,researcher,automotive,"[""research_trends""]",failed,,,pending,,,session_url|share_url,retry_failed
html,3352,c2e35dc8-d92e-4612-bd18-23f073586763,What research trends are changing how the automotive industry assesses and improves safety?,researcher,automotive,"[""research_trends""]",failed,,,pending,,,session_url|share_url,retry_failed
html,3353,83e2d15d-651d-4df1-9dae-93296ea756e7,Which research directions are emerging in automotive lifecycle sustainability and circularity?,researcher,automotive,"[""research_trends""]",failed,,,pending,,,session_url|share_url,retry_failed
html,3354,2025a0dd-da05-4301-bd8d-0a05b8bea0c3,How are research approaches to AI-assisted automotive engineering changing?,researcher,automotive,"[""research_trends""]",failed,,,pending,,,session_url|share_url,retry_failed
html,3355,5560ad8d-fa5a-40bf-a699-f28bb2cbdcdf,What trends are emerging in research that connects automotive simulation with physical testing?,researcher,automotive,"[""research_trends""]",failed,,,pending,,,session_url|share_url,retry_failed
html,3356,3dd5b63f-e513-4517-8ddb-f31dd772c100,How is automotive cybersecurity research evolving to address changing connectivity?,researcher,automotive,"[""research_trends""]",failed,,,pending,,,session_url|share_url,retry_failed
html,3357,f0e16fb4-c558-4031-9a81-61dcf73bd05f,Which research trends are shaping human-centered automotive technology?,researcher,automotive,"[""research_trends""]",failed,,,pending,,,session_url|share_url,retry_failed
html,3358,53e22161-828b-47bc-be64-9527873f3872,How are automotive durability and reliability research directions changing?,researcher,automotive,"[""research_trends""]",failed,,,pending,,,session_url|share_url,retry_failed
html,3359,3703c47e-9047-412f-8f17-19d60b4f3e62,What research trends are emerging in the integration of automotive software and physical systems?,researcher,automotive,"[""research_trends""]",failed,,,pending,,,session_url|share_url,retry_failed
html,3360,af9ef716-ab8a-4539-bcb4-1eed52b703ae,Which research directions are emerging in flexible and scalable automotive manufacturing technologies?,researcher,automotive,"[""research_trends""]",failed,,,pending,,,session_url|share_url,retry_failed
html,3361,ca0b244e-35cf-4d9a-9ad0-06424d8067f9,Which emerging approaches to data integration are opening new applied research fields across biotechnology?,researcher,biotech,"[""new_research_fields""]",failed,,,pending,,,session_url|share_url,retry_failed
html,3362,faa6ea06-df14-43b7-b11c-72e681e306d9,How are advances in biological measurement creating new research opportunities across biotechnology?,researcher,biotech,"[""new_research_fields""]",failed,,,pending,,,session_url|share_url,retry_failed
html,3363,7778cc03-7084-406e-a4f0-0f0085b976a1,Which trends in predictive biological modeling are creating application-ready research directions in biotechnology?,researcher,biotech,"[""new_research_fields""]",failed,,,pending,,,session_url|share_url,retry_failed
html,3364,a55d6971-9525-4619-9f0c-e35e41a952fb,What emerging approaches to designing and controlling biological functions merit exploration across biotechnology?,researcher,biotech,"[""new_research_fields""]",failed,,,pending,,,session_url|share_url,retry_failed
html,3365,16e2c1a7-7f34-49f7-981c-e749d7309817,How are laboratory automation advances opening new experimental research fields across biotechnology?,researcher,biotech,"[""new_research_fields""]",failed,,,pending,,,session_url|share_url,retry_failed
html,3366,d452197e-987c-4514-ad4d-e82c69ea896d,Which emerging research directions address the gap between laboratory results and scalable biotechnology applications?,researcher,biotech,"[""new_research_fields""]",failed,,,pending,,,session_url|share_url,retry_failed
html,3367,f769593c-9555-4272-a940-5f8597c5d56f,What new research directions aim to improve the reproducibility and transferability of biotechnology findings?,researcher,biotech,"[""new_research_fields""]",failed,,,pending,,,session_url|share_url,retry_failed
html,3368,854c8168-93ce-4e25-94b5-9e84f336b584,Which emerging biosafety technologies are creating new applied research opportunities across biotechnology?,researcher,biotech,"[""new_research_fields""]",failed,,,pending,,,session_url|share_url,retry_failed
html,3369,289c5e4b-8c71-4411-b43b-4c5b72a71997,What emerging biotechnology research fields could improve resource efficiency and reduce environmental burdens?,researcher,biotech,"[""new_research_fields""]",failed,,,pending,,,session_url|share_url,retry_failed
html,3370,bb7269f6-fbbc-485b-94f1-e08536ae35bf,Which converging technology trends are creating research fields that connect different biotechnology applications?,researcher,biotech,"[""new_research_fields""]",failed,,,pending,,,session_url|share_url,retry_failed
html,3371,4109f96f-f79d-4bce-89e7-c16caa9dbe91,What research tasks could map shifts in biotechnology’s major technology fields?,researcher,biotech,"[""other""]",failed,,,pending,,,session_url|share_url,retry_failed
html,3372,b602a65d-aa9a-42b1-a1b5-b3a1fce72e88,How could a researcher investigate changes in technology maturity across biotechnology?,researcher,biotech,"[""other""]",failed,,,pending,,,session_url|share_url,retry_failed
html,3373,f1423688-e140-4bcc-a288-4ad9f2265e67,What research tasks could reveal emerging connections between biotechnology fields?,researcher,biotech,"[""other""]",failed,,,pending,,,session_url|share_url,retry_failed
html,3374,73d4e92a-da10-4d07-8b18-3fddfd425599,Which research tasks could clarify how biotechnology’s major application areas are changing?,researcher,biotech,"[""other""]",failed,,,pending,,,session_url|share_url,retry_failed
html,3375,e856feaa-db78-493f-a4f0-299645cf5ec5,How could a researcher scan changing technical bottlenecks across biotechnology?,researcher,biotech,"[""other""]",failed,,,pending,,,session_url|share_url,retry_failed
html,3376,56a9d44f-50a1-4422-8f72-8f7728149f03,What research tasks could track shifts in enabling tools and platforms across biotechnology?,researcher,biotech,"[""other""]",failed,,,pending,,,session_url|share_url,retry_failed
html,3377,66804f07-2008-4d6e-97fe-2a6e24dee6f5,Which research tasks could map evolving validation and reproducibility practices across biotechnology fields?,researcher,biotech,"[""other""]",failed,,,pending,,,session_url|share_url,retry_failed
html,3378,091f52a8-dd6f-480a-ab42-f0bcc126bebd,How could a researcher explore changes in biotechnology’s pathways from discovery to practical use?,researcher,biotech,"[""other""]",failed,,,pending,,,session_url|share_url,retry_failed
html,3379,2935d47e-3403-47d5-9dd5-5452ae5f0334,What research tasks could distinguish emerging biotechnology directions from short-lived attention?,researcher,biotech,"[""other""]",failed,,,pending,,,session_url|share_url,retry_failed
html,3380,4ec36263-b474-43ad-aa5f-db61d4cad493,Which research tasks could map shifts in collaboration and shared infrastructure across biotechnology?,researcher,biotech,"[""other""]",failed,,,pending,,,session_url|share_url,retry_failed
html,3381,e973d0ab-954e-4841-997f-0e5e9fa5291c,How is biotechnology patent activity shifting among major technology clusters?,researcher,biotech,"[""patents_literature""]",failed,,,pending,,,session_url|share_url,retry_failed
html,3382,fd2c5748-4e5d-448e-8db1-55955d152f59,Which emerging areas of biotechnology show growing patent activity alongside expanding research literature?,researcher,biotech,"[""patents_literature""]",failed,,,pending,,,session_url|share_url,retry_failed
html,3383,2cdc5825-6e03-4061-9542-52a88b129ec5,How is the mix of patent applicants changing across biotechnology's major research fields?,researcher,biotech,"[""patents_literature""]",failed,,,pending,,,session_url|share_url,retry_failed
html,3384,06ca8983-779e-4cca-9815-73bab26f96dc,How are geographic filing patterns changing across biotechnology's major technology fields?,researcher,biotech,"[""patents_literature""]",failed,,,pending,,,session_url|share_url,retry_failed
html,3385,38f5e9e3-8a0f-43b9-83b6-c5ecc341a9ff,Which technology combinations are becoming more prominent in the biotechnology patent landscape?,researcher,biotech,"[""patents_literature""]",failed,,,pending,,,session_url|share_url,retry_failed
html,3386,e7a2a398-7b1d-4d20-8ebd-8bc85107311a,"How is biotechnology patenting shifting across discovery, validation, and scale-up stages?",researcher,biotech,"[""patents_literature""]",failed,,,pending,,,session_url|share_url,retry_failed
html,3387,063d4786-acd0-4d21-8772-f10e43474949,Which technical challenges are attracting increasing patent attention across biotechnology?,researcher,biotech,"[""patents_literature""]",failed,,,pending,,,session_url|share_url,retry_failed
html,3388,a935d194-65aa-49c7-bc22-91906251d0c8,"Which biotechnology patent clusters show sustained growth, plateauing, or renewed activity?",researcher,biotech,"[""patents_literature""]",failed,,,pending,,,session_url|share_url,retry_failed
html,3389,4806431f-39c0-4f8d-9491-c91bad321149,How are collaborative patenting networks evolving across biotechnology research fields?,researcher,biotech,"[""patents_literature""]",failed,,,pending,,,session_url|share_url,retry_failed
html,3390,d0e7297b-97b6-4df3-8646-87dd2ae034a4,How is published experimental support changing for biotechnology's growing patent areas?,researcher,biotech,"[""patents_literature""]",failed,,,pending,,,session_url|share_url,retry_failed
html,3391,d2604ab9-99d3-49ee-add8-b40648fd3d02,Where could data-efficient learning unlock biotechnology research opportunities that current data requirements leave unexplored?,researcher,biotech,"[""research_ideas""]",failed,,,pending,,,session_url|share_url,retry_failed
html,3392,d0d9a982-f56c-401d-8a7e-ba87f701f29d,What innovation opportunities could causal approaches reveal beyond correlation-based discovery in biotechnology?,researcher,biotech,"[""research_ideas""]",failed,,,pending,,,session_url|share_url,retry_failed
html,3393,d2221457-9d8b-4974-ae27-4da43219b21b,Where could better predictive models open biotechnology applications whose feasibility is difficult to establish in the laboratory?,researcher,biotech,"[""research_ideas""]",failed,,,pending,,,session_url|share_url,retry_failed
html,3394,9ef4b4b1-af2a-4b85-9197-b137b0acda14,Which gaps in observing biological activity offer the strongest opportunities for new biotechnology research?,researcher,biotech,"[""research_ideas""]",needs_auth,,,pending,,,session_url|share_url,retry_after_auth
html,3395,d455b2d0-0837-4255-bf41-69ab6b680440,What biotechnology innovation opportunities emerge from understanding biological variability rather than averaging it away?,researcher,biotech,"[""research_ideas""]",needs_auth,,,pending,,,session_url|share_url,retry_after_auth
report,682,2e2ce246-ada0-4fa5-9096-b943456cea27,"Which automotive technology fields are showing the strongest acceleration, stability, or decline in patent activity?",innovation_product_strategy,automotive,"[""patent_landscapes""]",submission_unknown,,,pending,,,session_url|share_url,force_resubmit_unknown
report,683,d3329c8e-85b4-4a8e-b7d7-9b610cae2bfe,How is the landscape of major automotive patent rights holders and new entrants evolving?,innovation_product_strategy,automotive,"[""patent_landscapes""]",submission_unknown,,,pending,,,session_url|share_url,force_resubmit_unknown
report,684,4f80290a-93a8-4038-bb06-31d8f1540177,Where is patent activity converging across major automotive technology domains?,innovation_product_strategy,automotive,"[""patent_landscapes""]",submission_unknown,,,pending,,,session_url|share_url,force_resubmit_unknown
report,685,d13d0ae6-e34e-4445-9af8-6a05ca27ffc8,How is the geographic distribution of automotive patent activity shifting worldwide?,innovation_product_strategy,automotive,"[""patent_landscapes""]",submission_unknown,,,pending,,,session_url|share_url,force_resubmit_unknown
report,686,9484a318-3f5b-4ffe-8fa9-9f2de681428a,"How are automotive patent trends shifting across research, vehicle development, manufacturing, and mobility-enabling technologies?",innovation_product_strategy,automotive,"[""patent_landscapes""]",submission_unknown,,,pending,,,session_url|share_url,force_resubmit_unknown
report,687,bef22d2c-ea09-422c-8677-bc1458399aae,Which automotive patent clusters show signals of emerging maturity or increasing adoption readiness?,innovation_product_strategy,automotive,"[""patent_landscapes""]",submission_unknown,,,pending,,,session_url|share_url,force_resubmit_unknown
report,688,88181588-7aa9-4f15-b6b4-65325b240288,Which emerging automotive patent areas remain fragmented or comparatively underrepresented?,innovation_product_strategy,automotive,"[""patent_landscapes""]",submission_unknown,,,pending,,,session_url|share_url,force_resubmit_unknown
report,689,ba55775a-c81e-4d05-bfed-bd7615fc036d,How are collaboration and knowledge-flow networks changing in the automotive patent landscape?,innovation_product_strategy,automotive,"[""patent_landscapes""]",submission_unknown,,,pending,,,session_url|share_url,force_resubmit_unknown
report,690,981f6e40-9cf9-4cb6-aad0-6bd1d785e261,How are automotive patent families evolving from early filings into broader international portfolios?,innovation_product_strategy,automotive,"[""patent_landscapes""]",submission_unknown,,,pending,,,session_url|share_url,force_resubmit_unknown
report,691,ebb42159-954f-4803-9c11-b4e37f5e3a4b,What intellectual-property risks could constrain automotive electrification product strategies?,innovation_product_strategy,automotive,"[""product_ip_risks""]",submission_unknown,,,pending,,,session_url|share_url,force_resubmit_unknown
report,692,1bd78338-0bd0-4805-a73e-68f034025088,Which intellectual-property risks should automotive product strategists assess for software-defined vehicles?,innovation_product_strategy,automotive,"[""product_ip_risks""]",submission_unknown,,,pending,,,session_url|share_url,force_resubmit_unknown
report,693,a1e158fc-f96c-4396-bcb1-2ef84e852481,What intellectual-property risks could affect automotive connected-service portfolios and business models?,innovation_product_strategy,automotive,"[""product_ip_risks""]",submission_unknown,,,pending,,,session_url|share_url,force_resubmit_unknown
report,694,dd539dac-0c93-444f-be4f-f84ffdcf20c7,Which patent and ownership risks could shape automotive strategies for assisted and automated driving?,innovation_product_strategy,automotive,"[""product_ip_risks""]",submission_unknown,,,pending,,,session_url|share_url,force_resubmit_unknown
report,695,1b3c4c51-41c5-4d1a-875c-1e83f7412fc9,What standard-essential patent risks should inform automotive connectivity product strategies?,innovation_product_strategy,automotive,"[""product_ip_risks""]",submission_unknown,,,pending,,,session_url|share_url,force_resubmit_unknown
report,696,5049b314-2947-4d16-aa34-a59cd2f9c960,Which intellectual-property risks arise when automotive products incorporate open-source software?,innovation_product_strategy,automotive,"[""product_ip_risks""]",submission_unknown,,,pending,,,session_url|share_url,force_resubmit_unknown
report,697,ce558cb5-b46d-4a40-a7ae-8c36749394fd,What IP ownership and freedom-to-operate risks could emerge from automotive technology collaborations?,innovation_product_strategy,automotive,"[""product_ip_risks""]",submission_unknown,,,pending,,,session_url|share_url,force_resubmit_unknown
report,698,16dcfa9f-073d-41f5-9037-72a42c771407,Which intellectual-property risks could limit reuse of technologies across automotive product portfolios?,innovation_product_strategy,automotive,"[""product_ip_risks""]",submission_unknown,,,pending,,,session_url|share_url,force_resubmit_unknown
report,699,09d5d308-3baa-473d-9ed8-22dc3c052ee8,What design-around risks and opportunities should be assessed in automotive product planning?,innovation_product_strategy,automotive,"[""product_ip_risks""]",submission_unknown,,,pending,,,session_url|share_url,force_resubmit_unknown
report,700,60788398-1e40-4ac1-b094-93f4da94dca1,Which emerging automotive technology fields present the greatest intellectual-property uncertainty for product strategy?,innovation_product_strategy,automotive,"[""product_ip_risks""]",submission_unknown,,,pending,,,session_url|share_url,force_resubmit_unknown
report,701,430dc991-b039-46d5-9cb7-1d1d90c04641,Which propulsion and onboard energy technology trends should shape automotive R&D priorities?,innovation_product_strategy,automotive,"[""rd_directions""]",submission_unknown,,,pending,,,session_url|share_url,force_resubmit_unknown
report,702,6a43615a-0981-45fc-a0dd-c3faad60d612,Which software-defined vehicle and electronic architecture trends merit greater automotive R&D attention?,innovation_product_strategy,automotive,"[""rd_directions""]",submission_unknown,,,pending,,,session_url|share_url,force_resubmit_unknown
report,703,6e5efc0d-b6ca-4cce-9685-57e22d15035b,Which automated-driving and vehicle-perception research trends should be prioritized for further automotive R&D?,innovation_product_strategy,automotive,"[""rd_directions""]",submission_unknown,,,pending,,,session_url|share_url,force_resubmit_unknown
report,704,76e2adcc-a777-4496-97e3-1198c1610e5f,Which advanced automotive manufacturing trends offer the strongest directions for future R&D investment?,innovation_product_strategy,automotive,"[""rd_directions""]",submission_unknown,,,pending,,,session_url|share_url,force_resubmit_unknown
report,705,a08d35fa-8270-4e1f-b68f-85d5c24d4962,Which lightweighting and advanced-materials trends should guide automotive R&D priorities?,innovation_product_strategy,automotive,"[""rd_directions""]",submission_unknown,,,pending,,,session_url|share_url,force_resubmit_unknown
report,706,f99129d9-8d00-4a7d-9b60-a347f267db44,"Which circularity, recycling, and remanufacturing technology trends should influence automotive R&D priorities?",innovation_product_strategy,automotive,"[""rd_directions""]",submission_unknown,,,pending,,,session_url|share_url,force_resubmit_unknown
report,707,ec2c4c01-107e-4953-9202-2c9ef30530ea,"Which connected-vehicle, V2X, and automotive cybersecurity trends deserve priority in future R&D?",innovation_product_strategy,automotive,"[""rd_directions""]",submission_unknown,,,pending,,,session_url|share_url,force_resubmit_unknown
report,708,477b0d75-975c-4702-984f-005022b0c7b7,Which vehicle thermal-management and energy-efficiency trends should be elevated in automotive R&D planning?,innovation_product_strategy,automotive,"[""rd_directions""]",submission_unknown,,,pending,,,session_url|share_url,force_resubmit_unknown
report,709,8a0ec390-2f05-45ac-80cb-f9c3bd1eeeb8,"Which in-cabin interface, sensing, and occupant-experience trends should shape automotive R&D priorities?",innovation_product_strategy,automotive,"[""rd_directions""]",submission_unknown,,,pending,,,session_url|share_url,force_resubmit_unknown
report,710,ff53ea9b-55e5-4b84-8a6b-fd75c9a7f2ad,"Which AI-enabled engineering, simulation, and validation trends should lead automotive R&D priorities?",innovation_product_strategy,automotive,"[""rd_directions""]",submission_unknown,,,pending,,,session_url|share_url,force_resubmit_unknown
report,711,90885bad-1450-4c16-a991-6efc0330dde2,How are major automotive technology providers changing their technology bets and development priorities?,innovation_product_strategy,automotive,"[""technology_competitors""]",submission_unknown,,,pending,,,session_url|share_url,force_resubmit_unknown
report,712,bf89d64e-1b94-41bb-8dc1-edbd84e0e9bf,Which automotive technology providers are advancing from demonstrations toward commercially ready offerings?,innovation_product_strategy,automotive,"[""technology_competitors""]",submission_unknown,,,pending,,,session_url|share_url,force_resubmit_unknown
report,713,67d92c0b-cb47-47d4-8020-962883b86736,How are partnerships changing automotive technology providers’ capabilities and routes to adoption?,innovation_product_strategy,automotive,"[""technology_competitors""]",submission_unknown,,,pending,,,session_url|share_url,force_resubmit_unknown
report,714,577087a2-2bf5-4029-a75d-fa11c0986bb0,Which emerging automotive technology providers are becoming credible alternatives to established suppliers?,innovation_product_strategy,automotive,"[""technology_competitors""]",submission_unknown,,,pending,,,session_url|share_url,force_resubmit_unknown
report,715,ea26c73d-d62e-4f5a-ba8f-e814212706c2,Which automotive technology providers are gaining repeat adoption beyond initial customer deployments?,innovation_product_strategy,automotive,"[""technology_competitors""]",submission_unknown,,,pending,,,session_url|share_url,force_resubmit_unknown
report,716,ecfbd489-5a9e-439f-aa18-7818159ee7f4,How are automotive technology providers’ claimed technical advantages changing as new evidence emerges?,innovation_product_strategy,automotive,"[""technology_competitors""]",submission_unknown,,,pending,,,session_url|share_url,force_resubmit_unknown
report,717,f339ddc6-fb23-437a-b48a-74dc35adae26,How are automotive technology providers changing licensing and interoperability to influence adoption?,innovation_product_strategy,automotive,"[""technology_competitors""]",submission_unknown,,,pending,,,session_url|share_url,force_resubmit_unknown
report,718,560eb317-ff4c-4b40-9ba7-a6edf642b542,How are acquisitions and divestitures changing who controls automotive technology capabilities?,innovation_product_strategy,automotive,"[""technology_competitors""]",submission_unknown,,,pending,,,session_url|share_url,force_resubmit_unknown
report,719,302d3694-36b2-4874-b96d-f83292d38c79,"Which automotive technology providers are reducing or ending development efforts, and how are alternatives changing?",innovation_product_strategy,automotive,"[""technology_competitors""]",submission_unknown,,,pending,,,session_url|share_url,force_resubmit_unknown
report,720,8c774c1f-e861-4851-bbaa-db0a80b713ed,How are automotive technology providers changing their regional reach and local adoption support?,innovation_product_strategy,automotive,"[""technology_competitors""]",submission_unknown,,,pending,,,session_url|share_url,force_resubmit_unknown
report,721,b7c79e22-2609-465a-8237-71e42692cfbb,Which emerging platform technologies present the strongest innovation opportunities across the biotechnology industry?,innovation_product_strategy,biotech,"[""innovation_opportunities""]",submission_unknown,,,pending,,,session_url|share_url,force_resubmit_unknown
report,722,7b93cca6-495d-4fd9-a15f-2b5f399f2857,Which unmet technical needs reveal the most promising innovation opportunities across biotechnology applications?,innovation_product_strategy,biotech,"[""innovation_opportunities""]",submission_unknown,,,pending,,,session_url|share_url,force_resubmit_unknown
report,723,35deb1c0-e93e-4ec5-945d-98b4d78f225d,Which convergences between biotechnology and digital technologies create the most actionable innovation opportunities?,innovation_product_strategy,biotech,"[""innovation_opportunities""]",submission_unknown,,,pending,,,session_url|share_url,force_resubmit_unknown
report,724,9ee7647b-d4e6-4ef8-9648-4b4b7265f046,Which emerging technologies could address the most persistent biomanufacturing challenges across the biotechnology industry?,innovation_product_strategy,biotech,"[""innovation_opportunities""]",submission_unknown,,,pending,,,session_url|share_url,force_resubmit_unknown
report,725,2e21e904-2197-4cff-ba52-3c5481a4eb27,Which biotechnology innovations offer the greatest potential to enable more sustainable industrial practices?,innovation_product_strategy,biotech,"[""innovation_opportunities""]",submission_unknown,,,pending,,,session_url|share_url,force_resubmit_unknown
report,726,b5b644be-62f5-436e-9351-9ce9a5cc855c,Which enabling technologies could most effectively close scale-up and commercialization gaps across biotechnology?,innovation_product_strategy,biotech,"[""innovation_opportunities""]",submission_unknown,,,pending,,,session_url|share_url,force_resubmit_unknown
report,727,34e659af-9a7c-4794-a077-33a25e64c989,Which emerging research infrastructure technologies could unlock new innovation opportunities across biotechnology?,innovation_product_strategy,biotech,"[""innovation_opportunities""]",submission_unknown,,,pending,,,session_url|share_url,force_resubmit_unknown
report,728,72525de1-a6f5-49a9-8196-4026d48a7f92,Which technologies for generating and interpreting evidence could create new opportunities across biotechnology development?,innovation_product_strategy,biotech,"[""innovation_opportunities""]",submission_unknown,,,pending,,,session_url|share_url,force_resubmit_unknown
report,729,0d5cb0e6-ca58-4b58-b970-48a58a87ce46,Which decentralized or point-of-use biotechnology approaches present credible emerging innovation opportunities?,innovation_product_strategy,biotech,"[""innovation_opportunities""]",submission_unknown,,,pending,,,session_url|share_url,force_resubmit_unknown
report,730,53e8d1dc-d7a5-4d0e-96f3-761bbed54ce8,Which technologies from adjacent industries could be transferred into biotechnology to create new innovation opportunities?,innovation_product_strategy,biotech,"[""innovation_opportunities""]",submission_unknown,,,pending,,,session_url|share_url,force_resubmit_unknown
report,731,d306271a-95b8-45e8-bbd9-2be893170af8,Which research tasks could map recent shifts across the biotechnology technology landscape?,innovation_product_strategy,biotech,"[""other""]",submission_unknown,,,pending,,,session_url|share_url,force_resubmit_unknown
report,732,a27e380a-20ac-42d7-be44-52cb6d87974c,Which research approaches could clarify trends across major biotechnology therapeutic modalities?,innovation_product_strategy,biotech,"[""other""]",submission_unknown,,,pending,,,session_url|share_url,force_resubmit_unknown
report,733,8324c77f-d8d0-401b-b6a6-20406823c16f,What task options could assess how biotechnology platform technologies are evolving?,innovation_product_strategy,biotech,"[""other""]",submission_unknown,,,pending,,,session_url|share_url,force_resubmit_unknown
report,734,4e6e3cf1-2a62-490f-9b6c-49bddd871f4e,Which research tasks could reveal how biotechnology discovery and development workflows are changing?,innovation_product_strategy,biotech,"[""other""]",submission_unknown,,,pending,,,session_url|share_url,force_resubmit_unknown
report,735,5c79e363-65f2-4a5b-b20e-f198c2116888,What research options could clarify major trends in biotechnology manufacturing technologies?,innovation_product_strategy,biotech,"[""other""]",submission_unknown,,,pending,,,session_url|share_url,force_resubmit_unknown
report,736,4f59b1ff-1375-4e7d-90de-3aab0d9a96ab,Which task menu would best distinguish ways to study biotechnology diagnostics and research-tool trends?,innovation_product_strategy,biotech,"[""other""]",submission_unknown,,,pending,,,session_url|share_url,force_resubmit_unknown
report,737,fa3f4841-4744-4ce6-8b95-640615037d80,"What research tasks could track the changing role of data, automation, and AI across biotechnology?",innovation_product_strategy,biotech,"[""other""]",submission_unknown,,,pending,,,session_url|share_url,force_resubmit_unknown
report,738,237ab8fa-8454-4a46-9b1a-4fd246dafb06,Which research approaches could examine convergence among major biotechnology technology fields?,innovation_product_strategy,biotech,"[""other""]",submission_unknown,,,pending,,,session_url|share_url,force_resubmit_unknown
report,739,770e6bec-cf1b-4a20-8604-2b36d77584f8,What task options could compare the maturity and adoption trajectories of biotechnology technologies?,innovation_product_strategy,biotech,"[""other""]",submission_unknown,,,pending,,,session_url|share_url,force_resubmit_unknown
report,740,57f4f658-43ff-46ee-9f23-c74f0fd62ee3,Which research tasks could identify emerging biotechnology fields and their likely next directions?,innovation_product_strategy,biotech,"[""other""]",submission_unknown,,,pending,,,session_url|share_url,force_resubmit_unknown
report,741,80fd9608-2606-4256-96a7-a875b70215c0,Which biotechnology technology clusters show the strongest recent shifts in patent filing activity?,innovation_product_strategy,biotech,"[""patent_landscapes""]",submission_unknown,,,pending,,,session_url|share_url,force_resubmit_unknown
report,742,8af744a1-24cd-4809-a8a9-6322ec87ebae,How is the distribution of major patent rights holders changing across the biotechnology industry?,innovation_product_strategy,biotech,"[""patent_landscapes""]",submission_unknown,,,pending,,,session_url|share_url,force_resubmit_unknown
report,743,e3a14d9c-2608-4125-8aea-7a307756cf4e,Which emerging biotechnology fields are gaining patent momentum relative to established fields?,innovation_product_strategy,biotech,"[""patent_landscapes""]",submission_unknown,,,pending,,,session_url|share_url,force_resubmit_unknown
report,744,876e4463-8afc-45fe-b484-77cda127e9e2,How are biotechnology patent filing trends shifting across major application areas?,innovation_product_strategy,biotech,"[""patent_landscapes""]",submission_unknown,,,pending,,,session_url|share_url,force_resubmit_unknown
report,745,7d3cf7a2-3145-415b-a821-b5131a9e8b6d,Which countries and regions are becoming more prominent sources of biotechnology patent activity?,innovation_product_strategy,biotech,"[""patent_landscapes""]",submission_unknown,,,pending,,,session_url|share_url,force_resubmit_unknown
report,746,df014d7f-ea29-44c6-b9af-ace1b2a0c90d,Where is patent activity converging between previously distinct biotechnology technology fields?,innovation_product_strategy,biotech,"[""patent_landscapes""]",submission_unknown,,,pending,,,session_url|share_url,force_resubmit_unknown
report,747,e56d74ce-402d-4ecf-ba7a-b6219fb05553,How are collaboration patterns among biotechnology patent applicants changing over time?,innovation_product_strategy,biotech,"[""patent_landscapes""]",submission_unknown,,,pending,,,session_url|share_url,force_resubmit_unknown
report,748,4beb12cd-88bd-484c-836d-d6359eee7421,"Which biotechnology patent clusters are showing signs of maturation, fragmentation, or renewal?",innovation_product_strategy,biotech,"[""patent_landscapes""]",submission_unknown,,,pending,,,session_url|share_url,force_resubmit_unknown
report,749,58831177-c11a-4406-a5fb-1e57c6134955,How are patent citation flows changing among major biotechnology technology domains?,innovation_product_strategy,biotech,"[""patent_landscapes""]",submission_unknown,,,pending,,,session_url|share_url,force_resubmit_unknown
report,750,2e04f602-3131-49e0-b295-54407efaf878,Which biotechnology patent domains are attracting the greatest increase in new organizational entrants?,innovation_product_strategy,biotech,"[""patent_landscapes""]",submission_unknown,,,pending,,,session_url|share_url,force_resubmit_unknown
report,751,18c14b2a-7022-4da5-a7ef-457e40e33041,Which intellectual-property risks most affect product positioning and market-entry choices across the biotech industry?,innovation_product_strategy,biotech,"[""product_ip_risks""]",submission_unknown,,,pending,,,session_url|share_url,force_resubmit_unknown
report,752,24b670a6-f1ac-4c28-8fcf-417547dcda74,How do third-party platform patents create IP risks for biotech product roadmaps and feature priorities?,innovation_product_strategy,biotech,"[""product_ip_risks""]",submission_unknown,,,pending,,,session_url|share_url,force_resubmit_unknown
report,753,41de0fc3-a80f-408f-b9f4-62fc848e0625,What IP ownership risks arise when biotech products depend on collaborative research and externally generated inventions?,innovation_product_strategy,biotech,"[""product_ip_risks""]",submission_unknown,,,pending,,,session_url|share_url,force_resubmit_unknown
report,754,132af51d-46e9-44d1-b502-770105ca63dd,"Which IP risks should product strategists assess when biotech offerings rely on proprietary data, software, or AI-enabled methods?",innovation_product_strategy,biotech,"[""product_ip_risks""]",submission_unknown,,,pending,,,session_url|share_url,force_resubmit_unknown
report,755,5f9de041-b8cc-470a-b865-3019081c5cc6,How can research-use restrictions and field-of-use limitations create IP risks for biotech product commercialization?,innovation_product_strategy,biotech,"[""product_ip_risks""]",submission_unknown,,,pending,,,session_url|share_url,force_resubmit_unknown
report,756,aedaa404-27d6-425d-bfdd-6e4ef8b1ab64,What patent and trade-secret risks can influence manufacturing strategy for biotech products across the industry?,innovation_product_strategy,biotech,"[""product_ip_risks""]",submission_unknown,,,pending,,,session_url|share_url,force_resubmit_unknown
report,757,ca3f1e89-a377-4c68-afe7-e223e358001e,"Which sequence, biomarker, and biological-target IP risks can constrain biotech product use cases?",innovation_product_strategy,biotech,"[""product_ip_risks""]",submission_unknown,,,pending,,,session_url|share_url,force_resubmit_unknown
report,758,699bc887-c1f3-4dd1-bc74-6bf2d2d3823a,How do IP risks change when biotech companies expand existing products into new use cases or lifecycle extensions?,innovation_product_strategy,biotech,"[""product_ip_risks""]",submission_unknown,,,pending,,,session_url|share_url,force_resubmit_unknown
report,759,4f1c7d18-ffec-4fda-8e92-779f95a4a378,Which jurisdiction-dependent IP risks should inform geographic expansion strategies across the biotech industry?,innovation_product_strategy,biotech,"[""product_ip_risks""]",submission_unknown,,,pending,,,session_url|share_url,force_resubmit_unknown
report,760,5e899c75-126e-4b6d-83de-92f8e74a632c,How should design-around feasibility be assessed as an IP risk for biotech product differentiation?,innovation_product_strategy,biotech,"[""product_ip_risks""]",submission_unknown,,,pending,,,session_url|share_url,force_resubmit_unknown
report,761,e8d96836-bebd-45eb-9d44-381ba9bd7cfa,Which emerging biotechnology platform trends should be prioritized for R&D exploration across the industry?,innovation_product_strategy,biotech,"[""rd_directions""]",submission_unknown,,,pending,,,session_url|share_url,force_resubmit_unknown
report,762,6dcdce1e-c76f-4203-81fe-a7df8c7aa32a,Which AI-enabled biotechnology trends offer the strongest evidence for prioritizing future R&D directions?,innovation_product_strategy,biotech,"[""rd_directions""]",submission_unknown,,,pending,,,session_url|share_url,force_resubmit_unknown
report,763,8a0d6fad-44ed-4db2-aa18-7837fd033701,Which next-generation measurement and multi-omics trends should receive priority in biotechnology R&D scouting?,innovation_product_strategy,biotech,"[""rd_directions""]",submission_unknown,,,pending,,,session_url|share_url,force_resubmit_unknown
report,764,8709f191-edf3-4b3e-8fe3-aeb6abcbe9cb,Which genome engineering and synthetic biology trends are becoming mature enough to prioritize for R&D?,innovation_product_strategy,biotech,"[""rd_directions""]",submission_unknown,,,pending,,,session_url|share_url,force_resubmit_unknown
report,765,1e0587f3-aeca-4e18-aed0-6bb14eedabcc,Which biomanufacturing technology trends should be prioritized to improve biotechnology R&D and scale-up pathways?,innovation_product_strategy,biotech,"[""rd_directions""]",submission_unknown,,,pending,,,session_url|share_url,force_resubmit_unknown
report,766,f6d3a08e-8824-4f49-8a04-adc392ae6ada,Which biological delivery technology trends show the greatest momentum for industry-wide R&D prioritization?,innovation_product_strategy,biotech,"[""rd_directions""]",submission_unknown,,,pending,,,session_url|share_url,force_resubmit_unknown
report,767,a160824f-1d8f-4f98-9c45-3ea1accbe4e7,Which laboratory automation and high-throughput experimentation trends warrant priority for biotechnology R&D?,innovation_product_strategy,biotech,"[""rd_directions""]",submission_unknown,,,pending,,,session_url|share_url,force_resubmit_unknown
report,768,85bc94c5-c28c-480f-aa5f-8af10ad399f2,Which cell-free and programmable biological system trends should be prioritized as emerging biotechnology R&D directions?,innovation_product_strategy,biotech,"[""rd_directions""]",submission_unknown,,,pending,,,session_url|share_url,force_resubmit_unknown
report,769,0374dc0d-33b3-43fc-9fc9-0b38d87fbf45,Which sustainable biotechnology technology trends merit priority for long-term R&D investment?,innovation_product_strategy,biotech,"[""rd_directions""]",submission_unknown,,,pending,,,session_url|share_url,force_resubmit_unknown
report,770,fa56ba4f-53aa-43c3-899c-3af5dd50fec4,Which converging biotechnology trends are most likely to shape priority R&D fields over the next five years?,innovation_product_strategy,biotech,"[""rd_directions""]",submission_unknown,,,pending,,,session_url|share_url,force_resubmit_unknown
report,771,a443f3c2-001b-4e70-b35c-84c92799eba3,How have major biotech competitors shifted their technology priorities over the past two years?,innovation_product_strategy,biotech,"[""technology_competitors""]",submission_unknown,,,pending,,,session_url|share_url,force_resubmit_unknown
report,772,144024ff-3e55-4ea4-a1f9-723b3e1c9e90,"Which biotech competitors have advanced the maturity of their technologies, and what evidence supports that progress?",innovation_product_strategy,biotech,"[""technology_competitors""]",submission_unknown,,,pending,,,session_url|share_url,force_resubmit_unknown
report,773,fe2e10f1-4aca-47c8-8e21-8ebdcebfa476,How have biotech competitors changed access to their technologies through partnerships and licensing?,innovation_product_strategy,biotech,"[""technology_competitors""]",submission_unknown,,,pending,,,session_url|share_url,force_resubmit_unknown
report,774,0e6653c4-d3ac-4c35-b0ed-6069a2e664e7,Which emerging biotech competitors are gaining technical credibility relative to established participants?,innovation_product_strategy,biotech,"[""technology_competitors""]",submission_unknown,,,pending,,,session_url|share_url,force_resubmit_unknown
report,775,536ff0f3-2342-4355-8a75-c8937fc41a35,How are biotech competitors progressing from technical demonstrations toward scalable deployment?,innovation_product_strategy,biotech,"[""technology_competitors""]",submission_unknown,,,pending,,,session_url|share_url,force_resubmit_unknown
report,776,1b885a44-a547-4619-ab22-3008c62abce2,Which biotech competitors are expanding technology adoption across major application areas?,innovation_product_strategy,biotech,"[""technology_competitors""]",submission_unknown,,,pending,,,session_url|share_url,force_resubmit_unknown
report,777,0e2bd25c-e27f-478d-8955-0b2c70fca08b,How have biotech competitors’ demonstrated technical advantages changed over the past two years?,innovation_product_strategy,biotech,"[""technology_competitors""]",submission_unknown,,,pending,,,session_url|share_url,force_resubmit_unknown
report,778,dc0cc2d7-1092-4c03-b629-f3827af810e3,How are biotech competitors turning new technical capabilities into externally available products and services?,innovation_product_strategy,biotech,"[""technology_competitors""]",submission_unknown,,,pending,,,session_url|share_url,force_resubmit_unknown
report,779,abe30207-a52b-4804-8e19-6e1fb2ce1e79,How have biotech competitors’ technology exits and ownership changes affected the external supplier landscape?,innovation_product_strategy,biotech,"[""technology_competitors""]",submission_unknown,,,pending,,,session_url|share_url,force_resubmit_unknown
report,780,0366a78e-b4ab-487f-8c57-a4f764bf603c,"Which biotech competitors are combining previously separate technology fields, and how has their progress evolved?",innovation_product_strategy,biotech,"[""technology_competitors""]",submission_unknown,,,pending,,,session_url|share_url,force_resubmit_unknown
report,781,3852d1de-f132-4705-be39-663218a0c9c1,Which emerging renewable and waste-derived feedstock technologies offer the strongest innovation opportunities across the chemical industry?,innovation_product_strategy,chemical,"[""innovation_opportunities""]",submission_unknown,,,pending,,,session_url|share_url,force_resubmit_unknown
report,782,4a85e61f-3076-48ca-b2dd-7dcaca886d38,Which process-intensification technologies present underexplored innovation opportunities across chemical manufacturing?,innovation_product_strategy,chemical,"[""innovation_opportunities""]",submission_unknown,,,pending,,,session_url|share_url,force_resubmit_unknown
report,783,a026b51c-e4d6-4f27-bbce-85d6cc121936,Which emerging separation and purification technologies could unlock new value across the chemical industry?,innovation_product_strategy,chemical,"[""innovation_opportunities""]",submission_unknown,,,pending,,,session_url|share_url,force_resubmit_unknown
report,784,cf678300-fcbe-4ef7-a9d1-e304fe73094f,Which circular-chemistry technologies offer the most promising innovation opportunities across the chemical industry?,innovation_product_strategy,chemical,"[""innovation_opportunities""]",submission_unknown,,,pending,,,session_url|share_url,force_resubmit_unknown
report,785,ae95472a-6ee4-4f91-9871-5e3b057a95de,Which low-carbon heat and electrification technologies create emerging innovation opportunities for the chemical industry?,innovation_product_strategy,chemical,"[""innovation_opportunities""]",submission_unknown,,,pending,,,session_url|share_url,force_resubmit_unknown
report,786,c62413fe-973f-4220-8def-5881d436e1f4,Which biomanufacturing platforms could open new application and innovation opportunities across the chemical industry?,innovation_product_strategy,chemical,"[""innovation_opportunities""]",submission_unknown,,,pending,,,session_url|share_url,force_resubmit_unknown
report,787,e7d68a2a-0189-4b09-a863-ec3c9128ba25,Which artificial-intelligence and autonomous-research technologies offer actionable innovation opportunities across the chemical industry?,innovation_product_strategy,chemical,"[""innovation_opportunities""]",submission_unknown,,,pending,,,session_url|share_url,force_resubmit_unknown
report,788,9ec65d58-e5dd-42a4-b603-28b7203f8bc2,Which advanced sensing and real-time analytics technologies could enable new innovation opportunities across the chemical industry?,innovation_product_strategy,chemical,"[""innovation_opportunities""]",submission_unknown,,,pending,,,session_url|share_url,force_resubmit_unknown
report,789,ae842cc4-af38-47ab-a5d5-ed4cd38649b8,"Which technologies for emissions prevention, capture, and utilization offer emerging opportunities across the chemical industry?",innovation_product_strategy,chemical,"[""innovation_opportunities""]",submission_unknown,,,pending,,,session_url|share_url,force_resubmit_unknown
report,790,d581bb41-1c3b-4e99-8427-d2079e96b8e0,Which distributed and modular production technologies could create new chemical-industry application opportunities?,innovation_product_strategy,chemical,"[""innovation_opportunities""]",submission_unknown,,,pending,,,session_url|share_url,force_resubmit_unknown
report,791,89b6bc34-2d65-4577-998a-7dec34b10161,Which trend-scanning tasks can map the chemical industry's major technology domains and their changing maturity?,innovation_product_strategy,chemical,"[""other""]",submission_unknown,,,pending,,,session_url|share_url,force_resubmit_unknown
report,792,f99f10e6-0c7f-47a1-817f-057b81d73097,Which research tasks best reveal how technology priorities are shifting across the chemical industry value chain?,innovation_product_strategy,chemical,"[""other""]",submission_unknown,,,pending,,,session_url|share_url,force_resubmit_unknown
report,793,334ba18e-385a-4c89-8a72-d0f75f2c559e,Which publication-based research tasks can identify rising and declining technology fields in the chemical industry?,innovation_product_strategy,chemical,"[""other""]",submission_unknown,,,pending,,,session_url|share_url,force_resubmit_unknown
report,794,975bfdc1-ac8f-4b1f-8a67-5a95f9b5565b,Which patent-landscape tasks can clarify the chemical industry's emerging technology directions?,innovation_product_strategy,chemical,"[""other""]",submission_unknown,,,pending,,,session_url|share_url,force_resubmit_unknown
report,795,58692fda-13b5-4231-a9d6-2beeeee3a6a9,Which corporate-activity scanning tasks can show where the chemical industry's technology landscape is moving?,innovation_product_strategy,chemical,"[""other""]",submission_unknown,,,pending,,,session_url|share_url,force_resubmit_unknown
report,796,00229531-3bec-43f2-bf2b-31cc12a84a34,Which regulatory and policy scanning tasks can assess changes in the chemical industry's technology landscape?,innovation_product_strategy,chemical,"[""other""]",submission_unknown,,,pending,,,session_url|share_url,force_resubmit_unknown
report,797,8b2dbe95-d8b6-4f36-81ed-88415c9f76a2,"Which trend-research tasks can map sustainability, decarbonization, and circularity directions across the chemical industry?",innovation_product_strategy,chemical,"[""other""]",submission_unknown,,,pending,,,session_url|share_url,force_resubmit_unknown
report,798,7141d402-26f0-48ac-9fc6-09ab6fb4abab,Which research tasks can track emerging process and manufacturing technology trends across the chemical industry?,innovation_product_strategy,chemical,"[""other""]",submission_unknown,,,pending,,,session_url|share_url,force_resubmit_unknown
report,799,6b5bd7a7-8865-4745-a2e8-4e9e22a5739b,Which trend-scanning tasks can clarify the role of digitalization and automation in the chemical technology landscape?,innovation_product_strategy,chemical,"[""other""]",submission_unknown,,,pending,,,session_url|share_url,force_resubmit_unknown
report,800,d49d7d59-3759-4abd-a3c8-f5e486f28e58,Which market-application scanning tasks can identify demand-driven shifts in the chemical industry's technology landscape?,innovation_product_strategy,chemical,"[""other""]",submission_unknown,,,pending,,,session_url|share_url,force_resubmit_unknown
report,801,4cc041eb-6dbc-4047-9595-eccdcf41a354,Which technology clusters are gaining or losing patenting momentum across the chemical industry?,innovation_product_strategy,chemical,"[""patent_landscapes""]",submission_unknown,,,pending,,,session_url|share_url,force_resubmit_unknown
report,802,804f0ed4-e888-41a6-8176-f30f7361d585,How is the composition of major patent rights holders changing across the chemical industry?,innovation_product_strategy,chemical,"[""patent_landscapes""]",submission_unknown,,,pending,,,session_url|share_url,force_resubmit_unknown
report,803,98fcfcd5-ad47-4d2d-8520-6c98a2796771,What geographic shifts are emerging in chemical-industry patent origination and filing coverage?,innovation_product_strategy,chemical,"[""patent_landscapes""]",submission_unknown,,,pending,,,session_url|share_url,force_resubmit_unknown
report,804,932ff493-5a8d-45b5-a0bc-799c9dfe873f,Where is technological convergence becoming more visible in the chemical-industry patent landscape?,innovation_product_strategy,chemical,"[""patent_landscapes""]",submission_unknown,,,pending,,,session_url|share_url,force_resubmit_unknown
report,805,6e502aba-f421-4976-b423-2a5c4c78194f,Which chemical technology fields appear to be moving from emergence toward maturity in the patent landscape?,innovation_product_strategy,chemical,"[""patent_landscapes""]",submission_unknown,,,pending,,,session_url|share_url,force_resubmit_unknown
report,806,7d865f9d-4e1d-43d4-a725-a090dc791a6c,How are sustainability-oriented inventions reshaping the chemical-industry patent landscape?,innovation_product_strategy,chemical,"[""patent_landscapes""]",submission_unknown,,,pending,,,session_url|share_url,force_resubmit_unknown
report,807,7f64ec83-baf6-425f-9041-51da17091ab4,What patenting trends are changing the technology landscape for chemical manufacturing and processing?,innovation_product_strategy,chemical,"[""patent_landscapes""]",submission_unknown,,,pending,,,session_url|share_url,force_resubmit_unknown
report,808,96800390-2b8b-4648-8514-5a19da874596,Which application fields are attracting the fastest expansion of chemical-industry patent activity?,innovation_product_strategy,chemical,"[""patent_landscapes""]",submission_unknown,,,pending,,,session_url|share_url,force_resubmit_unknown
report,809,96c99177-cf3f-4132-9163-a92e584153e8,How are collaboration patterns evolving within the chemical-industry patent landscape?,innovation_product_strategy,chemical,"[""patent_landscapes""]",submission_unknown,,,pending,,,session_url|share_url,force_resubmit_unknown
report,810,2d97f6c7-4f19-4c0f-b4ea-66c16c84036b,How are patent-family reach and international filing strategies changing across chemical technology fields?,innovation_product_strategy,chemical,"[""patent_landscapes""]",submission_unknown,,,pending,,,session_url|share_url,force_resubmit_unknown
report,811,d80905f7-f8ce-45c8-a957-0fde281dbf41,Which intellectual-property risks should shape the prioritization of major chemical-industry applications and use cases?,innovation_product_strategy,chemical,"[""product_ip_risks""]",submission_unknown,,,pending,,,session_url|share_url,force_resubmit_unknown
report,812,0e638280-5b7a-439f-8488-dac9f834a6be,What IP risks should chemical product strategists assess when evaluating emerging technology fields?,innovation_product_strategy,chemical,"[""product_ip_risks""]",submission_unknown,,,pending,,,session_url|share_url,force_resubmit_unknown
report,813,308231bf-e45c-4d6e-bd10-a8473c3d90c3,How should IP risks be assessed during early chemical product-concept selection?,innovation_product_strategy,chemical,"[""product_ip_risks""]",submission_unknown,,,pending,,,session_url|share_url,force_resubmit_unknown
report,814,99558ab3-0109-463b-88b2-7d206f083167,Which IP risks can arise when chemical products move from laboratory concepts to commercial-scale production?,innovation_product_strategy,chemical,"[""product_ip_risks""]",submission_unknown,,,pending,,,session_url|share_url,force_resubmit_unknown
report,815,8f0b8160-1e58-4ff7-a9df-22a0b81a3245,What IP risks should be evaluated when considering reformulation or design-around strategies in the chemical industry?,innovation_product_strategy,chemical,"[""product_ip_risks""]",submission_unknown,,,pending,,,session_url|share_url,force_resubmit_unknown
report,816,82b63b21-1b88-4ef4-a18b-a400c0daf721,Which IP risks could affect product strategies built around sustainability and circularity in the chemical industry?,innovation_product_strategy,chemical,"[""product_ip_risks""]",submission_unknown,,,pending,,,session_url|share_url,force_resubmit_unknown
report,817,2394ba2d-1f05-470a-b5ae-619cdc1d98fa,What IP risks accompany the use of digital and AI-enabled capabilities in chemical product strategies?,innovation_product_strategy,chemical,"[""product_ip_risks""]",submission_unknown,,,pending,,,session_url|share_url,force_resubmit_unknown
report,818,909364b8-bb5b-4815-8ee3-b0b193697e03,Which IP ownership risks should chemical product strategists assess in externally collaborative innovation?,innovation_product_strategy,chemical,"[""product_ip_risks""]",submission_unknown,,,pending,,,session_url|share_url,force_resubmit_unknown
report,819,f6331321-e968-47a1-8c4e-a8711bc3fa12,How do jurisdictional patent differences create IP risks for chemical-industry market-entry strategies?,innovation_product_strategy,chemical,"[""product_ip_risks""]",submission_unknown,,,pending,,,session_url|share_url,force_resubmit_unknown
report,820,6a6200eb-d10f-4490-b4bd-e494bd9b1336,Which lifecycle-related IP risks should inform chemical product portfolio renewal and retirement decisions?,innovation_product_strategy,chemical,"[""product_ip_risks""]",submission_unknown,,,pending,,,session_url|share_url,force_resubmit_unknown
report,821,5e442013-890a-48b9-867e-a49245cd362c,"Which emerging technology domains should the chemical industry prioritize for R&D based on recent advances, maturity, and adoption potential?",innovation_product_strategy,chemical,"[""rd_directions""]",submission_unknown,,,pending,,,session_url|share_url,force_resubmit_unknown
report,822,7b305fe3-ff8a-4b1e-b01c-87b3d614f3fe,"How are alternative feedstock technologies evolving across the chemical industry, and which R&D directions appear most promising?",innovation_product_strategy,chemical,"[""rd_directions""]",submission_unknown,,,pending,,,session_url|share_url,force_resubmit_unknown
report,823,5d5b104a-6a22-4ebf-8ef9-97a06223ceae,Which electrification and low-carbon process technologies are gaining momentum across the chemical industry and merit R&D priority?,innovation_product_strategy,chemical,"[""rd_directions""]",submission_unknown,,,pending,,,session_url|share_url,force_resubmit_unknown
report,824,3c447a72-6f4d-47ea-94aa-3abc00d4e468,"How are chemical recycling and circular production technologies advancing, and which fields should receive greater R&D attention?",innovation_product_strategy,chemical,"[""rd_directions""]",submission_unknown,,,pending,,,session_url|share_url,force_resubmit_unknown
report,825,edc1e162-0bcc-4041-87fc-3d4c91b4ee2b,"Which catalytic technology trends could have the greatest cross-industry impact, and how should they be prioritized for chemical R&D?",innovation_product_strategy,chemical,"[""rd_directions""]",submission_unknown,,,pending,,,session_url|share_url,force_resubmit_unknown
report,826,d4f63143-c4d6-4058-b5cd-fe59771f17d6,"How are separation and purification technologies changing across the chemical industry, and which approaches warrant R&D priority?",innovation_product_strategy,chemical,"[""rd_directions""]",submission_unknown,,,pending,,,session_url|share_url,force_resubmit_unknown
report,827,e12f2e10-ca74-4287-8d5f-6e1d2b32f275,"Which digital and autonomous R&D technologies are reshaping chemical innovation, and where should future research be prioritized?",innovation_product_strategy,chemical,"[""rd_directions""]",submission_unknown,,,pending,,,session_url|share_url,force_resubmit_unknown
report,828,1a9c9a63-afc4-4bc3-a056-a5076ae70ec2,"How are biomanufacturing and biocatalytic routes evolving in the chemical industry, and which R&D directions deserve priority?",innovation_product_strategy,chemical,"[""rd_directions""]",submission_unknown,,,pending,,,session_url|share_url,force_resubmit_unknown
report,829,084ec43f-3e0e-424e-9bff-d111192d5fe1,Which advances in process safety and environmental monitoring should shape chemical-industry R&D priorities?,innovation_product_strategy,chemical,"[""rd_directions""]",submission_unknown,,,pending,,,session_url|share_url,force_resubmit_unknown
report,830,762d6816-2379-46c5-9158-b7050ec82960,"How are water-efficiency and resource-recovery technologies developing across the chemical industry, and which R&D fields should be prioritized?",innovation_product_strategy,chemical,"[""rd_directions""]",submission_unknown,,,pending,,,session_url|share_url,force_resubmit_unknown
report,831,d34fc9a7-2bba-4490-9943-ab85f8985319,How have major chemical-industry participants changed their technology bets over the past five years?,innovation_product_strategy,chemical,"[""technology_competitors""]",submission_unknown,,,pending,,,session_url|share_url,force_resubmit_unknown
report,832,4bc45215-1ad1-44c1-a6c9-a0e0122082f8,Which chemical-industry competitors have advanced technologies from research announcements to pilots and commercial deployment?,innovation_product_strategy,chemical,"[""technology_competitors""]",submission_unknown,,,pending,,,session_url|share_url,force_resubmit_unknown
report,833,081cd1a1-f664-4a2f-8c38-896f2591d113,"How are partnerships, licensing agreements, and joint ventures changing the chemical industry’s competitive technology landscape?",innovation_product_strategy,chemical,"[""technology_competitors""]",submission_unknown,,,pending,,,session_url|share_url,force_resubmit_unknown
report,834,ef1dbeb4-38eb-4dae-b48e-9bec78041fca,What shifts in patents and technical publications reveal changing technology priorities among chemical-industry competitors?,innovation_product_strategy,chemical,"[""technology_competitors""]",submission_unknown,,,pending,,,session_url|share_url,force_resubmit_unknown
report,835,05d51b45-34b9-4fb2-a482-c1cb8cb43d1b,How are competitors changing technology investment and deployment patterns across the global chemical industry?,innovation_product_strategy,chemical,"[""technology_competitors""]",submission_unknown,,,pending,,,session_url|share_url,force_resubmit_unknown
report,836,ce3e8a38-9d53-4c00-bc0b-0452a7e740e7,How have chemical-industry competitors repositioned their technology portfolios around decarbonization?,innovation_product_strategy,chemical,"[""technology_competitors""]",submission_unknown,,,pending,,,session_url|share_url,force_resubmit_unknown
report,837,9df57cef-2e33-48e2-bf96-ef2b63fb4dd3,"How is competition evolving around circular feedstocks, recovery, and recycling technologies in the chemical industry?",innovation_product_strategy,chemical,"[""technology_competitors""]",submission_unknown,,,pending,,,session_url|share_url,force_resubmit_unknown
report,838,37fad11c-d61a-4178-8d89-3cdf6f8afdb5,Which competitors are gaining momentum in digital and AI-enabled technologies across the chemical industry?,innovation_product_strategy,chemical,"[""technology_competitors""]",submission_unknown,,,pending,,,session_url|share_url,force_resubmit_unknown
report,839,fc5aa357-f8d8-4e1a-acd1-e017f1e07acd,How are chemical-industry competitors changing their technology strategies for alternative feedstocks and production routes?,innovation_product_strategy,chemical,"[""technology_competitors""]",submission_unknown,,,pending,,,session_url|share_url,force_resubmit_unknown
report,840,2b1001b5-8c76-4b71-b125-e574766e89ad,"What evidence shows chemical-industry competitors changing their technology differentiation priorities around performance, cost, and scalability?",innovation_product_strategy,chemical,"[""technology_competitors""]",submission_unknown,,,pending,,,session_url|share_url,force_resubmit_unknown
report,841,2c16c313-36a2-4816-9775-62aaad637ac3,Which emerging technologies offer the strongest opportunities to reduce lifecycle carbon across the construction industry?,innovation_product_strategy,construction,"[""innovation_opportunities""]",submission_unknown,,,pending,,,session_url|share_url,force_resubmit_unknown
report,842,c9ef9299-afea-45a6-b4c2-a63b6cc7728b,Which emerging automation and robotics technologies could address the construction industry’s largest productivity gaps?,innovation_product_strategy,construction,"[""innovation_opportunities""]",submission_unknown,,,pending,,,session_url|share_url,force_resubmit_unknown
report,843,c7528eba-15b6-4490-bd45-0d40d0ba0235,Which circular construction technologies present the most promising opportunities for reducing material waste and increasing reuse?,innovation_product_strategy,construction,"[""innovation_opportunities""]",submission_unknown,,,pending,,,session_url|share_url,force_resubmit_unknown
report,844,fa02cfe1-a83f-4de4-afd5-c6c5f5d62a06,Which emerging technologies could create new opportunities for climate-resilient construction?,innovation_product_strategy,construction,"[""innovation_opportunities""]",submission_unknown,,,pending,,,session_url|share_url,force_resubmit_unknown
report,845,3e3b3e2c-07a3-45e1-902b-297274fdc0f1,Which emerging safety technologies could address persistent worker-risk gaps across the construction industry?,innovation_product_strategy,construction,"[""innovation_opportunities""]",submission_unknown,,,pending,,,session_url|share_url,force_resubmit_unknown
report,846,35c22053-356d-46f7-9d80-f5048c178659,Which digital technologies offer the strongest opportunities to improve information continuity across the construction lifecycle?,innovation_product_strategy,construction,"[""innovation_opportunities""]",submission_unknown,,,pending,,,session_url|share_url,force_resubmit_unknown
report,847,75fe1de0-fbb9-4cff-9a89-63cf2b117d87,Which emerging technologies could unlock new opportunities for scalable renovation and retrofit across the construction industry?,innovation_product_strategy,construction,"[""innovation_opportunities""]",submission_unknown,,,pending,,,session_url|share_url,force_resubmit_unknown
report,848,68aa270b-48b5-4f60-a4bc-4301f9f7d194,Which emerging technologies could improve construction supply-chain visibility and resilience?,innovation_product_strategy,construction,"[""innovation_opportunities""]",submission_unknown,,,pending,,,session_url|share_url,force_resubmit_unknown
report,849,6d6a1244-363c-417e-8ad4-74afe66cda29,Which emerging inspection and sensing technologies could enable earlier quality-risk detection across construction?,innovation_product_strategy,construction,"[""innovation_opportunities""]",submission_unknown,,,pending,,,session_url|share_url,force_resubmit_unknown
report,850,903b881b-fe38-4425-a294-413e1f78d524,Which emerging technology pathways could expand access to skilled construction capabilities amid workforce constraints?,innovation_product_strategy,construction,"[""innovation_opportunities""]",submission_unknown,,,pending,,,session_url|share_url,force_resubmit_unknown
report,851,b5535792-662c-4999-93e8-61fc749a08f4,Which research tasks would best map the construction industry’s major technology domains and their recent trajectories?,innovation_product_strategy,construction,"[""other""]",submission_unknown,,,pending,,,session_url|share_url,force_resubmit_unknown
report,852,6bcac193-dcfb-4005-addb-446d075dc7ec,Which research tasks would reveal how technology priorities are shifting across the construction lifecycle?,innovation_product_strategy,construction,"[""other""]",submission_unknown,,,pending,,,session_url|share_url,force_resubmit_unknown
report,853,dd411483-e9fc-4040-b567-74a69494f682,Which research tasks would best compare the maturity and adoption momentum of construction technologies?,innovation_product_strategy,construction,"[""other""]",submission_unknown,,,pending,,,session_url|share_url,force_resubmit_unknown
report,854,978efc09-9f63-4769-956a-75ba7eb2c690,Which research tasks would best scan technology trends supporting construction decarbonization and resource efficiency?,innovation_product_strategy,construction,"[""other""]",submission_unknown,,,pending,,,session_url|share_url,force_resubmit_unknown
report,855,a2948f3b-8a95-4ef9-a7ce-cb060223eb2e,"Which research tasks would clarify recent directions in construction automation, robotics, and industrialized delivery?",innovation_product_strategy,construction,"[""other""]",submission_unknown,,,pending,,,session_url|share_url,force_resubmit_unknown
report,856,e2972bc3-7dbc-4772-9353-ba320fe24542,"Which research tasks would best examine the evolution of digital, data, and AI technologies across construction?",innovation_product_strategy,construction,"[""other""]",submission_unknown,,,pending,,,session_url|share_url,force_resubmit_unknown
report,857,93725f8d-9c7d-44ac-8310-5e63ceaf7719,"Which research tasks would identify technology trends reshaping construction productivity, safety, and workforce needs?",innovation_product_strategy,construction,"[""other""]",submission_unknown,,,pending,,,session_url|share_url,force_resubmit_unknown
report,858,4d2c43ff-4077-4c46-ac12-f3139a6390e0,Which research tasks would best map emerging construction technologies for resilience and climate adaptation?,innovation_product_strategy,construction,"[""other""]",submission_unknown,,,pending,,,session_url|share_url,force_resubmit_unknown
report,859,d1be15ca-5e69-491b-b7bf-809f5c9e2e31,"Which research tasks would show how regulation, standards, procurement, and interoperability are steering construction technology trends?",innovation_product_strategy,construction,"[""other""]",submission_unknown,,,pending,,,session_url|share_url,force_resubmit_unknown
report,860,dbb8c9c7-93de-4485-ae68-b8caec079b6b,Which research tasks would best identify converging technology fields and likely next developments in construction?,innovation_product_strategy,construction,"[""other""]",submission_unknown,,,pending,,,session_url|share_url,force_resubmit_unknown
report,861,a6ec4aa7-42e4-4f79-af49-63ff44fd5911,How are patent filing trends shifting across the major technology fields of the construction industry?,innovation_product_strategy,construction,"[""patent_landscapes""]",submission_unknown,,,pending,,,session_url|share_url,force_resubmit_unknown
report,862,377b0944-0749-4bba-aaf5-0625249d1fe2,"Which construction lifecycle stages are attracting growing patent activity, and how are their technology clusters evolving?",innovation_product_strategy,construction,"[""patent_landscapes""]",submission_unknown,,,pending,,,session_url|share_url,force_resubmit_unknown
report,863,83f12154-93e6-4201-b708-da82980f4947,How is the geographic distribution of construction patent activity changing across major filing jurisdictions?,innovation_product_strategy,construction,"[""patent_landscapes""]",submission_unknown,,,pending,,,session_url|share_url,force_resubmit_unknown
report,864,11c0f8aa-af3c-4d65-adae-9bf9f059bd91,"How is the mix of major patent applicants in construction changing among established companies, new entrants, and research organizations?",innovation_product_strategy,construction,"[""patent_landscapes""]",submission_unknown,,,pending,,,session_url|share_url,force_resubmit_unknown
report,865,a9276187-8e78-4211-81d4-b068f09056a9,Which technology convergences are emerging most clearly in the construction patent landscape?,innovation_product_strategy,construction,"[""patent_landscapes""]",submission_unknown,,,pending,,,session_url|share_url,force_resubmit_unknown
report,866,3bce2640-0cfe-487e-b0c6-8c958f3af90e,What does the construction patent landscape indicate about the changing maturity of major technology paths?,innovation_product_strategy,construction,"[""patent_landscapes""]",submission_unknown,,,pending,,,session_url|share_url,force_resubmit_unknown
report,867,03a2cb1b-e30d-4d67-9b0c-2ba770eaf994,Which construction technology fields show rising patent influence based on citation and family-expansion trends?,innovation_product_strategy,construction,"[""patent_landscapes""]",submission_unknown,,,pending,,,session_url|share_url,force_resubmit_unknown
report,868,b3651c44-7c69-4fdc-b4aa-4a230ef80834,How are sustainability-oriented technology directions changing within the construction patent landscape?,innovation_product_strategy,construction,"[""patent_landscapes""]",submission_unknown,,,pending,,,session_url|share_url,force_resubmit_unknown
report,869,a4507fa5-2315-40c9-a8c5-9fd43d9b9fb4,How are automation and digitalization reshaping technology clusters in the construction patent landscape?,innovation_product_strategy,construction,"[""patent_landscapes""]",submission_unknown,,,pending,,,session_url|share_url,force_resubmit_unknown
report,870,8b2bf080-0205-4726-bdb3-82e70b35b493,"How are patent trends changing around safety, resilience, and risk reduction across construction technologies?",innovation_product_strategy,construction,"[""patent_landscapes""]",submission_unknown,,,pending,,,session_url|share_url,force_resubmit_unknown
report,871,53108963-6598-4e4c-a87b-f8c8532664e5,Which intellectual-property risks are most significant when positioning new products across the construction industry?,innovation_product_strategy,construction,"[""product_ip_risks""]",submission_unknown,,,pending,,,session_url|share_url,force_resubmit_unknown
report,872,e548d420-18ef-4995-bb89-a8f52c14f4bd,What intellectual-property risks should construction product teams assess before entering new application markets?,innovation_product_strategy,construction,"[""product_ip_risks""]",submission_unknown,,,pending,,,session_url|share_url,force_resubmit_unknown
report,873,9749798d-7fc9-457a-82c3-75d30c654c10,How do digital construction workflows create intellectual-property risks for product strategy across the industry?,innovation_product_strategy,construction,"[""product_ip_risks""]",submission_unknown,,,pending,,,session_url|share_url,force_resubmit_unknown
report,874,57472961-d7e7-493b-9bd1-4c8af5220a4b,What intellectual-property risks could affect product strategies for low-carbon construction solutions?,innovation_product_strategy,construction,"[""product_ip_risks""]",submission_unknown,,,pending,,,session_url|share_url,force_resubmit_unknown
report,875,015d518e-c87b-461d-8e91-6bab4dc52046,Which intellectual-property risks should guide product decisions in off-site and industrialized construction?,innovation_product_strategy,construction,"[""product_ip_risks""]",submission_unknown,,,pending,,,session_url|share_url,force_resubmit_unknown
report,876,ef4538c6-26ae-464c-818f-1d8fd07a3087,What intellectual-property risks arise when construction product strategies incorporate automation and robotics?,innovation_product_strategy,construction,"[""product_ip_risks""]",submission_unknown,,,pending,,,session_url|share_url,force_resubmit_unknown
report,877,64383beb-143a-4505-8841-9b951691f4ea,How should intellectual-property risks be assessed for connected and smart-building product strategies?,innovation_product_strategy,construction,"[""product_ip_risks""]",submission_unknown,,,pending,,,session_url|share_url,force_resubmit_unknown
report,878,044eed00-4eb4-4181-9336-5e909431d9a5,Which intellectual-property risks could constrain construction product strategies for renovation and adaptive reuse?,innovation_product_strategy,construction,"[""product_ip_risks""]",submission_unknown,,,pending,,,session_url|share_url,force_resubmit_unknown
report,879,a07134df-656e-446f-b936-d2a5ae61d42e,What intellectual-property risks should product strategists evaluate in circular construction business models?,innovation_product_strategy,construction,"[""product_ip_risks""]",submission_unknown,,,pending,,,session_url|share_url,force_resubmit_unknown
report,880,d5a9a850-603c-4a35-b963-362d6e11e69a,How can interoperability and industry standards create intellectual-property risks for construction product strategies?,innovation_product_strategy,construction,"[""product_ip_risks""]",submission_unknown,,,pending,,,session_url|share_url,force_resubmit_unknown
report,881,3d19d207-293c-4702-989b-194955115d13,Which design and engineering technology trends should the construction industry prioritize for R&D?,innovation_product_strategy,construction,"[""rd_directions""]",submission_unknown,,,pending,,,session_url|share_url,force_resubmit_unknown
report,882,6780d01f-d936-4f13-b73b-c2ba3c1dbaa7,Which construction automation and robotics trends offer the strongest directions for future R&D?,innovation_product_strategy,construction,"[""rd_directions""]",submission_unknown,,,pending,,,session_url|share_url,force_resubmit_unknown
report,883,c4e9ede1-5941-4e01-b06f-0333cdf10730,Which emerging construction material technologies warrant priority in industry R&D portfolios?,innovation_product_strategy,construction,"[""rd_directions""]",submission_unknown,,,pending,,,session_url|share_url,force_resubmit_unknown
report,884,2b7cdaf9-40fe-4adc-8f12-7bb7372c8056,"Which digital twin, sensing, and connected-data trends should guide construction R&D priorities?",innovation_product_strategy,construction,"[""rd_directions""]",submission_unknown,,,pending,,,session_url|share_url,force_resubmit_unknown
report,885,3d46705f-a0e9-4b75-b79a-92f53c1b83fe,Which artificial intelligence trends are becoming the most consequential for construction R&D?,innovation_product_strategy,construction,"[""rd_directions""]",submission_unknown,,,pending,,,session_url|share_url,force_resubmit_unknown
report,886,2c2b3f64-2d9e-4979-9b4b-cfba1a29bbea,Which industrialized and off-site construction technology trends deserve greater R&D emphasis?,innovation_product_strategy,construction,"[""rd_directions""]",submission_unknown,,,pending,,,session_url|share_url,force_resubmit_unknown
report,887,62cb7d02-c928-4988-ab31-294acf9b6271,Which circular construction technology trends should be prioritized for further R&D?,innovation_product_strategy,construction,"[""rd_directions""]",submission_unknown,,,pending,,,session_url|share_url,force_resubmit_unknown
report,888,34942f31-bb4a-4bce-8d4f-778e078f91b0,Which decarbonization technology trends present the most promising construction R&D directions?,innovation_product_strategy,construction,"[""rd_directions""]",submission_unknown,,,pending,,,session_url|share_url,force_resubmit_unknown
report,889,a8742fbf-7b79-404e-a112-3e316bb053d0,Which climate-resilience technologies should shape the construction industry's future R&D agenda?,innovation_product_strategy,construction,"[""rd_directions""]",submission_unknown,,,pending,,,session_url|share_url,force_resubmit_unknown
report,890,4d367f92-911e-4c31-81ea-658c3c2dd3fb,Which worker safety and human-technology interaction trends merit priority in construction R&D?,innovation_product_strategy,construction,"[""rd_directions""]",submission_unknown,,,pending,,,session_url|share_url,force_resubmit_unknown
report,891,6732b19a-98c2-4458-82a6-916784fc3711,How have major construction technology competitors shifted their technology bets over the past three years?,innovation_product_strategy,construction,"[""technology_competitors""]",submission_unknown,,,pending,,,session_url|share_url,force_resubmit_unknown
report,892,ceb5208b-6067-42f2-aa15-de79019798f9,"Which partnerships, acquisitions, and investments are changing the construction technology competitive landscape?",innovation_product_strategy,construction,"[""technology_competitors""]",submission_unknown,,,pending,,,session_url|share_url,force_resubmit_unknown
report,893,d55c1e0e-036a-4992-873f-e42cd2a2ac56,Which construction technology competitors are progressing from pilots to broader commercial deployment?,innovation_product_strategy,construction,"[""technology_competitors""]",submission_unknown,,,pending,,,session_url|share_url,force_resubmit_unknown
report,894,64680e54-3648-4e64-b352-d9482f3f777b,How are major construction technology competitors expanding across regions and markets?,innovation_product_strategy,construction,"[""technology_competitors""]",submission_unknown,,,pending,,,session_url|share_url,force_resubmit_unknown
report,895,d5244177-a14c-49cf-8097-977f7b3a977e,How are construction technology competitors changing their differentiation claims and supporting evidence?,innovation_product_strategy,construction,"[""technology_competitors""]",submission_unknown,,,pending,,,session_url|share_url,force_resubmit_unknown
report,896,f589ff24-5b22-4e29-8abe-61192aa85342,"Which competitors are increasing research, development, and commercialization activity in construction technology?",innovation_product_strategy,construction,"[""technology_competitors""]",submission_unknown,,,pending,,,session_url|share_url,force_resubmit_unknown
report,897,620c8c75-b385-4890-bdd4-6fba39ae2a10,How are competitors building technology platforms and partner ecosystems across the construction industry?,innovation_product_strategy,construction,"[""technology_competitors""]",submission_unknown,,,pending,,,session_url|share_url,force_resubmit_unknown
report,898,f36a014f-7417-4e96-b0f8-efbd651c2f3a,How are construction technology competitors responding to changing standards and regulatory priorities?,innovation_product_strategy,construction,"[""technology_competitors""]",submission_unknown,,,pending,,,session_url|share_url,force_resubmit_unknown
report,899,cf6ae58f-d0c0-411c-bbef-3b6b3b0d317f,Which competitors are strengthening their positions in low-carbon and resource-efficient construction technologies?,innovation_product_strategy,construction,"[""technology_competitors""]",submission_unknown,,,pending,,,session_url|share_url,force_resubmit_unknown
report,900,764ad30c-a887-406b-8912-9f5231ab6446,"How are construction competitors combining digitalization, automation, and data capabilities to reshape their positions?",innovation_product_strategy,construction,"[""technology_competitors""]",submission_unknown,,,pending,,,session_url|share_url,force_resubmit_unknown
report,901,6b3eafbd-852b-4292-8029-f59a55eff746,Which emerging technologies offer the strongest opportunities to improve flexible and adaptive production across electronics manufacturing?,innovation_product_strategy,electronics_manufacturing,"[""innovation_opportunities""]",submission_unknown,,,pending,,,session_url|share_url,force_resubmit_unknown
report,902,1d336865-704e-4d83-a037-74c80a180f33,Which emerging inspection and metrology technologies represent the most promising innovation opportunities in electronics manufacturing?,innovation_product_strategy,electronics_manufacturing,"[""innovation_opportunities""]",submission_unknown,,,pending,,,session_url|share_url,force_resubmit_unknown
report,903,45e8495c-2fad-410b-b574-cfd51e0a34cb,Which emerging technologies could create the greatest opportunities for energy and material efficiency in electronics manufacturing?,innovation_product_strategy,electronics_manufacturing,"[""innovation_opportunities""]",submission_unknown,,,pending,,,session_url|share_url,force_resubmit_unknown
report,904,ef28fe5e-92a0-4d99-a95e-10da97b2955c,Which emerging traceability and provenance technologies offer new opportunities for electronics manufacturing supply networks?,innovation_product_strategy,electronics_manufacturing,"[""innovation_opportunities""]",submission_unknown,,,pending,,,session_url|share_url,force_resubmit_unknown
report,905,c152b4c1-1e37-4d62-b328-ecebb15633f8,Which emerging advanced-packaging capabilities present the most significant innovation opportunities for electronics manufacturers?,innovation_product_strategy,electronics_manufacturing,"[""innovation_opportunities""]",submission_unknown,,,pending,,,session_url|share_url,force_resubmit_unknown
report,906,84903a99-2c36-42af-bb3d-c9ee6af7f255,Which digital-engineering technologies offer the strongest opportunities to accelerate manufacturing planning and qualification?,innovation_product_strategy,electronics_manufacturing,"[""innovation_opportunities""]",submission_unknown,,,pending,,,session_url|share_url,force_resubmit_unknown
report,907,051770d2-80dd-4f69-9698-37cbcdc9f095,Which emerging human-machine collaboration technologies create new opportunities for electronics manufacturing operations?,innovation_product_strategy,electronics_manufacturing,"[""innovation_opportunities""]",submission_unknown,,,pending,,,session_url|share_url,force_resubmit_unknown
report,908,002afc10-6916-4ea3-91f8-c311dbbeaccc,Which emerging cybersecurity technologies offer promising opportunities for increasingly connected electronics factories?,innovation_product_strategy,electronics_manufacturing,"[""innovation_opportunities""]",submission_unknown,,,pending,,,session_url|share_url,force_resubmit_unknown
report,909,b6d340b8-7ea4-4749-b6af-0fba2b5654ce,"Which emerging technologies could unlock new repair, refurbishment, and remanufacturing opportunities in electronics manufacturing?",innovation_product_strategy,electronics_manufacturing,"[""innovation_opportunities""]",submission_unknown,,,pending,,,session_url|share_url,force_resubmit_unknown
report,910,383dcc5a-84f9-42b5-bc8e-01c3886c0781,Which emerging manufacturing technologies could enable new electronics form factors and application spaces?,innovation_product_strategy,electronics_manufacturing,"[""innovation_opportunities""]",submission_unknown,,,pending,,,session_url|share_url,force_resubmit_unknown
report,911,a9e22298-a784-4898-9e8b-90f288db75cf,"Which technology domains are changing fastest across electronics manufacturing, and what research tasks would clarify their strategic relevance?",innovation_product_strategy,electronics_manufacturing,"[""other""]",submission_unknown,,,pending,,,session_url|share_url,force_resubmit_unknown
report,912,52a2397d-3e77-472d-b425-d9b0768a26cf,"Where are technology priorities shifting across the electronics manufacturing lifecycle, and which research tasks best examine each stage?",innovation_product_strategy,electronics_manufacturing,"[""other""]",submission_unknown,,,pending,,,session_url|share_url,force_resubmit_unknown
report,913,85665981-cde9-4401-aa45-25308e6af8a0,"Which electronics manufacturing technologies are moving from experimentation toward scaled adoption, and how should their maturity be researched?",innovation_product_strategy,electronics_manufacturing,"[""other""]",submission_unknown,,,pending,,,session_url|share_url,force_resubmit_unknown
report,914,49958e74-f386-45bf-98ad-adcb6a7d6a48,"How are automation, AI, connectivity, and digital engineering converging across electronics manufacturing, and which research tasks could map that convergence?",innovation_product_strategy,electronics_manufacturing,"[""other""]",submission_unknown,,,pending,,,session_url|share_url,force_resubmit_unknown
report,915,844cc5dd-ef5c-4b0e-afbf-dac6f0c82ba0,How are quality and reliability technologies evolving across electronics manufacturing?,innovation_product_strategy,electronics_manufacturing,"[""other""]",submission_unknown,,,pending,,,session_url|share_url,force_resubmit_unknown
report,916,374d517d-1392-4f47-9deb-3ab35e7f3420,"Which sustainability and circularity technology trends are reshaping electronics manufacturing, and how could their implications be researched?",innovation_product_strategy,electronics_manufacturing,"[""other""]",submission_unknown,,,pending,,,session_url|share_url,force_resubmit_unknown
report,917,1826676e-02fa-4584-9c74-fb8b6717861f,"How are resilience and production-flexibility technologies changing across electronics manufacturing, and which research tasks can evaluate their direction?",innovation_product_strategy,electronics_manufacturing,"[""other""]",submission_unknown,,,pending,,,session_url|share_url,force_resubmit_unknown
report,918,a14134b6-a44e-4ea6-a612-5acdcfcebe4b,"How are interoperability, data governance, and cybersecurity trends reshaping the electronics manufacturing technology landscape?",innovation_product_strategy,electronics_manufacturing,"[""other""]",submission_unknown,,,pending,,,session_url|share_url,force_resubmit_unknown
report,919,dbedad32-1c9d-41b5-bd86-04063892deb9,"How do electronics manufacturing technology trajectories differ across major global regions, and which comparative research tasks would explain the differences?",innovation_product_strategy,electronics_manufacturing,"[""other""]",submission_unknown,,,pending,,,session_url|share_url,force_resubmit_unknown
report,920,d993652a-2eb8-4a02-828e-ba92a377ed22,"Which emerging technology signals could define the next phase of electronics manufacturing, and what horizon-scanning tasks should investigate them?",innovation_product_strategy,electronics_manufacturing,"[""other""]",submission_unknown,,,pending,,,session_url|share_url,force_resubmit_unknown
report,921,0cca41f1-6cb6-4115-97d0-5aafe02e7e73,Which technology clusters show the strongest patent-filing growth across the electronics manufacturing industry?,innovation_product_strategy,electronics_manufacturing,"[""patent_landscapes""]",submission_unknown,,,pending,,,session_url|share_url,force_resubmit_unknown
report,922,bdff4344-4cf6-41f1-8167-cbb8d76d40e8,How is the landscape of major patent rights holders changing across electronics manufacturing?,innovation_product_strategy,electronics_manufacturing,"[""patent_landscapes""]",submission_unknown,,,pending,,,session_url|share_url,force_resubmit_unknown
report,923,c5ab1440-89bf-411a-9c43-bfdb7f890a20,How are electronics manufacturing patent filings shifting across major global jurisdictions?,innovation_product_strategy,electronics_manufacturing,"[""patent_landscapes""]",submission_unknown,,,pending,,,session_url|share_url,force_resubmit_unknown
report,924,54945f98-dcb3-4f1a-8868-9368e94b6eeb,Which electronics manufacturing value-chain stages are gaining or losing patent activity?,innovation_product_strategy,electronics_manufacturing,"[""patent_landscapes""]",submission_unknown,,,pending,,,session_url|share_url,force_resubmit_unknown
report,925,70e1241d-87ca-4767-9dfc-a888c2f72fd2,How are the manufacturing objectives emphasized in electronics patent filings changing over time?,innovation_product_strategy,electronics_manufacturing,"[""patent_landscapes""]",submission_unknown,,,pending,,,session_url|share_url,force_resubmit_unknown
report,926,5f3e6904-9649-4452-bc6b-278f25451657,What patent evidence indicates the relative maturity of major technology fields in electronics manufacturing?,innovation_product_strategy,electronics_manufacturing,"[""patent_landscapes""]",submission_unknown,,,pending,,,session_url|share_url,force_resubmit_unknown
report,927,34594cab-a063-4edb-9b86-17466d362b1d,Where is technological convergence increasing within the electronics manufacturing patent landscape?,innovation_product_strategy,electronics_manufacturing,"[""patent_landscapes""]",submission_unknown,,,pending,,,session_url|share_url,force_resubmit_unknown
report,928,e25a754b-9646-45e4-824f-0e40d50f3da0,How is sustainability-related patent activity evolving across the electronics manufacturing industry?,innovation_product_strategy,electronics_manufacturing,"[""patent_landscapes""]",submission_unknown,,,pending,,,session_url|share_url,force_resubmit_unknown
report,929,cd0ad304-7159-41d3-91e5-3feb8067c228,How are automation and data-driven technologies reshaping the electronics manufacturing patent landscape?,innovation_product_strategy,electronics_manufacturing,"[""patent_landscapes""]",submission_unknown,,,pending,,,session_url|share_url,force_resubmit_unknown
report,930,d8fce51d-ffc6-4015-a787-5837adc094d9,Which early patent signals point to emerging technology directions across electronics manufacturing?,innovation_product_strategy,electronics_manufacturing,"[""patent_landscapes""]",submission_unknown,,,pending,,,session_url|share_url,force_resubmit_unknown
report,931,469b3d8d-b19b-4f44-91c1-f3ad75a4e196,Which intellectual-property risks should electronics manufacturers assess when prioritizing major product application opportunities?,innovation_product_strategy,electronics_manufacturing,"[""product_ip_risks""]",submission_unknown,,,pending,,,session_url|share_url,force_resubmit_unknown
report,932,47aee95d-091c-4eec-953f-eb3cd85eaa63,How do intellectual-property risks vary across the product lifecycle in electronics manufacturing?,innovation_product_strategy,electronics_manufacturing,"[""product_ip_risks""]",submission_unknown,,,pending,,,session_url|share_url,force_resubmit_unknown
report,933,847c316d-f595-4201-b0b6-96bbcee9802b,Which intellectual-property risks should be assessed when planning geographic market entry for electronics products?,innovation_product_strategy,electronics_manufacturing,"[""product_ip_risks""]",submission_unknown,,,pending,,,session_url|share_url,force_resubmit_unknown
report,934,db63ce6d-13db-4580-99dc-c58138a39584,"What intellectual-property risks arise from standards, interoperability requirements, and industry interfaces in electronics manufacturing?",innovation_product_strategy,electronics_manufacturing,"[""product_ip_risks""]",submission_unknown,,,pending,,,session_url|share_url,force_resubmit_unknown
report,935,a42187d7-7af0-4382-bc43-0de6d98209a6,Which intellectual-property risks should product strategists assess when relying on external technology and manufacturing suppliers?,innovation_product_strategy,electronics_manufacturing,"[""product_ip_risks""]",submission_unknown,,,pending,,,session_url|share_url,force_resubmit_unknown
report,936,5bce19e5-accc-457a-b64d-0f9789723bb4,What intellectual-property risks should be assessed for software-enabled functions across electronics manufacturing?,innovation_product_strategy,electronics_manufacturing,"[""product_ip_risks""]",submission_unknown,,,pending,,,session_url|share_url,force_resubmit_unknown
report,937,9dfc5971-7285-4da5-837a-c8a9c8213dd6,Which intellectual-property risks can affect the use of manufacturing processes and production know-how in electronics manufacturing?,innovation_product_strategy,electronics_manufacturing,"[""product_ip_risks""]",submission_unknown,,,pending,,,session_url|share_url,force_resubmit_unknown
report,938,d5fcded7-752b-440b-a1dd-1ad6d47dffe5,What intellectual-property risks should be assessed before emerging technologies are added to electronics product roadmaps?,innovation_product_strategy,electronics_manufacturing,"[""product_ip_risks""]",submission_unknown,,,pending,,,session_url|share_url,force_resubmit_unknown
report,939,4fec4cca-11bb-42bd-988b-bbb89b207a30,Which intellectual-property ownership risks should electronics manufacturers assess in collaborative product development?,innovation_product_strategy,electronics_manufacturing,"[""product_ip_risks""]",submission_unknown,,,pending,,,session_url|share_url,force_resubmit_unknown
report,940,1e645790-359a-43b6-a26a-7377b179d668,What intellectual-property risks could constrain design-around options and future product differentiation in electronics manufacturing?,innovation_product_strategy,electronics_manufacturing,"[""product_ip_risks""]",submission_unknown,,,pending,,,session_url|share_url,force_resubmit_unknown
report,941,c89f980c-4ade-48ed-891f-e3b02c485f93,Which emerging technology trends should shape R&D priorities across the electronics manufacturing industry?,innovation_product_strategy,electronics_manufacturing,"[""rd_directions""]",submission_unknown,,,pending,,,session_url|share_url,force_resubmit_unknown
report,942,a664400c-ec7a-42dd-ae9b-9ec58741cfa8,How are intelligent automation trends changing R&D opportunities across electronics manufacturing?,innovation_product_strategy,electronics_manufacturing,"[""rd_directions""]",submission_unknown,,,pending,,,session_url|share_url,force_resubmit_unknown
report,943,f3fbb1d9-e3cf-4572-b175-bc19fddc2f54,"Which inspection, metrology, and quality-control technology trends offer the strongest R&D opportunities in electronics manufacturing?",innovation_product_strategy,electronics_manufacturing,"[""rd_directions""]",submission_unknown,,,pending,,,session_url|share_url,force_resubmit_unknown
report,944,6edaf106-9622-46c4-b991-18497a9b514c,How should digital twins and virtual engineering trends influence electronics manufacturing R&D priorities?,innovation_product_strategy,electronics_manufacturing,"[""rd_directions""]",submission_unknown,,,pending,,,session_url|share_url,force_resubmit_unknown
report,945,a40dac6f-5e7c-4496-b2f5-d8673f3c8c61,Which advanced packaging and interconnect trends warrant greater R&D attention across electronics manufacturing?,innovation_product_strategy,electronics_manufacturing,"[""rd_directions""]",submission_unknown,,,pending,,,session_url|share_url,force_resubmit_unknown
report,946,9552cfc0-a18e-4945-b67b-67f55333bab1,How are sustainable manufacturing technologies creating new R&D priorities in the electronics manufacturing industry?,innovation_product_strategy,electronics_manufacturing,"[""rd_directions""]",submission_unknown,,,pending,,,session_url|share_url,force_resubmit_unknown
report,947,adcd4f80-8c59-46dc-8846-c5475c3e5e46,Which additive and printed electronics manufacturing trends have the greatest potential to become mainstream R&D fields?,innovation_product_strategy,electronics_manufacturing,"[""rd_directions""]",submission_unknown,,,pending,,,session_url|share_url,force_resubmit_unknown
report,948,2f84cb33-194a-47b0-8de8-edbbf413eee2,Which materials and process technology trends are most likely to reshape electronics manufacturing R&D?,innovation_product_strategy,electronics_manufacturing,"[""rd_directions""]",submission_unknown,,,pending,,,session_url|share_url,force_resubmit_unknown
report,949,e82f621b-5e23-4509-bac7-50e115966605,How are connected-factory and manufacturing data infrastructure trends shifting electronics manufacturing R&D priorities?,innovation_product_strategy,electronics_manufacturing,"[""rd_directions""]",submission_unknown,,,pending,,,session_url|share_url,force_resubmit_unknown
report,950,e952e67a-1505-44ff-b303-da6a6cf41637,Which manufacturing technologies are emerging to improve resilience and adaptability across the electronics industry?,innovation_product_strategy,electronics_manufacturing,"[""rd_directions""]",submission_unknown,,,pending,,,session_url|share_url,force_resubmit_unknown
report,951,857bdb95-2343-4698-b605-bbcbc02e19da,How have major electronics manufacturing competitors shifted their technology bets over the past two years?,innovation_product_strategy,electronics_manufacturing,"[""technology_competitors""]",submission_unknown,,,pending,,,session_url|share_url,force_resubmit_unknown
report,952,18aa134b-1a2f-4388-9248-cc104a146c19,Which electronics manufacturing competitors have advanced their technologies toward commercial readiness over the past two years?,innovation_product_strategy,electronics_manufacturing,"[""technology_competitors""]",submission_unknown,,,pending,,,session_url|share_url,force_resubmit_unknown
report,953,8404b7af-fb87-48da-89df-83b6ab5fbf3f,How have competitors’ partnerships changed access to technology in electronics manufacturing over the past two years?,innovation_product_strategy,electronics_manufacturing,"[""technology_competitors""]",submission_unknown,,,pending,,,session_url|share_url,force_resubmit_unknown
report,954,6acbfd09-b8f0-4221-a581-1365549ca26c,Which new technology providers have become credible competitors in electronics manufacturing over the past two years?,innovation_product_strategy,electronics_manufacturing,"[""technology_competitors""]",submission_unknown,,,pending,,,session_url|share_url,force_resubmit_unknown
report,955,cc904f91-14cd-49da-9682-d3179660d18c,How has evidence for competitors’ technical performance advantages changed in electronics manufacturing over the past two years?,innovation_product_strategy,electronics_manufacturing,"[""technology_competitors""]",submission_unknown,,,pending,,,session_url|share_url,force_resubmit_unknown
report,956,ac8a8c78-17d1-4f34-ad8e-db75b8b6dbcf,How have electronics manufacturing competitors changed their approach to technology integration over the past two years?,innovation_product_strategy,electronics_manufacturing,"[""technology_competitors""]",submission_unknown,,,pending,,,session_url|share_url,force_resubmit_unknown
report,957,7c07dac0-0be0-4c9b-9e1a-67d0fcb7f5cf,Which competitors’ technologies have moved from initial deployments to wider use in electronics manufacturing over the past two years?,innovation_product_strategy,electronics_manufacturing,"[""technology_competitors""]",submission_unknown,,,pending,,,session_url|share_url,force_resubmit_unknown
report,958,ad2ace6e-adb9-48bd-b11f-728a426aa414,How have competitors’ acquisitions changed technology supply options in electronics manufacturing over the past two years?,innovation_product_strategy,electronics_manufacturing,"[""technology_competitors""]",submission_unknown,,,pending,,,session_url|share_url,force_resubmit_unknown
report,959,8840ae87-b528-40ac-a8ac-c7e4ff55b3b6,Where have electronics manufacturing competitors reduced technology commitments over the past two years?,innovation_product_strategy,electronics_manufacturing,"[""technology_competitors""]",submission_unknown,,,pending,,,session_url|share_url,force_resubmit_unknown
report,960,328c5ae1-c3bc-4f1c-bc4f-188a4d132c6b,How have competitors’ sustainability-focused technology offerings evolved in electronics manufacturing over the past two years?,innovation_product_strategy,electronics_manufacturing,"[""technology_competitors""]",submission_unknown,,,pending,,,session_url|share_url,force_resubmit_unknown
report,961,59336076-95cd-4e92-9b48-735a363330ad,Which emerging technologies offer the strongest innovation opportunities across the energy industry?,innovation_product_strategy,energy,"[""innovation_opportunities""]",submission_unknown,,,pending,,,session_url|share_url,force_resubmit_unknown
report,962,246b8a23-e0a4-4092-90fe-2e836fe71bef,Where do unmet operational needs create the most promising technology innovation opportunities in the energy industry?,innovation_product_strategy,energy,"[""innovation_opportunities""]",submission_unknown,,,pending,,,session_url|share_url,force_resubmit_unknown
report,963,6b06c672-9d8a-4d0a-a671-2ffb5b838381,Which cross-sector integration technologies present new application opportunities for the energy industry?,innovation_product_strategy,energy,"[""innovation_opportunities""]",submission_unknown,,,pending,,,session_url|share_url,force_resubmit_unknown
report,964,12c83a12-62ba-4c76-92d7-d054993a43e2,Which emerging technologies could create new resilience and climate-adaptation opportunities across the energy industry?,innovation_product_strategy,energy,"[""innovation_opportunities""]",submission_unknown,,,pending,,,session_url|share_url,force_resubmit_unknown
report,965,3eb68f00-10fe-458a-a3a4-ada144f29878,Which technology opportunities could advance circularity and resource efficiency across the energy industry?,innovation_product_strategy,energy,"[""innovation_opportunities""]",submission_unknown,,,pending,,,session_url|share_url,force_resubmit_unknown
report,966,c8338e9a-c5bb-4ced-86c5-02400055fbd4,Which emerging digital technologies open significant new value opportunities across the energy industry?,innovation_product_strategy,energy,"[""innovation_opportunities""]",submission_unknown,,,pending,,,session_url|share_url,force_resubmit_unknown
report,967,ce1a5ec5-586c-4d81-968a-5e7b949fbbb6,Which technologies could unlock new opportunities for decentralized and participatory energy systems?,innovation_product_strategy,energy,"[""innovation_opportunities""]",submission_unknown,,,pending,,,session_url|share_url,force_resubmit_unknown
report,968,40938d29-488b-45f8-8a77-a29ee8a4470e,Which emerging technologies offer innovation opportunities for energy-intensive and hard-to-abate applications?,innovation_product_strategy,energy,"[""innovation_opportunities""]",submission_unknown,,,pending,,,session_url|share_url,force_resubmit_unknown
report,969,405b1036-bd7a-4e52-9ce8-5a07090834cc,Which emerging technologies could turn major energy infrastructure bottlenecks into innovation opportunities?,innovation_product_strategy,energy,"[""innovation_opportunities""]",submission_unknown,,,pending,,,session_url|share_url,force_resubmit_unknown
report,970,85454ea3-1fe3-4d53-800e-7893d7a4fa41,Which technologies from adjacent industries have the greatest potential for novel applications in the energy industry?,innovation_product_strategy,energy,"[""innovation_opportunities""]",submission_unknown,,,pending,,,session_url|share_url,force_resubmit_unknown
report,971,b7abbdab-5015-4b9c-a8dc-38b59206bed7,Which research tasks should be prioritized to scan trends across the energy industry's major technology domains?,innovation_product_strategy,energy,"[""other""]",submission_unknown,,,pending,,,session_url|share_url,force_resubmit_unknown
report,972,3c24af12-3c8a-469e-a72f-fbe69635e2be,What research tasks could reveal how technology priorities are shifting across the energy value chain?,innovation_product_strategy,energy,"[""other""]",submission_unknown,,,pending,,,session_url|share_url,force_resubmit_unknown
report,973,73d82dce-058f-4728-b2d2-a2402a638207,Which research tasks are most useful for tracking maturity shifts in energy technologies?,innovation_product_strategy,energy,"[""other""]",submission_unknown,,,pending,,,session_url|share_url,force_resubmit_unknown
report,974,79ae1d9e-e584-41a3-bb05-9bded58ce2c7,What research tasks could map emerging points of convergence among energy technologies?,innovation_product_strategy,energy,"[""other""]",submission_unknown,,,pending,,,session_url|share_url,force_resubmit_unknown
report,975,37538bc9-8683-4915-9e54-bcd73922899c,Which research tasks should be considered to scan the changing role of digital technologies across the energy industry?,innovation_product_strategy,energy,"[""other""]",submission_unknown,,,pending,,,session_url|share_url,force_resubmit_unknown
report,976,469b2b48-2ef3-47a9-bfc6-e6b8c24dca40,What research tasks could identify rising system-integration challenges in the energy technology landscape?,innovation_product_strategy,energy,"[""other""]",failed,,,pending,,,session_url|share_url,retry_failed
report,977,63271ed8-4033-47be-93bf-106800e28248,Which research tasks can distinguish established energy technology trends from newly emerging directions?,innovation_product_strategy,energy,"[""other""]",failed,,,pending,,,session_url|share_url,retry_failed
report,978,35b7f2f8-5aad-4a54-b1e6-39f26aeea81a,What research tasks could compare regional differences in energy technology trends while preserving an industry-wide view?,innovation_product_strategy,energy,"[""other""]",failed,,,pending,,,session_url|share_url,retry_failed
report,979,5f52e9f7-99aa-499b-bd4f-d22183c01890,Which research tasks should be selected to assess the strength of evidence behind energy technology trends?,innovation_product_strategy,energy,"[""other""]",failed,,,pending,,,session_url|share_url,retry_failed
report,1208,defa7592-d637-4f63-baa8-8da9ad016975,Which emerging maintenance and lifecycle technologies could create new value opportunities for medical devices?,innovation_product_strategy,medical_devices,"[""innovation_opportunities""]",submission_unknown,,,pending,,,session_url|share_url,force_resubmit_unknown
report,1209,13a63843-3565-4fee-acb7-755fb278b4ef,Which advanced manufacturing technologies could enable emerging opportunities across the medical device industry?,innovation_product_strategy,medical_devices,"[""innovation_opportunities""]",submission_unknown,,,pending,,,session_url|share_url,force_resubmit_unknown
report,1210,c78de6c5-490a-4919-b77a-3074c728fbaa,Which emerging technologies could expand medical device access in resource-constrained care environments?,innovation_product_strategy,medical_devices,"[""innovation_opportunities""]",submission_unknown,,,pending,,,session_url|share_url,force_resubmit_unknown
report,1211,501cd9b8-3688-4db7-be14-2725763ad910,Which research tasks would best map the major technology trends reshaping the medical devices industry?,innovation_product_strategy,medical_devices,"[""other""]",submission_unknown,,,pending,,,session_url|share_url,force_resubmit_unknown
report,1212,2df3eb95-11ff-4365-a06b-f09e50beb200,Which trend-scanning tasks can reveal how technology maturity is changing across the medical devices industry?,innovation_product_strategy,medical_devices,"[""other""]",submission_unknown,,,pending,,,session_url|share_url,force_resubmit_unknown
report,1213,869f9058-d9e1-4238-b4e5-8feea9338b5d,Which research tasks should be considered to track emerging technology convergence in the medical devices industry?,innovation_product_strategy,medical_devices,"[""other""]",submission_unknown,,,pending,,,session_url|share_url,force_resubmit_unknown
report,1214,218b0890-77bb-4476-bc25-068c258e6fc3,Which tasks can clarify where technology trends are changing medical device lifecycle activities most rapidly?,innovation_product_strategy,medical_devices,"[""other""]",submission_unknown,,,pending,,,session_url|share_url,force_resubmit_unknown
report,1215,77f10004-7463-4536-bb87-fd4e84fbe8e1,Which research tasks would show how medical device technology trends differ across application and care contexts?,innovation_product_strategy,medical_devices,"[""other""]",submission_unknown,,,pending,,,session_url|share_url,force_resubmit_unknown
report,1216,c4d76475-5c2f-4199-920a-377512bc7108,Which trend-scanning tasks can map changes in the major system components of medical devices?,innovation_product_strategy,medical_devices,"[""other""]",submission_unknown,,,pending,,,session_url|share_url,force_resubmit_unknown
report,1217,3a9624ab-0d61-42c5-b7aa-53bb175b082e,Which research workstreams and evidence sources are most suitable for scanning medical device technology trends?,innovation_product_strategy,medical_devices,"[""other""]",submission_unknown,,,pending,,,session_url|share_url,force_resubmit_unknown
report,1218,3754ea5a-f484-470d-bed3-b0eba6d8d68d,Which tasks would best compare regional differences in medical device technology trends while preserving a global industry view?,innovation_product_strategy,medical_devices,"[""other""]",submission_unknown,,,pending,,,session_url|share_url,force_resubmit_unknown
report,1219,3dfa696c-b306-4163-8d6b-5e30f6e23ef6,Which research tasks can track how technical challenges are influencing medical device innovation directions?,innovation_product_strategy,medical_devices,"[""other""]",submission_unknown,,,pending,,,session_url|share_url,force_resubmit_unknown
report,1220,d0f44144-67ff-4417-9800-40f3a4b8f911,Which tasks can identify weak signals and likely next developments in the medical device technology landscape?,innovation_product_strategy,medical_devices,"[""other""]",submission_unknown,,,pending,,,session_url|share_url,force_resubmit_unknown
report,1221,5197d31b-8fa4-438a-a664-f06930f2841b,Which technology clusters are gaining or losing patent-filing momentum across the medical devices industry?,innovation_product_strategy,medical_devices,"[""patent_landscapes""]",submission_unknown,,,pending,,,session_url|share_url,force_resubmit_unknown
report,1222,97b42f1d-220d-48e4-a36e-4dea631ba8dd,How is the concentration of major patent rights holders changing across the medical devices industry?,innovation_product_strategy,medical_devices,"[""patent_landscapes""]",submission_unknown,,,pending,,,session_url|share_url,force_resubmit_unknown
report,1223,0aafb71c-2cdf-41b6-b521-7576fbe8be89,Which geographic filing patterns are emerging in the global medical devices patent landscape?,innovation_product_strategy,medical_devices,"[""patent_landscapes""]",submission_unknown,,,pending,,,session_url|share_url,force_resubmit_unknown
report,1224,8cf859c3-9134-417a-917b-7f8bd7c449af,Where is patent activity showing increasing convergence between medical devices and adjacent technology fields?,innovation_product_strategy,medical_devices,"[""patent_landscapes""]",submission_unknown,,,pending,,,session_url|share_url,force_resubmit_unknown
report,1225,89887dc8-2b60-451e-8ad0-4cbc2e412bd9,How are medical-device patent families changing in scale and international reach?,innovation_product_strategy,medical_devices,"[""patent_landscapes""]",submission_unknown,,,pending,,,session_url|share_url,force_resubmit_unknown
report,1226,49eb4ba2-1f88-44e0-a5c7-a3ce904d96b7,"Which new types of patent applicants are entering the medical devices landscape, and where is their activity growing?",innovation_product_strategy,medical_devices,"[""patent_landscapes""]",submission_unknown,,,pending,,,session_url|share_url,force_resubmit_unknown
report,1227,d2b9b7d7-5628-43dd-bce9-ef02a268bcb3,How are citation relationships among major medical-device patent clusters evolving?,innovation_product_strategy,medical_devices,"[""patent_landscapes""]",submission_unknown,,,pending,,,session_url|share_url,force_resubmit_unknown
report,1228,23b2c6f6-668b-4d43-9fae-36a697c42166,Which broad medical-device application fields are experiencing the strongest shifts in patent activity?,innovation_product_strategy,medical_devices,"[""patent_landscapes""]",submission_unknown,,,pending,,,session_url|share_url,force_resubmit_unknown
report,1229,447b0c1e-7d15-488d-ae3b-2c49824eb96e,How are collaboration and shared ownership patterns changing in medical-device patenting?,innovation_product_strategy,medical_devices,"[""patent_landscapes""]",submission_unknown,,,pending,,,session_url|share_url,force_resubmit_unknown
report,1230,9997cd61-2f84-4f9f-8bde-fc1ad4edbd24,What do patent age and legal-status trends indicate about the maturity of major medical-device technology fields?,innovation_product_strategy,medical_devices,"[""patent_landscapes""]",submission_unknown,,,pending,,,session_url|share_url,force_resubmit_unknown
report,1231,3e7da7f7-5bcc-4e8b-80e1-7893bb90e7b2,Which patent and ownership risks could constrain product positioning across major medical device application fields?,innovation_product_strategy,medical_devices,"[""product_ip_risks""]",submission_unknown,,,pending,,,session_url|share_url,force_resubmit_unknown
report,1232,4d694b19-3780-43e6-b5fe-db35ff9c36ef,What IP risks should medical device companies assess when incorporating artificial intelligence and software into product roadmaps?,innovation_product_strategy,medical_devices,"[""product_ip_risks""]",submission_unknown,,,pending,,,session_url|share_url,force_resubmit_unknown
report,1234,a03f5522-a5df-4c1d-9ed8-9ddd055973c1,Which third-party technology and supplier IP risks should be evaluated in medical device product planning?,innovation_product_strategy,medical_devices,"[""product_ip_risks""]",submission_unknown,,,pending,,,session_url|share_url,force_resubmit_unknown
report,1235,ef4c314d-5176-4725-b52b-82aff4c6445f,What intellectual-property provenance risks can arise from collaborations used to develop medical device product concepts?,innovation_product_strategy,medical_devices,"[""product_ip_risks""]",submission_unknown,,,pending,,,session_url|share_url,force_resubmit_unknown
report,1236,8bdbc214-ebfa-481f-9604-987c6dedd277,"How do product updates, redesigns, and lifecycle extensions change IP risk across the medical devices industry?",innovation_product_strategy,medical_devices,"[""product_ip_risks""]",submission_unknown,,,pending,,,session_url|share_url,force_resubmit_unknown
report,1237,16b5d3f6-fd00-49a0-a587-37ef39c15c6a,Which jurisdiction-dependent IP risks should inform market-entry priorities for medical device products?,innovation_product_strategy,medical_devices,"[""product_ip_risks""]",submission_unknown,,,pending,,,session_url|share_url,force_resubmit_unknown
report,1238,659ba6b5-f39b-4be6-8e59-68e02f38264a,"What design-right, trade-dress, and interface IP risks could affect differentiation in medical device markets?",innovation_product_strategy,medical_devices,"[""product_ip_risks""]",submission_unknown,,,pending,,,session_url|share_url,force_resubmit_unknown
report,1239,fb34a338-6658-412e-91d7-56119e322d65,How should crowded patent fields and potential design-around constraints be assessed in medical device portfolio strategy?,innovation_product_strategy,medical_devices,"[""product_ip_risks""]",submission_unknown,,,pending,,,session_url|share_url,force_resubmit_unknown
report,1240,4343b5ff-19be-47da-a9d4-a3ef5753d434,"Which IP risks emerge when medical device products depend on post-market updates, servicing, and repair ecosystems?",innovation_product_strategy,medical_devices,"[""product_ip_risks""]",submission_unknown,,,pending,,,session_url|share_url,force_resubmit_unknown
report,1241,a0d54654-1fed-4f84-9824-68d4864407cd,Which sensing and diagnostic technology trends should medical-device R&D teams prioritize?,innovation_product_strategy,medical_devices,"[""rd_directions""]",submission_unknown,,,pending,,,session_url|share_url,force_resubmit_unknown
report,1242,89cde6a5-34ae-427e-87d7-9ff76b0d46c0,Which artificial intelligence and software technology trends merit priority in medical-device R&D?,innovation_product_strategy,medical_devices,"[""rd_directions""]",submission_unknown,,,pending,,,session_url|share_url,force_resubmit_unknown
report,1243,6a483927-afab-431f-b638-1cac623a07a0,Which connected-device and remote-monitoring trends should shape medical-device R&D priorities?,innovation_product_strategy,medical_devices,"[""rd_directions""]",submission_unknown,,,pending,,,session_url|share_url,force_resubmit_unknown
report,1244,ea9ddf6f-f300-4166-933b-64bb29af6ac6,Which robotics and automation trends offer the strongest R&D opportunities across the medical-device industry?,innovation_product_strategy,medical_devices,"[""rd_directions""]",submission_unknown,,,pending,,,session_url|share_url,force_resubmit_unknown
report,1245,1f112fdd-2bf2-4f3d-9913-4c417d470fe3,Which advanced materials and manufacturing trends should be prioritized for medical-device R&D?,innovation_product_strategy,medical_devices,"[""rd_directions""]",submission_unknown,,,pending,,,session_url|share_url,force_resubmit_unknown
report,1246,b21b41e4-dd52-47a0-8313-b5579668314c,"Which power, energy-storage, and energy-harvesting trends deserve priority in medical-device R&D?",innovation_product_strategy,medical_devices,"[""rd_directions""]",submission_unknown,,,pending,,,session_url|share_url,force_resubmit_unknown
report,1247,f42c8200-fbb9-46c7-96bd-79447216cda7,Which interoperability and cybersecurity technology trends should medical-device R&D prioritize?,innovation_product_strategy,medical_devices,"[""rd_directions""]",submission_unknown,,,pending,,,session_url|share_url,force_resubmit_unknown
report,1276,3a1e6f81-639f-4085-8183-44e5834f9b0f,Which research tasks could identify how industry research and development priorities are evolving?,innovation_product_strategy,other,"[""other""]",submitted,sess_d5b74cbc013d4bae,https://eureka.patsnap.com/ai-search/sess_d5b74cbc013d4bae?from=rd-home&start_from=eureka_landingpage,submission_unknown,,,share_url,retry_share_only
report,1277,65730165-4b72-4504-876e-287c83f75b52,Which research tasks would best assess trends in the industry’s enabling technologies and infrastructure?,innovation_product_strategy,other,"[""other""]",submission_unknown,,,pending,,,session_url|share_url,force_resubmit_unknown
report,1278,e5f8a620-a3bf-4797-8c26-19fcc9ab188d,Which research tasks could show how the industry’s principal technical challenges are changing?,innovation_product_strategy,other,"[""other""]",submission_unknown,,,pending,,,session_url|share_url,force_resubmit_unknown
report,1279,eade7aed-0ceb-44a0-814d-89aa43233576,Which research tasks would clarify trends in interoperability across major industry technology areas?,innovation_product_strategy,other,"[""other""]",submission_unknown,,,pending,,,session_url|share_url,force_resubmit_unknown
report,1328,436aa40e-e444-4061-9514-b3b25bfcb515,Where could better compatibility between automotive products and external systems unlock new product concepts?,other,automotive,"[""ideas_concepts""]",submitted,sess_5c5d824d4deb4f5b,https://eureka.patsnap.com/ai-search/sess_5c5d824d4deb4f5b?from=rd-home&start_from=eureka_landingpage,submission_unknown,,,share_url,retry_share_only
report,1469,f3b34383-7651-4ae1-bf18-82b7453c822d,Which cross-field combinations are becoming more frequent in chemical-industry patent disclosures?,other,chemical,"[""search_draft_patents""]",submitted,sess_69285ef171dc454c,https://eureka.patsnap.com/ai-search/sess_69285ef171dc454c?from=rd-home&start_from=eureka_landingpage,submission_unknown,,,share_url,retry_share_only
report,1610,ae91c52f-5e59-4a02-ba9f-1f049e5acd33,Where can AI help check product designs against applicable standards in electronics manufacturing?,other,electronics_manufacturing,"[""technical_solutions""]",submission_unknown,,,pending,,,session_url|share_url,force_resubmit_unknown
report,1851,69a643cc-4aeb-4671-8c1d-1b35cb158001,Which materials technology trends are changing how product designers balance competing performance requirements?,other,materials,"[""technology_trends""]",submission_unknown,,,pending,,,session_url|share_url,force_resubmit_unknown
report,1852,5c2dfc93-38aa-4843-8c3e-8f442beb4e33,How are computational materials technologies evolving to support product design decisions?,other,materials,"[""technology_trends""]",submission_unknown,,,pending,,,session_url|share_url,force_resubmit_unknown
report,1853,2deac97e-3cc9-4c86-a933-bed675007b0a,What trends in multifunctional materials could expand the functions available to product designers?,other,materials,"[""technology_trends""]",submission_unknown,,,pending,,,session_url|share_url,force_resubmit_unknown
report,1854,8d1f9823-138b-4b40-a049-b9ef06aae075,Which materials technology trends are expanding options for circular product design?,other,materials,"[""technology_trends""]",submission_unknown,,,pending,,,session_url|share_url,force_resubmit_unknown
report,1855,e2c8bade-946f-4a32-bde4-0fad18bb8761,How are advances in materials durability changing the possibilities for longer-lived product design?,other,materials,"[""technology_trends""]",submission_unknown,,,pending,,,session_url|share_url,force_resubmit_unknown
report,1856,e10a017d-31b5-4bf2-a273-a213abef6c6d,Which advances are making emerging materials more practical to incorporate into manufacturable product designs?,other,materials,"[""technology_trends""]",submission_unknown,,,pending,,,session_url|share_url,force_resubmit_unknown
report,1857,e48218db-1e0f-4510-9976-8d51e6eec5fd,How are materials characterization and validation technologies evolving to reduce uncertainty in product design?,other,materials,"[""technology_trends""]",submission_unknown,,,pending,,,session_url|share_url,force_resubmit_unknown
report,1858,cd1ba483-c425-412e-92a5-c42c9bce9edc,What technology trends are broadening material substitution options for resource-efficient product design?,other,materials,"[""technology_trends""]",submission_unknown,,,pending,,,session_url|share_url,force_resubmit_unknown
report,1859,93a653bc-43e3-4480-91b6-a5f066fbc0d2,How are materials data technologies evolving to connect material evidence with product design workflows?,other,materials,"[""technology_trends""]",submission_unknown,,,pending,,,session_url|share_url,force_resubmit_unknown
report,1860,83b2c9fe-af4c-4f70-9a9e-01b575b0546a,Which emerging application demands are shaping materials technology directions relevant to product design?,other,materials,"[""technology_trends""]",submission_unknown,,,pending,,,session_url|share_url,force_resubmit_unknown
report,1861,d05e40bd-cacf-42d7-8171-ea68948ef468,Where could inclusive design create new product opportunities across the medical-device industry?,other,medical_devices,"[""ideas_concepts""]",submission_unknown,,,pending,,,session_url|share_url,force_resubmit_unknown
report,1862,1e8087fb-0e00-40d0-88e8-2ca29f963396,What product-concept opportunities could reduce cognitive burden during medical-device use?,other,medical_devices,"[""ideas_concepts""]",submission_unknown,,,pending,,,session_url|share_url,force_resubmit_unknown
report,1863,486ff175-ab1e-4fbb-906b-61fb01f971df,Which unmet interoperability needs could inspire new medical-device product concepts?,other,medical_devices,"[""ideas_concepts""]",submission_unknown,,,pending,,,session_url|share_url,force_resubmit_unknown
report,1864,b4c31645-d4bb-4b2c-980b-c0afdd8023f7,Where could clearer communication of device capabilities and limitations unlock medical-device innovation?,other,medical_devices,"[""ideas_concepts""]",submission_unknown,,,pending,,,session_url|share_url,force_resubmit_unknown
report,1865,c1ab4a0f-da67-4bde-be90-86f96aaf071b,What privacy and data-control needs could generate new product concepts in the medical-device industry?,other,medical_devices,"[""ideas_concepts""]",submission_unknown,,,pending,,,session_url|share_url,force_resubmit_unknown
report,1866,32c147de-e517-49a4-8d99-7724a1a00a54,Which maintenance and serviceability needs offer promising medical-device product opportunities?,other,medical_devices,"[""ideas_concepts""]",submission_unknown,,,pending,,,session_url|share_url,force_resubmit_unknown
report,1867,792506af-e89c-4021-bc35-6c3683130587,Where could lower environmental burden create differentiated medical-device product concepts?,other,medical_devices,"[""ideas_concepts""]",submission_unknown,,,pending,,,session_url|share_url,force_resubmit_unknown
report,1868,4f15b827-4e54-4f86-a2b9-c93293dedb59,What opportunities exist for medical-device concepts that accommodate changing user needs over time?,other,medical_devices,"[""ideas_concepts""]",submission_unknown,,,pending,,,session_url|share_url,force_resubmit_unknown
report,1869,988f3d80-d68c-4898-bae1-9536d47cffd9,Which learning and skill-retention needs could inspire innovation in medical-device product design?,other,medical_devices,"[""ideas_concepts""]",submission_unknown,,,pending,,,session_url|share_url,force_resubmit_unknown
report,1870,afcc6b2f-180a-498e-8968-2d3facb7c253,Where could unmet device-readiness needs create new medical-device product opportunities?,other,medical_devices,"[""ideas_concepts""]",submission_unknown,,,pending,,,session_url|share_url,force_resubmit_unknown
report,1871,ea401b03-0e59-495a-9c45-d900013970b2,Which research workstreams best reveal the major technology trends and maturity shifts across the medical device industry?,other,medical_devices,"[""other""]",submission_unknown,,,pending,,,session_url|share_url,force_resubmit_unknown
report,1872,a5f5cb8d-b625-41d8-95f4-3ec76d572e14,"Which research tasks can map how medical device technologies are shifting among clinical, home, and remote-care settings?",other,medical_devices,"[""other""]",submission_unknown,,,pending,,,session_url|share_url,force_resubmit_unknown
report,1873,ed6ac74d-0aae-445b-844f-4e7d1da9d483,Which research approaches best track technology changes across the medical device lifecycle?,other,medical_devices,"[""other""]",submission_unknown,,,pending,,,session_url|share_url,force_resubmit_unknown
report,1874,4e431e5d-a043-4aa2-b6e0-4953a315daf2,"Which research tasks best explain the convergence of hardware, software, artificial intelligence, and connectivity in medical devices?",other,medical_devices,"[""other""]",submission_unknown,,,pending,,,session_url|share_url,force_resubmit_unknown
report,1875,9e442762-c08d-4e53-91b6-7e5fe2af749b,"Which research workstreams can compare emerging trends across diagnostic, monitoring, therapeutic, and assistive medical technologies?",other,medical_devices,"[""other""]",submission_unknown,,,pending,,,session_url|share_url,force_resubmit_unknown
report,1876,c09a6b64-7189-40ee-8fa2-47cab960c460,Which research tasks best identify changing design and manufacturing technology priorities in the medical device industry?,other,medical_devices,"[""other""]",submission_unknown,,,pending,,,session_url|share_url,force_resubmit_unknown
report,1877,12de5398-b9fd-4c39-9982-9f42092b5bfc,Which research approaches can map interoperability and health-data infrastructure trends affecting medical devices?,other,medical_devices,"[""other""]",submission_unknown,,,pending,,,session_url|share_url,force_resubmit_unknown
report,1878,0d30c779-7011-47d0-8e30-b51eae34454c,"Which research tasks best assess cybersecurity, privacy, and safety technology trends across medical devices?",other,medical_devices,"[""other""]",submission_unknown,,,pending,,,session_url|share_url,force_resubmit_unknown
report,1879,0f0a3a6c-5d3c-4984-816b-86290d3d39c4,Which research workstreams best capture sustainability and circularity technology trends in the medical device industry?,other,medical_devices,"[""other""]",submission_unknown,,,pending,,,session_url|share_url,force_resubmit_unknown
report,1880,76bf5d6d-6bf6-4fe5-a70d-37c8709a75c1,Which research tasks can show how regulatory and clinical-evidence trends are shaping medical device technology development?,other,medical_devices,"[""other""]",submission_unknown,,,pending,,,session_url|share_url,force_resubmit_unknown
report,1881,d2e35034-607c-4b01-afe7-2c588355c030,What major technology clusters have shaped the medical-device patent landscape over the past decade?,other,medical_devices,"[""search_draft_patents""]",submission_unknown,,,pending,,,session_url|share_url,force_resubmit_unknown
report,1882,7be042be-11d2-4fa0-ae37-66deb70d3499,Which medical-device application fields show the strongest changes in patent activity and technical direction?,other,medical_devices,"[""search_draft_patents""]",submission_unknown,,,pending,,,session_url|share_url,force_resubmit_unknown
report,1883,38c44e47-8701-4d67-8dc9-947fc7ae9607,How have medical-device patent filing patterns and technology maturity changed over the past decade?,other,medical_devices,"[""search_draft_patents""]",submission_unknown,,,pending,,,session_url|share_url,force_resubmit_unknown
report,1884,d0648bda-0bc0-4809-ac68-f19040907668,How has the landscape of leading medical-device patent applicants evolved across major technology fields?,other,medical_devices,"[""search_draft_patents""]",submission_unknown,,,pending,,,session_url|share_url,force_resubmit_unknown
report,1885,565c5884-a2f4-4580-8f82-2173e5395c31,Where is technological convergence becoming most visible in the medical-device patent landscape?,other,medical_devices,"[""search_draft_patents""]",submission_unknown,,,pending,,,session_url|share_url,force_resubmit_unknown
report,1886,e20e6546-14ff-48e3-89e9-f8cbf0bed036,Which stages of the medical-device lifecycle are attracting growing patent activity and new technical approaches?,other,medical_devices,"[""search_draft_patents""]",submission_unknown,,,pending,,,session_url|share_url,force_resubmit_unknown
report,1887,21bc2ca0-6409-416e-96e0-79b84017cd62,Which enabling technologies are gaining prominence across the medical-device patent landscape?,other,medical_devices,"[""search_draft_patents""]",submission_unknown,,,pending,,,session_url|share_url,force_resubmit_unknown
report,1888,7e7b881e-bd53-427d-b60b-fa6809df59dd,How are changing care settings reflected in medical-device patent trends and technical disclosures?,other,medical_devices,"[""search_draft_patents""]",submission_unknown,,,pending,,,session_url|share_url,force_resubmit_unknown
report,1889,0eb8261e-4814-4c01-ac42-304ebe36d7ef,How do medical-device patent trends differ across major global filing jurisdictions?,other,medical_devices,"[""search_draft_patents""]",submission_unknown,,,pending,,,session_url|share_url,force_resubmit_unknown
report,1890,aabe37db-772a-4954-be54-d4fcb4c2ba7e,"Which medical-device patent clusters appear to be emerging, stabilizing, or declining?",other,medical_devices,"[""search_draft_patents""]",submission_unknown,,,pending,,,session_url|share_url,force_resubmit_unknown
report,1891,44f08269-0cd1-4e3a-b021-a0e0c6036132,How can competing functional requirements determine whether a medical device design direction is technically feasible?,other,medical_devices,"[""technical_feasibility""]",submission_unknown,,,pending,,,session_url|share_url,force_resubmit_unknown
report,1892,ec666551-59c4-4275-8e94-3ca47f71ec30,When is an emerging technology mature enough to warrant further validation for medical device design?,other,medical_devices,"[""technical_feasibility""]",submission_unknown,,,pending,,,session_url|share_url,force_resubmit_unknown
report,1893,15f527cf-1bad-4800-8161-040f4fad1f9b,How should interactions among product functions affect feasibility judgments in medical device design?,other,medical_devices,"[""technical_feasibility""]",submission_unknown,,,pending,,,session_url|share_url,force_resubmit_unknown
report,1894,9dac4cd7-6a02-4976-8ec7-bc2ad3ffbdd8,What usability evidence is needed to judge whether a medical device design direction is technically feasible?,other,medical_devices,"[""technical_feasibility""]",submission_unknown,,,pending,,,session_url|share_url,force_resubmit_unknown
report,1895,9720a1bd-92f5-409e-a186-bba401cab07b,When do manufacturability constraints make a medical device design direction unsuitable for further validation?,other,medical_devices,"[""technical_feasibility""]",submission_unknown,,,pending,,,session_url|share_url,force_resubmit_unknown
report,1896,fd013f97-5a65-4fa5-9694-d1cffcea4478,How should expected service life influence the feasibility assessment of medical device design directions?,other,medical_devices,"[""technical_feasibility""]",submission_unknown,,,pending,,,session_url|share_url,force_resubmit_unknown
report,1897,aa8d482c-faed-495a-bd8f-bac045f1868e,When can evidence from established medical device designs support the feasibility of a new design direction?,other,medical_devices,"[""technical_feasibility""]",submission_unknown,,,pending,,,session_url|share_url,force_resubmit_unknown
report,1898,fe4631a7-c81e-472a-a5b3-6c6e0208e6f1,When are models and controlled tests sufficient to support a medical device design feasibility judgment?,other,medical_devices,"[""technical_feasibility""]",submission_unknown,,,pending,,,session_url|share_url,force_resubmit_unknown
report,1899,1d9932cd-f737-4dbf-b359-3ec45b79ad89,Under what conditions is designing medical devices to accommodate future changes technically feasible?,other,medical_devices,"[""technical_feasibility""]",submission_unknown,,,pending,,,session_url|share_url,force_resubmit_unknown
report,1900,2223c3de-b2e2-4216-8caf-eee62b3894c8,When are lower-environmental-impact design directions technically feasible for medical devices?,other,medical_devices,"[""technical_feasibility""]",submission_unknown,,,pending,,,session_url|share_url,force_resubmit_unknown
report,1901,1284afa0-2afc-48c0-ac49-75fef4a30292,Which AI applications could help resolve ambiguous or conflicting requirements in medical device design?,other,medical_devices,"[""technical_solutions""]",submission_unknown,,,pending,,,session_url|share_url,force_resubmit_unknown
report,1902,8b962102-e9a2-4268-af99-64e203251b8f,Where could AI help generate and screen medical device design concepts against functional requirements?,other,medical_devices,"[""technical_solutions""]",submission_unknown,,,pending,,,session_url|share_url,force_resubmit_unknown
report,1903,ace631cd-fdb7-4d94-a099-c4b4a029c794,Which AI applications could reduce simulation effort while preserving decision quality in medical device design?,other,medical_devices,"[""technical_solutions""]",submission_unknown,,,pending,,,session_url|share_url,force_resubmit_unknown
report,1904,50b09d87-02d0-4526-a8f6-ea39daf0c5b2,How could AI support trade-off exploration among competing objectives in medical device design?,other,medical_devices,"[""technical_solutions""]",submission_unknown,,,pending,,,session_url|share_url,force_resubmit_unknown
report,1905,51bd41f4-4993-4369-9564-f1e63fe8f21a,Which AI applications could help identify usability barriers during medical device interface design?,other,medical_devices,"[""technical_solutions""]",submission_unknown,,,pending,,,session_url|share_url,force_resubmit_unknown
report,1906,b34ed1d3-44c6-42cd-af62-5822e665fae5,Where could AI help designers identify overlooked hazards and candidate risk controls for medical devices?,other,medical_devices,"[""technical_solutions""]",submission_unknown,,,pending,,,session_url|share_url,force_resubmit_unknown
report,1907,ae67e920-aebe-4a90-8f4a-dbf88fcb6c2c,Which AI applications could help close requirements-coverage gaps in medical device design verification plans?,other,medical_devices,"[""technical_solutions""]",submission_unknown,,,pending,,,session_url|share_url,force_resubmit_unknown
report,1908,bb96b087-0ee2-4d60-9dea-f0bcb676c8fb,Which AI applications could help reveal downstream consequences of medical device design changes?,other,medical_devices,"[""technical_solutions""]",submission_unknown,,,pending,,,session_url|share_url,force_resubmit_unknown
report,1909,5dcc5d48-7ceb-4be0-b074-125937c89a21,Where could AI help translate medical device user feedback into actionable design improvement opportunities?,other,medical_devices,"[""technical_solutions""]",submission_unknown,,,pending,,,session_url|share_url,force_resubmit_unknown
report,1910,f1c8abe7-6ba6-4baf-9f2a-34a5f545f074,Which AI applications could help medical device designers find and assess reusable design knowledge?,other,medical_devices,"[""technical_solutions""]",submission_unknown,,,pending,,,session_url|share_url,force_resubmit_unknown
report,1911,ca5b650d-f263-4f9f-9e27-33096f3768e3,What recent AI technology trends could change how medical device functions are designed and validated?,other,medical_devices,"[""technology_trends""]",submission_unknown,,,pending,,,session_url|share_url,force_resubmit_unknown
report,1912,088692da-542e-40e4-a06e-6b7252376d1e,"How are interoperability technologies evolving, and what could they mean for medical device interface design?",other,medical_devices,"[""technology_trends""]",submission_unknown,,,pending,,,session_url|share_url,force_resubmit_unknown
report,1913,40a702d4-3b08-487e-a687-a1c5ceb7bc41,Which cybersecurity technology trends are most relevant to medical device design over the product lifecycle?,other,medical_devices,"[""technology_trends""]",submission_unknown,,,pending,,,session_url|share_url,force_resubmit_unknown
report,1914,5dac59c3-315e-4692-b551-e98a7d812edf,What technology trends could improve usability and accessibility in medical device product design?,other,medical_devices,"[""technology_trends""]",submission_unknown,,,pending,,,session_url|share_url,force_resubmit_unknown
report,1915,25832255-e6b4-4a5c-8ffd-09b8d2f36dde,"How are energy-efficiency technologies evolving, and what design trade-offs could they change for medical devices?",other,medical_devices,"[""technology_trends""]",submission_unknown,,,pending,,,session_url|share_url,force_resubmit_unknown
report,1916,6e6eea80-b4f8-43db-9dc0-7ccf8e5d465e,What recent advances in modeling and simulation could change medical device design evaluation?,other,medical_devices,"[""technology_trends""]",submission_unknown,,,pending,,,session_url|share_url,force_resubmit_unknown
report,1917,115460b0-a966-4e55-96ce-3a87b333e4f2,Which sensing and measurement technology trends could influence medical device functional requirements?,other,medical_devices,"[""technology_trends""]",submission_unknown,,,pending,,,session_url|share_url,force_resubmit_unknown
report,1918,ba8107e1-d2cb-4379-8e27-dc6ba0221fe3,How are technologies for device self-monitoring and fault detection evolving across the medical device industry?,other,medical_devices,"[""technology_trends""]",submission_unknown,,,pending,,,session_url|share_url,force_resubmit_unknown
report,1919,4d98c8e4-29a1-4bc9-ad0e-06a4aef29e90,What emerging technologies could change material-efficiency and end-of-life design options for medical devices?,other,medical_devices,"[""technology_trends""]",submission_unknown,,,pending,,,session_url|share_url,force_resubmit_unknown
report,1920,a902ec17-c16e-4c81-9b1d-273fe1029251,"Which miniaturization technologies are advancing, and how could they affect medical device design trade-offs?",other,medical_devices,"[""technology_trends""]",submission_unknown,,,pending,,,session_url|share_url,force_resubmit_unknown
report,1921,7016db31-88bc-4897-b89d-df69c841533f,Which unmet needs in learning to use products offer opportunities for more intuitive product concepts?,other,other,"[""ideas_concepts""]",submission_unknown,,,pending,,,session_url|share_url,force_resubmit_unknown
report,1922,c4997d8a-2cad-4554-9705-2aaf27518694,Which underserved accessibility needs could inspire product concepts that work for a wider range of users?,other,other,"[""ideas_concepts""]",submission_unknown,,,pending,,,session_url|share_url,force_resubmit_unknown
report,1923,f82dbcc0-95f5-41f1-850e-c2c832c5bc48,Where could changing user needs create opportunities for product concepts that remain useful over time?,other,other,"[""ideas_concepts""]",submission_unknown,,,pending,,,session_url|share_url,force_resubmit_unknown
report,2696,6d0f8589-3219-47ac-8da3-2d755725c169,Which AI applications can help automotive designers identify where design validation evidence is most needed?,rd_engineer,automotive,"[""technical_solutions""]",submission_unknown,,,pending,,,session_url|share_url,force_resubmit_unknown
report,3142,ac8dc56e-88ea-4a64-8d2a-b1f36bd393f6,What freedom-to-operate risks arise when materials inventions are assessed by technical novelty alone?,rd_engineer,materials,"[""patent_ip_risk""]",submitted,sess_57c6bdc70d754017,https://eureka.patsnap.com/ai-search/sess_57c6bdc70d754017?from=rd-home&start_from=eureka_landingpage,submission_unknown,,,share_url,retry_share_only
report,3206,b53d1b44-9133-40f3-8129-0978f09c94e1,What residual patent risks should be assessed when considering design-arounds for medical device inventions?,rd_engineer,medical_devices,"[""patent_ip_risk""]",failed,,,pending,,,session_url|share_url,retry_failed
report,3207,6eb60f93-c3ad-450e-a3c3-15b5d0f010a8,What IP protection gaps can emerge as medical device invention concepts evolve into prototypes?,rd_engineer,medical_devices,"[""patent_ip_risk""]",failed,,,pending,,,session_url|share_url,retry_failed
report,3208,6bba29e2-e811-4094-ada2-1d75f3a47e05,How can gaps in patent visibility create IP risk for medical device invention development?,rd_engineer,medical_devices,"[""patent_ip_risk""]",failed,,,pending,,,session_url|share_url,retry_failed
report,3209,374b73cc-1750-4dda-a6f4-804b98044060,What IP risks should be weighed when considering trade-secret protection for medical device inventions?,rd_engineer,medical_devices,"[""patent_ip_risk""]",failed,,,pending,,,session_url|share_url,retry_failed
report,3210,8c83bd4b-59ea-4912-bb51-08ed1f4e0168,What patent risks should be assessed when technical standards influence medical device invention concepts?,rd_engineer,medical_devices,"[""patent_ip_risk""]",failed,,,pending,,,session_url|share_url,retry_failed
report,3211,844bca10-6cc6-4bf0-ba2d-0bed61e6b46f,Where could AI help uncover unmet user needs that inspire new medical device concepts?,rd_engineer,medical_devices,"[""product_ideas""]",failed,,,pending,,,session_url|share_url,retry_failed
report,3212,d99e694a-e2d9-49dc-ab45-3272b41bdb31,Which AI applications could help designers explore alternative functions for new medical device concepts?,rd_engineer,medical_devices,"[""product_ideas""]",failed,,,pending,,,session_url|share_url,retry_failed
report,3213,05cc70f2-9a74-499b-8a9b-c5a1290db839,Which AI applications could improve the quality of data captured by medical devices?,rd_engineer,medical_devices,"[""product_ideas""]",failed,,,pending,,,session_url|share_url,retry_failed
report,3214,790a8c2f-0d22-42d3-b55b-833d8619514e,Where could AI turn multiple sources of medical device data into useful new interpretation functions?,rd_engineer,medical_devices,"[""product_ideas""]",failed,,,pending,,,session_url|share_url,retry_failed
report,3215,a66ae7c6-280f-493d-9f57-80778de16ca8,Which AI applications could help medical device functions adapt to individual user needs?,rd_engineer,medical_devices,"[""product_ideas""]",failed,,,pending,,,session_url|share_url,retry_failed
report,3216,8cb54136-8cef-4ad9-b6e1-40183e70eae0,Which AI applications could make medical device interfaces easier to understand and more accessible?,rd_engineer,medical_devices,"[""product_ideas""]",failed,,,pending,,,session_url|share_url,retry_failed
report,3217,7adfad4a-d632-4352-b922-591cea0286a5,Where could AI-enabled medical device functions help users coordinate tasks and navigate workflows?,rd_engineer,medical_devices,"[""product_ideas""]",failed,,,pending,,,session_url|share_url,retry_failed
report,3218,0593c1c5-bf53-4cc7-a639-11817bddee40,Which AI applications could enable new medical device functions for condition awareness and maintenance guidance?,rd_engineer,medical_devices,"[""product_ideas""]",failed,,,pending,,,session_url|share_url,retry_failed
report,3219,0ce30935-bb95-4979-a05d-e6bf7eb75e2e,Which AI applications could help medical devices exchange information with less manual translation?,rd_engineer,medical_devices,"[""product_ideas""]",failed,,,pending,,,session_url|share_url,retry_failed
report,3220,f6d941c7-f276-4ff1-8ae7-66d3de37b625,Which AI applications could help medical devices communicate uncertainty and output limitations to users?,rd_engineer,medical_devices,"[""product_ideas""]",failed,,,pending,,,session_url|share_url,retry_failed
report,3221,873a07b1-f43e-402e-9fd6-cd3e6ddefa45,When are emerging design approaches mature enough to warrant further validation in medical devices?,rd_engineer,medical_devices,"[""technical_feasibility""]",failed,,,pending,,,session_url|share_url,retry_failed
report,3222,e6339ff5-1c98-4474-903a-f04283fa8aef,How can medical device designers judge feasibility when functional requirements create competing design demands?,rd_engineer,medical_devices,"[""technical_feasibility""]",failed,,,pending,,,session_url|share_url,retry_failed
report,3223,47a85d06-554f-4753-ab15-d54f344194e5,How should variation in users and use environments affect medical device design feasibility judgments?,rd_engineer,medical_devices,"[""technical_feasibility""]",failed,,,pending,,,session_url|share_url,retry_failed
report,3224,4c27a825-512c-4635-9b9e-d1182832dd81,When do interface compatibility requirements make a medical device design technically feasible?,rd_engineer,medical_devices,"[""technical_feasibility""]",failed,,,pending,,,session_url|share_url,retry_failed
report,3225,9d58d31c-a6ac-444d-bddd-d133796e8096,What evidence shows that a medical device design can remain feasible when manufactured repeatedly?,rd_engineer,medical_devices,"[""technical_feasibility""]",failed,,,pending,,,session_url|share_url,retry_failed
report,3226,03a63e59-a70e-4d65-8ae3-1aab0aca9a53,How can medical device designers assess whether intended performance is feasible throughout the product's usable life?,rd_engineer,medical_devices,"[""technical_feasibility""]",failed,,,pending,,,session_url|share_url,retry_failed
report,3227,748f89a1-d842-4fea-b451-20f419330c14,How should the feasibility of design-level risk controls influence medical device concept decisions?,rd_engineer,medical_devices,"[""technical_feasibility""]",failed,,,pending,,,session_url|share_url,retry_failed
report,3228,4ea5fbb7-4f30-4656-8f11-83881e6f73af,When is evidence from analogous designs sufficient to support medical device technical feasibility?,rd_engineer,medical_devices,"[""technical_feasibility""]",failed,,,pending,,,session_url|share_url,retry_failed
report,3229,62a86e06-18a8-41f4-b5c4-83de1ae5074a,How should limits on measuring intended performance affect medical device design feasibility decisions?,rd_engineer,medical_devices,"[""technical_feasibility""]",failed,,,pending,,,session_url|share_url,retry_failed
report,3230,2f984daa-2c8a-469b-ae1c-bfb74ae7095c,When is accommodating future requirement changes technically feasible in medical device design?,rd_engineer,medical_devices,"[""technical_feasibility""]",failed,,,pending,,,session_url|share_url,retry_failed
report,3231,b1ed4dbc-1505-408a-88a6-8fce89f34719,Which AI applications can help translate user needs into actionable medical device design requirements?,rd_engineer,medical_devices,"[""technical_solutions""]",failed,,,pending,,,session_url|share_url,retry_failed
report,3232,55fcd55e-a479-46db-bb3e-0a39b1b24f5e,Where can AI help generate feasible design concepts for medical devices?,rd_engineer,medical_devices,"[""technical_solutions""]",failed,,,pending,,,session_url|share_url,retry_failed
report,3233,dbd8a6a9-7593-45dc-89e0-1f63fa196c10,Which AI applications can support architecture trade-offs in medical device design?,rd_engineer,medical_devices,"[""technical_solutions""]",failed,,,pending,,,session_url|share_url,retry_failed
report,3234,f3ba8fd4-237f-41aa-bfc2-96c2d1524701,How can AI support material selection during medical device design?,rd_engineer,medical_devices,"[""technical_solutions""]",failed,,,pending,,,session_url|share_url,retry_failed
report,3235,54b23bee-0750-459c-99f6-2fb46614e865,Where can AI help reduce simulation effort when exploring medical device designs?,rd_engineer,medical_devices,"[""technical_solutions""]",failed,,,pending,,,session_url|share_url,retry_failed
report,3236,fc169dc3-2c61-445e-bddb-b4657a6d3cda,Which AI applications can help identify usability improvements in medical device design?,rd_engineer,medical_devices,"[""technical_solutions""]",failed,,,pending,,,session_url|share_url,retry_failed
report,3237,ab2adab0-0b70-40e3-953e-3ca6fbca80cb,Where can AI support hazard identification and risk-control design for medical devices?,rd_engineer,medical_devices,"[""technical_solutions""]",failed,,,pending,,,session_url|share_url,retry_failed
report,3238,a7144912-2863-46f5-b62d-5dbf1ba24391,Which AI applications can help uncover gaps in medical device design verification coverage?,rd_engineer,medical_devices,"[""technical_solutions""]",failed,,,pending,,,session_url|share_url,retry_failed
report,3239,41785c04-35bc-423f-8472-854f5c25f0f7,How can AI help assess the design consequences of changes to medical devices?,rd_engineer,medical_devices,"[""technical_solutions""]",failed,,,pending,,,session_url|share_url,retry_failed
report,3240,09204fb7-d8b6-4f77-883e-00ee04bf0823,Which AI applications can help engineers find reusable technical solutions for medical device design?,rd_engineer,medical_devices,"[""technical_solutions""]",failed,,,pending,,,session_url|share_url,retry_failed
report,3241,003a4fa0-c16c-41d5-acb2-1f2810ce867f,Which technology trends are expanding the functional capabilities available to product designers across the industry?,rd_engineer,other,"[""existing_technologies""]",failed,,,pending,,,session_url|share_url,retry_failed
report,3242,237ac972-1a6d-4c0d-a4bf-d41139d85e18,What emerging technology directions are changing product architecture and component integration across the industry?,rd_engineer,other,"[""existing_technologies""]",failed,,,pending,,,session_url|share_url,retry_failed
report,3243,0f991432-f078-4a46-bcf7-0f236b65928f,Which advances in material selection and evaluation are opening new product-design options across the industry?,rd_engineer,other,"[""existing_technologies""]",failed,,,pending,,,session_url|share_url,retry_failed
report,3244,5799810a-ffbb-4d33-b0df-8b715c4f74b4,What trends in digital design and simulation are changing how product concepts are explored across the industry?,rd_engineer,other,"[""existing_technologies""]",failed,,,pending,,,session_url|share_url,retry_failed
report,3245,ac8da263-8d4c-4467-a9d2-51fc1392a07e,Which technology directions are emerging for improving resource efficiency through product design across the industry?,rd_engineer,other,"[""existing_technologies""]",failed,,,pending,,,session_url|share_url,retry_failed
report,3246,d7d72fe5-0d2e-4e1d-b792-ff39f5d309d3,What research trends are shaping design-stage approaches to product durability and reliability across the industry?,rd_engineer,other,"[""existing_technologies""]",failed,,,pending,,,session_url|share_url,retry_failed
report,3247,acb3f782-8497-484c-afd4-e07ce3003422,Which technology trends are broadening interface compatibility and interoperability options in industry-wide product design?,rd_engineer,other,"[""existing_technologies""]",failed,,,pending,,,session_url|share_url,retry_failed
report,3248,aa1b106d-aa19-4c0e-b2cb-e013379ab063,What advances are changing how manufacturability constraints inform product design across the industry?,rd_engineer,other,"[""existing_technologies""]",failed,,,pending,,,session_url|share_url,retry_failed
report,3249,f5db3b82-2705-421d-956b-30884fd556a8,"Which emerging technologies are expanding design options for product repair, upgrade, and recovery across the industry?",rd_engineer,other,"[""existing_technologies""]",failed,,,pending,,,session_url|share_url,retry_failed
report,3250,85f17380-2dcf-4c30-bbc4-7d11c939d255,What emerging technology directions are changing user interaction and accessibility in product design across the industry?,rd_engineer,other,"[""existing_technologies""]",failed,,,pending,,,session_url|share_url,retry_failed
report,3251,97505083-c9d2-4eaa-aa9c-238392625a91,How could shifts in the industry's main technology fields help identify an initial research task?,rd_engineer,other,"[""other""]",failed,,,pending,,,session_url|share_url,retry_failed
report,3252,c7906bb0-72ed-4aed-adb5-15d868463dac,Which research tasks could clarify how technology maturity is changing across the industry?,rd_engineer,other,"[""other""]",failed,,,pending,,,session_url|share_url,retry_failed
report,3253,33c6baea-84d5-4d19-988f-8ead683b22bd,How could changing application priorities shape a menu of industry technology research tasks?,rd_engineer,other,"[""other""]",failed,,,pending,,,session_url|share_url,retry_failed
report,3254,f3658c83-df18-44ac-aea1-bd8819411612,Which research tasks could reveal whether technology fields are converging across the industry?,rd_engineer,other,"[""other""]",failed,,,pending,,,session_url|share_url,retry_failed
report,3255,722c14c2-5147-4d84-913d-a67c06d1633b,How could changes in industry-wide technical bottlenecks guide the choice of a research task?,rd_engineer,other,"[""other""]",failed,,,pending,,,session_url|share_url,retry_failed
report,3256,36ae843c-d442-4a43-ba1b-20cb5d097582,Which research tasks could distinguish emerging technology areas from short-lived attention in the industry?,rd_engineer,other,"[""other""]",failed,,,pending,,,session_url|share_url,retry_failed
report,3257,4a9edf62-caea-491c-bf4a-d70bcb2a359c,Which research tasks could compare industry research momentum with technology adoption trends?,rd_engineer,other,"[""other""]",failed,,,pending,,,session_url|share_url,retry_failed
report,3258,f11ee39c-fb12-4d56-9e97-17e016a33024,How could evolving standards and interoperability needs inform industry technology research task choices?,rd_engineer,other,"[""other""]",failed,,,pending,,,session_url|share_url,retry_failed
report,3259,e3739f94-6418-4283-a53b-c880804b8643,Which research tasks could track how collaboration patterns are shaping the industry's technology landscape?,rd_engineer,other,"[""other""]",failed,,,pending,,,session_url|share_url,retry_failed
report,3260,c513fa73-6541-4c90-9419-56c73bc64a98,Which research tasks could clarify conflicting signals about the industry's next technology directions?,rd_engineer,other,"[""other""]",failed,,,pending,,,session_url|share_url,retry_failed
report,3261,d8336325-3354-4216-87fb-d28579f30744,What IP risks arise when prior-art research overlooks non-patent technical disclosures?,rd_engineer,other,"[""patent_ip_risk""]",failed,,,pending,,,session_url|share_url,retry_failed
report,3262,9e71b04d-b4f7-417d-aaee-a1f4db86c040,Where can gaps in mapping invention features to patent claims undermine freedom-to-operate risk assessment?,rd_engineer,other,"[""patent_ip_risk""]",failed,,,pending,,,session_url|share_url,retry_failed
report,3263,992781aa-5620-43f3-af96-5a55020415a3,What IP risks should be assessed before publicly sharing an invention concept or prototype evidence?,rd_engineer,other,"[""patent_ip_risk""]",failed,,,pending,,,session_url|share_url,retry_failed
report,3264,38ad4a6a-7a2d-4447-825e-2b8f2f8a5eaf,How can incomplete records of technical contributions create inventorship and ownership risks?,rd_engineer,other,"[""patent_ip_risk""]",failed,,,pending,,,session_url|share_url,retry_failed
report,3265,3ab86ee8-7610-434e-bbb6-999aca2b127f,What IP risks arise when an invention disclosure describes broader functionality than its technical evidence supports?,rd_engineer,other,"[""patent_ip_risk""]",failed,,,pending,,,session_url|share_url,retry_failed
report,3266,c36f5f3b-b70d-47ce-bf4e-bc0a4ee1393d,What IP risks arise when the origin of confidential technical information used in invention development is unclear?,rd_engineer,other,"[""patent_ip_risk""]",failed,,,pending,,,session_url|share_url,retry_failed
report,3267,e04c5d3c-fece-49e4-bbf0-612846a571b6,What IP risks should be assessed when reusing third-party technology in an invention concept?,rd_engineer,other,"[""patent_ip_risk""]",failed,,,pending,,,session_url|share_url,retry_failed
report,3268,9a9ecff0-7735-4a84-9e98-3dad158a6eb1,What residual IP risks should be assessed when considering design-around directions for an invention?,rd_engineer,other,"[""patent_ip_risk""]",failed,,,pending,,,session_url|share_url,retry_failed
report,3269,ab0ea4d4-6a72-482d-a718-d3e881d84dc2,How can uncertainty about patent status and territorial coverage distort IP risk assessment for invention development?,rd_engineer,other,"[""patent_ip_risk""]",failed,,,pending,,,session_url|share_url,retry_failed
report,3270,5ddd1a7d-9c35-4043-9a17-580ca832e749,"How can changes between an invention concept, prototype, and disclosure leave IP risks untracked?",rd_engineer,other,"[""patent_ip_risk""]",failed,,,pending,,,session_url|share_url,retry_failed
report,3271,d76e8ec2-78c2-4e03-9028-40e040cf1fa3,Which AI applications could uncover unmet user needs worth addressing in new product concepts?,rd_engineer,other,"[""product_ideas""]",failed,,,pending,,,session_url|share_url,retry_failed
report,3272,cccc2366-9a53-4801-826c-c594606027ec,Where could AI help designers generate alternative product functions that address the same user problem?,rd_engineer,other,"[""product_ideas""]",failed,,,pending,,,session_url|share_url,retry_failed
report,3273,f22dcdf9-d4f2-4c49-95b6-cd3b23c85611,Which AI applications could simplify how users learn and operate unfamiliar products?,rd_engineer,other,"[""product_ideas""]",failed,,,pending,,,session_url|share_url,retry_failed
report,3274,86a3e210-380d-4de5-85d1-fe00bd5afecd,Which AI applications could make product functions accessible to users with different abilities?,rd_engineer,other,"[""product_ideas""]",failed,,,pending,,,session_url|share_url,retry_failed
report,3275,04cff29c-22a5-484a-aa9a-7d706583ece3,Where could AI-enabled personalization create useful new product concepts while preserving user control?,rd_engineer,other,"[""product_ideas""]",failed,,,pending,,,session_url|share_url,retry_failed
report,3276,7bfd0df9-0921-437b-ab8e-5c09035de0ab,Which AI applications could help products respond appropriately to changing contexts of use?,rd_engineer,other,"[""product_ideas""]",failed,,,pending,,,session_url|share_url,retry_failed
report,3277,fa9037a1-5d92-4124-8bb1-d9be0f4ebef1,Which AI applications could support user decisions through product features that explain options and trade-offs?,rd_engineer,other,"[""product_ideas""]",failed,,,pending,,,session_url|share_url,retry_failed
report,3278,f715fab3-f593-4653-a837-0455752e5ba0,Where could AI-enabled product features help users reduce resource consumption during use?,rd_engineer,other,"[""product_ideas""]",failed,,,pending,,,session_url|share_url,retry_failed
report,3279,c80bea93-c092-4102-bba3-04614336a372,Which AI applications could turn product troubleshooting needs into useful self-service feature concepts?,rd_engineer,other,"[""product_ideas""]",failed,,,pending,,,session_url|share_url,retry_failed
report,3280,a45fcf5b-f440-457c-837e-54576bcc6b7f,Which AI applications could help designers test early product concepts against user needs before detailed design?,rd_engineer,other,"[""product_ideas""]",failed,,,pending,,,session_url|share_url,retry_failed
report,3281,fd91bcd3-f663-470e-adf0-61921d735de1,When are emerging technologies mature enough to warrant further validation for product-design use?,rd_engineer,other,"[""technical_feasibility""]",failed,,,pending,,,session_url|share_url,retry_failed
report,3282,b7ad29e0-197f-4787-ade0-eee5e5255997,Under what conditions is improving several product functions at once technically feasible?,rd_engineer,other,"[""technical_feasibility""]",failed,,,pending,,,session_url|share_url,retry_failed
report,3283,26d9bd0b-e041-4131-84f1-62a5f70fae3c,When does proof-of-concept evidence justify further validation of a product-design direction?,rd_engineer,other,"[""technical_feasibility""]",failed,,,pending,,,session_url|share_url,retry_failed
report,3284,5bcc8c3e-1a35-471f-bcbc-26cae0f6e9da,When is introducing new product functionality compatible with existing interfaces and technical dependencies?,rd_engineer,other,"[""technical_feasibility""]",failed,,,pending,,,session_url|share_url,retry_failed
report,3285,2703750c-8578-4dbb-828f-330112a09029,Under what conditions can product-design improvements remain feasible across varied operating environments?,rd_engineer,other,"[""technical_feasibility""]",failed,,,pending,,,session_url|share_url,retry_failed
report,3286,a84963ce-d52d-487a-a5e4-5f4245398717,When are product-design changes intended to extend service life technically feasible?,rd_engineer,other,"[""technical_feasibility""]",failed,,,pending,,,session_url|share_url,retry_failed
report,3287,ab13bad6-1490-4420-af23-fff61e3759cd,Under what conditions can new product-design concepts be manufactured without losing their intended functions?,rd_engineer,other,"[""technical_feasibility""]",failed,,,pending,,,session_url|share_url,retry_failed
report,3288,b45441cd-8f85-4740-8226-306aeb6650d1,When can product-design changes reduce resource demand without compromising required performance?,rd_engineer,other,"[""technical_feasibility""]",failed,,,pending,,,session_url|share_url,retry_failed
report,3289,2c7e07d7-c519-4988-95c8-c4404e34ef7b,Under what conditions are product-design changes for easier maintenance technically feasible?,rd_engineer,other,"[""technical_feasibility""]",failed,,,pending,,,session_url|share_url,retry_failed
report,3290,b2b1fbf2-b0d4-4fec-9e58-6a2355bb7b79,When is a product-design direction technically feasible given safety requirements and foreseeable misuse?,rd_engineer,other,"[""technical_feasibility""]",failed,,,pending,,,session_url|share_url,retry_failed
report,3291,7c3beb65-4691-4f39-a088-a8677cb9e4ed,"Which AI applications can help turn ambiguous product needs into clear, traceable design requirements?",rd_engineer,other,"[""technical_solutions""]",failed,,,pending,,,session_url|share_url,retry_failed
report,3292,143557f4-0c11-443c-9fc5-e1f6c6a67976,Where can AI help product designers find and adapt relevant engineering knowledge instead of repeating prior work?,rd_engineer,other,"[""technical_solutions""]",failed,,,pending,,,session_url|share_url,retry_failed
report,3293,b9663065-2aba-43bd-993c-95049483aed5,Which AI applications can broaden early product concept exploration while keeping proposed ideas tied to requirements?,rd_engineer,other,"[""technical_solutions""]",failed,,,pending,,,session_url|share_url,retry_failed
report,3295,0a1acebe-b781-4b4a-a2fe-de07a90f6a6e,Where can AI reduce the effort of engineering simulation while preserving useful evidence for product-design decisions?,rd_engineer,other,"[""technical_solutions""]",failed,,,pending,,,session_url|share_url,retry_failed
report,3296,8af37b3e-97f2-493f-b8e7-69423c4fee1f,Which AI applications can help detect inconsistencies between product specifications and design representations?,rd_engineer,other,"[""technical_solutions""]",failed,,,pending,,,session_url|share_url,retry_failed
report,3297,a616da8e-eef4-4ffc-a083-37407772be5b,Which AI applications can help product designers identify manufacturability concerns before designs are released?,rd_engineer,other,"[""technical_solutions""]",failed,,,pending,,,session_url|share_url,retry_failed
report,3298,858a50b2-a91e-4985-a6e2-f0c4862f16ba,Where can AI help product designers identify usability concerns early enough to inform design choices?,rd_engineer,other,"[""technical_solutions""]",failed,,,pending,,,session_url|share_url,retry_failed
report,3299,48a41c93-7f15-4561-b58d-7f6874b759b3,Which AI applications can help product designers find gaps in verification coverage before design approval?,rd_engineer,other,"[""technical_solutions""]",failed,,,pending,,,session_url|share_url,retry_failed
report,3300,5ac104f4-6642-4b24-9d8c-c84c5460c3a5,Which AI applications can help product designers trace the consequences of proposed design changes?,rd_engineer,other,"[""technical_solutions""]",failed,,,pending,,,session_url|share_url,retry_failed
report,3301,966b91e3-0ae9-4140-9685-f50989766862,What emerging research directions could improve energy efficiency across the automotive industry?,researcher,automotive,"[""new_research_fields""]",failed,,,pending,,,session_url|share_url,retry_failed
report,3302,9733e1ee-090e-4467-93fe-d66e45a6be3d,Which research directions are emerging for reducing lifecycle environmental impacts across the automotive industry?,researcher,automotive,"[""new_research_fields""]",failed,,,pending,,,session_url|share_url,retry_failed
report,3303,5d14da7f-2f9c-4d99-90f4-3e157a56f7b7,How are AI-assisted discovery and engineering methods evolving across automotive research?,researcher,automotive,"[""new_research_fields""]",failed,,,pending,,,session_url|share_url,retry_failed
report,3304,f632a4b0-78a5-425e-83c4-067ed6a94b7d,What new research directions are connecting simulation and physical experimentation across the automotive industry?,researcher,automotive,"[""new_research_fields""]",failed,,,pending,,,session_url|share_url,retry_failed
report,3305,944eb07b-cb74-480a-a76c-3ee8287bbf1c,Which emerging research approaches could strengthen safety assurance across the automotive industry?,researcher,automotive,"[""new_research_fields""]",failed,,,pending,,,session_url|share_url,retry_failed
report,3306,5c051f7e-0bb5-48eb-9560-457be1156644,What emerging human-factors research could improve interactions with automotive technologies?,researcher,automotive,"[""new_research_fields""]",failed,,,pending,,,session_url|share_url,retry_failed
report,3307,f0ee411f-2265-451c-b47f-a59f58fc7e29,How are cybersecurity and privacy research directions evolving across the automotive technology lifecycle?,researcher,automotive,"[""new_research_fields""]",failed,,,pending,,,session_url|share_url,retry_failed
report,3308,07961b07-0879-4c35-b816-8d6ded6f1a3b,Which research trends could improve durability and service-life prediction across the automotive industry?,researcher,automotive,"[""new_research_fields""]",failed,,,pending,,,session_url|share_url,retry_failed
report,3309,969d21c8-8810-41ed-b5a8-067be5bd6b41,What emerging research directions could improve interoperability across the automotive industry?,researcher,automotive,"[""new_research_fields""]",failed,,,pending,,,session_url|share_url,retry_failed
report,3310,dfad93c7-2dcc-4f58-9ed3-b640df7dfc4e,Which emerging research approaches could help automotive technologies move from laboratory results to scalable use?,researcher,automotive,"[""new_research_fields""]",failed,,,pending,,,session_url|share_url,retry_failed
report,3311,a4c66d97-c85d-44eb-9925-bdf7b0bf934c,Which research tasks could help map changing priorities across the automotive industry's major technology fields?,researcher,automotive,"[""other""]",failed,,,pending,,,session_url|share_url,retry_failed
report,3312,a3a6cc53-adb1-4525-8160-ea7615fe5b02,What research options could clarify how technology maturity is changing across the automotive industry?,researcher,automotive,"[""other""]",failed,,,pending,,,session_url|share_url,retry_failed
report,3313,e95f2249-1f6b-4391-9931-6f8c1ad7f50e,Which research tasks could track growing connections between technology fields across the automotive industry?,researcher,automotive,"[""other""]",failed,,,pending,,,session_url|share_url,retry_failed
report,3314,f903ff7f-bbc8-4be8-afc0-7d90e3c80d62,How could research tasks compare technology trends across lifecycle stages in the automotive industry?,researcher,automotive,"[""other""]",failed,,,pending,,,session_url|share_url,retry_failed
report,3315,f657d69f-a40f-4483-82c4-9f5d2966d0c5,Which research options could reveal how technologies are spreading across automotive application areas?,researcher,automotive,"[""other""]",failed,,,pending,,,session_url|share_url,retry_failed
report,3316,ec51b4a9-df9c-4244-b712-60eb86aa6112,What research tasks could track changing technical barriers and improvement directions across the automotive industry?,researcher,automotive,"[""other""]",failed,,,pending,,,session_url|share_url,retry_failed
report,3317,d69cb589-c679-4b3a-84d9-983681f0d62f,Which research tasks could distinguish emerging automotive technology areas from short-lived bursts of attention?,researcher,automotive,"[""other""]",failed,,,pending,,,session_url|share_url,retry_failed
report,3318,85e94308-eacd-42ea-b67a-a567cf4abb90,What research options could examine where evidence sources agree or diverge on automotive technology trends?,researcher,automotive,"[""other""]",failed,,,pending,,,session_url|share_url,retry_failed
report,3319,4a9fb0e6-efa4-48ad-addb-d0021ac0bebd,Which research tasks could track how collaboration patterns are changing the automotive technology landscape?,researcher,automotive,"[""other""]",failed,,,pending,,,session_url|share_url,retry_failed
report,3320,d9e37c09-7c63-4863-b8b3-037f8a93d167,What research tasks could explore plausible next directions in the automotive industry's technology landscape?,researcher,automotive,"[""other""]",failed,,,pending,,,session_url|share_url,retry_failed
report,3321,e7a9addc-24f1-4c2c-9918-a1ba19d846a0,How has the balance of patent activity across major automotive technology clusters changed?,researcher,automotive,"[""patents_literature""]",failed,,,pending,,,session_url|share_url,retry_failed
report,3322,7f9c216d-01f1-4174-95eb-57c4f2ff6238,Which emerging research areas are gaining visibility in the automotive patent landscape?,researcher,automotive,"[""patents_literature""]",failed,,,pending,,,session_url|share_url,retry_failed
report,3323,9e903295-a15c-46cc-8b9e-6cd723ce4419,How is the mix of major rights holders and new entrants changing across automotive patent portfolios?,researcher,automotive,"[""patents_literature""]",failed,,,pending,,,session_url|share_url,retry_failed
report,3324,b2405e65-e69b-4c8d-aa1c-59513f00ceb0,How are geographic filing patterns changing across the automotive patent landscape?,researcher,automotive,"[""patents_literature""]",failed,,,pending,,,session_url|share_url,retry_failed
report,3325,1cafaf23-6546-431c-934b-c1cadd4e43e4,What changes in research collaboration are visible in automotive patent records?,researcher,automotive,"[""patents_literature""]",failed,,,pending,,,session_url|share_url,retry_failed
report,3326,b26d421f-1bdd-4d7f-80c4-d3d213a7d210,Which combinations of research fields are becoming more prominent in automotive patents?,researcher,automotive,"[""patents_literature""]",failed,,,pending,,,session_url|share_url,retry_failed
report,3327,703ef10f-110f-4e22-9ee0-8930e67a974d,"How is automotive patent activity shifting across research, production, use, and end-of-life stages?",researcher,automotive,"[""patents_literature""]",failed,,,pending,,,session_url|share_url,retry_failed
report,3328,f37b61e8-d974-442b-8f00-503dd750b494,How are links between scientific literature and automotive patent activity evolving?,researcher,automotive,"[""patents_literature""]",failed,,,pending,,,session_url|share_url,retry_failed
report,3329,dd55a6dd-108f-4cc0-bc36-2c8407f46554,"Which automotive patent research directions show sustained activity, and which show short-lived surges?",researcher,automotive,"[""patents_literature""]",failed,,,pending,,,session_url|share_url,retry_failed
report,3330,f9a3a8e5-1af2-4081-a8d1-74bf824b3a73,Which technical challenges are receiving increasing attention in automotive patent filings?,researcher,automotive,"[""patents_literature""]",failed,,,pending,,,session_url|share_url,retry_failed
report,3331,692f308a-61a2-4a6c-bf9b-f2a1575af619,Where could data-efficient learning open new applied-research opportunities across the automotive industry?,researcher,automotive,"[""research_ideas""]",failed,,,pending,,,session_url|share_url,retry_failed
report,3332,6892a2d6-8f92-4de6-aa7c-36a953099f92,What research opportunities could improve the transfer of simulation evidence to real-world automotive applications?,researcher,automotive,"[""research_ideas""]",failed,,,pending,,,session_url|share_url,retry_failed
report,3333,e325c645-21fb-49cf-bd01-c71d9f05cf93,Which research gaps offer the strongest opportunities to enable circular resource use across the automotive lifecycle?,researcher,automotive,"[""research_ideas""]",failed,,,pending,,,session_url|share_url,retry_failed
report,3334,18940990-98e5-4392-9342-c40bbf5abc06,Where could better lifecycle evidence reveal overlooked environmental innovation opportunities in automotive research?,researcher,automotive,"[""research_ideas""]",failed,,,pending,,,session_url|share_url,retry_failed
report,3335,c7fc438f-bc83-4bcd-a47d-1061539e3631,What unmet human–technology interaction needs could inspire new research across automotive applications?,researcher,automotive,"[""research_ideas""]",failed,,,pending,,,session_url|share_url,retry_failed
report,3336,06d450ea-0e62-450f-8664-e2396143aade,Where could research on interactions between technologies unlock new automotive safety assurance approaches?,researcher,automotive,"[""research_ideas""]",failed,,,pending,,,session_url|share_url,retry_failed
report,3337,14f4f264-6bd1-4921-b6c6-39bfc2947304,What opportunities could privacy-preserving evidence sharing create for applied automotive research?,researcher,automotive,"[""research_ideas""]",failed,,,pending,,,session_url|share_url,retry_failed
report,3338,fbcdefd1-b244-4ccc-bd2a-27d39ddc8d3a,Which research opportunities could make automotive software changes easier to validate throughout the lifecycle?,researcher,automotive,"[""research_ideas""]",failed,,,pending,,,session_url|share_url,retry_failed
report,3339,25cab6c6-c915-4532-91f0-40c9a82e3b5e,Where could linking evidence across physical scales reveal new automotive research opportunities?,researcher,automotive,"[""research_ideas""]",failed,,,pending,,,session_url|share_url,retry_failed
report,3340,173ebb6d-f9d9-4e24-9bcd-c7767fcd392d,What overlooked accessibility needs could open new applied-research directions across the automotive industry?,researcher,automotive,"[""research_ideas""]",failed,,,pending,,,session_url|share_url,retry_failed
report,3341,93c35053-9a02-4ea2-9d81-48ea682da789,"How do factorial, response-surface, and adaptive experimental designs compare for applied automotive research?",researcher,automotive,"[""research_methods""]",failed,,,pending,,,session_url|share_url,retry_failed
report,3342,e80b9572-c579-431b-b1f2-2b4d69e94b27,"How do physics-based, data-driven, and hybrid modeling methods compare for applied automotive research?",researcher,automotive,"[""research_methods""]",failed,,,pending,,,session_url|share_url,retry_failed
report,3343,844da7f4-5ca6-48a9-a9c0-6e5c8588e8c1,How do local and global sensitivity analysis methods compare for identifying influential factors in automotive research?,researcher,automotive,"[""research_methods""]",failed,,,pending,,,session_url|share_url,retry_failed
report,3344,097e041f-bb0a-45da-804e-76b89e89853a,"How do Monte Carlo, polynomial chaos, and interval methods compare for uncertainty propagation in automotive research?",researcher,automotive,"[""research_methods""]",failed,,,pending,,,session_url|share_url,retry_failed
report,3345,152530b1-c3ac-40e0-84a1-a4b13c0841b2,"How do randomized, quasi-experimental, and observational methods compare for causal inference in automotive research?",researcher,automotive,"[""research_methods""]",failed,,,pending,,,session_url|share_url,retry_failed
report,3346,24b9ec6c-1af6-482c-be7d-3906da951e73,"How do physical testing, simulation-based testing, and combined approaches compare for validating automotive research findings?",researcher,automotive,"[""research_methods""]",failed,,,pending,,,session_url|share_url,retry_failed
report,3347,8da9700f-c67d-46ff-b113-c493fa3319fe,"How do narrative synthesis, meta-analysis, and evidence mapping compare for assessing applied automotive research evidence?",researcher,automotive,"[""research_methods""]",failed,,,pending,,,session_url|share_url,retry_failed
report,3348,91dfba28-f4aa-4bec-8a2c-631b4b165de9,"How do parametric, semiparametric, and nonparametric methods compare for reliability analysis in automotive research?",researcher,automotive,"[""research_methods""]",failed,,,pending,,,session_url|share_url,retry_failed
report,3349,7c8fd911-cb30-4209-9391-17623d148913,"How do laboratory, field, and combined measurement studies compare for collecting evidence in automotive research?",researcher,automotive,"[""research_methods""]",failed,,,pending,,,session_url|share_url,retry_failed
report,3350,eb5a3a3e-731e-44eb-8411-2d71a60ca7a0,"How do complete-case analysis, multiple imputation, and likelihood-based methods compare for missing data in automotive research?",researcher,automotive,"[""research_methods""]",failed,,,pending,,,session_url|share_url,retry_failed
report,3351,aa1e1c5a-be2e-4a16-937f-0d75a32d303f,How is automotive research on vehicle energy efficiency evolving across major applications?,researcher,automotive,"[""research_trends""]",failed,,,pending,,,session_url|share_url,retry_failed
report,3352,c2e35dc8-d92e-4612-bd18-23f073586763,What research trends are changing how the automotive industry assesses and improves safety?,researcher,automotive,"[""research_trends""]",failed,,,pending,,,session_url|share_url,retry_failed
report,3353,83e2d15d-651d-4df1-9dae-93296ea756e7,Which research directions are emerging in automotive lifecycle sustainability and circularity?,researcher,automotive,"[""research_trends""]",failed,,,pending,,,session_url|share_url,retry_failed
report,3354,2025a0dd-da05-4301-bd8d-0a05b8bea0c3,How are research approaches to AI-assisted automotive engineering changing?,researcher,automotive,"[""research_trends""]",failed,,,pending,,,session_url|share_url,retry_failed
report,3355,5560ad8d-fa5a-40bf-a699-f28bb2cbdcdf,What trends are emerging in research that connects automotive simulation with physical testing?,researcher,automotive,"[""research_trends""]",failed,,,pending,,,session_url|share_url,retry_failed
report,3356,3dd5b63f-e513-4517-8ddb-f31dd772c100,How is automotive cybersecurity research evolving to address changing connectivity?,researcher,automotive,"[""research_trends""]",failed,,,pending,,,session_url|share_url,retry_failed
report,3357,f0e16fb4-c558-4031-9a81-61dcf73bd05f,Which research trends are shaping human-centered automotive technology?,researcher,automotive,"[""research_trends""]",failed,,,pending,,,session_url|share_url,retry_failed
report,3358,53e22161-828b-47bc-be64-9527873f3872,How are automotive durability and reliability research directions changing?,researcher,automotive,"[""research_trends""]",failed,,,pending,,,session_url|share_url,retry_failed
report,3359,3703c47e-9047-412f-8f17-19d60b4f3e62,What research trends are emerging in the integration of automotive software and physical systems?,researcher,automotive,"[""research_trends""]",failed,,,pending,,,session_url|share_url,retry_failed
report,3360,af9ef716-ab8a-4539-bcb4-1eed52b703ae,Which research directions are emerging in flexible and scalable automotive manufacturing technologies?,researcher,automotive,"[""research_trends""]",failed,,,pending,,,session_url|share_url,retry_failed
report,3361,ca0b244e-35cf-4d9a-9ad0-06424d8067f9,Which emerging approaches to data integration are opening new applied research fields across biotechnology?,researcher,biotech,"[""new_research_fields""]",failed,,,pending,,,session_url|share_url,retry_failed
report,3362,faa6ea06-df14-43b7-b11c-72e681e306d9,How are advances in biological measurement creating new research opportunities across biotechnology?,researcher,biotech,"[""new_research_fields""]",failed,,,pending,,,session_url|share_url,retry_failed
report,3363,7778cc03-7084-406e-a4f0-0f0085b976a1,Which trends in predictive biological modeling are creating application-ready research directions in biotechnology?,researcher,biotech,"[""new_research_fields""]",failed,,,pending,,,session_url|share_url,retry_failed
report,3364,a55d6971-9525-4619-9f0c-e35e41a952fb,What emerging approaches to designing and controlling biological functions merit exploration across biotechnology?,researcher,biotech,"[""new_research_fields""]",failed,,,pending,,,session_url|share_url,retry_failed
report,3365,16e2c1a7-7f34-49f7-981c-e749d7309817,How are laboratory automation advances opening new experimental research fields across biotechnology?,researcher,biotech,"[""new_research_fields""]",failed,,,pending,,,session_url|share_url,retry_failed
report,3366,d452197e-987c-4514-ad4d-e82c69ea896d,Which emerging research directions address the gap between laboratory results and scalable biotechnology applications?,researcher,biotech,"[""new_research_fields""]",failed,,,pending,,,session_url|share_url,retry_failed
report,3367,f769593c-9555-4272-a940-5f8597c5d56f,What new research directions aim to improve the reproducibility and transferability of biotechnology findings?,researcher,biotech,"[""new_research_fields""]",failed,,,pending,,,session_url|share_url,retry_failed
report,3368,854c8168-93ce-4e25-94b5-9e84f336b584,Which emerging biosafety technologies are creating new applied research opportunities across biotechnology?,researcher,biotech,"[""new_research_fields""]",failed,,,pending,,,session_url|share_url,retry_failed
report,3369,289c5e4b-8c71-4411-b43b-4c5b72a71997,What emerging biotechnology research fields could improve resource efficiency and reduce environmental burdens?,researcher,biotech,"[""new_research_fields""]",failed,,,pending,,,session_url|share_url,retry_failed
report,3370,bb7269f6-fbbc-485b-94f1-e08536ae35bf,Which converging technology trends are creating research fields that connect different biotechnology applications?,researcher,biotech,"[""new_research_fields""]",failed,,,pending,,,session_url|share_url,retry_failed
report,3371,4109f96f-f79d-4bce-89e7-c16caa9dbe91,What research tasks could map shifts in biotechnology’s major technology fields?,researcher,biotech,"[""other""]",failed,,,pending,,,session_url|share_url,retry_failed
report,3372,b602a65d-aa9a-42b1-a1b5-b3a1fce72e88,How could a researcher investigate changes in technology maturity across biotechnology?,researcher,biotech,"[""other""]",failed,,,pending,,,session_url|share_url,retry_failed
report,3373,f1423688-e140-4bcc-a288-4ad9f2265e67,What research tasks could reveal emerging connections between biotechnology fields?,researcher,biotech,"[""other""]",failed,,,pending,,,session_url|share_url,retry_failed
report,3374,73d4e92a-da10-4d07-8b18-3fddfd425599,Which research tasks could clarify how biotechnology’s major application areas are changing?,researcher,biotech,"[""other""]",failed,,,pending,,,session_url|share_url,retry_failed
report,3375,e856feaa-db78-493f-a4f0-299645cf5ec5,How could a researcher scan changing technical bottlenecks across biotechnology?,researcher,biotech,"[""other""]",failed,,,pending,,,session_url|share_url,retry_failed
report,3376,56a9d44f-50a1-4422-8f72-8f7728149f03,What research tasks could track shifts in enabling tools and platforms across biotechnology?,researcher,biotech,"[""other""]",failed,,,pending,,,session_url|share_url,retry_failed
report,3377,66804f07-2008-4d6e-97fe-2a6e24dee6f5,Which research tasks could map evolving validation and reproducibility practices across biotechnology fields?,researcher,biotech,"[""other""]",failed,,,pending,,,session_url|share_url,retry_failed
report,3378,091f52a8-dd6f-480a-ab42-f0bcc126bebd,How could a researcher explore changes in biotechnology’s pathways from discovery to practical use?,researcher,biotech,"[""other""]",failed,,,pending,,,session_url|share_url,retry_failed
report,3379,2935d47e-3403-47d5-9dd5-5452ae5f0334,What research tasks could distinguish emerging biotechnology directions from short-lived attention?,researcher,biotech,"[""other""]",failed,,,pending,,,session_url|share_url,retry_failed
report,3380,4ec36263-b474-43ad-aa5f-db61d4cad493,Which research tasks could map shifts in collaboration and shared infrastructure across biotechnology?,researcher,biotech,"[""other""]",failed,,,pending,,,session_url|share_url,retry_failed
report,3381,e973d0ab-954e-4841-997f-0e5e9fa5291c,How is biotechnology patent activity shifting among major technology clusters?,researcher,biotech,"[""patents_literature""]",failed,,,pending,,,session_url|share_url,retry_failed
report,3382,fd2c5748-4e5d-448e-8db1-55955d152f59,Which emerging areas of biotechnology show growing patent activity alongside expanding research literature?,researcher,biotech,"[""patents_literature""]",failed,,,pending,,,session_url|share_url,retry_failed
report,3383,2cdc5825-6e03-4061-9542-52a88b129ec5,How is the mix of patent applicants changing across biotechnology's major research fields?,researcher,biotech,"[""patents_literature""]",failed,,,pending,,,session_url|share_url,retry_failed
report,3384,06ca8983-779e-4cca-9815-73bab26f96dc,How are geographic filing patterns changing across biotechnology's major technology fields?,researcher,biotech,"[""patents_literature""]",failed,,,pending,,,session_url|share_url,retry_failed
report,3385,38f5e9e3-8a0f-43b9-83b6-c5ecc341a9ff,Which technology combinations are becoming more prominent in the biotechnology patent landscape?,researcher,biotech,"[""patents_literature""]",failed,,,pending,,,session_url|share_url,retry_failed
report,3386,e7a2a398-7b1d-4d20-8ebd-8bc85107311a,"How is biotechnology patenting shifting across discovery, validation, and scale-up stages?",researcher,biotech,"[""patents_literature""]",failed,,,pending,,,session_url|share_url,retry_failed
report,3387,063d4786-acd0-4d21-8772-f10e43474949,Which technical challenges are attracting increasing patent attention across biotechnology?,researcher,biotech,"[""patents_literature""]",failed,,,pending,,,session_url|share_url,retry_failed
report,3388,a935d194-65aa-49c7-bc22-91906251d0c8,"Which biotechnology patent clusters show sustained growth, plateauing, or renewed activity?",researcher,biotech,"[""patents_literature""]",failed,,,pending,,,session_url|share_url,retry_failed
report,3389,4806431f-39c0-4f8d-9491-c91bad321149,How are collaborative patenting networks evolving across biotechnology research fields?,researcher,biotech,"[""patents_literature""]",failed,,,pending,,,session_url|share_url,retry_failed
report,3390,d0e7297b-97b6-4df3-8646-87dd2ae034a4,How is published experimental support changing for biotechnology's growing patent areas?,researcher,biotech,"[""patents_literature""]",failed,,,pending,,,session_url|share_url,retry_failed
report,3391,d2604ab9-99d3-49ee-add8-b40648fd3d02,Where could data-efficient learning unlock biotechnology research opportunities that current data requirements leave unexplored?,researcher,biotech,"[""research_ideas""]",failed,,,pending,,,session_url|share_url,retry_failed
report,3392,d0d9a982-f56c-401d-8a7e-ba87f701f29d,What innovation opportunities could causal approaches reveal beyond correlation-based discovery in biotechnology?,researcher,biotech,"[""research_ideas""]",failed,,,pending,,,session_url|share_url,retry_failed
report,3393,d2221457-9d8b-4974-ae27-4da43219b21b,Where could better predictive models open biotechnology applications whose feasibility is difficult to establish in the laboratory?,researcher,biotech,"[""research_ideas""]",failed,,,pending,,,session_url|share_url,retry_failed
report,3394,9ef4b4b1-af2a-4b85-9197-b137b0acda14,Which gaps in observing biological activity offer the strongest opportunities for new biotechnology research?,researcher,biotech,"[""research_ideas""]",failed,,,pending,,,session_url|share_url,retry_failed
report,3395,d455b2d0-0837-4255-bf41-69ab6b680440,What biotechnology innovation opportunities emerge from understanding biological variability rather than averaging it away?,researcher,biotech,"[""research_ideas""]",failed,,,pending,,,session_url|share_url,retry_failed
report,3396,13930a82-a7cc-4ea6-a600-d83fa7bc3e26,Where could closed-loop experimentation make previously impractical biotechnology research questions worth pursuing?,researcher,biotech,"[""research_ideas""]",failed,,,pending,,,session_url|share_url,retry_failed
report,3397,5452551f-9211-4699-97c4-39da844abeb3,Which biotechnology research opportunities could improve environmental performance without sacrificing useful biological function?,researcher,biotech,"[""research_ideas""]",failed,,,pending,,,session_url|share_url,retry_failed
report,3398,cbea91f8-5b32-4c65-a420-84211819155b,Where could advances in biological controllability create opportunities for safer biotechnology applications?,researcher,biotech,"[""research_ideas""]",failed,,,pending,,,session_url|share_url,retry_failed
report,3399,f2edd2f8-5449-41d9-b38e-f50cc87b57aa,What new biotechnology research opportunities could emerge from making experimental evidence reusable across platforms?,researcher,biotech,"[""research_ideas""]",failed,,,pending,,,session_url|share_url,retry_failed
report,3400,f208cb3a-cd0b-482e-ab32-f5c5b2aa3b7f,Which underexplored biological capabilities offer promising starting points for new applications across biotechnology?,researcher,biotech,"[""research_ideas""]",failed,,,pending,,,session_url|share_url,retry_failed
report,3401,2f6528a7-fdd4-4396-a437-1220bd9d043d,"How do factorial, response-surface, and sequential experimental designs compare for biotechnology research?",researcher,biotech,"[""research_methods""]",failed,,,pending,,,session_url|share_url,retry_failed
report,3402,043acfeb-aa78-42b1-a68e-5e2d0c1e912c,"How do reference-standard, spike-recovery, and orthogonal measurement approaches compare for validating biotechnology measurements?",researcher,biotech,"[""research_methods""]",failed,,,pending,,,session_url|share_url,retry_failed
report,3403,4efbf300-d666-455d-bdf6-5fc18fc8f7f5,How do controlled perturbation and observational causal-inference methods compare for biotechnology research?,researcher,biotech,"[""research_methods""]",failed,,,pending,,,session_url|share_url,retry_failed
report,3404,2d93fca3-31bd-4db4-b327-1df2937836ec,"How do early, late, and joint data-integration methods compare for combining evidence in biotechnology research?",researcher,biotech,"[""research_methods""]",failed,,,pending,,,session_url|share_url,retry_failed
report,3405,d77690dc-c226-4e26-84f0-b63ba0d88cc5,"How do mechanistic, data-driven, and hybrid models compare for application-oriented biotechnology research?",researcher,biotech,"[""research_methods""]",failed,,,pending,,,session_url|share_url,retry_failed
report,3406,b2d55405-0ff0-46cc-adb1-0bc2a61b95c2,"How do independent reanalysis, direct replication, and cross-laboratory studies compare for checking biotechnology findings?",researcher,biotech,"[""research_methods""]",failed,,,pending,,,session_url|share_url,retry_failed
report,3407,f5af30fe-dc8e-4657-a55b-1c81a72f1baa,"How do evidence mapping, structured narrative synthesis, and meta-analysis compare for evaluating biotechnology research?",researcher,biotech,"[""research_methods""]",failed,,,pending,,,session_url|share_url,retry_failed
report,3408,074764bb-6bac-4f2f-9d40-8784316e152e,"How do analytical, bootstrap, and Bayesian methods compare for quantifying uncertainty in biotechnology research?",researcher,biotech,"[""research_methods""]",failed,,,pending,,,session_url|share_url,retry_failed
report,3409,7903cf5a-5b95-4bac-aef1-f385d727cd64,"How do complete-case analysis, multiple imputation, and likelihood-based methods compare for missing biotechnology research data?",researcher,biotech,"[""research_methods""]",failed,,,pending,,,session_url|share_url,retry_failed
report,3410,df464e08-dc40-429b-8b02-c3464e423b74,"How do longitudinal, repeated cross-sectional, and time-series designs compare for studying change in biotechnology research?",researcher,biotech,"[""research_methods""]",failed,,,pending,,,session_url|share_url,retry_failed
report,3411,ef57553d-fa7c-4149-80a2-1694f88ef2d1,"How are AI-assisted research methods evolving across biotechnology, and where is evidence of practical value strengthening?",researcher,biotech,"[""research_trends""]",failed,,,pending,,,session_url|share_url,retry_failed
report,3412,6412c4bf-88c6-4367-8978-cfe78df0f140,"What trends in integrating biological measurements are improving understanding across molecular, cellular, and system scales?",researcher,biotech,"[""research_trends""]",failed,,,pending,,,session_url|share_url,retry_failed
report,3413,2e74a473-3be4-4519-9332-a728cf1c61ef,How are functional validation methods evolving to distinguish causal biological mechanisms from correlations in biotechnology?,researcher,biotech,"[""research_trends""]",failed,,,pending,,,session_url|share_url,retry_failed
report,3414,4e3c154a-8a0b-49aa-8ceb-c66c581e55c9,How are automated experimentation and adaptive experiment planning changing biotechnology research?,researcher,biotech,"[""research_trends""]",failed,,,pending,,,session_url|share_url,retry_failed
report,3415,9d831212-ee17-418f-8b46-ea93f3e65fe6,What research trends are changing how biological systems are designed and refined for biotechnology applications?,researcher,biotech,"[""research_trends""]",failed,,,pending,,,session_url|share_url,retry_failed
report,3416,e565e911-2222-4e6f-8a3f-c6960177112d,How are experimental models evolving to better predict biological performance in biotechnology applications?,researcher,biotech,"[""research_trends""]",failed,,,pending,,,session_url|share_url,retry_failed
report,3417,d4c8419c-3e8c-4ca9-9f22-c231d52b888f,What technical research trends are improving the reproducibility of biotechnology findings across laboratories?,researcher,biotech,"[""research_trends""]",failed,,,pending,,,session_url|share_url,retry_failed
report,3418,c4fe478a-52c6-40d0-9e2c-9e3ee49d21be,How is research on scale-dependent biological behavior evolving to support translation across biotechnology?,researcher,biotech,"[""research_trends""]",failed,,,pending,,,session_url|share_url,retry_failed
report,3419,6aa302af-5118-4b1b-a46c-97281567cb07,How are methods for assessing unintended biological effects evolving across biotechnology research?,researcher,biotech,"[""research_trends""]",failed,,,pending,,,session_url|share_url,retry_failed
report,3420,272cf6de-0d25-44ec-bd04-9edb4fbda872,What research trends are advancing resource-efficient biological methods across biotechnology applications?,researcher,biotech,"[""research_trends""]",failed,,,pending,,,session_url|share_url,retry_failed
report,3421,2c897f7e-49e4-4181-b3c1-deeb89650966,Which emerging research directions could enable lower-emission energy use across the chemical industry?,researcher,chemical,"[""new_research_fields""]",failed,,,pending,,,session_url|share_url,retry_failed
report,3422,63bd9936-20fa-438f-a578-244e98f0a035,How are research directions for circular resource use evolving across the chemical industry?,researcher,chemical,"[""new_research_fields""]",failed,,,pending,,,session_url|share_url,retry_failed
report,3423,702478e8-2e95-4e34-9109-0e336f4fa22f,What new directions in data-driven research are emerging across the chemical industry?,researcher,chemical,"[""new_research_fields""]",failed,,,pending,,,session_url|share_url,retry_failed
report,3424,f5696079-c1e6-49ba-b52d-d91f801cd4b0,Which trends in reaction science are opening new applied-research fields across the chemical industry?,researcher,chemical,"[""new_research_fields""]",failed,,,pending,,,session_url|share_url,retry_failed
report,3425,aff03655-4c29-45a5-84f7-bb26a0975830,How is separation research evolving to address shared challenges across the chemical industry?,researcher,chemical,"[""new_research_fields""]",failed,,,pending,,,session_url|share_url,retry_failed
report,3426,11fb8807-ce6d-405d-9c8c-422624f9541b,What emerging research directions could strengthen inherently safer design across the chemical industry?,researcher,chemical,"[""new_research_fields""]",failed,,,pending,,,session_url|share_url,retry_failed
report,3427,6f527425-11a8-4591-b411-9cc2f5ed94dd,Which advances in measurement and characterization are creating new research opportunities across the chemical industry?,researcher,chemical,"[""new_research_fields""]",failed,,,pending,,,session_url|share_url,retry_failed
report,3428,35627e32-5b13-4ea3-9853-84bf90240c4e,How is scale-up science evolving to bridge laboratory findings and practical applications in the chemical industry?,researcher,chemical,"[""new_research_fields""]",failed,,,pending,,,session_url|share_url,retry_failed
report,3429,577e5749-d238-42cc-a154-a7c99e20ac6e,What research trends at the interface of biological and chemical methods could broaden applications across the chemical industry?,researcher,chemical,"[""new_research_fields""]",failed,,,pending,,,session_url|share_url,retry_failed
report,3430,549d7e01-25c7-4e86-8115-1df1c677a80e,Which emerging research directions could improve water stewardship and pollutant management across the chemical industry?,researcher,chemical,"[""new_research_fields""]",failed,,,pending,,,session_url|share_url,retry_failed
report,3431,e5aed3a1-4b99-42e1-972b-47f5e726eb77,Which trend-scanning tasks could help map the chemical industry's changing technology landscape?,researcher,chemical,"[""other""]",failed,,,pending,,,session_url|share_url,retry_failed
report,3432,c74c93e9-69ed-4248-9bdc-c015ecf97546,What research tasks could distinguish emerging chemical-industry technologies from directions approaching maturity?,researcher,chemical,"[""other""]",failed,,,pending,,,session_url|share_url,retry_failed
report,3433,a3c69ac2-806b-403f-98a5-556c6110fc12,Which scanning approaches could help a researcher investigate early signals of new chemical-industry research fields?,researcher,chemical,"[""other""]",failed,,,pending,,,session_url|share_url,retry_failed
report,3434,5c336d07-b5d2-45db-97e8-fbbfc79361de,What trend-scanning tasks could clarify how decarbonization is shaping chemical-industry research directions?,researcher,chemical,"[""other""]",failed,,,pending,,,session_url|share_url,retry_failed
report,3435,266a8fb1-f8b0-4f5e-8627-b960127638f8,Which research tasks could map the evolving role of digital methods across the chemical industry's technology landscape?,researcher,chemical,"[""other""]",failed,,,pending,,,session_url|share_url,retry_failed
report,3436,c1298ff9-bd71-455b-8af1-305165f2e0da,What scanning tasks could help a researcher explore circularity-related shifts in chemical-industry technologies?,researcher,chemical,"[""other""]",failed,,,pending,,,session_url|share_url,retry_failed
report,3437,6ba85453-a0ec-45f7-a71d-a5c85273b278,Which trend-scanning tasks could reveal how scale-up challenges are influencing chemical-industry research priorities?,researcher,chemical,"[""other""]",failed,,,pending,,,session_url|share_url,retry_failed
report,3438,281ad602-c676-484f-acf4-9e0813599ba2,What research tasks could explore changing safety-related directions in the chemical industry's technology landscape?,researcher,chemical,"[""other""]",failed,,,pending,,,session_url|share_url,retry_failed
report,3439,3375a538-4613-4dac-a6f8-b48abb84c049,Which scanning tasks could map growing connections between technology fields across the chemical industry?,researcher,chemical,"[""other""]",failed,,,pending,,,session_url|share_url,retry_failed
report,3440,53551f27-3580-4ccf-8ea1-09fdf811bcb7,"What research tasks could compare chemical-industry technology trends across publications, patents, and technical reports?",researcher,chemical,"[""other""]",failed,,,pending,,,session_url|share_url,retry_failed
report,3441,c9bbf820-9a6e-481e-ba2b-c746d0799113,How is patent filing activity shifting among the chemical industry's major technology clusters?,researcher,chemical,"[""patents_literature""]",failed,,,pending,,,session_url|share_url,retry_failed
report,3442,7f25c6b4-105a-48ec-b1ce-ecb5534df63d,Which major application areas are gaining or losing emphasis in the chemical industry's patent landscape?,researcher,chemical,"[""patents_literature""]",failed,,,pending,,,session_url|share_url,retry_failed
report,3443,42ea49da-6721-4dc4-8152-2c6133984571,How are major patent holders' technical portfolios and concentration changing across the chemical industry?,researcher,chemical,"[""patents_literature""]",failed,,,pending,,,session_url|share_url,retry_failed
report,3445,4a587d74-280a-436d-bb9d-5ef118848e8c,How are the geographic origins and filing destinations of chemical-industry patents evolving?,researcher,chemical,"[""patents_literature""]",failed,,,pending,,,session_url|share_url,retry_failed
report,3446,4f778335-0f53-44ad-82d9-6af1ea68211c,How are links between scientific publications and patenting changing across the chemical industry?,researcher,chemical,"[""patents_literature""]",failed,,,pending,,,session_url|share_url,retry_failed
report,3447,e3e701f4-4da4-4a83-9130-8402ae1b51fd,Which cross-disciplinary technology combinations are emerging in the chemical industry's patent landscape?,researcher,chemical,"[""patents_literature""]",failed,,,pending,,,session_url|share_url,retry_failed
report,3448,e8dbd68e-5f6a-406d-868d-cd3859367f95,How is patent activity around major technical challenges changing across the chemical industry?,researcher,chemical,"[""patents_literature""]",failed,,,pending,,,session_url|share_url,retry_failed
report,3449,77cb3189-147b-425d-8a37-10708569fe14,How are patent-family expansion and maintenance patterns changing across chemical-industry technology fields?,researcher,chemical,"[""patents_literature""]",failed,,,pending,,,session_url|share_url,retry_failed
report,3450,ca2128dd-65b1-4399-bcfe-240c356beaf5,How is the chemical industry's patent landscape evolving around scale-up and practical implementation challenges?,researcher,chemical,"[""patents_literature""]",failed,,,pending,,,session_url|share_url,retry_failed
report,3451,cd884d80-1059-40c8-8a07-c34d5bbefa53,Where could electrification open new applied-research opportunities across the chemical industry?,researcher,chemical,"[""research_ideas""]",failed,,,pending,,,session_url|share_url,retry_failed
report,3452,b5238058-3455-4354-88f4-c52b35e19e05,Which unmet separation needs offer promising research opportunities across the chemical industry?,researcher,chemical,"[""research_ideas""]",failed,,,pending,,,session_url|share_url,retry_failed
report,3453,b01c0600-e137-4960-94a3-52b8a1294e6b,Where could new recovery and reuse pathways create research opportunities for chemical-industry circularity?,researcher,chemical,"[""research_ideas""]",failed,,,pending,,,session_url|share_url,retry_failed
report,3454,8b2269f8-05e2-42ee-9f41-a0a25f128ba7,Which gaps in catalytic selectivity and durability offer innovation opportunities across the chemical industry?,researcher,chemical,"[""research_ideas""]",failed,,,pending,,,session_url|share_url,retry_failed
report,3455,3385c7b2-22c2-40f1-8e49-eda49a873694,Where could data-efficient discovery methods unlock new research opportunities across the chemical industry?,researcher,chemical,"[""research_ideas""]",failed,,,pending,,,session_url|share_url,retry_failed
report,3456,97206a4e-ca8c-45f9-b782-8e611e4559d7,What research opportunities could enable safer chemical alternatives while preserving application performance?,researcher,chemical,"[""research_ideas""]",failed,,,pending,,,session_url|share_url,retry_failed
report,3457,9e5ebc88-7bcb-49a8-8f4c-1612eb2083b3,Which research opportunities could improve the transfer of laboratory discoveries to larger-scale chemical applications?,researcher,chemical,"[""research_ideas""]",failed,,,pending,,,session_url|share_url,retry_failed
report,3458,b1a39d48-6297-45fa-b6b9-e557511037d7,Where could water-efficient chemistry create new research opportunities across the chemical industry?,researcher,chemical,"[""research_ideas""]",failed,,,pending,,,session_url|share_url,retry_failed
report,3459,2349a787-7045-49c5-92de-fbf797bfb44d,What research opportunities could broaden feedstock flexibility across the chemical industry?,researcher,chemical,"[""research_ideas""]",failed,,,pending,,,session_url|share_url,retry_failed
report,3460,9583f853-0599-48f6-9cb6-18944e5a5a0d,Where could early-stage environmental evidence reveal overlooked chemical-industry research opportunities?,researcher,chemical,"[""research_ideas""]",failed,,,pending,,,session_url|share_url,retry_failed
report,3461,74a35e8b-e027-450a-bc58-d3ee619810f1,"How do factorial designs, response surface methods, and Bayesian optimization compare for planning chemical research experiments?",researcher,chemical,"[""research_methods""]",failed,,,pending,,,session_url|share_url,retry_failed
report,3462,2dd0c6c2-c6f8-4f96-a7a8-3b11fc9d7f64,How do in situ and ex situ measurements compare for studying changes in chemical systems?,researcher,chemical,"[""research_methods""]",failed,,,pending,,,session_url|share_url,retry_failed
report,3463,739e6e9c-4ec9-4940-8b82-ede7ab81a3c3,"How do mechanistic, data-driven, and hybrid models compare for explaining and predicting chemical-system behavior?",researcher,chemical,"[""research_methods""]",failed,,,pending,,,session_url|share_url,retry_failed
report,3464,84ceac5f-fff4-4d37-9aa0-407ddea7e991,How do maximum-likelihood and Bayesian methods compare for estimating parameters in chemical research models?,researcher,chemical,"[""research_methods""]",failed,,,pending,,,session_url|share_url,retry_failed
report,3465,77f9618c-245a-4405-a594-79601a0a5e72,How do local and global sensitivity analyses compare for prioritizing variables in chemical research?,researcher,chemical,"[""research_methods""]",failed,,,pending,,,session_url|share_url,retry_failed
report,3466,388b766c-9016-4fb1-b4a5-0febe4140aac,"How do dimensional analysis, multiscale simulation, and cross-scale experiments compare for assessing chemical-research transferability?",researcher,chemical,"[""research_methods""]",failed,,,pending,,,session_url|share_url,retry_failed
report,3467,d7bfe157-3800-4290-b4ac-97fdcc88a823,"How do random, grouped, and temporal validation compare for assessing predictive models in chemical research?",researcher,chemical,"[""research_methods""]",failed,,,pending,,,session_url|share_url,retry_failed
report,3468,c5e1939d-ee1d-4eb0-9b09-231340849d52,How do structured narrative synthesis and meta-analysis compare for assessing evidence across chemical research studies?,researcher,chemical,"[""research_methods""]",failed,,,pending,,,session_url|share_url,retry_failed
report,3469,706cd863-ca10-4a51-b9cf-fd719957657b,"How do process-based, input-output, and hybrid life cycle assessments compare for evaluating chemical applications?",researcher,chemical,"[""research_methods""]",failed,,,pending,,,session_url|share_url,retry_failed
report,3470,ac332d28-9a8f-4f3e-830d-f9f005306a55,"How do randomized experiments, quasi-experiments, and observational causal methods compare for testing claims in chemical research?",researcher,chemical,"[""research_methods""]",failed,,,pending,,,session_url|share_url,retry_failed
report,3471,9d1507d2-ee0d-4293-bef9-b916b98f5780,How did catalysis research priorities across the chemical industry change from 2021 to 2025?,researcher,chemical,"[""research_trends""]",failed,,,pending,,,session_url|share_url,retry_failed
report,3472,d79d1a47-ce04-4f67-ba18-1b7f1456e521,What changed in research on energy-efficient separations across the chemical industry from 2021 to 2025?,researcher,chemical,"[""research_trends""]",failed,,,pending,,,session_url|share_url,retry_failed
report,3473,598d1820-a07d-474a-83ba-ca5d6e9e7760,How did research on electrifying chemical transformations and process heating evolve from 2021 to 2025?,researcher,chemical,"[""research_trends""]",failed,,,pending,,,session_url|share_url,retry_failed
report,3474,a62ba40c-7fa7-43e6-9289-97a018ffb8a3,How did chemical-industry research on alternative feedstocks and feedstock flexibility change from 2021 to 2025?,researcher,chemical,"[""research_trends""]",failed,,,pending,,,session_url|share_url,retry_failed
report,3475,346c4d52-c06f-4639-9691-5e04caa0efe2,What changed in evidence for AI-assisted discovery and experimentation in chemical research from 2021 to 2025?,researcher,chemical,"[""research_trends""]",failed,,,pending,,,session_url|share_url,retry_failed
report,3476,b46ad456-bae3-4aae-ae87-ab4d0b8d73e8,How did process-intensification research across the chemical industry evolve from 2021 to 2025?,researcher,chemical,"[""research_trends""]",failed,,,pending,,,session_url|share_url,retry_failed
report,3477,69bab41c-06bf-4d0d-ba80-740c877cf02b,What research trends emerged in water reuse and resource recovery across the chemical industry from 2021 to 2025?,researcher,chemical,"[""research_trends""]",failed,,,pending,,,session_url|share_url,retry_failed
report,3478,7ae9b249-51f9-44f7-b4b0-d342aecadd4c,How did research on inherently safer chemistry across the chemical industry develop from 2021 to 2025?,researcher,chemical,"[""research_trends""]",failed,,,pending,,,session_url|share_url,retry_failed
report,3479,2cbbe378-6749-48ab-8ef3-1fe071e9499f,What changed in research methods for predicting laboratory-to-scale performance in the chemical industry from 2021 to 2025?,researcher,chemical,"[""research_trends""]",failed,,,pending,,,session_url|share_url,retry_failed
report,3480,20e27f6a-452a-4558-b812-ed9af414857a,How did life-cycle-informed chemical technology research evolve across the industry from 2021 to 2025?,researcher,chemical,"[""research_trends""]",failed,,,pending,,,session_url|share_url,retry_failed
report,3481,4dd1525e-a86d-4509-ba44-93b112ea8b4e,Which emerging AI research directions could improve decision-making across the construction industry?,researcher,construction,"[""new_research_fields""]",failed,,,pending,,,session_url|share_url,retry_failed
report,3482,18a1641d-738a-4054-a5e8-1373c2cb19b7,"How is construction automation research evolving, and which human–machine collaboration challenges are emerging?",researcher,construction,"[""new_research_fields""]",failed,,,pending,,,session_url|share_url,retry_failed
report,3483,91b1120b-ed5c-4cb6-9ccd-e26d6883ebf6,"Which low-carbon research directions are emerging across construction, and how do their application pathways differ?",researcher,construction,"[""new_research_fields""]",failed,,,pending,,,session_url|share_url,retry_failed
report,3484,93877fcd-2b34-4ada-b003-b11622bc40bd,"How is circular-construction research evolving around resource recovery, reuse, and value retention?",researcher,construction,"[""new_research_fields""]",failed,,,pending,,,session_url|share_url,retry_failed
report,3485,80417b4a-c291-4b36-bb67-bcce8dfdbc8c,Which climate-resilience research directions are emerging across the construction industry?,researcher,construction,"[""new_research_fields""]",failed,,,pending,,,session_url|share_url,retry_failed
report,3486,bab3c746-2d13-487e-a944-aa1a9676a511,"How are construction health and safety technologies evolving, and where are new applied-research fields forming?",researcher,construction,"[""new_research_fields""]",failed,,,pending,,,session_url|share_url,retry_failed
report,3487,a57e59bf-dfe6-413d-92ff-1c3758151e2a,Which advances in measurement and verification are opening new construction quality-assurance research fields?,researcher,construction,"[""new_research_fields""]",failed,,,pending,,,session_url|share_url,retry_failed
report,3488,bf8abc42-dc58-4b53-9b99-9be504d0a884,How is construction data-interoperability research evolving to support information continuity across the lifecycle?,researcher,construction,"[""new_research_fields""]",failed,,,pending,,,session_url|share_url,retry_failed
report,3489,4f56a5fc-5c65-4cca-a847-d2c0c292014e,Which emerging research directions address uncertainty and disruption in construction planning and supply networks?,researcher,construction,"[""new_research_fields""]",failed,,,pending,,,session_url|share_url,retry_failed
report,3490,575c083b-b3c5-4c13-a6ad-41de621507f6,How are field-validation approaches evolving to bridge the gap between construction research and practical use?,researcher,construction,"[""new_research_fields""]",failed,,,pending,,,session_url|share_url,retry_failed
report,3491,25f8ae48-4e40-4c74-8710-3471bdc02110,Which research tasks could help map shifting priorities across construction’s major technology fields?,researcher,construction,"[""other""]",failed,,,pending,,,session_url|share_url,retry_failed
report,3492,2b41113b-342e-49ab-9483-617c885801c5,What research tasks could clarify how technology maturity is changing across construction?,researcher,construction,"[""other""]",failed,,,pending,,,session_url|share_url,retry_failed
report,3493,94e31686-d6a4-4da8-ad13-2042b423eb35,Which research tasks could reveal where technology attention is moving across the construction lifecycle?,researcher,construction,"[""other""]",failed,,,pending,,,session_url|share_url,retry_failed
report,3494,d71be9c4-3848-4654-b402-73656cdf443b,How could research tasks be framed to track convergence among construction technology fields?,researcher,construction,"[""other""]",failed,,,pending,,,session_url|share_url,retry_failed
report,3495,c02fb04c-515a-4a84-b6ee-74350464d14f,Which research tasks could compare construction technology trends in publications with those in practice?,researcher,construction,"[""other""]",failed,,,pending,,,session_url|share_url,retry_failed
report,3496,abfaf044-0f71-4a04-b450-6addd02e75ff,What research tasks could track changing technical barriers across construction’s technology landscape?,researcher,construction,"[""other""]",failed,,,pending,,,session_url|share_url,retry_failed
report,3497,e9110586-28b1-4df3-b0d5-506424e16540,Which research tasks could help distinguish emerging construction technology areas from short-lived attention?,researcher,construction,"[""other""]",failed,,,pending,,,session_url|share_url,retry_failed
report,3498,e0058a3e-d018-4b7b-ab94-5485b4b3cbdc,How could research tasks track changes in the shared capabilities supporting construction technologies?,researcher,construction,"[""other""]",failed,,,pending,,,session_url|share_url,retry_failed
report,3499,87474b9c-58fa-4107-9ff2-ffff0f5a3c61,Which research tasks could map changes in collaboration across construction technology research?,researcher,construction,"[""other""]",failed,,,pending,,,session_url|share_url,retry_failed
report,3500,f3659280-5c3e-4fd2-81ca-482d4f05c22b,What research tasks could compare likely next directions and uncertainties in construction technology?,researcher,construction,"[""other""]",failed,,,pending,,,session_url|share_url,retry_failed
report,3501,e0dee4c7-d99d-4515-9205-f349f58caa96,"How are patent technology clusters changing across construction, and which directions are gaining research attention?",researcher,construction,"[""patents_literature""]",failed,,,pending,,,session_url|share_url,retry_failed
report,3502,7f6184d9-e3d8-4ab4-beb1-9b4dd296e24d,How is the balance of established and newly active patent applicants shifting across construction research fields?,researcher,construction,"[""patents_literature""]",failed,,,pending,,,session_url|share_url,retry_failed
report,3503,1bf01795-d21d-4217-bf0b-e8c8eea86d11,How is the geographic distribution of construction patent filings changing across major technology fields?,researcher,construction,"[""patents_literature""]",failed,,,pending,,,session_url|share_url,retry_failed
report,3504,f81ed85c-1dad-4d19-aac9-755d91a2de57,How is construction patent activity shifting among applications at different stages of the built-asset lifecycle?,researcher,construction,"[""patents_literature""]",failed,,,pending,,,session_url|share_url,retry_failed
report,3505,4a651cc5-2a12-43dc-8b9f-dbf8a634f75a,Which technical challenges are receiving increasing or declining attention in construction patent filings?,researcher,construction,"[""patents_literature""]",failed,,,pending,,,session_url|share_url,retry_failed
report,3506,8d225840-2f2f-42cc-98e1-2d59fc255215,Which combinations of technology fields are becoming more prominent in construction patents?,researcher,construction,"[""patents_literature""]",failed,,,pending,,,session_url|share_url,retry_failed
report,3507,ea190ddd-73ae-4c1b-ac1d-0fcd5885bdcf,How are links between scientific publications and subsequent construction patent activity changing across research fields?,researcher,construction,"[""patents_literature""]",failed,,,pending,,,session_url|share_url,retry_failed
report,3508,0fac250f-b731-4815-aa32-9d29ab9f8e56,How is the application-validation evidence associated with construction patent trends changing across technology fields?,researcher,construction,"[""patents_literature""]",failed,,,pending,,,session_url|share_url,retry_failed
report,3509,08fb6d4f-d7cb-4e79-897b-45660312f0b7,How are joint patenting relationships changing across construction technology fields?,researcher,construction,"[""patents_literature""]",failed,,,pending,,,session_url|share_url,retry_failed
report,3510,44dd7010-1b92-484a-b5a4-50749ee71bf4,"Which construction technology fields show sustained patenting activity, and which show short-lived filing surges?",researcher,construction,"[""patents_literature""]",failed,,,pending,,,session_url|share_url,retry_failed
report,3511,074715b8-c2e4-466d-9cb5-71986ba80574,Where are the strongest research opportunities for reducing construction’s whole-life carbon without shifting other environmental burdens?,researcher,construction,"[""research_ideas""]",needs_auth,,,pending,,,session_url|share_url,retry_after_auth
report,3512,e6d8bcd8-34d7-454a-b3fb-a9ad5f5cdd90,What research opportunities could make circular resource use in construction more reliable and verifiable?,researcher,construction,"[""research_ideas""]",needs_auth,,,pending,,,session_url|share_url,retry_after_auth
report,3842,3910d635-67e1-4bff-bd3d-ac66c08b1503,What emerging sensing and measurement research directions could improve medical device capabilities across applications?,researcher,medical_devices,"[""new_research_fields""]",submission_unknown,,,pending,,,session_url|share_url,force_resubmit_unknown
