input,generated_prompt,session_url,share_url,format,isCompleted,completionStatus,completionError,title,categories,keywords,description,role,industry,jtbd,date,sub_industry
Diagnostic Devices Scout Report: Signals Worth Watching in Medical Devices,"Write a Scout Report in English for Diagnostic Devices within the Medical Devices industry. Use the content category ""scout_report"". Focus on emerging signals, notable players, early adoption patterns, and strategic watch points. Audience role: innovation_product_strategy. Jobs to be done: track_technologies_and_competitors, identify_innovation_opportunities. Keep the content practical, specific to the sub-industry, and suitable as a recommended content item for users browsing for inspiration. Include a clear title, brief context, key observations, why it matters, and recommended next actions. Avoid generic industry commentary and avoid deep technical mechanism explanations unless needed for clarity. Use artifact-generator to generate the final result as HTML.",https://eureka.patsnap.com/ai-search/sess_3f28af338d2843cd?from=rd-home&start_from=eureka_landingpage,https://eureka.patsnap.com/share/?id=b6be1e2ab37d603056fb62f043dba8f4&from=invite-eureakplg-result&content=,html,,,,Diagnostic Devices Scout Report: Signals Worth Watching in Medical Devices,"[""scout_report""]","[""diagnostic devices"", ""medical devices"", ""scout report"", ""innovation signals"", ""recommendation content""]","Create a scout report for Diagnostic Devices in the Medical Devices industry, focused on emerging signals, notable players, early adoption patterns, and strategic watch points.",innovation_product_strategy,medical_devices,"[""technology_competitors"", ""innovation_opportunities""]",2026-09-10,"[""diagnostic_devices""]"
Surgical and Interventional Devices Case: Turning Market Signals into Practical Innovation,"Write a Case in English for Surgical and Interventional Devices within the Medical Devices industry. Use the content category ""case"". Focus on a practical innovation case pattern, business context, adoption drivers, and what other teams can learn. Audience role: innovation_product_strategy. Jobs to be done: identify_innovation_opportunities, evaluate_r_and_d_directions. Keep the content practical, specific to the sub-industry, and suitable as a recommended content item for users browsing for inspiration. Include a clear title, brief context, key observations, why it matters, and recommended next actions. Avoid generic industry commentary and avoid deep technical mechanism explanations unless needed for clarity. Use artifact-generator to generate the final result as HTML.",https://eureka.patsnap.com/ai-search/sess_474b3c34d3f047bf?from=rd-home&start_from=eureka_landingpage,https://eureka.patsnap.com/share/?id=ba8602409855317cfb0a32a521e30961&from=invite-eureakplg-result&content=,html,,,,Surgical and Interventional Devices Case: Turning Market Signals into Practical Innovation,"[""case""]","[""surgical and interventional devices"", ""medical devices"", ""case"", ""innovation signals"", ""recommendation content""]","Create a case for Surgical and Interventional Devices in the Medical Devices industry, focused on a practical innovation case pattern, business context, adoption drivers, and what other teams can learn.",innovation_product_strategy,medical_devices,"[""innovation_opportunities"", ""rd_directions""]",2026-09-10,"[""surgical_and_interventional_devices""]"
"Wearable and Digital Health Devices Market Landscape: Segments, Demand, and Growth Pockets","Write a Market Landscape in English for Wearable and Digital Health Devices within the Medical Devices industry. Use the content category ""market_landscape"". Focus on market segments, demand shifts, buyer priorities, growth pockets, and ecosystem structure. Audience role: innovation_product_strategy. Jobs to be done: track_technologies_and_competitors, identify_innovation_opportunities. Keep the content practical, specific to the sub-industry, and suitable as a recommended content item for users browsing for inspiration. Include a clear title, brief context, key observations, why it matters, and recommended next actions. Avoid generic industry commentary and avoid deep technical mechanism explanations unless needed for clarity. Use artifact-generator to generate the final result as HTML.",https://eureka.patsnap.com/ai-search/sess_47282cbb2b1446da?from=rd-home&start_from=eureka_landingpage,https://eureka.patsnap.com/share/?id=00a8b43a24b1bbd655030e380b901346&from=invite-eureakplg-result&content=,html,,,,"Wearable and Digital Health Devices Market Landscape: Segments, Demand, and Growth Pockets","[""market_landscape""]","[""wearable and digital health devices"", ""medical devices"", ""market landscape"", ""innovation signals"", ""recommendation content""]","Create a market landscape for Wearable and Digital Health Devices in the Medical Devices industry, focused on market segments, demand shifts, buyer priorities, growth pockets, and ecosystem structure.",innovation_product_strategy,medical_devices,"[""technology_competitors"", ""innovation_opportunities""]",2026-09-10,"[""wearable_and_digital_health_devices""]"
Device Materials and Components Patent Landscape: Where IP Activity Is Concentrating,"Write a Patent Landscape in English for Device Materials and Components within the Medical Devices industry. Use the content category ""patent_landscape"". Focus on patent activity, assignee clusters, technology white spaces, and IP strategy implications. Audience role: innovation_product_strategy. Jobs to be done: explore_patent_landscapes, assess_product_ip_risks. Keep the content practical, specific to the sub-industry, and suitable as a recommended content item for users browsing for inspiration. Include a clear title, brief context, key observations, why it matters, and recommended next actions. Avoid generic industry commentary and avoid deep technical mechanism explanations unless needed for clarity. Use artifact-generator to generate the final result as HTML.",https://eureka.patsnap.com/ai-search/sess_858f12621dd04300?from=rd-home&start_from=eureka_landingpage,https://eureka.patsnap.com/share/?id=b99cbc4f328a84dedb89ac1296ed0de9&from=invite-eureakplg-result&content=,html,,,,Device Materials and Components Patent Landscape: Where IP Activity Is Concentrating,"[""patent_landscape""]","[""device materials and components"", ""medical devices"", ""patent landscape"", ""innovation signals"", ""recommendation content""]","Create a patent landscape for Device Materials and Components in the Medical Devices industry, focused on patent activity, assignee clusters, technology white spaces, and IP strategy implications.",innovation_product_strategy,medical_devices,"[""patent_landscapes"", ""product_ip_risks""]",2026-09-10,"[""device_materials_and_components""]"
"Diagnostic Devices Competitor Analysis: Data, AI, and Workflow Integration","Write a Competitor Analysis in English for Diagnostic Devices within the Medical Devices industry. Title: Diagnostic Devices Competitor Analysis: Data, AI, and Workflow Integration. Use the content category ""competitor_analysis"". Focus on competitor positioning, strategic moves, differentiation levers, partnership patterns, and likely next actions, especially how data, AI, automation, and workflow integration are changing user expectations and product scope. Audience role: innovation_product_strategy. Jobs to be done: track_technologies_and_competitors, identify_innovation_opportunities. Classify the article with industry ""medical_devices"", sub_industry ""diagnostic_devices"", and content_category ""competitor_analysis"". Keep the content practical, specific to the sub-industry, and suitable as a recommended content item for users browsing for inspiration. Include a clear title, brief context, key observations, why it matters, and recommended next actions. Avoid generic industry commentary and avoid deep technical mechanism explanations unless needed for clarity. Use artifact-generator to generate the final result as HTML.",https://eureka.patsnap.com/ai-search/sess_e8c9ceb63c264da8?from=rd-home&start_from=eureka_landingpage,https://eureka.patsnap.com/share/?id=cb17f89b6b9e64d41956bb259f7ff974&from=invite-eureakplg-result&content=,html,,,,"Diagnostic Devices Competitor Analysis: Data, AI, and Workflow Integration","[""competitor_analysis""]","[""diagnostic devices"", ""medical devices"", ""competitor analysis"", ""AI workflow"", ""data integration"", ""recommendation content""]","Create a competitor analysis for Diagnostic Devices in the Medical Devices industry, focused on how data, AI, automation, and workflow integration are changing user expectations and product scope.",innovation_product_strategy,medical_devices,"[""technology_competitors"", ""innovation_opportunities""]",2026-09-10,"[""diagnostic_devices""]"
"Surgical and Interventional Devices Opportunity Brief: Quality, Reliability, and Field Performance","Write a Opportunity Brief in English for Surgical and Interventional Devices within the Medical Devices industry. Title: Surgical and Interventional Devices Opportunity Brief: Quality, Reliability, and Field Performance. Use the content category ""opportunity_brief"". Focus on unmet needs, product opportunity spaces, timing signals, commercial fit, and practical next steps, especially where quality, reliability, maintenance, validation, and field evidence influence customer trust. Audience role: innovation_product_strategy. Jobs to be done: identify_innovation_opportunities, evaluate_r_and_d_directions. Classify the article with industry ""medical_devices"", sub_industry ""surgical_and_interventional_devices"", and content_category ""opportunity_brief"". Keep the content practical, specific to the sub-industry, and suitable as a recommended content item for users browsing for inspiration. Include a clear title, brief context, key observations, why it matters, and recommended next actions. Avoid generic industry commentary and avoid deep technical mechanism explanations unless needed for clarity. Use artifact-generator to generate the final result as HTML.",https://eureka.patsnap.com/ai-search/sess_3ae1b8f1977543a0?from=rd-home&start_from=eureka_landingpage,https://eureka.patsnap.com/share/?id=2967df658ae36c501653182a4a20d34e&from=invite-eureakplg-result&content=,html,,,,"Surgical and Interventional Devices Opportunity Brief: Quality, Reliability, and Field Performance","[""opportunity_brief""]","[""surgical and interventional devices"", ""medical devices"", ""opportunity brief"", ""quality"", ""reliability"", ""recommendation content""]","Create a opportunity brief for Surgical and Interventional Devices in the Medical Devices industry, focused on where quality, reliability, maintenance, validation, and field evidence influence customer trust.",innovation_product_strategy,medical_devices,"[""innovation_opportunities"", ""rd_directions""]",2026-09-10,"[""surgical_and_interventional_devices""]"
Wearable and Digital Health Devices Risk Watch: Sustainability and Resource Constraints,"Write a Risk Watch in English for Wearable and Digital Health Devices within the Medical Devices industry. Title: Wearable and Digital Health Devices Risk Watch: Sustainability and Resource Constraints. Use the content category ""risk_watch"". Focus on regulatory, FTO, safety, supply, reimbursement, adoption, and commercialization risks, especially how sustainability expectations, resource limits, circularity, and efficiency pressures shape priorities. Audience role: in_house_ip_legal. Jobs to be done: check_fto_and_design_risks, explore_patent_landscapes. Classify the article with industry ""medical_devices"", sub_industry ""wearable_and_digital_health_devices"", and content_category ""risk_watch"". Keep the content practical, specific to the sub-industry, and suitable as a recommended content item for users browsing for inspiration. Include a clear title, brief context, key observations, why it matters, and recommended next actions. Avoid generic industry commentary and avoid deep technical mechanism explanations unless needed for clarity. Use artifact-generator to generate the final result as HTML.",https://eureka.patsnap.com/ai-search/sess_6813ed4ac55a4fbd?from=rd-home&start_from=eureka_landingpage,https://eureka.patsnap.com/share/?id=ced7d1e17413a39e94312b3bac04010d&from=invite-eureakplg-result&content=,html,,,,Wearable and Digital Health Devices Risk Watch: Sustainability and Resource Constraints,"[""risk_watch""]","[""wearable and digital health devices"", ""medical devices"", ""risk watch"", ""sustainability"", ""resource efficiency"", ""recommendation content""]","Create a risk watch for Wearable and Digital Health Devices in the Medical Devices industry, focused on how sustainability expectations, resource limits, circularity, and efficiency pressures shape priorities.",in_house_ip_legal,medical_devices,"[""fto_design_risks"", ""patent_landscapes""]",2026-09-10,"[""wearable_and_digital_health_devices""]"
Device Materials and Components Trend Brief: Regional Market Divergence and Localization,"Write a Trend Brief in English for Device Materials and Components within the Medical Devices industry. Title: Device Materials and Components Trend Brief: Regional Market Divergence and Localization. Use the content category ""trend_brief"". Focus on 3-5 year direction, adoption drivers, constraints, scenarios, and strategic implications, especially how regional demand, policy, pricing, and localization strategies are diverging across markets. Audience role: innovation_product_strategy. Jobs to be done: track_technologies_and_competitors, evaluate_r_and_d_directions. Classify the article with industry ""medical_devices"", sub_industry ""device_materials_and_components"", and content_category ""trend_brief"". Keep the content practical, specific to the sub-industry, and suitable as a recommended content item for users browsing for inspiration. Include a clear title, brief context, key observations, why it matters, and recommended next actions. Avoid generic industry commentary and avoid deep technical mechanism explanations unless needed for clarity. Use artifact-generator to generate the final result as HTML.",https://eureka.patsnap.com/ai-search/sess_373764c39ad948da?from=rd-home&start_from=eureka_landingpage,https://eureka.patsnap.com/share/?id=19cd54697c7768a8c4beed66f16719ce&from=invite-eureakplg-result&content=,html,,,,Device Materials and Components Trend Brief: Regional Market Divergence and Localization,"[""trend_brief""]","[""device materials and components"", ""medical devices"", ""trend brief"", ""regional markets"", ""localization"", ""recommendation content""]","Create a trend brief for Device Materials and Components in the Medical Devices industry, focused on how regional demand, policy, pricing, and localization strategies are diverging across markets.",innovation_product_strategy,medical_devices,"[""technology_competitors"", ""rd_directions""]",2026-09-10,"[""device_materials_and_components""]"
Diagnostic Devices Patent Landscape: Manufacturing Scale-Up and Operational Readiness,"Write a Patent Landscape in English for Diagnostic Devices within the Medical Devices industry. Title: Diagnostic Devices Patent Landscape: Manufacturing Scale-Up and Operational Readiness. Use the content category ""patent_landscape"". Focus on patent activity, assignee concentration, technology clusters, white spaces, and IP strategy implications, especially what scale-up, process readiness, qualification, and operational constraints mean for commercialization. Audience role: innovation_product_strategy. Jobs to be done: explore_patent_landscapes, assess_product_ip_risks. Classify the article with industry ""medical_devices"", sub_industry ""diagnostic_devices"", and content_category ""patent_landscape"". Keep the content practical, specific to the sub-industry, and suitable as a recommended content item for users browsing for inspiration. Include a clear title, brief context, key observations, why it matters, and recommended next actions. Avoid generic industry commentary and avoid deep technical mechanism explanations unless needed for clarity. Use artifact-generator to generate the final result as HTML.",https://eureka.patsnap.com/ai-search/sess_1829789a782e45df?from=rd-home&start_from=eureka_landingpage,https://eureka.patsnap.com/share/?id=44383c7d139d55b9ae9d44cc2e5795bd&from=invite-eureakplg-result&content=,html,,,,Diagnostic Devices Patent Landscape: Manufacturing Scale-Up and Operational Readiness,"[""patent_landscape""]","[""diagnostic devices"", ""medical devices"", ""patent landscape"", ""manufacturing scale-up"", ""operational readiness"", ""recommendation content""]","Create a patent landscape for Diagnostic Devices in the Medical Devices industry, focused on what scale-up, process readiness, qualification, and operational constraints mean for commercialization.",innovation_product_strategy,medical_devices,"[""patent_landscapes"", ""product_ip_risks""]",2026-09-10,"[""diagnostic_devices""]"
Surgical and Interventional Devices Scout Report: White-Space Bets for 2027 Planning,"Write a Scout Report in English for Surgical and Interventional Devices within the Medical Devices industry. Title: Surgical and Interventional Devices Scout Report: White-Space Bets for 2027 Planning. Use the content category ""scout_report"". Focus on early market signals, notable player activity, adoption triggers, and what teams should monitor next, especially which underexplored needs and weak signals could become useful product or research bets. Audience role: innovation_product_strategy. Jobs to be done: track_technologies_and_competitors, identify_innovation_opportunities. Classify the article with industry ""medical_devices"", sub_industry ""surgical_and_interventional_devices"", and content_category ""scout_report"". Keep the content practical, specific to the sub-industry, and suitable as a recommended content item for users browsing for inspiration. Include a clear title, brief context, key observations, why it matters, and recommended next actions. Avoid generic industry commentary and avoid deep technical mechanism explanations unless needed for clarity. Use artifact-generator to generate the final result as HTML.",https://eureka.patsnap.com/ai-search/sess_ca4aaa3ed086414a?from=rd-home&start_from=eureka_landingpage,https://eureka.patsnap.com/share/?id=3fae852c34898f733b2828109b9d1b53&from=invite-eureakplg-result&content=,html,,,,Surgical and Interventional Devices Scout Report: White-Space Bets for 2027 Planning,"[""scout_report""]","[""surgical and interventional devices"", ""medical devices"", ""scout report"", ""white space"", ""2027 planning"", ""recommendation content""]","Create a scout report for Surgical and Interventional Devices in the Medical Devices industry, focused on which underexplored needs and weak signals could become useful product or research bets.",innovation_product_strategy,medical_devices,"[""technology_competitors"", ""innovation_opportunities""]",2026-09-10,"[""surgical_and_interventional_devices""]"
Wearable and Digital Health Devices Case: Adoption Signals and Buyer Pull,"Write a Case in English for Wearable and Digital Health Devices within the Medical Devices industry. Title: Wearable and Digital Health Devices Case: Adoption Signals and Buyer Pull. Use the content category ""case"". Focus on a concrete adoption pattern, business context, implementation choices, and reusable lessons for similar teams, especially where demand is showing up first, which buyer pains matter most, and what adoption signals deserve attention. Audience role: innovation_product_strategy. Jobs to be done: identify_innovation_opportunities, evaluate_r_and_d_directions. Classify the article with industry ""medical_devices"", sub_industry ""wearable_and_digital_health_devices"", and content_category ""case"". Keep the content practical, specific to the sub-industry, and suitable as a recommended content item for users browsing for inspiration. Include a clear title, brief context, key observations, why it matters, and recommended next actions. Avoid generic industry commentary and avoid deep technical mechanism explanations unless needed for clarity. Use artifact-generator to generate the final result as HTML.",https://eureka.patsnap.com/ai-search/sess_de0c0256238c417c?from=rd-home&start_from=eureka_landingpage,https://eureka.patsnap.com/share/?id=5b00408db3482afb41af20fea294fbdb&from=invite-eureakplg-result&content=,html,,,,Wearable and Digital Health Devices Case: Adoption Signals and Buyer Pull,"[""case""]","[""wearable and digital health devices"", ""medical devices"", ""case"", ""adoption signals"", ""buyer demand"", ""recommendation content""]","Create a case for Wearable and Digital Health Devices in the Medical Devices industry, focused on where demand is showing up first, which buyer pains matter most, and what adoption signals deserve attention.",innovation_product_strategy,medical_devices,"[""innovation_opportunities"", ""rd_directions""]",2026-09-10,"[""wearable_and_digital_health_devices""]"
Device Materials and Components Market Landscape: Cost Pressure and Value Repositioning,"Write a Market Landscape in English for Device Materials and Components within the Medical Devices industry. Title: Device Materials and Components Market Landscape: Cost Pressure and Value Repositioning. Use the content category ""market_landscape"". Focus on segment structure, buyer demand, growth pockets, channel shifts, and ecosystem boundaries, especially how cost pressure is changing value propositions, purchasing criteria, and near-term product priorities. Audience role: innovation_product_strategy. Jobs to be done: track_technologies_and_competitors, identify_innovation_opportunities. Classify the article with industry ""medical_devices"", sub_industry ""device_materials_and_components"", and content_category ""market_landscape"". Keep the content practical, specific to the sub-industry, and suitable as a recommended content item for users browsing for inspiration. Include a clear title, brief context, key observations, why it matters, and recommended next actions. Avoid generic industry commentary and avoid deep technical mechanism explanations unless needed for clarity. Use artifact-generator to generate the final result as HTML.",https://eureka.patsnap.com/ai-search/sess_0f85b0cc28d745bb?from=rd-home&start_from=eureka_landingpage,https://eureka.patsnap.com/share/?id=0c87f33bee815b5587c6c3219edbd347&from=invite-eureakplg-result&content=,html,,,,Device Materials and Components Market Landscape: Cost Pressure and Value Repositioning,"[""market_landscape""]","[""device materials and components"", ""medical devices"", ""market landscape"", ""cost pressure"", ""value proposition"", ""recommendation content""]","Create a market landscape for Device Materials and Components in the Medical Devices industry, focused on how cost pressure is changing value propositions, purchasing criteria, and near-term product priorities.",innovation_product_strategy,medical_devices,"[""technology_competitors"", ""innovation_opportunities""]",2026-09-10,"[""device_materials_and_components""]"
Advanced Materials Competitor Analysis: Strategic Moves and Differentiation Patterns,"Write a Competitor Analysis in English for Advanced Materials within the Materials industry. Use the content category ""competitor_analysis"". Focus on competitor moves, positioning patterns, differentiation levers, and likely next actions. Audience role: innovation_product_strategy. Jobs to be done: track_technologies_and_competitors, identify_innovation_opportunities. Keep the content practical, specific to the sub-industry, and suitable as a recommended content item for users browsing for inspiration. Include a clear title, brief context, key observations, why it matters, and recommended next actions. Avoid generic industry commentary and avoid deep technical mechanism explanations unless needed for clarity. Use artifact-generator to generate the final result as HTML.",https://eureka.patsnap.com/ai-search/sess_aaca1106bc4843f5?from=rd-home&start_from=eureka_landingpage,https://eureka.patsnap.com/share/?id=89a24dfa923eededfd7a8ad60ecef21c&from=invite-eureakplg-result&content=,html,,,,Advanced Materials Competitor Analysis: Strategic Moves and Differentiation Patterns,"[""competitor_analysis""]","[""advanced materials"", ""materials"", ""competitor analysis"", ""innovation signals"", ""recommendation content""]","Create a competitor analysis for Advanced Materials in the Materials industry, focused on competitor moves, positioning patterns, differentiation levers, and likely next actions.",innovation_product_strategy,materials,"[""technology_competitors"", ""innovation_opportunities""]",2026-09-10,"[""advanced_materials""]"
Polymers and Resins Opportunity Brief: White Spaces for the Next Product Bets,"Write a Opportunity Brief in English for Polymers and Resins within the Materials industry. Use the content category ""opportunity_brief"". Focus on unmet needs, product opportunity spaces, timing signals, and action recommendations. Audience role: innovation_product_strategy. Jobs to be done: identify_innovation_opportunities. Keep the content practical, specific to the sub-industry, and suitable as a recommended content item for users browsing for inspiration. Include a clear title, brief context, key observations, why it matters, and recommended next actions. Avoid generic industry commentary and avoid deep technical mechanism explanations unless needed for clarity. Use artifact-generator to generate the final result as HTML.",https://eureka.patsnap.com/ai-search/sess_440eab10320e45b1?from=rd-home&start_from=eureka_landingpage,https://eureka.patsnap.com/share/?id=4e273ae39762ec191f9421afa1a0377b&from=invite-eureakplg-result&content=,html,,,,Polymers and Resins Opportunity Brief: White Spaces for the Next Product Bets,"[""opportunity_brief""]","[""polymers and resins"", ""materials"", ""opportunity brief"", ""innovation signals"", ""recommendation content""]","Create a opportunity brief for Polymers and Resins in the Materials industry, focused on unmet needs, product opportunity spaces, timing signals, and action recommendations.",innovation_product_strategy,materials,"[""innovation_opportunities""]",2026-09-10,"[""polymers_and_resins""]"
Coatings and Surfaces Risk Watch: Barriers That Could Slow Adoption,"Write a Risk Watch in English for Coatings and Surfaces within the Materials industry. Use the content category ""risk_watch"". Focus on regulatory, FTO, supply, adoption, reimbursement, safety, and commercialization risks. Audience role: in_house_ip_legal. Jobs to be done: check_fto_and_design_risks, respond_to_office_actions. Keep the content practical, specific to the sub-industry, and suitable as a recommended content item for users browsing for inspiration. Include a clear title, brief context, key observations, why it matters, and recommended next actions. Avoid generic industry commentary and avoid deep technical mechanism explanations unless needed for clarity. Use artifact-generator to generate the final result as HTML.",https://eureka.patsnap.com/ai-search/sess_6edc76fc6d34422d?from=rd-home&start_from=eureka_landingpage,https://eureka.patsnap.com/share/?id=f5eeb5a60b44c75f4dbf824af28ca0ca&from=invite-eureakplg-result&content=,html,,,,Coatings and Surfaces Risk Watch: Barriers That Could Slow Adoption,"[""risk_watch""]","[""coatings and surfaces"", ""materials"", ""risk watch"", ""innovation signals"", ""recommendation content""]","Create a risk watch for Coatings and Surfaces in the Materials industry, focused on regulatory, FTO, supply, adoption, reimbursement, safety, and commercialization risks.",in_house_ip_legal,materials,"[""fto_design_risks"", ""office_actions""]",2026-09-10,"[""coatings_and_surfaces""]"
Metals and Alloys Trend Brief: What Will Shape the Next 3-5 Years,"Write a Trend Brief in English for Metals and Alloys within the Materials industry. Use the content category ""trend_brief"". Focus on 3-5 year trend direction, adoption drivers, constraints, scenarios, and strategy implications. Audience role: innovation_product_strategy. Jobs to be done: evaluate_r_and_d_directions. Keep the content practical, specific to the sub-industry, and suitable as a recommended content item for users browsing for inspiration. Include a clear title, brief context, key observations, why it matters, and recommended next actions. Avoid generic industry commentary and avoid deep technical mechanism explanations unless needed for clarity. Use artifact-generator to generate the final result as HTML.",https://eureka.patsnap.com/ai-search/sess_f53d1580870e474b?from=rd-home&start_from=eureka_landingpage,https://eureka.patsnap.com/share/?id=70128d46f8b1745405f57baec2f4abcb&from=invite-eureakplg-result&content=,html,,,,Metals and Alloys Trend Brief: What Will Shape the Next 3-5 Years,"[""trend_brief""]","[""metals and alloys"", ""materials"", ""trend brief"", ""innovation signals"", ""recommendation content""]","Create a trend brief for Metals and Alloys in the Materials industry, focused on 3-5 year trend direction, adoption drivers, constraints, scenarios, and strategy implications.",innovation_product_strategy,materials,"[""rd_directions""]",2026-09-10,"[""metals_and_alloys""]"
Semiconductor Materials Scout Report: Signals Worth Watching in Materials,"Write a Scout Report in English for Semiconductor Materials within the Materials industry. Use the content category ""scout_report"". Focus on emerging signals, notable players, early adoption patterns, and strategic watch points. Audience role: innovation_product_strategy. Jobs to be done: track_technologies_and_competitors, identify_innovation_opportunities. Keep the content practical, specific to the sub-industry, and suitable as a recommended content item for users browsing for inspiration. Include a clear title, brief context, key observations, why it matters, and recommended next actions. Avoid generic industry commentary and avoid deep technical mechanism explanations unless needed for clarity. Use artifact-generator to generate the final result as HTML.",https://eureka.patsnap.com/ai-search/sess_a37d00fe8ad5439d?from=rd-home&start_from=eureka_landingpage,https://eureka.patsnap.com/share/?id=c7c1937e0c18559cb1edf0bb7ece725b&from=invite-eureakplg-result&content=,html,,,,Semiconductor Materials Scout Report: Signals Worth Watching in Materials,"[""scout_report""]","[""semiconductor materials"", ""materials"", ""scout report"", ""innovation signals"", ""recommendation content""]","Create a scout report for Semiconductor Materials in the Materials industry, focused on emerging signals, notable players, early adoption patterns, and strategic watch points.",innovation_product_strategy,materials,"[""technology_competitors"", ""innovation_opportunities""]",2026-09-10,"[""semiconductor_materials""]"
"Advanced Materials Patent Landscape: Quality, Reliability, and Field Performance","Write a Patent Landscape in English for Advanced Materials within the Materials industry. Title: Advanced Materials Patent Landscape: Quality, Reliability, and Field Performance. Use the content category ""patent_landscape"". Focus on patent activity, assignee concentration, technology clusters, white spaces, and IP strategy implications, especially where quality, reliability, maintenance, validation, and field evidence influence customer trust. Audience role: innovation_product_strategy. Jobs to be done: explore_patent_landscapes, assess_product_ip_risks. Classify the article with industry ""materials"", sub_industry ""advanced_materials"", and content_category ""patent_landscape"". Keep the content practical, specific to the sub-industry, and suitable as a recommended content item for users browsing for inspiration. Include a clear title, brief context, key observations, why it matters, and recommended next actions. Avoid generic industry commentary and avoid deep technical mechanism explanations unless needed for clarity. Use artifact-generator to generate the final result as HTML.",https://eureka.patsnap.com/ai-search/sess_ed96dd86b68343ea?from=rd-home&start_from=eureka_landingpage,https://eureka.patsnap.com/share/?id=2cd0fd026f459f262d976c52d19a7b44&from=invite-eureakplg-result&content=,html,,,,"Advanced Materials Patent Landscape: Quality, Reliability, and Field Performance","[""patent_landscape""]","[""advanced materials"", ""materials"", ""patent landscape"", ""quality"", ""reliability"", ""recommendation content""]","Create a patent landscape for Advanced Materials in the Materials industry, focused on where quality, reliability, maintenance, validation, and field evidence influence customer trust.",innovation_product_strategy,materials,"[""patent_landscapes"", ""product_ip_risks""]",2026-09-10,"[""advanced_materials""]"
Polymers and Resins Case: Sustainability and Resource Constraints,"Write a Case in English for Polymers and Resins within the Materials industry. Title: Polymers and Resins Case: Sustainability and Resource Constraints. Use the content category ""case"". Focus on a concrete adoption pattern, business context, implementation choices, and reusable lessons for similar teams, especially how sustainability expectations, resource limits, circularity, and efficiency pressures shape priorities. Audience role: innovation_product_strategy. Jobs to be done: identify_innovation_opportunities, evaluate_r_and_d_directions. Classify the article with industry ""materials"", sub_industry ""polymers_and_resins"", and content_category ""case"". Keep the content practical, specific to the sub-industry, and suitable as a recommended content item for users browsing for inspiration. Include a clear title, brief context, key observations, why it matters, and recommended next actions. Avoid generic industry commentary and avoid deep technical mechanism explanations unless needed for clarity. Use artifact-generator to generate the final result as HTML.",https://eureka.patsnap.com/ai-search/sess_1d6bcedaaffd4d77?from=rd-home&start_from=eureka_landingpage,https://eureka.patsnap.com/share/?id=ed0cfcad0adc54bf3e608de519ddf8bd&from=invite-eureakplg-result&content=,html,,,,Polymers and Resins Case: Sustainability and Resource Constraints,"[""case""]","[""polymers and resins"", ""materials"", ""case"", ""sustainability"", ""resource efficiency"", ""recommendation content""]","Create a case for Polymers and Resins in the Materials industry, focused on how sustainability expectations, resource limits, circularity, and efficiency pressures shape priorities.",innovation_product_strategy,materials,"[""innovation_opportunities"", ""rd_directions""]",2026-09-10,"[""polymers_and_resins""]"
Coatings and Surfaces Market Landscape: Regional Market Divergence and Localization,"Write a Market Landscape in English for Coatings and Surfaces within the Materials industry. Title: Coatings and Surfaces Market Landscape: Regional Market Divergence and Localization. Use the content category ""market_landscape"". Focus on segment structure, buyer demand, growth pockets, channel shifts, and ecosystem boundaries, especially how regional demand, policy, pricing, and localization strategies are diverging across markets. Audience role: innovation_product_strategy. Jobs to be done: track_technologies_and_competitors, identify_innovation_opportunities. Classify the article with industry ""materials"", sub_industry ""coatings_and_surfaces"", and content_category ""market_landscape"". Keep the content practical, specific to the sub-industry, and suitable as a recommended content item for users browsing for inspiration. Include a clear title, brief context, key observations, why it matters, and recommended next actions. Avoid generic industry commentary and avoid deep technical mechanism explanations unless needed for clarity. Use artifact-generator to generate the final result as HTML.",https://eureka.patsnap.com/ai-search/sess_18e4bdbecf46476d?from=rd-home&start_from=eureka_landingpage,https://eureka.patsnap.com/share/?id=092b2ed6ab5c64cbf3d9701a99d78fbe&from=invite-eureakplg-result&content=,html,,,,Coatings and Surfaces Market Landscape: Regional Market Divergence and Localization,"[""market_landscape""]","[""coatings and surfaces"", ""materials"", ""market landscape"", ""regional markets"", ""localization"", ""recommendation content""]","Create a market landscape for Coatings and Surfaces in the Materials industry, focused on how regional demand, policy, pricing, and localization strategies are diverging across markets.",innovation_product_strategy,materials,"[""technology_competitors"", ""innovation_opportunities""]",2026-09-10,"[""coatings_and_surfaces""]"
Metals and Alloys Competitor Analysis: Commercial Models and Procurement Shifts,"Write a Competitor Analysis in English for Metals and Alloys within the Materials industry. Title: Metals and Alloys Competitor Analysis: Commercial Models and Procurement Shifts. Use the content category ""competitor_analysis"". Focus on competitor positioning, strategic moves, differentiation levers, partnership patterns, and likely next actions, especially how procurement, reimbursement, service models, subscriptions, and purchasing committees are evolving. Audience role: innovation_product_strategy. Jobs to be done: track_technologies_and_competitors, identify_innovation_opportunities. Classify the article with industry ""materials"", sub_industry ""metals_and_alloys"", and content_category ""competitor_analysis"". Keep the content practical, specific to the sub-industry, and suitable as a recommended content item for users browsing for inspiration. Include a clear title, brief context, key observations, why it matters, and recommended next actions. Avoid generic industry commentary and avoid deep technical mechanism explanations unless needed for clarity. Use artifact-generator to generate the final result as HTML.",https://eureka.patsnap.com/ai-search/sess_69656ce8bd704f5a?from=rd-home&start_from=eureka_landingpage,https://eureka.patsnap.com/share/?id=838f22f5dbf0c95d1e62d7030b17e861&from=invite-eureakplg-result&content=,html,,,,Metals and Alloys Competitor Analysis: Commercial Models and Procurement Shifts,"[""competitor_analysis""]","[""metals and alloys"", ""materials"", ""competitor analysis"", ""commercial model"", ""procurement"", ""recommendation content""]","Create a competitor analysis for Metals and Alloys in the Materials industry, focused on how procurement, reimbursement, service models, subscriptions, and purchasing committees are evolving.",innovation_product_strategy,materials,"[""technology_competitors"", ""innovation_opportunities""]",2026-09-10,"[""metals_and_alloys""]"
Semiconductor Materials Opportunity Brief: Manufacturing Scale-Up and Operational Readiness,"Write a Opportunity Brief in English for Semiconductor Materials within the Materials industry. Title: Semiconductor Materials Opportunity Brief: Manufacturing Scale-Up and Operational Readiness. Use the content category ""opportunity_brief"". Focus on unmet needs, product opportunity spaces, timing signals, commercial fit, and practical next steps, especially what scale-up, process readiness, qualification, and operational constraints mean for commercialization. Audience role: innovation_product_strategy. Jobs to be done: identify_innovation_opportunities, evaluate_r_and_d_directions. Classify the article with industry ""materials"", sub_industry ""semiconductor_materials"", and content_category ""opportunity_brief"". Keep the content practical, specific to the sub-industry, and suitable as a recommended content item for users browsing for inspiration. Include a clear title, brief context, key observations, why it matters, and recommended next actions. Avoid generic industry commentary and avoid deep technical mechanism explanations unless needed for clarity. Use artifact-generator to generate the final result as HTML.",https://eureka.patsnap.com/ai-search/sess_ffff2be13f864fea?from=rd-home&start_from=eureka_landingpage,https://eureka.patsnap.com/share/?id=c2c4b192cd5bb8099c2b0849fbcb551e&from=invite-eureakplg-result&content=,html,,,,Semiconductor Materials Opportunity Brief: Manufacturing Scale-Up and Operational Readiness,"[""opportunity_brief""]","[""semiconductor materials"", ""materials"", ""opportunity brief"", ""manufacturing scale-up"", ""operational readiness"", ""recommendation content""]","Create a opportunity brief for Semiconductor Materials in the Materials industry, focused on what scale-up, process readiness, qualification, and operational constraints mean for commercialization.",innovation_product_strategy,materials,"[""innovation_opportunities"", ""rd_directions""]",2026-09-10,"[""semiconductor_materials""]"
Advanced Materials Risk Watch: Adoption Signals and Buyer Pull,"Write a Risk Watch in English for Advanced Materials within the Materials industry. Title: Advanced Materials Risk Watch: Adoption Signals and Buyer Pull. Use the content category ""risk_watch"". Focus on regulatory, FTO, safety, supply, reimbursement, adoption, and commercialization risks, especially where demand is showing up first, which buyer pains matter most, and what adoption signals deserve attention. Audience role: in_house_ip_legal. Jobs to be done: check_fto_and_design_risks, explore_patent_landscapes. Classify the article with industry ""materials"", sub_industry ""advanced_materials"", and content_category ""risk_watch"". Keep the content practical, specific to the sub-industry, and suitable as a recommended content item for users browsing for inspiration. Include a clear title, brief context, key observations, why it matters, and recommended next actions. Avoid generic industry commentary and avoid deep technical mechanism explanations unless needed for clarity. Use artifact-generator to generate the final result as HTML.",https://eureka.patsnap.com/ai-search/sess_5fc9ce58922a4e3a?from=rd-home&start_from=eureka_landingpage,https://eureka.patsnap.com/share/?id=ed1c9a3ab530fb0fce71c10872124085&from=invite-eureakplg-result&content=,html,,,,Advanced Materials Risk Watch: Adoption Signals and Buyer Pull,"[""risk_watch""]","[""advanced materials"", ""materials"", ""risk watch"", ""adoption signals"", ""buyer demand"", ""recommendation content""]","Create a risk watch for Advanced Materials in the Materials industry, focused on where demand is showing up first, which buyer pains matter most, and what adoption signals deserve attention.",in_house_ip_legal,materials,"[""fto_design_risks"", ""patent_landscapes""]",2026-09-10,"[""advanced_materials""]"
Polymers and Resins Trend Brief: Cost Pressure and Value Repositioning,"Write a Trend Brief in English for Polymers and Resins within the Materials industry. Title: Polymers and Resins Trend Brief: Cost Pressure and Value Repositioning. Use the content category ""trend_brief"". Focus on 3-5 year direction, adoption drivers, constraints, scenarios, and strategic implications, especially how cost pressure is changing value propositions, purchasing criteria, and near-term product priorities. Audience role: innovation_product_strategy. Jobs to be done: track_technologies_and_competitors, evaluate_r_and_d_directions. Classify the article with industry ""materials"", sub_industry ""polymers_and_resins"", and content_category ""trend_brief"". Keep the content practical, specific to the sub-industry, and suitable as a recommended content item for users browsing for inspiration. Include a clear title, brief context, key observations, why it matters, and recommended next actions. Avoid generic industry commentary and avoid deep technical mechanism explanations unless needed for clarity. Use artifact-generator to generate the final result as HTML.",https://eureka.patsnap.com/ai-search/sess_e5e1fcb3cd674bdc?from=rd-home&start_from=eureka_landingpage,https://eureka.patsnap.com/share/?id=ed5d2acbc631bb567c5719ed31abf492&from=invite-eureakplg-result&content=,html,,,,Polymers and Resins Trend Brief: Cost Pressure and Value Repositioning,"[""trend_brief""]","[""polymers and resins"", ""materials"", ""trend brief"", ""cost pressure"", ""value proposition"", ""recommendation content""]","Create a trend brief for Polymers and Resins in the Materials industry, focused on how cost pressure is changing value propositions, purchasing criteria, and near-term product priorities.",innovation_product_strategy,materials,"[""technology_competitors"", ""rd_directions""]",2026-09-10,"[""polymers_and_resins""]"
Ev and Battery Systems Case: Turning Market Signals into Practical Innovation,"Write a Case in English for Ev and Battery Systems within the Automotive industry. Use the content category ""case"". Focus on a practical innovation case pattern, business context, adoption drivers, and what other teams can learn. Audience role: innovation_product_strategy. Jobs to be done: identify_innovation_opportunities, evaluate_r_and_d_directions. Keep the content practical, specific to the sub-industry, and suitable as a recommended content item for users browsing for inspiration. Include a clear title, brief context, key observations, why it matters, and recommended next actions. Avoid generic industry commentary and avoid deep technical mechanism explanations unless needed for clarity. Use artifact-generator to generate the final result as HTML.",https://eureka.patsnap.com/ai-search/sess_85428ac9ca184e0a?from=rd-home&start_from=eureka_landingpage,https://eureka.patsnap.com/share/?id=4bb5d475d6cfc1cc4e3c6db154a170de&from=invite-eureakplg-result&content=,html,,,,Ev and Battery Systems Case: Turning Market Signals into Practical Innovation,"[""case""]","[""ev and battery systems"", ""automotive"", ""case"", ""innovation signals"", ""recommendation content""]","Create a case for Ev and Battery Systems in the Automotive industry, focused on a practical innovation case pattern, business context, adoption drivers, and what other teams can learn.",innovation_product_strategy,automotive,"[""innovation_opportunities"", ""rd_directions""]",2026-09-10,"[""ev_and_battery_systems""]"
"Vehicle Components Market Landscape: Segments, Demand, and Growth Pockets","Write a Market Landscape in English for Vehicle Components within the Automotive industry. Use the content category ""market_landscape"". Focus on market segments, demand shifts, buyer priorities, growth pockets, and ecosystem structure. Audience role: innovation_product_strategy. Jobs to be done: track_technologies_and_competitors, identify_innovation_opportunities. Keep the content practical, specific to the sub-industry, and suitable as a recommended content item for users browsing for inspiration. Include a clear title, brief context, key observations, why it matters, and recommended next actions. Avoid generic industry commentary and avoid deep technical mechanism explanations unless needed for clarity. Use artifact-generator to generate the final result as HTML.",https://eureka.patsnap.com/ai-search/sess_6634fbb58ad1434c?from=rd-home&start_from=eureka_landingpage,https://eureka.patsnap.com/share/?id=0e5d58199129164443ac44af11162c80&from=invite-eureakplg-result&content=,html,,,,"Vehicle Components Market Landscape: Segments, Demand, and Growth Pockets","[""market_landscape""]","[""vehicle components"", ""automotive"", ""market landscape"", ""innovation signals"", ""recommendation content""]","Create a market landscape for Vehicle Components in the Automotive industry, focused on market segments, demand shifts, buyer priorities, growth pockets, and ecosystem structure.",innovation_product_strategy,automotive,"[""technology_competitors"", ""innovation_opportunities""]",2026-09-10,"[""vehicle_components""]"
Autonomous and Connected Vehicle Patent Landscape: Where IP Activity Is Concentrating,"Write a Patent Landscape in English for Autonomous and Connected Vehicle within the Automotive industry. Use the content category ""patent_landscape"". Focus on patent activity, assignee clusters, technology white spaces, and IP strategy implications. Audience role: innovation_product_strategy. Jobs to be done: explore_patent_landscapes, assess_product_ip_risks. Keep the content practical, specific to the sub-industry, and suitable as a recommended content item for users browsing for inspiration. Include a clear title, brief context, key observations, why it matters, and recommended next actions. Avoid generic industry commentary and avoid deep technical mechanism explanations unless needed for clarity. Use artifact-generator to generate the final result as HTML.",https://eureka.patsnap.com/ai-search/sess_c41898d80b9445b3?from=rd-home&start_from=eureka_landingpage,https://eureka.patsnap.com/share/?id=0f64d7416977039396e661a0bb072ae4&from=invite-eureakplg-result&content=,html,,,,Autonomous and Connected Vehicle Patent Landscape: Where IP Activity Is Concentrating,"[""patent_landscape""]","[""autonomous and connected vehicle"", ""automotive"", ""patent landscape"", ""innovation signals"", ""recommendation content""]","Create a patent landscape for Autonomous and Connected Vehicle in the Automotive industry, focused on patent activity, assignee clusters, technology white spaces, and IP strategy implications.",innovation_product_strategy,automotive,"[""patent_landscapes"", ""product_ip_risks""]",2026-09-10,"[""autonomous_and_connected_vehicle""]"
Automotive Manufacturing Competitor Analysis: Strategic Moves and Differentiation Patterns,"Write a Competitor Analysis in English for Automotive Manufacturing within the Automotive industry. Use the content category ""competitor_analysis"". Focus on competitor moves, positioning patterns, differentiation levers, and likely next actions. Audience role: innovation_product_strategy. Jobs to be done: track_technologies_and_competitors, identify_innovation_opportunities. Keep the content practical, specific to the sub-industry, and suitable as a recommended content item for users browsing for inspiration. Include a clear title, brief context, key observations, why it matters, and recommended next actions. Avoid generic industry commentary and avoid deep technical mechanism explanations unless needed for clarity. Use artifact-generator to generate the final result as HTML.",https://eureka.patsnap.com/ai-search/sess_ab9c3b7b516d4f3c?from=rd-home&start_from=eureka_landingpage,https://eureka.patsnap.com/share/?id=e0fdd56a4232c6021722430164603eca&from=invite-eureakplg-result&content=,html,,,,Automotive Manufacturing Competitor Analysis: Strategic Moves and Differentiation Patterns,"[""competitor_analysis""]","[""automotive manufacturing"", ""automotive"", ""competitor analysis"", ""innovation signals"", ""recommendation content""]","Create a competitor analysis for Automotive Manufacturing in the Automotive industry, focused on competitor moves, positioning patterns, differentiation levers, and likely next actions.",innovation_product_strategy,automotive,"[""technology_competitors"", ""innovation_opportunities""]",2026-09-10,"[""automotive_manufacturing""]"
"Ev and Battery Systems Scout Report: Data, AI, and Workflow Integration","Write a Scout Report in English for Ev and Battery Systems within the Automotive industry. Title: Ev and Battery Systems Scout Report: Data, AI, and Workflow Integration. Use the content category ""scout_report"". Focus on early market signals, notable player activity, adoption triggers, and what teams should monitor next, especially how data, AI, automation, and workflow integration are changing user expectations and product scope. Audience role: innovation_product_strategy. Jobs to be done: track_technologies_and_competitors, identify_innovation_opportunities. Classify the article with industry ""automotive"", sub_industry ""ev_and_battery_systems"", and content_category ""scout_report"". Keep the content practical, specific to the sub-industry, and suitable as a recommended content item for users browsing for inspiration. Include a clear title, brief context, key observations, why it matters, and recommended next actions. Avoid generic industry commentary and avoid deep technical mechanism explanations unless needed for clarity. Use artifact-generator to generate the final result as HTML.",https://eureka.patsnap.com/ai-search/sess_070319ab008948a9?from=rd-home&start_from=eureka_landingpage,https://eureka.patsnap.com/share/?id=a9d1b9e293b6414597860a376724b546&from=invite-eureakplg-result&content=,html,,,,"Ev and Battery Systems Scout Report: Data, AI, and Workflow Integration","[""scout_report""]","[""ev and battery systems"", ""automotive"", ""scout report"", ""AI workflow"", ""data integration"", ""recommendation content""]","Create a scout report for Ev and Battery Systems in the Automotive industry, focused on how data, AI, automation, and workflow integration are changing user expectations and product scope.",innovation_product_strategy,automotive,"[""technology_competitors"", ""innovation_opportunities""]",2026-09-10,"[""ev_and_battery_systems""]"
"Vehicle Components Opportunity Brief: Quality, Reliability, and Field Performance","Write a Opportunity Brief in English for Vehicle Components within the Automotive industry. Title: Vehicle Components Opportunity Brief: Quality, Reliability, and Field Performance. Use the content category ""opportunity_brief"". Focus on unmet needs, product opportunity spaces, timing signals, commercial fit, and practical next steps, especially where quality, reliability, maintenance, validation, and field evidence influence customer trust. Audience role: innovation_product_strategy. Jobs to be done: identify_innovation_opportunities, evaluate_r_and_d_directions. Classify the article with industry ""automotive"", sub_industry ""vehicle_components"", and content_category ""opportunity_brief"". Keep the content practical, specific to the sub-industry, and suitable as a recommended content item for users browsing for inspiration. Include a clear title, brief context, key observations, why it matters, and recommended next actions. Avoid generic industry commentary and avoid deep technical mechanism explanations unless needed for clarity. Use artifact-generator to generate the final result as HTML.",https://eureka.patsnap.com/ai-search/sess_bd291df31c2f4ca6?from=rd-home&start_from=eureka_landingpage,https://eureka.patsnap.com/share/?id=fa7ccd7bcdc3187f1fb963f8cf977042&from=invite-eureakplg-result&content=,html,,,,"Vehicle Components Opportunity Brief: Quality, Reliability, and Field Performance","[""opportunity_brief""]","[""vehicle components"", ""automotive"", ""opportunity brief"", ""quality"", ""reliability"", ""recommendation content""]","Create a opportunity brief for Vehicle Components in the Automotive industry, focused on where quality, reliability, maintenance, validation, and field evidence influence customer trust.",innovation_product_strategy,automotive,"[""innovation_opportunities"", ""rd_directions""]",2026-09-10,"[""vehicle_components""]"
Autonomous and Connected Vehicle Risk Watch: Sustainability and Resource Constraints,"Write a Risk Watch in English for Autonomous and Connected Vehicle within the Automotive industry. Title: Autonomous and Connected Vehicle Risk Watch: Sustainability and Resource Constraints. Use the content category ""risk_watch"". Focus on regulatory, FTO, safety, supply, reimbursement, adoption, and commercialization risks, especially how sustainability expectations, resource limits, circularity, and efficiency pressures shape priorities. Audience role: in_house_ip_legal. Jobs to be done: check_fto_and_design_risks, explore_patent_landscapes. Classify the article with industry ""automotive"", sub_industry ""autonomous_and_connected_vehicle"", and content_category ""risk_watch"". Keep the content practical, specific to the sub-industry, and suitable as a recommended content item for users browsing for inspiration. Include a clear title, brief context, key observations, why it matters, and recommended next actions. Avoid generic industry commentary and avoid deep technical mechanism explanations unless needed for clarity. Use artifact-generator to generate the final result as HTML.",https://eureka.patsnap.com/ai-search/sess_98e24c8c24784add?from=rd-home&start_from=eureka_landingpage,https://eureka.patsnap.com/share/?id=8fe0fda6a6cce60509009de5ae11392f&from=invite-eureakplg-result&content=,html,,,,Autonomous and Connected Vehicle Risk Watch: Sustainability and Resource Constraints,"[""risk_watch""]","[""autonomous and connected vehicle"", ""automotive"", ""risk watch"", ""sustainability"", ""resource efficiency"", ""recommendation content""]","Create a risk watch for Autonomous and Connected Vehicle in the Automotive industry, focused on how sustainability expectations, resource limits, circularity, and efficiency pressures shape priorities.",in_house_ip_legal,automotive,"[""fto_design_risks"", ""patent_landscapes""]",2026-09-10,"[""autonomous_and_connected_vehicle""]"
Automotive Manufacturing Trend Brief: Regional Market Divergence and Localization,"Write a Trend Brief in English for Automotive Manufacturing within the Automotive industry. Title: Automotive Manufacturing Trend Brief: Regional Market Divergence and Localization. Use the content category ""trend_brief"". Focus on 3-5 year direction, adoption drivers, constraints, scenarios, and strategic implications, especially how regional demand, policy, pricing, and localization strategies are diverging across markets. Audience role: innovation_product_strategy. Jobs to be done: track_technologies_and_competitors, evaluate_r_and_d_directions. Classify the article with industry ""automotive"", sub_industry ""automotive_manufacturing"", and content_category ""trend_brief"". Keep the content practical, specific to the sub-industry, and suitable as a recommended content item for users browsing for inspiration. Include a clear title, brief context, key observations, why it matters, and recommended next actions. Avoid generic industry commentary and avoid deep technical mechanism explanations unless needed for clarity. Use artifact-generator to generate the final result as HTML.",https://eureka.patsnap.com/ai-search/sess_5fbe0c5e9006466b?from=rd-home&start_from=eureka_landingpage,https://eureka.patsnap.com/share/?id=988553201c989715e90a960d19cb737d&from=invite-eureakplg-result&content=,html,,,,Automotive Manufacturing Trend Brief: Regional Market Divergence and Localization,"[""trend_brief""]","[""automotive manufacturing"", ""automotive"", ""trend brief"", ""regional markets"", ""localization"", ""recommendation content""]","Create a trend brief for Automotive Manufacturing in the Automotive industry, focused on how regional demand, policy, pricing, and localization strategies are diverging across markets.",innovation_product_strategy,automotive,"[""technology_competitors"", ""rd_directions""]",2026-09-10,"[""automotive_manufacturing""]"
Ev and Battery Systems Patent Landscape: Manufacturing Scale-Up and Operational Readiness,"Write a Patent Landscape in English for Ev and Battery Systems within the Automotive industry. Title: Ev and Battery Systems Patent Landscape: Manufacturing Scale-Up and Operational Readiness. Use the content category ""patent_landscape"". Focus on patent activity, assignee concentration, technology clusters, white spaces, and IP strategy implications, especially what scale-up, process readiness, qualification, and operational constraints mean for commercialization. Audience role: innovation_product_strategy. Jobs to be done: explore_patent_landscapes, assess_product_ip_risks. Classify the article with industry ""automotive"", sub_industry ""ev_and_battery_systems"", and content_category ""patent_landscape"". Keep the content practical, specific to the sub-industry, and suitable as a recommended content item for users browsing for inspiration. Include a clear title, brief context, key observations, why it matters, and recommended next actions. Avoid generic industry commentary and avoid deep technical mechanism explanations unless needed for clarity. Use artifact-generator to generate the final result as HTML.",https://eureka.patsnap.com/ai-search/sess_3ebc396f166a4dc7?from=rd-home&start_from=eureka_landingpage,https://eureka.patsnap.com/share/?id=876fadd2c61ce4e13f78a6a942b93ed9&from=invite-eureakplg-result&content=,html,,,,Ev and Battery Systems Patent Landscape: Manufacturing Scale-Up and Operational Readiness,"[""patent_landscape""]","[""ev and battery systems"", ""automotive"", ""patent landscape"", ""manufacturing scale-up"", ""operational readiness"", ""recommendation content""]","Create a patent landscape for Ev and Battery Systems in the Automotive industry, focused on what scale-up, process readiness, qualification, and operational constraints mean for commercialization.",innovation_product_strategy,automotive,"[""patent_landscapes"", ""product_ip_risks""]",2026-09-10,"[""ev_and_battery_systems""]"
Vehicle Components Competitor Analysis: White-Space Bets for 2027 Planning,"Write a Competitor Analysis in English for Vehicle Components within the Automotive industry. Title: Vehicle Components Competitor Analysis: White-Space Bets for 2027 Planning. Use the content category ""competitor_analysis"". Focus on competitor positioning, strategic moves, differentiation levers, partnership patterns, and likely next actions, especially which underexplored needs and weak signals could become useful product or research bets. Audience role: innovation_product_strategy. Jobs to be done: track_technologies_and_competitors, identify_innovation_opportunities. Classify the article with industry ""automotive"", sub_industry ""vehicle_components"", and content_category ""competitor_analysis"". Keep the content practical, specific to the sub-industry, and suitable as a recommended content item for users browsing for inspiration. Include a clear title, brief context, key observations, why it matters, and recommended next actions. Avoid generic industry commentary and avoid deep technical mechanism explanations unless needed for clarity. Use artifact-generator to generate the final result as HTML.",https://eureka.patsnap.com/ai-search/sess_7a8c92e86bb84389?from=rd-home&start_from=eureka_landingpage,https://eureka.patsnap.com/share/?id=1de23facb380c5e579b343252e76caab&from=invite-eureakplg-result&content=,html,,,,Vehicle Components Competitor Analysis: White-Space Bets for 2027 Planning,"[""competitor_analysis""]","[""vehicle components"", ""automotive"", ""competitor analysis"", ""white space"", ""2027 planning"", ""recommendation content""]","Create a competitor analysis for Vehicle Components in the Automotive industry, focused on which underexplored needs and weak signals could become useful product or research bets.",innovation_product_strategy,automotive,"[""technology_competitors"", ""innovation_opportunities""]",2026-09-10,"[""vehicle_components""]"
Autonomous and Connected Vehicle Scout Report: Adoption Signals and Buyer Pull,"Write a Scout Report in English for Autonomous and Connected Vehicle within the Automotive industry. Title: Autonomous and Connected Vehicle Scout Report: Adoption Signals and Buyer Pull. Use the content category ""scout_report"". Focus on early market signals, notable player activity, adoption triggers, and what teams should monitor next, especially where demand is showing up first, which buyer pains matter most, and what adoption signals deserve attention. Audience role: innovation_product_strategy. Jobs to be done: track_technologies_and_competitors, identify_innovation_opportunities. Classify the article with industry ""automotive"", sub_industry ""autonomous_and_connected_vehicle"", and content_category ""scout_report"". Keep the content practical, specific to the sub-industry, and suitable as a recommended content item for users browsing for inspiration. Include a clear title, brief context, key observations, why it matters, and recommended next actions. Avoid generic industry commentary and avoid deep technical mechanism explanations unless needed for clarity. Use artifact-generator to generate the final result as HTML.",https://eureka.patsnap.com/ai-search/sess_227401363f794aca?from=rd-home&start_from=eureka_landingpage,https://eureka.patsnap.com/share/?id=6b9b12b11c694de742ef29a3d3add770&from=invite-eureakplg-result&content=,html,,,,Autonomous and Connected Vehicle Scout Report: Adoption Signals and Buyer Pull,"[""scout_report""]","[""autonomous and connected vehicle"", ""automotive"", ""scout report"", ""adoption signals"", ""buyer demand"", ""recommendation content""]","Create a scout report for Autonomous and Connected Vehicle in the Automotive industry, focused on where demand is showing up first, which buyer pains matter most, and what adoption signals deserve attention.",innovation_product_strategy,automotive,"[""technology_competitors"", ""innovation_opportunities""]",2026-09-10,"[""autonomous_and_connected_vehicle""]"
Automotive Manufacturing Case: Cost Pressure and Value Repositioning,"Write a Case in English for Automotive Manufacturing within the Automotive industry. Title: Automotive Manufacturing Case: Cost Pressure and Value Repositioning. Use the content category ""case"". Focus on a concrete adoption pattern, business context, implementation choices, and reusable lessons for similar teams, especially how cost pressure is changing value propositions, purchasing criteria, and near-term product priorities. Audience role: innovation_product_strategy. Jobs to be done: identify_innovation_opportunities, evaluate_r_and_d_directions. Classify the article with industry ""automotive"", sub_industry ""automotive_manufacturing"", and content_category ""case"". Keep the content practical, specific to the sub-industry, and suitable as a recommended content item for users browsing for inspiration. Include a clear title, brief context, key observations, why it matters, and recommended next actions. Avoid generic industry commentary and avoid deep technical mechanism explanations unless needed for clarity. Use artifact-generator to generate the final result as HTML.",https://eureka.patsnap.com/ai-search/sess_0426b58f4004410f?from=rd-home&start_from=eureka_landingpage,https://eureka.patsnap.com/share/?id=534ca6f3315102742240ae3c4fa27335&from=invite-eureakplg-result&content=,html,,,,Automotive Manufacturing Case: Cost Pressure and Value Repositioning,"[""case""]","[""automotive manufacturing"", ""automotive"", ""case"", ""cost pressure"", ""value proposition"", ""recommendation content""]","Create a case for Automotive Manufacturing in the Automotive industry, focused on how cost pressure is changing value propositions, purchasing criteria, and near-term product priorities.",innovation_product_strategy,automotive,"[""innovation_opportunities"", ""rd_directions""]",2026-09-10,"[""automotive_manufacturing""]"
Semiconductor and Packaging Opportunity Brief: White Spaces for the Next Product Bets,"Write a Opportunity Brief in English for Semiconductor and Packaging within the Electronics Manufacturing industry. Use the content category ""opportunity_brief"". Focus on unmet needs, product opportunity spaces, timing signals, and action recommendations. Audience role: innovation_product_strategy. Jobs to be done: identify_innovation_opportunities. Keep the content practical, specific to the sub-industry, and suitable as a recommended content item for users browsing for inspiration. Include a clear title, brief context, key observations, why it matters, and recommended next actions. Avoid generic industry commentary and avoid deep technical mechanism explanations unless needed for clarity. Use artifact-generator to generate the final result as HTML.",https://eureka.patsnap.com/ai-search/sess_3105d641dcdc4e65?from=rd-home&start_from=eureka_landingpage,https://eureka.patsnap.com/share/?id=11109fcb8c10e64a97dc3e16db7c37b0&from=invite-eureakplg-result&content=,html,,,,Semiconductor and Packaging Opportunity Brief: White Spaces for the Next Product Bets,"[""opportunity_brief""]","[""semiconductor and packaging"", ""electronics manufacturing"", ""opportunity brief"", ""innovation signals"", ""recommendation content""]","Create a opportunity brief for Semiconductor and Packaging in the Electronics Manufacturing industry, focused on unmet needs, product opportunity spaces, timing signals, and action recommendations.",innovation_product_strategy,electronics_manufacturing,"[""innovation_opportunities""]",2026-09-10,"[""semiconductor_and_packaging""]"
Photonics and Optics Risk Watch: Barriers That Could Slow Adoption,"Write a Risk Watch in English for Photonics and Optics within the Electronics Manufacturing industry. Use the content category ""risk_watch"". Focus on regulatory, FTO, supply, adoption, reimbursement, safety, and commercialization risks. Audience role: in_house_ip_legal. Jobs to be done: check_fto_and_design_risks, respond_to_office_actions. Keep the content practical, specific to the sub-industry, and suitable as a recommended content item for users browsing for inspiration. Include a clear title, brief context, key observations, why it matters, and recommended next actions. Avoid generic industry commentary and avoid deep technical mechanism explanations unless needed for clarity. Use artifact-generator to generate the final result as HTML.",https://eureka.patsnap.com/ai-search/sess_001775d267154010?from=rd-home&start_from=eureka_landingpage,https://eureka.patsnap.com/share/?id=1a960f3699582f8ecd3fe423bf99bd30&from=invite-eureakplg-result&content=,html,,,,Photonics and Optics Risk Watch: Barriers That Could Slow Adoption,"[""risk_watch""]","[""photonics and optics"", ""electronics manufacturing"", ""risk watch"", ""innovation signals"", ""recommendation content""]","Create a risk watch for Photonics and Optics in the Electronics Manufacturing industry, focused on regulatory, FTO, supply, adoption, reimbursement, safety, and commercialization risks.",in_house_ip_legal,electronics_manufacturing,"[""fto_design_risks"", ""office_actions""]",2026-09-10,"[""photonics_and_optics""]"
Consumer Electronics Components Trend Brief: What Will Shape the Next 3-5 Years,"Write a Trend Brief in English for Consumer Electronics Components within the Electronics Manufacturing industry. Use the content category ""trend_brief"". Focus on 3-5 year trend direction, adoption drivers, constraints, scenarios, and strategy implications. Audience role: innovation_product_strategy. Jobs to be done: evaluate_r_and_d_directions. Keep the content practical, specific to the sub-industry, and suitable as a recommended content item for users browsing for inspiration. Include a clear title, brief context, key observations, why it matters, and recommended next actions. Avoid generic industry commentary and avoid deep technical mechanism explanations unless needed for clarity. Use artifact-generator to generate the final result as HTML.",https://eureka.patsnap.com/ai-search/sess_539c3f20544747e3?from=rd-home&start_from=eureka_landingpage,https://eureka.patsnap.com/share/?id=2bcec29f86af302da705c8c6eeecd28a&from=invite-eureakplg-result&content=,html,,,,Consumer Electronics Components Trend Brief: What Will Shape the Next 3-5 Years,"[""trend_brief""]","[""consumer electronics components"", ""electronics manufacturing"", ""trend brief"", ""innovation signals"", ""recommendation content""]","Create a trend brief for Consumer Electronics Components in the Electronics Manufacturing industry, focused on 3-5 year trend direction, adoption drivers, constraints, scenarios, and strategy implications.",innovation_product_strategy,electronics_manufacturing,"[""rd_directions""]",2026-09-10,"[""consumer_electronics_components""]"
Manufacturing Processes Scout Report: Signals Worth Watching in Electronics Manufacturing,"Write a Scout Report in English for Manufacturing Processes within the Electronics Manufacturing industry. Use the content category ""scout_report"". Focus on emerging signals, notable players, early adoption patterns, and strategic watch points. Audience role: innovation_product_strategy. Jobs to be done: track_technologies_and_competitors, identify_innovation_opportunities. Keep the content practical, specific to the sub-industry, and suitable as a recommended content item for users browsing for inspiration. Include a clear title, brief context, key observations, why it matters, and recommended next actions. Avoid generic industry commentary and avoid deep technical mechanism explanations unless needed for clarity. Use artifact-generator to generate the final result as HTML.",https://eureka.patsnap.com/ai-search/sess_030835193d524764?from=rd-home&start_from=eureka_landingpage,https://eureka.patsnap.com/share/?id=6681cb419cb2fd5ac0f93383e7a2ef71&from=invite-eureakplg-result&content=,html,,,,Manufacturing Processes Scout Report: Signals Worth Watching in Electronics Manufacturing,"[""scout_report""]","[""manufacturing processes"", ""electronics manufacturing"", ""scout report"", ""innovation signals"", ""recommendation content""]","Create a scout report for Manufacturing Processes in the Electronics Manufacturing industry, focused on emerging signals, notable players, early adoption patterns, and strategic watch points.",innovation_product_strategy,electronics_manufacturing,"[""technology_competitors"", ""innovation_opportunities""]",2026-09-10,"[""manufacturing_processes""]"
"Semiconductor and Packaging Market Landscape: Data, AI, and Workflow Integration","Write a Market Landscape in English for Semiconductor and Packaging within the Electronics Manufacturing industry. Title: Semiconductor and Packaging Market Landscape: Data, AI, and Workflow Integration. Use the content category ""market_landscape"". Focus on segment structure, buyer demand, growth pockets, channel shifts, and ecosystem boundaries, especially how data, AI, automation, and workflow integration are changing user expectations and product scope. Audience role: innovation_product_strategy. Jobs to be done: track_technologies_and_competitors, identify_innovation_opportunities. Classify the article with industry ""electronics_manufacturing"", sub_industry ""semiconductor_and_packaging"", and content_category ""market_landscape"". Keep the content practical, specific to the sub-industry, and suitable as a recommended content item for users browsing for inspiration. Include a clear title, brief context, key observations, why it matters, and recommended next actions. Avoid generic industry commentary and avoid deep technical mechanism explanations unless needed for clarity. Use artifact-generator to generate the final result as HTML.",https://eureka.patsnap.com/ai-search/sess_5a0193405f7948d4?from=rd-home&start_from=eureka_landingpage,https://eureka.patsnap.com/share/?id=9f773ca1a4d41962aa6766ec2b022d71&from=invite-eureakplg-result&content=,html,,,,"Semiconductor and Packaging Market Landscape: Data, AI, and Workflow Integration","[""market_landscape""]","[""semiconductor and packaging"", ""electronics manufacturing"", ""market landscape"", ""AI workflow"", ""data integration"", ""recommendation content""]","Create a market landscape for Semiconductor and Packaging in the Electronics Manufacturing industry, focused on how data, AI, automation, and workflow integration are changing user expectations and product scope.",innovation_product_strategy,electronics_manufacturing,"[""technology_competitors"", ""innovation_opportunities""]",2026-09-10,"[""semiconductor_and_packaging""]"
"Photonics and Optics Patent Landscape: Quality, Reliability, and Field Performance","Write a Patent Landscape in English for Photonics and Optics within the Electronics Manufacturing industry. Title: Photonics and Optics Patent Landscape: Quality, Reliability, and Field Performance. Use the content category ""patent_landscape"". Focus on patent activity, assignee concentration, technology clusters, white spaces, and IP strategy implications, especially where quality, reliability, maintenance, validation, and field evidence influence customer trust. Audience role: innovation_product_strategy. Jobs to be done: explore_patent_landscapes, assess_product_ip_risks. Classify the article with industry ""electronics_manufacturing"", sub_industry ""photonics_and_optics"", and content_category ""patent_landscape"". Keep the content practical, specific to the sub-industry, and suitable as a recommended content item for users browsing for inspiration. Include a clear title, brief context, key observations, why it matters, and recommended next actions. Avoid generic industry commentary and avoid deep technical mechanism explanations unless needed for clarity. Use artifact-generator to generate the final result as HTML.",https://eureka.patsnap.com/ai-search/sess_aba0538ba996487d?from=rd-home&start_from=eureka_landingpage,https://eureka.patsnap.com/share/?id=e8bb7c8a94297dc719a52c6b76d83566&from=invite-eureakplg-result&content=,html,,,,"Photonics and Optics Patent Landscape: Quality, Reliability, and Field Performance","[""patent_landscape""]","[""photonics and optics"", ""electronics manufacturing"", ""patent landscape"", ""quality"", ""reliability"", ""recommendation content""]","Create a patent landscape for Photonics and Optics in the Electronics Manufacturing industry, focused on where quality, reliability, maintenance, validation, and field evidence influence customer trust.",innovation_product_strategy,electronics_manufacturing,"[""patent_landscapes"", ""product_ip_risks""]",2026-09-10,"[""photonics_and_optics""]"
Consumer Electronics Components Competitor Analysis: Sustainability and Resource Constraints,"Write a Competitor Analysis in English for Consumer Electronics Components within the Electronics Manufacturing industry. Title: Consumer Electronics Components Competitor Analysis: Sustainability and Resource Constraints. Use the content category ""competitor_analysis"". Focus on competitor positioning, strategic moves, differentiation levers, partnership patterns, and likely next actions, especially how sustainability expectations, resource limits, circularity, and efficiency pressures shape priorities. Audience role: innovation_product_strategy. Jobs to be done: track_technologies_and_competitors, identify_innovation_opportunities. Classify the article with industry ""electronics_manufacturing"", sub_industry ""consumer_electronics_components"", and content_category ""competitor_analysis"". Keep the content practical, specific to the sub-industry, and suitable as a recommended content item for users browsing for inspiration. Include a clear title, brief context, key observations, why it matters, and recommended next actions. Avoid generic industry commentary and avoid deep technical mechanism explanations unless needed for clarity. Use artifact-generator to generate the final result as HTML.",https://eureka.patsnap.com/ai-search/sess_63b3c131cd014284?from=rd-home&start_from=eureka_landingpage,https://eureka.patsnap.com/share/?id=97b78f38d44cfa10a82e3337f707e3d5&from=invite-eureakplg-result&content=,html,,,,Consumer Electronics Components Competitor Analysis: Sustainability and Resource Constraints,"[""competitor_analysis""]","[""consumer electronics components"", ""electronics manufacturing"", ""competitor analysis"", ""sustainability"", ""resource efficiency"", ""recommendation content""]","Create a competitor analysis for Consumer Electronics Components in the Electronics Manufacturing industry, focused on how sustainability expectations, resource limits, circularity, and efficiency pressures shape priorities.",innovation_product_strategy,electronics_manufacturing,"[""technology_competitors"", ""innovation_opportunities""]",2026-09-10,"[""consumer_electronics_components""]"
Manufacturing Processes Case: Regional Market Divergence and Localization,"Write a Case in English for Manufacturing Processes within the Electronics Manufacturing industry. Title: Manufacturing Processes Case: Regional Market Divergence and Localization. Use the content category ""case"". Focus on a concrete adoption pattern, business context, implementation choices, and reusable lessons for similar teams, especially how regional demand, policy, pricing, and localization strategies are diverging across markets. Audience role: innovation_product_strategy. Jobs to be done: identify_innovation_opportunities, evaluate_r_and_d_directions. Classify the article with industry ""electronics_manufacturing"", sub_industry ""manufacturing_processes"", and content_category ""case"". Keep the content practical, specific to the sub-industry, and suitable as a recommended content item for users browsing for inspiration. Include a clear title, brief context, key observations, why it matters, and recommended next actions. Avoid generic industry commentary and avoid deep technical mechanism explanations unless needed for clarity. Use artifact-generator to generate the final result as HTML.",https://eureka.patsnap.com/ai-search/sess_8ff8126c6b8e43e8?from=rd-home&start_from=eureka_landingpage,https://eureka.patsnap.com/share/?id=686d1a173fe427140a7997af1ea3be7e&from=invite-eureakplg-result&content=,html,,,,Manufacturing Processes Case: Regional Market Divergence and Localization,"[""case""]","[""manufacturing processes"", ""electronics manufacturing"", ""case"", ""regional markets"", ""localization"", ""recommendation content""]","Create a case for Manufacturing Processes in the Electronics Manufacturing industry, focused on how regional demand, policy, pricing, and localization strategies are diverging across markets.",innovation_product_strategy,electronics_manufacturing,"[""innovation_opportunities"", ""rd_directions""]",2026-09-10,"[""manufacturing_processes""]"
Semiconductor and Packaging Opportunity Brief: Manufacturing Scale-Up and Operational Readiness,"Write a Opportunity Brief in English for Semiconductor and Packaging within the Electronics Manufacturing industry. Title: Semiconductor and Packaging Opportunity Brief: Manufacturing Scale-Up and Operational Readiness. Use the content category ""opportunity_brief"". Focus on unmet needs, product opportunity spaces, timing signals, commercial fit, and practical next steps, especially what scale-up, process readiness, qualification, and operational constraints mean for commercialization. Audience role: innovation_product_strategy. Jobs to be done: identify_innovation_opportunities, evaluate_r_and_d_directions. Classify the article with industry ""electronics_manufacturing"", sub_industry ""semiconductor_and_packaging"", and content_category ""opportunity_brief"". Keep the content practical, specific to the sub-industry, and suitable as a recommended content item for users browsing for inspiration. Include a clear title, brief context, key observations, why it matters, and recommended next actions. Avoid generic industry commentary and avoid deep technical mechanism explanations unless needed for clarity. Use artifact-generator to generate the final result as HTML.",https://eureka.patsnap.com/ai-search/sess_ce712df3afd949d9?from=rd-home&start_from=eureka_landingpage,https://eureka.patsnap.com/share/?id=cc0a760441a63d5cffc5fd4a40ce3ac2&from=invite-eureakplg-result&content=,html,,,,Semiconductor and Packaging Opportunity Brief: Manufacturing Scale-Up and Operational Readiness,"[""opportunity_brief""]","[""semiconductor and packaging"", ""electronics manufacturing"", ""opportunity brief"", ""manufacturing scale-up"", ""operational readiness"", ""recommendation content""]","Create a opportunity brief for Semiconductor and Packaging in the Electronics Manufacturing industry, focused on what scale-up, process readiness, qualification, and operational constraints mean for commercialization.",innovation_product_strategy,electronics_manufacturing,"[""innovation_opportunities"", ""rd_directions""]",2026-09-10,"[""semiconductor_and_packaging""]"
Photonics and Optics Risk Watch: White-Space Bets for 2027 Planning,"Write a Risk Watch in English for Photonics and Optics within the Electronics Manufacturing industry. Title: Photonics and Optics Risk Watch: White-Space Bets for 2027 Planning. Use the content category ""risk_watch"". Focus on regulatory, FTO, safety, supply, reimbursement, adoption, and commercialization risks, especially which underexplored needs and weak signals could become useful product or research bets. Audience role: in_house_ip_legal. Jobs to be done: check_fto_and_design_risks, explore_patent_landscapes. Classify the article with industry ""electronics_manufacturing"", sub_industry ""photonics_and_optics"", and content_category ""risk_watch"". Keep the content practical, specific to the sub-industry, and suitable as a recommended content item for users browsing for inspiration. Include a clear title, brief context, key observations, why it matters, and recommended next actions. Avoid generic industry commentary and avoid deep technical mechanism explanations unless needed for clarity. Use artifact-generator to generate the final result as HTML.",https://eureka.patsnap.com/ai-search/sess_507058751a6f4f67?from=rd-home&start_from=eureka_landingpage,https://eureka.patsnap.com/share/?id=f4ae22a6e66ee1317b03f40cc692527e&from=invite-eureakplg-result&content=,html,,,,Photonics and Optics Risk Watch: White-Space Bets for 2027 Planning,"[""risk_watch""]","[""photonics and optics"", ""electronics manufacturing"", ""risk watch"", ""white space"", ""2027 planning"", ""recommendation content""]","Create a risk watch for Photonics and Optics in the Electronics Manufacturing industry, focused on which underexplored needs and weak signals could become useful product or research bets.",in_house_ip_legal,electronics_manufacturing,"[""fto_design_risks"", ""patent_landscapes""]",2026-09-10,"[""photonics_and_optics""]"
Consumer Electronics Components Trend Brief: Adoption Signals and Buyer Pull,"Write a Trend Brief in English for Consumer Electronics Components within the Electronics Manufacturing industry. Title: Consumer Electronics Components Trend Brief: Adoption Signals and Buyer Pull. Use the content category ""trend_brief"". Focus on 3-5 year direction, adoption drivers, constraints, scenarios, and strategic implications, especially where demand is showing up first, which buyer pains matter most, and what adoption signals deserve attention. Audience role: innovation_product_strategy. Jobs to be done: track_technologies_and_competitors, evaluate_r_and_d_directions. Classify the article with industry ""electronics_manufacturing"", sub_industry ""consumer_electronics_components"", and content_category ""trend_brief"". Keep the content practical, specific to the sub-industry, and suitable as a recommended content item for users browsing for inspiration. Include a clear title, brief context, key observations, why it matters, and recommended next actions. Avoid generic industry commentary and avoid deep technical mechanism explanations unless needed for clarity. Use artifact-generator to generate the final result as HTML.",https://eureka.patsnap.com/ai-search/sess_9523058bc0314678?from=rd-home&start_from=eureka_landingpage,https://eureka.patsnap.com/share/?id=2717c3ae7f297815250304c838173a5a&from=invite-eureakplg-result&content=,html,,,,Consumer Electronics Components Trend Brief: Adoption Signals and Buyer Pull,"[""trend_brief""]","[""consumer electronics components"", ""electronics manufacturing"", ""trend brief"", ""adoption signals"", ""buyer demand"", ""recommendation content""]","Create a trend brief for Consumer Electronics Components in the Electronics Manufacturing industry, focused on where demand is showing up first, which buyer pains matter most, and what adoption signals deserve attention.",innovation_product_strategy,electronics_manufacturing,"[""technology_competitors"", ""rd_directions""]",2026-09-10,"[""consumer_electronics_components""]"
Manufacturing Processes Scout Report: Cost Pressure and Value Repositioning,"Write a Scout Report in English for Manufacturing Processes within the Electronics Manufacturing industry. Title: Manufacturing Processes Scout Report: Cost Pressure and Value Repositioning. Use the content category ""scout_report"". Focus on early market signals, notable player activity, adoption triggers, and what teams should monitor next, especially how cost pressure is changing value propositions, purchasing criteria, and near-term product priorities. Audience role: innovation_product_strategy. Jobs to be done: track_technologies_and_competitors, identify_innovation_opportunities. Classify the article with industry ""electronics_manufacturing"", sub_industry ""manufacturing_processes"", and content_category ""scout_report"". Keep the content practical, specific to the sub-industry, and suitable as a recommended content item for users browsing for inspiration. Include a clear title, brief context, key observations, why it matters, and recommended next actions. Avoid generic industry commentary and avoid deep technical mechanism explanations unless needed for clarity. Use artifact-generator to generate the final result as HTML.",https://eureka.patsnap.com/ai-search/sess_16a2a32d5b5c410b?from=rd-home&start_from=eureka_landingpage,https://eureka.patsnap.com/share/?id=418da21823d77c5fd87e111f5f9aea42&from=invite-eureakplg-result&content=,html,,,,Manufacturing Processes Scout Report: Cost Pressure and Value Repositioning,"[""scout_report""]","[""manufacturing processes"", ""electronics manufacturing"", ""scout report"", ""cost pressure"", ""value proposition"", ""recommendation content""]","Create a scout report for Manufacturing Processes in the Electronics Manufacturing industry, focused on how cost pressure is changing value propositions, purchasing criteria, and near-term product priorities.",innovation_product_strategy,electronics_manufacturing,"[""technology_competitors"", ""innovation_opportunities""]",2026-09-10,"[""manufacturing_processes""]"
Industrial Equipment Case: Turning Market Signals into Practical Innovation,"Write a Case in English for Industrial Equipment within the Engineering industry. Use the content category ""case"". Focus on a practical innovation case pattern, business context, adoption drivers, and what other teams can learn. Audience role: innovation_product_strategy. Jobs to be done: identify_innovation_opportunities, evaluate_r_and_d_directions. Keep the content practical, specific to the sub-industry, and suitable as a recommended content item for users browsing for inspiration. Include a clear title, brief context, key observations, why it matters, and recommended next actions. Avoid generic industry commentary and avoid deep technical mechanism explanations unless needed for clarity. Use artifact-generator to generate the final result as HTML.",https://eureka.patsnap.com/ai-search/sess_ba59498eb30a4b00?from=rd-home&start_from=eureka_landingpage,https://eureka.patsnap.com/share/?id=bd2186b9e5f7c6a585be4dd9215a2021&from=invite-eureakplg-result&content=,html,,,,Industrial Equipment Case: Turning Market Signals into Practical Innovation,"[""case""]","[""industrial equipment"", ""engineering"", ""case"", ""innovation signals"", ""recommendation content""]","Create a case for Industrial Equipment in the Engineering industry, focused on a practical innovation case pattern, business context, adoption drivers, and what other teams can learn.",innovation_product_strategy,engineering,"[""innovation_opportunities"", ""rd_directions""]",2026-09-10,"[""industrial_equipment""]"
"Mechanical Systems Market Landscape: Segments, Demand, and Growth Pockets","Write a Market Landscape in English for Mechanical Systems within the Engineering industry. Use the content category ""market_landscape"". Focus on market segments, demand shifts, buyer priorities, growth pockets, and ecosystem structure. Audience role: innovation_product_strategy. Jobs to be done: track_technologies_and_competitors, identify_innovation_opportunities. Keep the content practical, specific to the sub-industry, and suitable as a recommended content item for users browsing for inspiration. Include a clear title, brief context, key observations, why it matters, and recommended next actions. Avoid generic industry commentary and avoid deep technical mechanism explanations unless needed for clarity. Use artifact-generator to generate the final result as HTML.",https://eureka.patsnap.com/ai-search/sess_f8b2a506d4fa40c1?from=rd-home&start_from=eureka_landingpage,https://eureka.patsnap.com/share/?id=ea3ae2d864a6c4caa543e3d6c09b0597&from=invite-eureakplg-result&content=,html,,,,"Mechanical Systems Market Landscape: Segments, Demand, and Growth Pockets","[""market_landscape""]","[""mechanical systems"", ""engineering"", ""market landscape"", ""innovation signals"", ""recommendation content""]","Create a market landscape for Mechanical Systems in the Engineering industry, focused on market segments, demand shifts, buyer priorities, growth pockets, and ecosystem structure.",innovation_product_strategy,engineering,"[""technology_competitors"", ""innovation_opportunities""]",2026-09-10,"[""mechanical_systems""]"
Manufacturing Process Engineering Patent Landscape: Where IP Activity Is Concentrating,"Write a Patent Landscape in English for Manufacturing Process Engineering within the Engineering industry. Use the content category ""patent_landscape"". Focus on patent activity, assignee clusters, technology white spaces, and IP strategy implications. Audience role: innovation_product_strategy. Jobs to be done: explore_patent_landscapes, assess_product_ip_risks. Keep the content practical, specific to the sub-industry, and suitable as a recommended content item for users browsing for inspiration. Include a clear title, brief context, key observations, why it matters, and recommended next actions. Avoid generic industry commentary and avoid deep technical mechanism explanations unless needed for clarity. Use artifact-generator to generate the final result as HTML.",https://eureka.patsnap.com/ai-search/sess_91969d9069184e70?from=rd-home&start_from=eureka_landingpage,https://eureka.patsnap.com/share/?id=ddb1f858c3261e64930e874f36028661&from=invite-eureakplg-result&content=,html,,,,Manufacturing Process Engineering Patent Landscape: Where IP Activity Is Concentrating,"[""patent_landscape""]","[""manufacturing process engineering"", ""engineering"", ""patent landscape"", ""innovation signals"", ""recommendation content""]","Create a patent landscape for Manufacturing Process Engineering in the Engineering industry, focused on patent activity, assignee clusters, technology white spaces, and IP strategy implications.",innovation_product_strategy,engineering,"[""patent_landscapes"", ""product_ip_risks""]",2026-09-10,"[""manufacturing_process_engineering""]"
Construction Engineering Overlap Competitor Analysis: Strategic Moves and Differentiation Patterns,"Write a Competitor Analysis in English for Construction Engineering Overlap within the Engineering industry. Use the content category ""competitor_analysis"". Focus on competitor moves, positioning patterns, differentiation levers, and likely next actions. Audience role: innovation_product_strategy. Jobs to be done: track_technologies_and_competitors, identify_innovation_opportunities. Keep the content practical, specific to the sub-industry, and suitable as a recommended content item for users browsing for inspiration. Include a clear title, brief context, key observations, why it matters, and recommended next actions. Avoid generic industry commentary and avoid deep technical mechanism explanations unless needed for clarity. Use artifact-generator to generate the final result as HTML.",https://eureka.patsnap.com/ai-search/sess_5591bef2e8224ff6?from=rd-home&start_from=eureka_landingpage,https://eureka.patsnap.com/share/?id=46eed2ca368242f6f3ba9899b205044b&from=invite-eureakplg-result&content=,html,,,,Construction Engineering Overlap Competitor Analysis: Strategic Moves and Differentiation Patterns,"[""competitor_analysis""]","[""construction engineering overlap"", ""engineering"", ""competitor analysis"", ""innovation signals"", ""recommendation content""]","Create a competitor analysis for Construction Engineering Overlap in the Engineering industry, focused on competitor moves, positioning patterns, differentiation levers, and likely next actions.",innovation_product_strategy,engineering,"[""technology_competitors"", ""innovation_opportunities""]",2026-09-10,"[""construction_engineering_overlap""]"
"Industrial Equipment Opportunity Brief: Data, AI, and Workflow Integration","Write a Opportunity Brief in English for Industrial Equipment within the Engineering industry. Title: Industrial Equipment Opportunity Brief: Data, AI, and Workflow Integration. Use the content category ""opportunity_brief"". Focus on unmet needs, product opportunity spaces, timing signals, commercial fit, and practical next steps, especially how data, AI, automation, and workflow integration are changing user expectations and product scope. Audience role: innovation_product_strategy. Jobs to be done: identify_innovation_opportunities, evaluate_r_and_d_directions. Classify the article with industry ""engineering"", sub_industry ""industrial_equipment"", and content_category ""opportunity_brief"". Keep the content practical, specific to the sub-industry, and suitable as a recommended content item for users browsing for inspiration. Include a clear title, brief context, key observations, why it matters, and recommended next actions. Avoid generic industry commentary and avoid deep technical mechanism explanations unless needed for clarity. Use artifact-generator to generate the final result as HTML.",https://eureka.patsnap.com/ai-search/sess_d52a249d78444a1f?from=rd-home&start_from=eureka_landingpage,https://eureka.patsnap.com/share/?id=736e83cfae0099617b718ee05761e2c5&from=invite-eureakplg-result&content=,html,,,,"Industrial Equipment Opportunity Brief: Data, AI, and Workflow Integration","[""opportunity_brief""]","[""industrial equipment"", ""engineering"", ""opportunity brief"", ""AI workflow"", ""data integration"", ""recommendation content""]","Create a opportunity brief for Industrial Equipment in the Engineering industry, focused on how data, AI, automation, and workflow integration are changing user expectations and product scope.",innovation_product_strategy,engineering,"[""innovation_opportunities"", ""rd_directions""]",2026-09-10,"[""industrial_equipment""]"
"Mechanical Systems Risk Watch: Quality, Reliability, and Field Performance","Write a Risk Watch in English for Mechanical Systems within the Engineering industry. Title: Mechanical Systems Risk Watch: Quality, Reliability, and Field Performance. Use the content category ""risk_watch"". Focus on regulatory, FTO, safety, supply, reimbursement, adoption, and commercialization risks, especially where quality, reliability, maintenance, validation, and field evidence influence customer trust. Audience role: in_house_ip_legal. Jobs to be done: check_fto_and_design_risks, explore_patent_landscapes. Classify the article with industry ""engineering"", sub_industry ""mechanical_systems"", and content_category ""risk_watch"". Keep the content practical, specific to the sub-industry, and suitable as a recommended content item for users browsing for inspiration. Include a clear title, brief context, key observations, why it matters, and recommended next actions. Avoid generic industry commentary and avoid deep technical mechanism explanations unless needed for clarity. Use artifact-generator to generate the final result as HTML.",https://eureka.patsnap.com/ai-search/sess_a57e0795e0fe43cc?from=rd-home&start_from=eureka_landingpage,https://eureka.patsnap.com/share/?id=826816a01ac7fedca28791bab9026e0b&from=invite-eureakplg-result&content=,html,,,,"Mechanical Systems Risk Watch: Quality, Reliability, and Field Performance","[""risk_watch""]","[""mechanical systems"", ""engineering"", ""risk watch"", ""quality"", ""reliability"", ""recommendation content""]","Create a risk watch for Mechanical Systems in the Engineering industry, focused on where quality, reliability, maintenance, validation, and field evidence influence customer trust.",in_house_ip_legal,engineering,"[""fto_design_risks"", ""patent_landscapes""]",2026-09-10,"[""mechanical_systems""]"
Manufacturing Process Engineering Trend Brief: Sustainability and Resource Constraints,"Write a Trend Brief in English for Manufacturing Process Engineering within the Engineering industry. Title: Manufacturing Process Engineering Trend Brief: Sustainability and Resource Constraints. Use the content category ""trend_brief"". Focus on 3-5 year direction, adoption drivers, constraints, scenarios, and strategic implications, especially how sustainability expectations, resource limits, circularity, and efficiency pressures shape priorities. Audience role: innovation_product_strategy. Jobs to be done: track_technologies_and_competitors, evaluate_r_and_d_directions. Classify the article with industry ""engineering"", sub_industry ""manufacturing_process_engineering"", and content_category ""trend_brief"". Keep the content practical, specific to the sub-industry, and suitable as a recommended content item for users browsing for inspiration. Include a clear title, brief context, key observations, why it matters, and recommended next actions. Avoid generic industry commentary and avoid deep technical mechanism explanations unless needed for clarity. Use artifact-generator to generate the final result as HTML.",https://eureka.patsnap.com/ai-search/sess_8287822c9a9848d4?from=rd-home&start_from=eureka_landingpage,https://eureka.patsnap.com/share/?id=4d578385ed598ce8afa806cd9453e7e8&from=invite-eureakplg-result&content=,html,,,,Manufacturing Process Engineering Trend Brief: Sustainability and Resource Constraints,"[""trend_brief""]","[""manufacturing process engineering"", ""engineering"", ""trend brief"", ""sustainability"", ""resource efficiency"", ""recommendation content""]","Create a trend brief for Manufacturing Process Engineering in the Engineering industry, focused on how sustainability expectations, resource limits, circularity, and efficiency pressures shape priorities.",innovation_product_strategy,engineering,"[""technology_competitors"", ""rd_directions""]",2026-09-10,"[""manufacturing_process_engineering""]"
Construction Engineering Overlap Scout Report: Regional Market Divergence and Localization,"Write a Scout Report in English for Construction Engineering Overlap within the Engineering industry. Title: Construction Engineering Overlap Scout Report: Regional Market Divergence and Localization. Use the content category ""scout_report"". Focus on early market signals, notable player activity, adoption triggers, and what teams should monitor next, especially how regional demand, policy, pricing, and localization strategies are diverging across markets. Audience role: innovation_product_strategy. Jobs to be done: track_technologies_and_competitors, identify_innovation_opportunities. Classify the article with industry ""engineering"", sub_industry ""construction_engineering_overlap"", and content_category ""scout_report"". Keep the content practical, specific to the sub-industry, and suitable as a recommended content item for users browsing for inspiration. Include a clear title, brief context, key observations, why it matters, and recommended next actions. Avoid generic industry commentary and avoid deep technical mechanism explanations unless needed for clarity. Use artifact-generator to generate the final result as HTML.",https://eureka.patsnap.com/ai-search/sess_a562cf16c85a4959?from=rd-home&start_from=eureka_landingpage,https://eureka.patsnap.com/share/?id=a7bce1fbe2a0c858fc6f6bdd4b386d52&from=invite-eureakplg-result&content=,html,,,,Construction Engineering Overlap Scout Report: Regional Market Divergence and Localization,"[""scout_report""]","[""construction engineering overlap"", ""engineering"", ""scout report"", ""regional markets"", ""localization"", ""recommendation content""]","Create a scout report for Construction Engineering Overlap in the Engineering industry, focused on how regional demand, policy, pricing, and localization strategies are diverging across markets.",innovation_product_strategy,engineering,"[""technology_competitors"", ""innovation_opportunities""]",2026-09-10,"[""construction_engineering_overlap""]"
Industrial Equipment Market Landscape: Manufacturing Scale-Up and Operational Readiness,"Write a Market Landscape in English for Industrial Equipment within the Engineering industry. Title: Industrial Equipment Market Landscape: Manufacturing Scale-Up and Operational Readiness. Use the content category ""market_landscape"". Focus on segment structure, buyer demand, growth pockets, channel shifts, and ecosystem boundaries, especially what scale-up, process readiness, qualification, and operational constraints mean for commercialization. Audience role: innovation_product_strategy. Jobs to be done: track_technologies_and_competitors, identify_innovation_opportunities. Classify the article with industry ""engineering"", sub_industry ""industrial_equipment"", and content_category ""market_landscape"". Keep the content practical, specific to the sub-industry, and suitable as a recommended content item for users browsing for inspiration. Include a clear title, brief context, key observations, why it matters, and recommended next actions. Avoid generic industry commentary and avoid deep technical mechanism explanations unless needed for clarity. Use artifact-generator to generate the final result as HTML.",https://eureka.patsnap.com/ai-search/sess_af4bfa43cd8f496b?from=rd-home&start_from=eureka_landingpage,https://eureka.patsnap.com/share/?id=b704d80692815d15a3d2083a4b1d2702&from=invite-eureakplg-result&content=,html,,,,Industrial Equipment Market Landscape: Manufacturing Scale-Up and Operational Readiness,"[""market_landscape""]","[""industrial equipment"", ""engineering"", ""market landscape"", ""manufacturing scale-up"", ""operational readiness"", ""recommendation content""]","Create a market landscape for Industrial Equipment in the Engineering industry, focused on what scale-up, process readiness, qualification, and operational constraints mean for commercialization.",innovation_product_strategy,engineering,"[""technology_competitors"", ""innovation_opportunities""]",2026-09-10,"[""industrial_equipment""]"
Mechanical Systems Patent Landscape: White-Space Bets for 2027 Planning,"Write a Patent Landscape in English for Mechanical Systems within the Engineering industry. Title: Mechanical Systems Patent Landscape: White-Space Bets for 2027 Planning. Use the content category ""patent_landscape"". Focus on patent activity, assignee concentration, technology clusters, white spaces, and IP strategy implications, especially which underexplored needs and weak signals could become useful product or research bets. Audience role: innovation_product_strategy. Jobs to be done: explore_patent_landscapes, assess_product_ip_risks. Classify the article with industry ""engineering"", sub_industry ""mechanical_systems"", and content_category ""patent_landscape"". Keep the content practical, specific to the sub-industry, and suitable as a recommended content item for users browsing for inspiration. Include a clear title, brief context, key observations, why it matters, and recommended next actions. Avoid generic industry commentary and avoid deep technical mechanism explanations unless needed for clarity. Use artifact-generator to generate the final result as HTML.",https://eureka.patsnap.com/ai-search/sess_56009990aea345d3?from=rd-home&start_from=eureka_landingpage,https://eureka.patsnap.com/share/?id=bc019deca1ab5941186f7c2795f3e38c&from=invite-eureakplg-result&content=,html,,,,Mechanical Systems Patent Landscape: White-Space Bets for 2027 Planning,"[""patent_landscape""]","[""mechanical systems"", ""engineering"", ""patent landscape"", ""white space"", ""2027 planning"", ""recommendation content""]","Create a patent landscape for Mechanical Systems in the Engineering industry, focused on which underexplored needs and weak signals could become useful product or research bets.",innovation_product_strategy,engineering,"[""patent_landscapes"", ""product_ip_risks""]",2026-09-10,"[""mechanical_systems""]"
Manufacturing Process Engineering Competitor Analysis: Adoption Signals and Buyer Pull,"Write a Competitor Analysis in English for Manufacturing Process Engineering within the Engineering industry. Title: Manufacturing Process Engineering Competitor Analysis: Adoption Signals and Buyer Pull. Use the content category ""competitor_analysis"". Focus on competitor positioning, strategic moves, differentiation levers, partnership patterns, and likely next actions, especially where demand is showing up first, which buyer pains matter most, and what adoption signals deserve attention. Audience role: innovation_product_strategy. Jobs to be done: track_technologies_and_competitors, identify_innovation_opportunities. Classify the article with industry ""engineering"", sub_industry ""manufacturing_process_engineering"", and content_category ""competitor_analysis"". Keep the content practical, specific to the sub-industry, and suitable as a recommended content item for users browsing for inspiration. Include a clear title, brief context, key observations, why it matters, and recommended next actions. Avoid generic industry commentary and avoid deep technical mechanism explanations unless needed for clarity. Use artifact-generator to generate the final result as HTML.",https://eureka.patsnap.com/ai-search/sess_b3485751848d46d9?from=rd-home&start_from=eureka_landingpage,https://eureka.patsnap.com/share/?id=e06c3ae7ae700137b47f27aeaf14bf76&from=invite-eureakplg-result&content=,html,,,,Manufacturing Process Engineering Competitor Analysis: Adoption Signals and Buyer Pull,"[""competitor_analysis""]","[""manufacturing process engineering"", ""engineering"", ""competitor analysis"", ""adoption signals"", ""buyer demand"", ""recommendation content""]","Create a competitor analysis for Manufacturing Process Engineering in the Engineering industry, focused on where demand is showing up first, which buyer pains matter most, and what adoption signals deserve attention.",innovation_product_strategy,engineering,"[""technology_competitors"", ""innovation_opportunities""]",2026-09-10,"[""manufacturing_process_engineering""]"
Construction Engineering Overlap Case: Cost Pressure and Value Repositioning,"Write a Case in English for Construction Engineering Overlap within the Engineering industry. Title: Construction Engineering Overlap Case: Cost Pressure and Value Repositioning. Use the content category ""case"". Focus on a concrete adoption pattern, business context, implementation choices, and reusable lessons for similar teams, especially how cost pressure is changing value propositions, purchasing criteria, and near-term product priorities. Audience role: innovation_product_strategy. Jobs to be done: identify_innovation_opportunities, evaluate_r_and_d_directions. Classify the article with industry ""engineering"", sub_industry ""construction_engineering_overlap"", and content_category ""case"". Keep the content practical, specific to the sub-industry, and suitable as a recommended content item for users browsing for inspiration. Include a clear title, brief context, key observations, why it matters, and recommended next actions. Avoid generic industry commentary and avoid deep technical mechanism explanations unless needed for clarity. Use artifact-generator to generate the final result as HTML.",https://eureka.patsnap.com/ai-search/sess_9046696915784974?from=rd-home&start_from=eureka_landingpage,https://eureka.patsnap.com/share/?id=469b146bfa1cde8cdc4cf3ab33694c20&from=invite-eureakplg-result&content=,html,,,,Construction Engineering Overlap Case: Cost Pressure and Value Repositioning,"[""case""]","[""construction engineering overlap"", ""engineering"", ""case"", ""cost pressure"", ""value proposition"", ""recommendation content""]","Create a case for Construction Engineering Overlap in the Engineering industry, focused on how cost pressure is changing value propositions, purchasing criteria, and near-term product priorities.",innovation_product_strategy,engineering,"[""innovation_opportunities"", ""rd_directions""]",2026-09-10,"[""construction_engineering_overlap""]"
Drug Discovery Opportunity Brief: White Spaces for the Next Product Bets,"Write a Opportunity Brief in English for Drug Discovery within the Biotechnology industry. Use the content category ""opportunity_brief"". Focus on unmet needs, product opportunity spaces, timing signals, and action recommendations. Audience role: innovation_product_strategy. Jobs to be done: identify_innovation_opportunities. Keep the content practical, specific to the sub-industry, and suitable as a recommended content item for users browsing for inspiration. Include a clear title, brief context, key observations, why it matters, and recommended next actions. Avoid generic industry commentary and avoid deep technical mechanism explanations unless needed for clarity. Use artifact-generator to generate the final result as HTML.",https://eureka.patsnap.com/ai-search/sess_74115f00abc147c2?from=rd-home&start_from=eureka_landingpage,https://eureka.patsnap.com/share/?id=ab72cd4cd67b0ac9e741b4b5b22dface&from=invite-eureakplg-result&content=,html,,,,Drug Discovery Opportunity Brief: White Spaces for the Next Product Bets,"[""opportunity_brief""]","[""drug discovery"", ""biotechnology"", ""opportunity brief"", ""innovation signals"", ""recommendation content""]","Create a opportunity brief for Drug Discovery in the Biotechnology industry, focused on unmet needs, product opportunity spaces, timing signals, and action recommendations.",innovation_product_strategy,biotech,"[""innovation_opportunities""]",2026-09-10,"[""drug_discovery""]"
Synthetic Biology Risk Watch: Barriers That Could Slow Adoption,"Write a Risk Watch in English for Synthetic Biology within the Biotechnology industry. Use the content category ""risk_watch"". Focus on regulatory, FTO, supply, adoption, reimbursement, safety, and commercialization risks. Audience role: in_house_ip_legal. Jobs to be done: check_fto_and_design_risks, respond_to_office_actions. Keep the content practical, specific to the sub-industry, and suitable as a recommended content item for users browsing for inspiration. Include a clear title, brief context, key observations, why it matters, and recommended next actions. Avoid generic industry commentary and avoid deep technical mechanism explanations unless needed for clarity. Use artifact-generator to generate the final result as HTML.",https://eureka.patsnap.com/ai-search/sess_15ea84d89f9e48c8?from=rd-home&start_from=eureka_landingpage,https://eureka.patsnap.com/share/?id=b1dd54a8cdbdf45bafd1941a9e078982&from=invite-eureakplg-result&content=,html,,,,Synthetic Biology Risk Watch: Barriers That Could Slow Adoption,"[""risk_watch""]","[""synthetic biology"", ""biotechnology"", ""risk watch"", ""innovation signals"", ""recommendation content""]","Create a risk watch for Synthetic Biology in the Biotechnology industry, focused on regulatory, FTO, supply, adoption, reimbursement, safety, and commercialization risks.",in_house_ip_legal,biotech,"[""fto_design_risks"", ""office_actions""]",2026-09-10,"[""synthetic_biology""]"
Diagnostics and Biomarkers Trend Brief: What Will Shape the Next 3-5 Years,"Write a Trend Brief in English for Diagnostics and Biomarkers within the Biotechnology industry. Use the content category ""trend_brief"". Focus on 3-5 year trend direction, adoption drivers, constraints, scenarios, and strategy implications. Audience role: innovation_product_strategy. Jobs to be done: evaluate_r_and_d_directions. Keep the content practical, specific to the sub-industry, and suitable as a recommended content item for users browsing for inspiration. Include a clear title, brief context, key observations, why it matters, and recommended next actions. Avoid generic industry commentary and avoid deep technical mechanism explanations unless needed for clarity. Use artifact-generator to generate the final result as HTML.",https://eureka.patsnap.com/ai-search/sess_2f8c995ed33f4e7d?from=rd-home&start_from=eureka_landingpage,https://eureka.patsnap.com/share/?id=740c3db13acfc7e4a4809e64a9dd5c04&from=invite-eureakplg-result&content=,html,,,,Diagnostics and Biomarkers Trend Brief: What Will Shape the Next 3-5 Years,"[""trend_brief""]","[""diagnostics and biomarkers"", ""biotechnology"", ""trend brief"", ""innovation signals"", ""recommendation content""]","Create a trend brief for Diagnostics and Biomarkers in the Biotechnology industry, focused on 3-5 year trend direction, adoption drivers, constraints, scenarios, and strategy implications.",innovation_product_strategy,biotech,"[""rd_directions""]",2026-09-10,"[""diagnostics_and_biomarkers""]"
Bio Based Materials Scout Report: Signals Worth Watching in Biotechnology,"Write a Scout Report in English for Bio Based Materials within the Biotechnology industry. Use the content category ""scout_report"". Focus on emerging signals, notable players, early adoption patterns, and strategic watch points. Audience role: innovation_product_strategy. Jobs to be done: track_technologies_and_competitors, identify_innovation_opportunities. Keep the content practical, specific to the sub-industry, and suitable as a recommended content item for users browsing for inspiration. Include a clear title, brief context, key observations, why it matters, and recommended next actions. Avoid generic industry commentary and avoid deep technical mechanism explanations unless needed for clarity. Use artifact-generator to generate the final result as HTML.",https://eureka.patsnap.com/ai-search/sess_6ba2a27efde84663?from=rd-home&start_from=eureka_landingpage,https://eureka.patsnap.com/share/?id=98c6f4c6eb2358a4fc4cf62aca074775&from=invite-eureakplg-result&content=,html,,,,Bio Based Materials Scout Report: Signals Worth Watching in Biotechnology,"[""scout_report""]","[""bio based materials"", ""biotechnology"", ""scout report"", ""innovation signals"", ""recommendation content""]","Create a scout report for Bio Based Materials in the Biotechnology industry, focused on emerging signals, notable players, early adoption patterns, and strategic watch points.",innovation_product_strategy,biotech,"[""technology_competitors"", ""innovation_opportunities""]",2026-09-10,"[""bio_based_materials""]"
"Drug Discovery Market Landscape: Data, AI, and Workflow Integration","Write a Market Landscape in English for Drug Discovery within the Biotechnology industry. Title: Drug Discovery Market Landscape: Data, AI, and Workflow Integration. Use the content category ""market_landscape"". Focus on segment structure, buyer demand, growth pockets, channel shifts, and ecosystem boundaries, especially how data, AI, automation, and workflow integration are changing user expectations and product scope. Audience role: innovation_product_strategy. Jobs to be done: track_technologies_and_competitors, identify_innovation_opportunities. Classify the article with industry ""biotechnology"", sub_industry ""drug_discovery"", and content_category ""market_landscape"". Keep the content practical, specific to the sub-industry, and suitable as a recommended content item for users browsing for inspiration. Include a clear title, brief context, key observations, why it matters, and recommended next actions. Avoid generic industry commentary and avoid deep technical mechanism explanations unless needed for clarity. Use artifact-generator to generate the final result as HTML.",https://eureka.patsnap.com/ai-search/sess_aa5e04775eca4cd8?from=rd-home&start_from=eureka_landingpage,https://eureka.patsnap.com/share/?id=7c57e3f12a87ffd20b4bc81ea9834d7e&from=invite-eureakplg-result&content=,html,,,,"Drug Discovery Market Landscape: Data, AI, and Workflow Integration","[""market_landscape""]","[""drug discovery"", ""biotechnology"", ""market landscape"", ""AI workflow"", ""data integration"", ""recommendation content""]","Create a market landscape for Drug Discovery in the Biotechnology industry, focused on how data, AI, automation, and workflow integration are changing user expectations and product scope.",innovation_product_strategy,biotech,"[""technology_competitors"", ""innovation_opportunities""]",2026-09-10,"[""drug_discovery""]"
"Synthetic Biology Patent Landscape: Quality, Reliability, and Field Performance","Write a Patent Landscape in English for Synthetic Biology within the Biotechnology industry. Title: Synthetic Biology Patent Landscape: Quality, Reliability, and Field Performance. Use the content category ""patent_landscape"". Focus on patent activity, assignee concentration, technology clusters, white spaces, and IP strategy implications, especially where quality, reliability, maintenance, validation, and field evidence influence customer trust. Audience role: innovation_product_strategy. Jobs to be done: explore_patent_landscapes, assess_product_ip_risks. Classify the article with industry ""biotechnology"", sub_industry ""synthetic_biology"", and content_category ""patent_landscape"". Keep the content practical, specific to the sub-industry, and suitable as a recommended content item for users browsing for inspiration. Include a clear title, brief context, key observations, why it matters, and recommended next actions. Avoid generic industry commentary and avoid deep technical mechanism explanations unless needed for clarity. Use artifact-generator to generate the final result as HTML.",https://eureka.patsnap.com/ai-search/sess_1090ef1d562e4447?from=rd-home&start_from=eureka_landingpage,https://eureka.patsnap.com/share/?id=3a2c62acd17c02ae7aeaf02de37be836&from=invite-eureakplg-result&content=,html,,,,"Synthetic Biology Patent Landscape: Quality, Reliability, and Field Performance","[""patent_landscape""]","[""synthetic biology"", ""biotechnology"", ""patent landscape"", ""quality"", ""reliability"", ""recommendation content""]","Create a patent landscape for Synthetic Biology in the Biotechnology industry, focused on where quality, reliability, maintenance, validation, and field evidence influence customer trust.",innovation_product_strategy,biotech,"[""patent_landscapes"", ""product_ip_risks""]",2026-09-10,"[""synthetic_biology""]"
Diagnostics and Biomarkers Competitor Analysis: Sustainability and Resource Constraints,"Write a Competitor Analysis in English for Diagnostics and Biomarkers within the Biotechnology industry. Title: Diagnostics and Biomarkers Competitor Analysis: Sustainability and Resource Constraints. Use the content category ""competitor_analysis"". Focus on competitor positioning, strategic moves, differentiation levers, partnership patterns, and likely next actions, especially how sustainability expectations, resource limits, circularity, and efficiency pressures shape priorities. Audience role: innovation_product_strategy. Jobs to be done: track_technologies_and_competitors, identify_innovation_opportunities. Classify the article with industry ""biotechnology"", sub_industry ""diagnostics_and_biomarkers"", and content_category ""competitor_analysis"". Keep the content practical, specific to the sub-industry, and suitable as a recommended content item for users browsing for inspiration. Include a clear title, brief context, key observations, why it matters, and recommended next actions. Avoid generic industry commentary and avoid deep technical mechanism explanations unless needed for clarity. Use artifact-generator to generate the final result as HTML.",https://eureka.patsnap.com/ai-search/sess_d2bcab1c936442a4?from=rd-home&start_from=eureka_landingpage,https://eureka.patsnap.com/share/?id=7fa8cb852e4ae8c6b33327c31be8ac17&from=invite-eureakplg-result&content=,html,,,,Diagnostics and Biomarkers Competitor Analysis: Sustainability and Resource Constraints,"[""competitor_analysis""]","[""diagnostics and biomarkers"", ""biotechnology"", ""competitor analysis"", ""sustainability"", ""resource efficiency"", ""recommendation content""]","Create a competitor analysis for Diagnostics and Biomarkers in the Biotechnology industry, focused on how sustainability expectations, resource limits, circularity, and efficiency pressures shape priorities.",innovation_product_strategy,biotech,"[""technology_competitors"", ""innovation_opportunities""]",2026-09-10,"[""diagnostics_and_biomarkers""]"
Bio Based Materials Case: Regional Market Divergence and Localization,"Write a Case in English for Bio Based Materials within the Biotechnology industry. Title: Bio Based Materials Case: Regional Market Divergence and Localization. Use the content category ""case"". Focus on a concrete adoption pattern, business context, implementation choices, and reusable lessons for similar teams, especially how regional demand, policy, pricing, and localization strategies are diverging across markets. Audience role: innovation_product_strategy. Jobs to be done: identify_innovation_opportunities, evaluate_r_and_d_directions. Classify the article with industry ""biotechnology"", sub_industry ""bio_based_materials"", and content_category ""case"". Keep the content practical, specific to the sub-industry, and suitable as a recommended content item for users browsing for inspiration. Include a clear title, brief context, key observations, why it matters, and recommended next actions. Avoid generic industry commentary and avoid deep technical mechanism explanations unless needed for clarity. Use artifact-generator to generate the final result as HTML.",https://eureka.patsnap.com/ai-search/sess_ca695c3413f642b9?from=rd-home&start_from=eureka_landingpage,https://eureka.patsnap.com/share/?id=de49b1d9acd3474c2e976ebbed939c57&from=invite-eureakplg-result&content=,html,,,,Bio Based Materials Case: Regional Market Divergence and Localization,"[""case""]","[""bio based materials"", ""biotechnology"", ""case"", ""regional markets"", ""localization"", ""recommendation content""]","Create a case for Bio Based Materials in the Biotechnology industry, focused on how regional demand, policy, pricing, and localization strategies are diverging across markets.",innovation_product_strategy,biotech,"[""innovation_opportunities"", ""rd_directions""]",2026-09-10,"[""bio_based_materials""]"
Drug Discovery Opportunity Brief: Manufacturing Scale-Up and Operational Readiness,"Write a Opportunity Brief in English for Drug Discovery within the Biotechnology industry. Title: Drug Discovery Opportunity Brief: Manufacturing Scale-Up and Operational Readiness. Use the content category ""opportunity_brief"". Focus on unmet needs, product opportunity spaces, timing signals, commercial fit, and practical next steps, especially what scale-up, process readiness, qualification, and operational constraints mean for commercialization. Audience role: innovation_product_strategy. Jobs to be done: identify_innovation_opportunities, evaluate_r_and_d_directions. Classify the article with industry ""biotechnology"", sub_industry ""drug_discovery"", and content_category ""opportunity_brief"". Keep the content practical, specific to the sub-industry, and suitable as a recommended content item for users browsing for inspiration. Include a clear title, brief context, key observations, why it matters, and recommended next actions. Avoid generic industry commentary and avoid deep technical mechanism explanations unless needed for clarity. Use artifact-generator to generate the final result as HTML.",https://eureka.patsnap.com/ai-search/sess_2fdbf16239f940b7?from=rd-home&start_from=eureka_landingpage,https://eureka.patsnap.com/share/?id=08c817112a28dc65ab23491a376ce044&from=invite-eureakplg-result&content=,html,,,,Drug Discovery Opportunity Brief: Manufacturing Scale-Up and Operational Readiness,"[""opportunity_brief""]","[""drug discovery"", ""biotechnology"", ""opportunity brief"", ""manufacturing scale-up"", ""operational readiness"", ""recommendation content""]","Create a opportunity brief for Drug Discovery in the Biotechnology industry, focused on what scale-up, process readiness, qualification, and operational constraints mean for commercialization.",innovation_product_strategy,biotech,"[""innovation_opportunities"", ""rd_directions""]",2026-09-10,"[""drug_discovery""]"
Synthetic Biology Risk Watch: White-Space Bets for 2027 Planning,"Write a Risk Watch in English for Synthetic Biology within the Biotechnology industry. Title: Synthetic Biology Risk Watch: White-Space Bets for 2027 Planning. Use the content category ""risk_watch"". Focus on regulatory, FTO, safety, supply, reimbursement, adoption, and commercialization risks, especially which underexplored needs and weak signals could become useful product or research bets. Audience role: in_house_ip_legal. Jobs to be done: check_fto_and_design_risks, explore_patent_landscapes. Classify the article with industry ""biotechnology"", sub_industry ""synthetic_biology"", and content_category ""risk_watch"". Keep the content practical, specific to the sub-industry, and suitable as a recommended content item for users browsing for inspiration. Include a clear title, brief context, key observations, why it matters, and recommended next actions. Avoid generic industry commentary and avoid deep technical mechanism explanations unless needed for clarity. Use artifact-generator to generate the final result as HTML.",https://eureka.patsnap.com/ai-search/sess_c44c1be83ade4ca5?from=rd-home&start_from=eureka_landingpage,https://eureka.patsnap.com/share/?id=d720c4dc8cd4b3c95e55c9486a0f5654&from=invite-eureakplg-result&content=,html,,,,Synthetic Biology Risk Watch: White-Space Bets for 2027 Planning,"[""risk_watch""]","[""synthetic biology"", ""biotechnology"", ""risk watch"", ""white space"", ""2027 planning"", ""recommendation content""]","Create a risk watch for Synthetic Biology in the Biotechnology industry, focused on which underexplored needs and weak signals could become useful product or research bets.",in_house_ip_legal,biotech,"[""fto_design_risks"", ""patent_landscapes""]",2026-09-10,"[""synthetic_biology""]"
Diagnostics and Biomarkers Trend Brief: Adoption Signals and Buyer Pull,"Write a Trend Brief in English for Diagnostics and Biomarkers within the Biotechnology industry. Title: Diagnostics and Biomarkers Trend Brief: Adoption Signals and Buyer Pull. Use the content category ""trend_brief"". Focus on 3-5 year direction, adoption drivers, constraints, scenarios, and strategic implications, especially where demand is showing up first, which buyer pains matter most, and what adoption signals deserve attention. Audience role: innovation_product_strategy. Jobs to be done: track_technologies_and_competitors, evaluate_r_and_d_directions. Classify the article with industry ""biotechnology"", sub_industry ""diagnostics_and_biomarkers"", and content_category ""trend_brief"". Keep the content practical, specific to the sub-industry, and suitable as a recommended content item for users browsing for inspiration. Include a clear title, brief context, key observations, why it matters, and recommended next actions. Avoid generic industry commentary and avoid deep technical mechanism explanations unless needed for clarity. Use artifact-generator to generate the final result as HTML.",https://eureka.patsnap.com/ai-search/sess_6db5273dffa748ac?from=rd-home&start_from=eureka_landingpage,https://eureka.patsnap.com/share/?id=84c8f159b6a1288b081448c88965b8e2&from=invite-eureakplg-result&content=,html,,,,Diagnostics and Biomarkers Trend Brief: Adoption Signals and Buyer Pull,"[""trend_brief""]","[""diagnostics and biomarkers"", ""biotechnology"", ""trend brief"", ""adoption signals"", ""buyer demand"", ""recommendation content""]","Create a trend brief for Diagnostics and Biomarkers in the Biotechnology industry, focused on where demand is showing up first, which buyer pains matter most, and what adoption signals deserve attention.",innovation_product_strategy,biotech,"[""technology_competitors"", ""rd_directions""]",2026-09-10,"[""diagnostics_and_biomarkers""]"
Bio Based Materials Scout Report: Cost Pressure and Value Repositioning,"Write a Scout Report in English for Bio Based Materials within the Biotechnology industry. Title: Bio Based Materials Scout Report: Cost Pressure and Value Repositioning. Use the content category ""scout_report"". Focus on early market signals, notable player activity, adoption triggers, and what teams should monitor next, especially how cost pressure is changing value propositions, purchasing criteria, and near-term product priorities. Audience role: innovation_product_strategy. Jobs to be done: track_technologies_and_competitors, identify_innovation_opportunities. Classify the article with industry ""biotechnology"", sub_industry ""bio_based_materials"", and content_category ""scout_report"". Keep the content practical, specific to the sub-industry, and suitable as a recommended content item for users browsing for inspiration. Include a clear title, brief context, key observations, why it matters, and recommended next actions. Avoid generic industry commentary and avoid deep technical mechanism explanations unless needed for clarity. Use artifact-generator to generate the final result as HTML.",https://eureka.patsnap.com/ai-search/sess_db7222b05a1b4c02?from=rd-home&start_from=eureka_landingpage,https://eureka.patsnap.com/share/?id=e5bb87d30eeb5bbddd00170a61bba5c9&from=invite-eureakplg-result&content=,html,,,,Bio Based Materials Scout Report: Cost Pressure and Value Repositioning,"[""scout_report""]","[""bio based materials"", ""biotechnology"", ""scout report"", ""cost pressure"", ""value proposition"", ""recommendation content""]","Create a scout report for Bio Based Materials in the Biotechnology industry, focused on how cost pressure is changing value propositions, purchasing criteria, and near-term product priorities.",innovation_product_strategy,biotech,"[""technology_competitors"", ""innovation_opportunities""]",2026-09-10,"[""bio_based_materials""]"
Food Ingredients Case: Turning Market Signals into Practical Innovation,"Write a Case in English for Food Ingredients within the Food industry. Use the content category ""case"". Focus on a practical innovation case pattern, business context, adoption drivers, and what other teams can learn. Audience role: innovation_product_strategy. Jobs to be done: identify_innovation_opportunities, evaluate_r_and_d_directions. Keep the content practical, specific to the sub-industry, and suitable as a recommended content item for users browsing for inspiration. Include a clear title, brief context, key observations, why it matters, and recommended next actions. Avoid generic industry commentary and avoid deep technical mechanism explanations unless needed for clarity. Use artifact-generator to generate the final result as HTML.",https://eureka.patsnap.com/ai-search/sess_a846d890827c468e?from=rd-home&start_from=eureka_landingpage,https://eureka.patsnap.com/share/?id=dd02813463c8353d10624b40abb6a1c3&from=invite-eureakplg-result&content=,html,,,,Food Ingredients Case: Turning Market Signals into Practical Innovation,"[""case""]","[""food ingredients"", ""food"", ""case"", ""innovation signals"", ""recommendation content""]","Create a case for Food Ingredients in the Food industry, focused on a practical innovation case pattern, business context, adoption drivers, and what other teams can learn.",innovation_product_strategy,food_farming_production,"[""innovation_opportunities"", ""rd_directions""]",2026-09-10,"[""food_ingredients""]"
"Food Formulation Market Landscape: Segments, Demand, and Growth Pockets","Write a Market Landscape in English for Food Formulation within the Food industry. Use the content category ""market_landscape"". Focus on market segments, demand shifts, buyer priorities, growth pockets, and ecosystem structure. Audience role: innovation_product_strategy. Jobs to be done: track_technologies_and_competitors, identify_innovation_opportunities. Keep the content practical, specific to the sub-industry, and suitable as a recommended content item for users browsing for inspiration. Include a clear title, brief context, key observations, why it matters, and recommended next actions. Avoid generic industry commentary and avoid deep technical mechanism explanations unless needed for clarity. Use artifact-generator to generate the final result as HTML.",https://eureka.patsnap.com/ai-search/sess_d325c0b875174460?from=rd-home&start_from=eureka_landingpage,https://eureka.patsnap.com/share/?id=921f9af64bc8cdc6f4be6f0914cd3f6d&from=invite-eureakplg-result&content=,html,,,,"Food Formulation Market Landscape: Segments, Demand, and Growth Pockets","[""market_landscape""]","[""food formulation"", ""food"", ""market landscape"", ""innovation signals"", ""recommendation content""]","Create a market landscape for Food Formulation in the Food industry, focused on market segments, demand shifts, buyer priorities, growth pockets, and ecosystem structure.",innovation_product_strategy,food_farming_production,"[""technology_competitors"", ""innovation_opportunities""]",2026-09-10,"[""food_formulation""]"
Food Processing Patent Landscape: Where IP Activity Is Concentrating,"Write a Patent Landscape in English for Food Processing within the Food industry. Use the content category ""patent_landscape"". Focus on patent activity, assignee clusters, technology white spaces, and IP strategy implications. Audience role: innovation_product_strategy. Jobs to be done: explore_patent_landscapes, assess_product_ip_risks. Keep the content practical, specific to the sub-industry, and suitable as a recommended content item for users browsing for inspiration. Include a clear title, brief context, key observations, why it matters, and recommended next actions. Avoid generic industry commentary and avoid deep technical mechanism explanations unless needed for clarity. Use artifact-generator to generate the final result as HTML.",https://eureka.patsnap.com/ai-search/sess_1e88ee6fb92340a7?from=rd-home&start_from=eureka_landingpage,https://eureka.patsnap.com/share/?id=fc9049f8bba249de4aee15d9c23ca00b&from=invite-eureakplg-result&content=,html,,,,Food Processing Patent Landscape: Where IP Activity Is Concentrating,"[""patent_landscape""]","[""food processing"", ""food"", ""patent landscape"", ""innovation signals"", ""recommendation content""]","Create a patent landscape for Food Processing in the Food industry, focused on patent activity, assignee clusters, technology white spaces, and IP strategy implications.",innovation_product_strategy,food_farming_production,"[""patent_landscapes"", ""product_ip_risks""]",2026-09-10,"[""food_processing""]"
Food Packaging Competitor Analysis: Strategic Moves and Differentiation Patterns,"Write a Competitor Analysis in English for Food Packaging within the Food industry. Use the content category ""competitor_analysis"". Focus on competitor moves, positioning patterns, differentiation levers, and likely next actions. Audience role: innovation_product_strategy. Jobs to be done: track_technologies_and_competitors, identify_innovation_opportunities. Keep the content practical, specific to the sub-industry, and suitable as a recommended content item for users browsing for inspiration. Include a clear title, brief context, key observations, why it matters, and recommended next actions. Avoid generic industry commentary and avoid deep technical mechanism explanations unless needed for clarity. Use artifact-generator to generate the final result as HTML.",https://eureka.patsnap.com/ai-search/sess_7408b9e820294453?from=rd-home&start_from=eureka_landingpage,https://eureka.patsnap.com/share/?id=c278316ea67e11a28d3b77e916342de0&from=invite-eureakplg-result&content=,html,,,,Food Packaging Competitor Analysis: Strategic Moves and Differentiation Patterns,"[""competitor_analysis""]","[""food packaging"", ""food"", ""competitor analysis"", ""innovation signals"", ""recommendation content""]","Create a competitor analysis for Food Packaging in the Food industry, focused on competitor moves, positioning patterns, differentiation levers, and likely next actions.",innovation_product_strategy,food_farming_production,"[""technology_competitors"", ""innovation_opportunities""]",2026-09-10,"[""food_packaging""]"
"Food Ingredients Opportunity Brief: Data, AI, and Workflow Integration","Write a Opportunity Brief in English for Food Ingredients within the Food industry. Title: Food Ingredients Opportunity Brief: Data, AI, and Workflow Integration. Use the content category ""opportunity_brief"". Focus on unmet needs, product opportunity spaces, timing signals, commercial fit, and practical next steps, especially how data, AI, automation, and workflow integration are changing user expectations and product scope. Audience role: innovation_product_strategy. Jobs to be done: identify_innovation_opportunities, evaluate_r_and_d_directions. Classify the article with industry ""food"", sub_industry ""food_ingredients"", and content_category ""opportunity_brief"". Keep the content practical, specific to the sub-industry, and suitable as a recommended content item for users browsing for inspiration. Include a clear title, brief context, key observations, why it matters, and recommended next actions. Avoid generic industry commentary and avoid deep technical mechanism explanations unless needed for clarity. Use artifact-generator to generate the final result as HTML.",https://eureka.patsnap.com/ai-search/sess_39d9560c80424be4?from=rd-home&start_from=eureka_landingpage,https://eureka.patsnap.com/share/?id=cb9512bcc90673bfd7903367a6fd853a&from=invite-eureakplg-result&content=,html,,,,"Food Ingredients Opportunity Brief: Data, AI, and Workflow Integration","[""opportunity_brief""]","[""food ingredients"", ""food"", ""opportunity brief"", ""AI workflow"", ""data integration"", ""recommendation content""]","Create a opportunity brief for Food Ingredients in the Food industry, focused on how data, AI, automation, and workflow integration are changing user expectations and product scope.",innovation_product_strategy,food_farming_production,"[""innovation_opportunities"", ""rd_directions""]",2026-09-10,"[""food_ingredients""]"
"Food Formulation Risk Watch: Quality, Reliability, and Field Performance","Write a Risk Watch in English for Food Formulation within the Food industry. Title: Food Formulation Risk Watch: Quality, Reliability, and Field Performance. Use the content category ""risk_watch"". Focus on regulatory, FTO, safety, supply, reimbursement, adoption, and commercialization risks, especially where quality, reliability, maintenance, validation, and field evidence influence customer trust. Audience role: in_house_ip_legal. Jobs to be done: check_fto_and_design_risks, explore_patent_landscapes. Classify the article with industry ""food"", sub_industry ""food_formulation"", and content_category ""risk_watch"". Keep the content practical, specific to the sub-industry, and suitable as a recommended content item for users browsing for inspiration. Include a clear title, brief context, key observations, why it matters, and recommended next actions. Avoid generic industry commentary and avoid deep technical mechanism explanations unless needed for clarity. Use artifact-generator to generate the final result as HTML.",https://eureka.patsnap.com/ai-search/sess_abbcf323d0b44a62?from=rd-home&start_from=eureka_landingpage,https://eureka.patsnap.com/share/?id=ce403a20ebc50e1b8aceb7d731975926&from=invite-eureakplg-result&content=,html,,,,"Food Formulation Risk Watch: Quality, Reliability, and Field Performance","[""risk_watch""]","[""food formulation"", ""food"", ""risk watch"", ""quality"", ""reliability"", ""recommendation content""]","Create a risk watch for Food Formulation in the Food industry, focused on where quality, reliability, maintenance, validation, and field evidence influence customer trust.",in_house_ip_legal,food_farming_production,"[""fto_design_risks"", ""patent_landscapes""]",2026-09-10,"[""food_formulation""]"
Food Processing Trend Brief: Sustainability and Resource Constraints,"Write a Trend Brief in English for Food Processing within the Food industry. Title: Food Processing Trend Brief: Sustainability and Resource Constraints. Use the content category ""trend_brief"". Focus on 3-5 year direction, adoption drivers, constraints, scenarios, and strategic implications, especially how sustainability expectations, resource limits, circularity, and efficiency pressures shape priorities. Audience role: innovation_product_strategy. Jobs to be done: track_technologies_and_competitors, evaluate_r_and_d_directions. Classify the article with industry ""food"", sub_industry ""food_processing"", and content_category ""trend_brief"". Keep the content practical, specific to the sub-industry, and suitable as a recommended content item for users browsing for inspiration. Include a clear title, brief context, key observations, why it matters, and recommended next actions. Avoid generic industry commentary and avoid deep technical mechanism explanations unless needed for clarity. Use artifact-generator to generate the final result as HTML.",https://eureka.patsnap.com/ai-search/sess_50c22fe27b3e4460?from=rd-home&start_from=eureka_landingpage,https://eureka.patsnap.com/share/?id=9024602a8a7e055e039b5d166f63b294&from=invite-eureakplg-result&content=,html,,,,Food Processing Trend Brief: Sustainability and Resource Constraints,"[""trend_brief""]","[""food processing"", ""food"", ""trend brief"", ""sustainability"", ""resource efficiency"", ""recommendation content""]","Create a trend brief for Food Processing in the Food industry, focused on how sustainability expectations, resource limits, circularity, and efficiency pressures shape priorities.",innovation_product_strategy,food_farming_production,"[""technology_competitors"", ""rd_directions""]",2026-09-10,"[""food_processing""]"
Food Packaging Scout Report: Regional Market Divergence and Localization,"Write a Scout Report in English for Food Packaging within the Food industry. Title: Food Packaging Scout Report: Regional Market Divergence and Localization. Use the content category ""scout_report"". Focus on early market signals, notable player activity, adoption triggers, and what teams should monitor next, especially how regional demand, policy, pricing, and localization strategies are diverging across markets. Audience role: innovation_product_strategy. Jobs to be done: track_technologies_and_competitors, identify_innovation_opportunities. Classify the article with industry ""food"", sub_industry ""food_packaging"", and content_category ""scout_report"". Keep the content practical, specific to the sub-industry, and suitable as a recommended content item for users browsing for inspiration. Include a clear title, brief context, key observations, why it matters, and recommended next actions. Avoid generic industry commentary and avoid deep technical mechanism explanations unless needed for clarity. Use artifact-generator to generate the final result as HTML.",https://eureka.patsnap.com/ai-search/sess_992d8d00d18b4bfb?from=rd-home&start_from=eureka_landingpage,https://eureka.patsnap.com/share/?id=b6d4f28257f6bf1a317f471778a907f5&from=invite-eureakplg-result&content=,html,,,,Food Packaging Scout Report: Regional Market Divergence and Localization,"[""scout_report""]","[""food packaging"", ""food"", ""scout report"", ""regional markets"", ""localization"", ""recommendation content""]","Create a scout report for Food Packaging in the Food industry, focused on how regional demand, policy, pricing, and localization strategies are diverging across markets.",innovation_product_strategy,food_farming_production,"[""technology_competitors"", ""innovation_opportunities""]",2026-09-10,"[""food_packaging""]"
Food Ingredients Market Landscape: Manufacturing Scale-Up and Operational Readiness,"Write a Market Landscape in English for Food Ingredients within the Food industry. Title: Food Ingredients Market Landscape: Manufacturing Scale-Up and Operational Readiness. Use the content category ""market_landscape"". Focus on segment structure, buyer demand, growth pockets, channel shifts, and ecosystem boundaries, especially what scale-up, process readiness, qualification, and operational constraints mean for commercialization. Audience role: innovation_product_strategy. Jobs to be done: track_technologies_and_competitors, identify_innovation_opportunities. Classify the article with industry ""food"", sub_industry ""food_ingredients"", and content_category ""market_landscape"". Keep the content practical, specific to the sub-industry, and suitable as a recommended content item for users browsing for inspiration. Include a clear title, brief context, key observations, why it matters, and recommended next actions. Avoid generic industry commentary and avoid deep technical mechanism explanations unless needed for clarity. Use artifact-generator to generate the final result as HTML.",https://eureka.patsnap.com/ai-search/sess_e4f0fa7f70f64bc1?from=rd-home&start_from=eureka_landingpage,https://eureka.patsnap.com/share/?id=5a819e7950c082a4cd126460097f4632&from=invite-eureakplg-result&content=,html,,,,Food Ingredients Market Landscape: Manufacturing Scale-Up and Operational Readiness,"[""market_landscape""]","[""food ingredients"", ""food"", ""market landscape"", ""manufacturing scale-up"", ""operational readiness"", ""recommendation content""]","Create a market landscape for Food Ingredients in the Food industry, focused on what scale-up, process readiness, qualification, and operational constraints mean for commercialization.",innovation_product_strategy,food_farming_production,"[""technology_competitors"", ""innovation_opportunities""]",2026-09-10,"[""food_ingredients""]"
Food Formulation Patent Landscape: White-Space Bets for 2027 Planning,"Write a Patent Landscape in English for Food Formulation within the Food industry. Title: Food Formulation Patent Landscape: White-Space Bets for 2027 Planning. Use the content category ""patent_landscape"". Focus on patent activity, assignee concentration, technology clusters, white spaces, and IP strategy implications, especially which underexplored needs and weak signals could become useful product or research bets. Audience role: innovation_product_strategy. Jobs to be done: explore_patent_landscapes, assess_product_ip_risks. Classify the article with industry ""food"", sub_industry ""food_formulation"", and content_category ""patent_landscape"". Keep the content practical, specific to the sub-industry, and suitable as a recommended content item for users browsing for inspiration. Include a clear title, brief context, key observations, why it matters, and recommended next actions. Avoid generic industry commentary and avoid deep technical mechanism explanations unless needed for clarity. Use artifact-generator to generate the final result as HTML.",https://eureka.patsnap.com/ai-search/sess_6f942d7f732741c8?from=rd-home&start_from=eureka_landingpage,https://eureka.patsnap.com/share/?id=f7a747daaff4553a582c9f1cd53e0db1&from=invite-eureakplg-result&content=,html,,,,Food Formulation Patent Landscape: White-Space Bets for 2027 Planning,"[""patent_landscape""]","[""food formulation"", ""food"", ""patent landscape"", ""white space"", ""2027 planning"", ""recommendation content""]","Create a patent landscape for Food Formulation in the Food industry, focused on which underexplored needs and weak signals could become useful product or research bets.",innovation_product_strategy,food_farming_production,"[""patent_landscapes"", ""product_ip_risks""]",2026-09-10,"[""food_formulation""]"
Food Processing Competitor Analysis: Adoption Signals and Buyer Pull,"Write a Competitor Analysis in English for Food Processing within the Food industry. Title: Food Processing Competitor Analysis: Adoption Signals and Buyer Pull. Use the content category ""competitor_analysis"". Focus on competitor positioning, strategic moves, differentiation levers, partnership patterns, and likely next actions, especially where demand is showing up first, which buyer pains matter most, and what adoption signals deserve attention. Audience role: innovation_product_strategy. Jobs to be done: track_technologies_and_competitors, identify_innovation_opportunities. Classify the article with industry ""food"", sub_industry ""food_processing"", and content_category ""competitor_analysis"". Keep the content practical, specific to the sub-industry, and suitable as a recommended content item for users browsing for inspiration. Include a clear title, brief context, key observations, why it matters, and recommended next actions. Avoid generic industry commentary and avoid deep technical mechanism explanations unless needed for clarity. Use artifact-generator to generate the final result as HTML.",https://eureka.patsnap.com/ai-search/sess_8ccb3524bd644b7c?from=rd-home&start_from=eureka_landingpage,https://eureka.patsnap.com/share/?id=1997265bd86ec24cf5b1ab7dc115412a&from=invite-eureakplg-result&content=,html,,,,Food Processing Competitor Analysis: Adoption Signals and Buyer Pull,"[""competitor_analysis""]","[""food processing"", ""food"", ""competitor analysis"", ""adoption signals"", ""buyer demand"", ""recommendation content""]","Create a competitor analysis for Food Processing in the Food industry, focused on where demand is showing up first, which buyer pains matter most, and what adoption signals deserve attention.",innovation_product_strategy,food_farming_production,"[""technology_competitors"", ""innovation_opportunities""]",2026-09-10,"[""food_processing""]"
Food Packaging Case: Cost Pressure and Value Repositioning,"Write a Case in English for Food Packaging within the Food industry. Title: Food Packaging Case: Cost Pressure and Value Repositioning. Use the content category ""case"". Focus on a concrete adoption pattern, business context, implementation choices, and reusable lessons for similar teams, especially how cost pressure is changing value propositions, purchasing criteria, and near-term product priorities. Audience role: innovation_product_strategy. Jobs to be done: identify_innovation_opportunities, evaluate_r_and_d_directions. Classify the article with industry ""food"", sub_industry ""food_packaging"", and content_category ""case"". Keep the content practical, specific to the sub-industry, and suitable as a recommended content item for users browsing for inspiration. Include a clear title, brief context, key observations, why it matters, and recommended next actions. Avoid generic industry commentary and avoid deep technical mechanism explanations unless needed for clarity. Use artifact-generator to generate the final result as HTML.",https://eureka.patsnap.com/ai-search/sess_ef266893170f4a1a?from=rd-home&start_from=eureka_landingpage,https://eureka.patsnap.com/share/?id=271f28681ceee8f8f58e69145753c94b&from=invite-eureakplg-result&content=,html,,,,Food Packaging Case: Cost Pressure and Value Repositioning,"[""case""]","[""food packaging"", ""food"", ""case"", ""cost pressure"", ""value proposition"", ""recommendation content""]","Create a case for Food Packaging in the Food industry, focused on how cost pressure is changing value propositions, purchasing criteria, and near-term product priorities.",innovation_product_strategy,food_farming_production,"[""innovation_opportunities"", ""rd_directions""]",2026-09-10,"[""food_packaging""]"
Crop Science Opportunity Brief: White Spaces for the Next Product Bets,"Write a Opportunity Brief in English for Crop Science within the Farming Production industry. Use the content category ""opportunity_brief"". Focus on unmet needs, product opportunity spaces, timing signals, and action recommendations. Audience role: innovation_product_strategy. Jobs to be done: identify_innovation_opportunities. Keep the content practical, specific to the sub-industry, and suitable as a recommended content item for users browsing for inspiration. Include a clear title, brief context, key observations, why it matters, and recommended next actions. Avoid generic industry commentary and avoid deep technical mechanism explanations unless needed for clarity. Use artifact-generator to generate the final result as HTML.",https://eureka.patsnap.com/ai-search/sess_0440b37adccf4715?from=rd-home&start_from=eureka_landingpage,https://eureka.patsnap.com/share/?id=ef8ab4ade639815f2f9a23c4127cee3b&from=invite-eureakplg-result&content=,html,,,,Crop Science Opportunity Brief: White Spaces for the Next Product Bets,"[""opportunity_brief""]","[""crop science"", ""farming production"", ""opportunity brief"", ""innovation signals"", ""recommendation content""]","Create a opportunity brief for Crop Science in the Farming Production industry, focused on unmet needs, product opportunity spaces, timing signals, and action recommendations.",innovation_product_strategy,food_farming_production,"[""innovation_opportunities""]",2026-09-10,"[""crop_science""]"
Livestock and Animal Health Risk Watch: Barriers That Could Slow Adoption,"Write a Risk Watch in English for Livestock and Animal Health within the Farming Production industry. Use the content category ""risk_watch"". Focus on regulatory, FTO, supply, adoption, reimbursement, safety, and commercialization risks. Audience role: in_house_ip_legal. Jobs to be done: check_fto_and_design_risks, respond_to_office_actions. Keep the content practical, specific to the sub-industry, and suitable as a recommended content item for users browsing for inspiration. Include a clear title, brief context, key observations, why it matters, and recommended next actions. Avoid generic industry commentary and avoid deep technical mechanism explanations unless needed for clarity. Use artifact-generator to generate the final result as HTML.",https://eureka.patsnap.com/ai-search/sess_02487a1703c14106?from=rd-home&start_from=eureka_landingpage,https://eureka.patsnap.com/share/?id=c6dabfc1440e370277612581bea0fa40&from=invite-eureakplg-result&content=,html,,,,Livestock and Animal Health Risk Watch: Barriers That Could Slow Adoption,"[""risk_watch""]","[""livestock and animal health"", ""farming production"", ""risk watch"", ""innovation signals"", ""recommendation content""]","Create a risk watch for Livestock and Animal Health in the Farming Production industry, focused on regulatory, FTO, supply, adoption, reimbursement, safety, and commercialization risks.",in_house_ip_legal,food_farming_production,"[""fto_design_risks"", ""office_actions""]",2026-09-10,"[""livestock_and_animal_health""]"
Precision Agriculture Trend Brief: What Will Shape the Next 3-5 Years,"Write a Trend Brief in English for Precision Agriculture within the Farming Production industry. Use the content category ""trend_brief"". Focus on 3-5 year trend direction, adoption drivers, constraints, scenarios, and strategy implications. Audience role: innovation_product_strategy. Jobs to be done: evaluate_r_and_d_directions. Keep the content practical, specific to the sub-industry, and suitable as a recommended content item for users browsing for inspiration. Include a clear title, brief context, key observations, why it matters, and recommended next actions. Avoid generic industry commentary and avoid deep technical mechanism explanations unless needed for clarity. Use artifact-generator to generate the final result as HTML.",https://eureka.patsnap.com/ai-search/sess_81ffd9ddcf8b48bc?from=rd-home&start_from=eureka_landingpage,https://eureka.patsnap.com/share/?id=20f049ee1f0f67d37161e811a0741d44&from=invite-eureakplg-result&content=,html,,,,Precision Agriculture Trend Brief: What Will Shape the Next 3-5 Years,"[""trend_brief""]","[""precision agriculture"", ""farming production"", ""trend brief"", ""innovation signals"", ""recommendation content""]","Create a trend brief for Precision Agriculture in the Farming Production industry, focused on 3-5 year trend direction, adoption drivers, constraints, scenarios, and strategy implications.",innovation_product_strategy,food_farming_production,"[""rd_directions""]",2026-09-10,"[""precision_agriculture""]"
Agri Inputs Scout Report: Signals Worth Watching in Farming Production,"Write a Scout Report in English for Agri Inputs within the Farming Production industry. Use the content category ""scout_report"". Focus on emerging signals, notable players, early adoption patterns, and strategic watch points. Audience role: innovation_product_strategy. Jobs to be done: track_technologies_and_competitors, identify_innovation_opportunities. Keep the content practical, specific to the sub-industry, and suitable as a recommended content item for users browsing for inspiration. Include a clear title, brief context, key observations, why it matters, and recommended next actions. Avoid generic industry commentary and avoid deep technical mechanism explanations unless needed for clarity. Use artifact-generator to generate the final result as HTML.",https://eureka.patsnap.com/ai-search/sess_19238509b28b451c?from=rd-home&start_from=eureka_landingpage,https://eureka.patsnap.com/share/?id=fdfe4daf3d89e7c553dad8292c92a075&from=invite-eureakplg-result&content=,html,,,,Agri Inputs Scout Report: Signals Worth Watching in Farming Production,"[""scout_report""]","[""agri inputs"", ""farming production"", ""scout report"", ""innovation signals"", ""recommendation content""]","Create a scout report for Agri Inputs in the Farming Production industry, focused on emerging signals, notable players, early adoption patterns, and strategic watch points.",innovation_product_strategy,food_farming_production,"[""technology_competitors"", ""innovation_opportunities""]",2026-09-10,"[""agri_inputs""]"
"Crop Science Market Landscape: Data, AI, and Workflow Integration","Write a Market Landscape in English for Crop Science within the Farming Production industry. Title: Crop Science Market Landscape: Data, AI, and Workflow Integration. Use the content category ""market_landscape"". Focus on segment structure, buyer demand, growth pockets, channel shifts, and ecosystem boundaries, especially how data, AI, automation, and workflow integration are changing user expectations and product scope. Audience role: innovation_product_strategy. Jobs to be done: track_technologies_and_competitors, identify_innovation_opportunities. Classify the article with industry ""farming_production"", sub_industry ""crop_science"", and content_category ""market_landscape"". Keep the content practical, specific to the sub-industry, and suitable as a recommended content item for users browsing for inspiration. Include a clear title, brief context, key observations, why it matters, and recommended next actions. Avoid generic industry commentary and avoid deep technical mechanism explanations unless needed for clarity. Use artifact-generator to generate the final result as HTML.",https://eureka.patsnap.com/ai-search/sess_11bd1cd460b84242?from=rd-home&start_from=eureka_landingpage,https://eureka.patsnap.com/share/?id=cdb1eb566f87f01529d28123a65eeccd&from=invite-eureakplg-result&content=,html,,,,"Crop Science Market Landscape: Data, AI, and Workflow Integration","[""market_landscape""]","[""crop science"", ""farming production"", ""market landscape"", ""AI workflow"", ""data integration"", ""recommendation content""]","Create a market landscape for Crop Science in the Farming Production industry, focused on how data, AI, automation, and workflow integration are changing user expectations and product scope.",innovation_product_strategy,food_farming_production,"[""technology_competitors"", ""innovation_opportunities""]",2026-09-10,"[""crop_science""]"
"Livestock and Animal Health Patent Landscape: Quality, Reliability, and Field Performance","Write a Patent Landscape in English for Livestock and Animal Health within the Farming Production industry. Title: Livestock and Animal Health Patent Landscape: Quality, Reliability, and Field Performance. Use the content category ""patent_landscape"". Focus on patent activity, assignee concentration, technology clusters, white spaces, and IP strategy implications, especially where quality, reliability, maintenance, validation, and field evidence influence customer trust. Audience role: innovation_product_strategy. Jobs to be done: explore_patent_landscapes, assess_product_ip_risks. Classify the article with industry ""farming_production"", sub_industry ""livestock_and_animal_health"", and content_category ""patent_landscape"". Keep the content practical, specific to the sub-industry, and suitable as a recommended content item for users browsing for inspiration. Include a clear title, brief context, key observations, why it matters, and recommended next actions. Avoid generic industry commentary and avoid deep technical mechanism explanations unless needed for clarity. Use artifact-generator to generate the final result as HTML.",https://eureka.patsnap.com/ai-search/sess_c728505f6a6246b9?from=rd-home&start_from=eureka_landingpage,https://eureka.patsnap.com/share/?id=0ebb5f9f4b2a9a8905dbc8a364f58371&from=invite-eureakplg-result&content=,html,,,,"Livestock and Animal Health Patent Landscape: Quality, Reliability, and Field Performance","[""patent_landscape""]","[""livestock and animal health"", ""farming production"", ""patent landscape"", ""quality"", ""reliability"", ""recommendation content""]","Create a patent landscape for Livestock and Animal Health in the Farming Production industry, focused on where quality, reliability, maintenance, validation, and field evidence influence customer trust.",innovation_product_strategy,food_farming_production,"[""patent_landscapes"", ""product_ip_risks""]",2026-09-10,"[""livestock_and_animal_health""]"
Precision Agriculture Competitor Analysis: Sustainability and Resource Constraints,"Write a Competitor Analysis in English for Precision Agriculture within the Farming Production industry. Title: Precision Agriculture Competitor Analysis: Sustainability and Resource Constraints. Use the content category ""competitor_analysis"". Focus on competitor positioning, strategic moves, differentiation levers, partnership patterns, and likely next actions, especially how sustainability expectations, resource limits, circularity, and efficiency pressures shape priorities. Audience role: innovation_product_strategy. Jobs to be done: track_technologies_and_competitors, identify_innovation_opportunities. Classify the article with industry ""farming_production"", sub_industry ""precision_agriculture"", and content_category ""competitor_analysis"". Keep the content practical, specific to the sub-industry, and suitable as a recommended content item for users browsing for inspiration. Include a clear title, brief context, key observations, why it matters, and recommended next actions. Avoid generic industry commentary and avoid deep technical mechanism explanations unless needed for clarity. Use artifact-generator to generate the final result as HTML.",https://eureka.patsnap.com/ai-search/sess_7fc5bf3c54734406?from=rd-home&start_from=eureka_landingpage,https://eureka.patsnap.com/share/?id=b07fbbd3e34b8f30d5375ed662e98cf2&from=invite-eureakplg-result&content=,html,,,,Precision Agriculture Competitor Analysis: Sustainability and Resource Constraints,"[""competitor_analysis""]","[""precision agriculture"", ""farming production"", ""competitor analysis"", ""sustainability"", ""resource efficiency"", ""recommendation content""]","Create a competitor analysis for Precision Agriculture in the Farming Production industry, focused on how sustainability expectations, resource limits, circularity, and efficiency pressures shape priorities.",innovation_product_strategy,food_farming_production,"[""technology_competitors"", ""innovation_opportunities""]",2026-09-10,"[""precision_agriculture""]"
Agri Inputs Case: Regional Market Divergence and Localization,"Write a Case in English for Agri Inputs within the Farming Production industry. Title: Agri Inputs Case: Regional Market Divergence and Localization. Use the content category ""case"". Focus on a concrete adoption pattern, business context, implementation choices, and reusable lessons for similar teams, especially how regional demand, policy, pricing, and localization strategies are diverging across markets. Audience role: innovation_product_strategy. Jobs to be done: identify_innovation_opportunities, evaluate_r_and_d_directions. Classify the article with industry ""farming_production"", sub_industry ""agri_inputs"", and content_category ""case"". Keep the content practical, specific to the sub-industry, and suitable as a recommended content item for users browsing for inspiration. Include a clear title, brief context, key observations, why it matters, and recommended next actions. Avoid generic industry commentary and avoid deep technical mechanism explanations unless needed for clarity. Use artifact-generator to generate the final result as HTML.",https://eureka.patsnap.com/ai-search/sess_5c585033021742d5?from=rd-home&start_from=eureka_landingpage,https://eureka.patsnap.com/share/?id=dd9523c39667e8d95c43ec9120d49d44&from=invite-eureakplg-result&content=,html,,,,Agri Inputs Case: Regional Market Divergence and Localization,"[""case""]","[""agri inputs"", ""farming production"", ""case"", ""regional markets"", ""localization"", ""recommendation content""]","Create a case for Agri Inputs in the Farming Production industry, focused on how regional demand, policy, pricing, and localization strategies are diverging across markets.",innovation_product_strategy,food_farming_production,"[""innovation_opportunities"", ""rd_directions""]",2026-09-10,"[""agri_inputs""]"
Crop Science Opportunity Brief: Manufacturing Scale-Up and Operational Readiness,"Write a Opportunity Brief in English for Crop Science within the Farming Production industry. Title: Crop Science Opportunity Brief: Manufacturing Scale-Up and Operational Readiness. Use the content category ""opportunity_brief"". Focus on unmet needs, product opportunity spaces, timing signals, commercial fit, and practical next steps, especially what scale-up, process readiness, qualification, and operational constraints mean for commercialization. Audience role: innovation_product_strategy. Jobs to be done: identify_innovation_opportunities, evaluate_r_and_d_directions. Classify the article with industry ""farming_production"", sub_industry ""crop_science"", and content_category ""opportunity_brief"". Keep the content practical, specific to the sub-industry, and suitable as a recommended content item for users browsing for inspiration. Include a clear title, brief context, key observations, why it matters, and recommended next actions. Avoid generic industry commentary and avoid deep technical mechanism explanations unless needed for clarity. Use artifact-generator to generate the final result as HTML.",https://eureka.patsnap.com/ai-search/sess_ac85873c246e4e8f?from=rd-home&start_from=eureka_landingpage,https://eureka.patsnap.com/share/?id=3e8357ed45566789a5743769a2225def&from=invite-eureakplg-result&content=,html,,,,Crop Science Opportunity Brief: Manufacturing Scale-Up and Operational Readiness,"[""opportunity_brief""]","[""crop science"", ""farming production"", ""opportunity brief"", ""manufacturing scale-up"", ""operational readiness"", ""recommendation content""]","Create a opportunity brief for Crop Science in the Farming Production industry, focused on what scale-up, process readiness, qualification, and operational constraints mean for commercialization.",innovation_product_strategy,food_farming_production,"[""innovation_opportunities"", ""rd_directions""]",2026-09-10,"[""crop_science""]"
Livestock and Animal Health Risk Watch: White-Space Bets for 2027 Planning,"Write a Risk Watch in English for Livestock and Animal Health within the Farming Production industry. Title: Livestock and Animal Health Risk Watch: White-Space Bets for 2027 Planning. Use the content category ""risk_watch"". Focus on regulatory, FTO, safety, supply, reimbursement, adoption, and commercialization risks, especially which underexplored needs and weak signals could become useful product or research bets. Audience role: in_house_ip_legal. Jobs to be done: check_fto_and_design_risks, explore_patent_landscapes. Classify the article with industry ""farming_production"", sub_industry ""livestock_and_animal_health"", and content_category ""risk_watch"". Keep the content practical, specific to the sub-industry, and suitable as a recommended content item for users browsing for inspiration. Include a clear title, brief context, key observations, why it matters, and recommended next actions. Avoid generic industry commentary and avoid deep technical mechanism explanations unless needed for clarity. Use artifact-generator to generate the final result as HTML.",https://eureka.patsnap.com/ai-search/sess_0aa9ba9ae11f4b1e?from=rd-home&start_from=eureka_landingpage,https://eureka.patsnap.com/share/?id=c44ae97700e02e3d04b47cb273b18cd3&from=invite-eureakplg-result&content=,html,,,,Livestock and Animal Health Risk Watch: White-Space Bets for 2027 Planning,"[""risk_watch""]","[""livestock and animal health"", ""farming production"", ""risk watch"", ""white space"", ""2027 planning"", ""recommendation content""]","Create a risk watch for Livestock and Animal Health in the Farming Production industry, focused on which underexplored needs and weak signals could become useful product or research bets.",in_house_ip_legal,food_farming_production,"[""fto_design_risks"", ""patent_landscapes""]",2026-09-10,"[""livestock_and_animal_health""]"
Precision Agriculture Trend Brief: Adoption Signals and Buyer Pull,"Write a Trend Brief in English for Precision Agriculture within the Farming Production industry. Title: Precision Agriculture Trend Brief: Adoption Signals and Buyer Pull. Use the content category ""trend_brief"". Focus on 3-5 year direction, adoption drivers, constraints, scenarios, and strategic implications, especially where demand is showing up first, which buyer pains matter most, and what adoption signals deserve attention. Audience role: innovation_product_strategy. Jobs to be done: track_technologies_and_competitors, evaluate_r_and_d_directions. Classify the article with industry ""farming_production"", sub_industry ""precision_agriculture"", and content_category ""trend_brief"". Keep the content practical, specific to the sub-industry, and suitable as a recommended content item for users browsing for inspiration. Include a clear title, brief context, key observations, why it matters, and recommended next actions. Avoid generic industry commentary and avoid deep technical mechanism explanations unless needed for clarity. Use artifact-generator to generate the final result as HTML.",https://eureka.patsnap.com/ai-search/sess_d6a7844873f34c18?from=rd-home&start_from=eureka_landingpage,https://eureka.patsnap.com/share/?id=e8fe8a86ae404553434f6a1ee12897ce&from=invite-eureakplg-result&content=,html,,,,Precision Agriculture Trend Brief: Adoption Signals and Buyer Pull,"[""trend_brief""]","[""precision agriculture"", ""farming production"", ""trend brief"", ""adoption signals"", ""buyer demand"", ""recommendation content""]","Create a trend brief for Precision Agriculture in the Farming Production industry, focused on where demand is showing up first, which buyer pains matter most, and what adoption signals deserve attention.",innovation_product_strategy,food_farming_production,"[""technology_competitors"", ""rd_directions""]",2026-09-10,"[""precision_agriculture""]"
Agri Inputs Scout Report: Cost Pressure and Value Repositioning,"Write a Scout Report in English for Agri Inputs within the Farming Production industry. Title: Agri Inputs Scout Report: Cost Pressure and Value Repositioning. Use the content category ""scout_report"". Focus on early market signals, notable player activity, adoption triggers, and what teams should monitor next, especially how cost pressure is changing value propositions, purchasing criteria, and near-term product priorities. Audience role: innovation_product_strategy. Jobs to be done: track_technologies_and_competitors, identify_innovation_opportunities. Classify the article with industry ""farming_production"", sub_industry ""agri_inputs"", and content_category ""scout_report"". Keep the content practical, specific to the sub-industry, and suitable as a recommended content item for users browsing for inspiration. Include a clear title, brief context, key observations, why it matters, and recommended next actions. Avoid generic industry commentary and avoid deep technical mechanism explanations unless needed for clarity. Use artifact-generator to generate the final result as HTML.",https://eureka.patsnap.com/ai-search/sess_bb453f90a1cc4e77?from=rd-home&start_from=eureka_landingpage,https://eureka.patsnap.com/share/?id=7632b6e28605435ec515b5f83efaa0e5&from=invite-eureakplg-result&content=,html,,,,Agri Inputs Scout Report: Cost Pressure and Value Repositioning,"[""scout_report""]","[""agri inputs"", ""farming production"", ""scout report"", ""cost pressure"", ""value proposition"", ""recommendation content""]","Create a scout report for Agri Inputs in the Farming Production industry, focused on how cost pressure is changing value propositions, purchasing criteria, and near-term product priorities.",innovation_product_strategy,food_farming_production,"[""technology_competitors"", ""innovation_opportunities""]",2026-09-10,"[""agri_inputs""]"
Batteries and Storage Case: Turning Market Signals into Practical Innovation,"Write a Case in English for Batteries and Storage within the Energy industry. Use the content category ""case"". Focus on a practical innovation case pattern, business context, adoption drivers, and what other teams can learn. Audience role: innovation_product_strategy. Jobs to be done: identify_innovation_opportunities, evaluate_r_and_d_directions. Keep the content practical, specific to the sub-industry, and suitable as a recommended content item for users browsing for inspiration. Include a clear title, brief context, key observations, why it matters, and recommended next actions. Avoid generic industry commentary and avoid deep technical mechanism explanations unless needed for clarity. Use artifact-generator to generate the final result as HTML.",https://eureka.patsnap.com/ai-search/sess_28b85cbeab5d4b2b?from=rd-home&start_from=eureka_landingpage,https://eureka.patsnap.com/share/?id=76d1175b688f66c4656820402ef36bd0&from=invite-eureakplg-result&content=,html,,,,Batteries and Storage Case: Turning Market Signals into Practical Innovation,"[""case""]","[""batteries and storage"", ""energy"", ""case"", ""innovation signals"", ""recommendation content""]","Create a case for Batteries and Storage in the Energy industry, focused on a practical innovation case pattern, business context, adoption drivers, and what other teams can learn.",innovation_product_strategy,energy,"[""innovation_opportunities"", ""rd_directions""]",2026-09-10,"[""batteries_and_storage""]"
"Hydrogen and Fuel Cells Market Landscape: Segments, Demand, and Growth Pockets","Write a Market Landscape in English for Hydrogen and Fuel Cells within the Energy industry. Use the content category ""market_landscape"". Focus on market segments, demand shifts, buyer priorities, growth pockets, and ecosystem structure. Audience role: innovation_product_strategy. Jobs to be done: track_technologies_and_competitors, identify_innovation_opportunities. Keep the content practical, specific to the sub-industry, and suitable as a recommended content item for users browsing for inspiration. Include a clear title, brief context, key observations, why it matters, and recommended next actions. Avoid generic industry commentary and avoid deep technical mechanism explanations unless needed for clarity. Use artifact-generator to generate the final result as HTML.",https://eureka.patsnap.com/ai-search/sess_6499177d4ec944c2?from=rd-home&start_from=eureka_landingpage,https://eureka.patsnap.com/share/?id=98b6a81749715f4611f2b76dc16bb6cc&from=invite-eureakplg-result&content=,html,,,,"Hydrogen and Fuel Cells Market Landscape: Segments, Demand, and Growth Pockets","[""market_landscape""]","[""hydrogen and fuel cells"", ""energy"", ""market landscape"", ""innovation signals"", ""recommendation content""]","Create a market landscape for Hydrogen and Fuel Cells in the Energy industry, focused on market segments, demand shifts, buyer priorities, growth pockets, and ecosystem structure.",innovation_product_strategy,energy,"[""technology_competitors"", ""innovation_opportunities""]",2026-09-10,"[""hydrogen_and_fuel_cells""]"
Solar and Power Electronics Patent Landscape: Where IP Activity Is Concentrating,"Write a Patent Landscape in English for Solar and Power Electronics within the Energy industry. Use the content category ""patent_landscape"". Focus on patent activity, assignee clusters, technology white spaces, and IP strategy implications. Audience role: innovation_product_strategy. Jobs to be done: explore_patent_landscapes, assess_product_ip_risks. Keep the content practical, specific to the sub-industry, and suitable as a recommended content item for users browsing for inspiration. Include a clear title, brief context, key observations, why it matters, and recommended next actions. Avoid generic industry commentary and avoid deep technical mechanism explanations unless needed for clarity. Use artifact-generator to generate the final result as HTML.",https://eureka.patsnap.com/ai-search/sess_bd03709becb74efd?from=rd-home&start_from=eureka_landingpage,https://eureka.patsnap.com/share/?id=ef028268b62360f934b803bbd2b4b727&from=invite-eureakplg-result&content=,html,,,,Solar and Power Electronics Patent Landscape: Where IP Activity Is Concentrating,"[""patent_landscape""]","[""solar and power electronics"", ""energy"", ""patent landscape"", ""innovation signals"", ""recommendation content""]","Create a patent landscape for Solar and Power Electronics in the Energy industry, focused on patent activity, assignee clusters, technology white spaces, and IP strategy implications.",innovation_product_strategy,energy,"[""patent_landscapes"", ""product_ip_risks""]",2026-09-10,"[""solar_and_power_electronics""]"
Carbon and Efficiency Competitor Analysis: Strategic Moves and Differentiation Patterns,"Write a Competitor Analysis in English for Carbon and Efficiency within the Energy industry. Use the content category ""competitor_analysis"". Focus on competitor moves, positioning patterns, differentiation levers, and likely next actions. Audience role: innovation_product_strategy. Jobs to be done: track_technologies_and_competitors, identify_innovation_opportunities. Keep the content practical, specific to the sub-industry, and suitable as a recommended content item for users browsing for inspiration. Include a clear title, brief context, key observations, why it matters, and recommended next actions. Avoid generic industry commentary and avoid deep technical mechanism explanations unless needed for clarity. Use artifact-generator to generate the final result as HTML.",https://eureka.patsnap.com/ai-search/sess_bed898833a9f46cf?from=rd-home&start_from=eureka_landingpage,https://eureka.patsnap.com/share/?id=63ebef1c4c8b35bc6da6e3ab8f8f61a1&from=invite-eureakplg-result&content=,html,,,,Carbon and Efficiency Competitor Analysis: Strategic Moves and Differentiation Patterns,"[""competitor_analysis""]","[""carbon and efficiency"", ""energy"", ""competitor analysis"", ""innovation signals"", ""recommendation content""]","Create a competitor analysis for Carbon and Efficiency in the Energy industry, focused on competitor moves, positioning patterns, differentiation levers, and likely next actions.",innovation_product_strategy,energy,"[""technology_competitors"", ""innovation_opportunities""]",2026-09-10,"[""carbon_and_efficiency""]"
"Batteries and Storage Opportunity Brief: Data, AI, and Workflow Integration","Write a Opportunity Brief in English for Batteries and Storage within the Energy industry. Title: Batteries and Storage Opportunity Brief: Data, AI, and Workflow Integration. Use the content category ""opportunity_brief"". Focus on unmet needs, product opportunity spaces, timing signals, commercial fit, and practical next steps, especially how data, AI, automation, and workflow integration are changing user expectations and product scope. Audience role: innovation_product_strategy. Jobs to be done: identify_innovation_opportunities, evaluate_r_and_d_directions. Classify the article with industry ""energy"", sub_industry ""batteries_and_storage"", and content_category ""opportunity_brief"". Keep the content practical, specific to the sub-industry, and suitable as a recommended content item for users browsing for inspiration. Include a clear title, brief context, key observations, why it matters, and recommended next actions. Avoid generic industry commentary and avoid deep technical mechanism explanations unless needed for clarity. Use artifact-generator to generate the final result as HTML.",https://eureka.patsnap.com/ai-search/sess_83de715688f74f6d?from=rd-home&start_from=eureka_landingpage,https://eureka.patsnap.com/share/?id=6443e268af8b0f6ddf1de28f20724839&from=invite-eureakplg-result&content=,html,,,,"Batteries and Storage Opportunity Brief: Data, AI, and Workflow Integration","[""opportunity_brief""]","[""batteries and storage"", ""energy"", ""opportunity brief"", ""AI workflow"", ""data integration"", ""recommendation content""]","Create a opportunity brief for Batteries and Storage in the Energy industry, focused on how data, AI, automation, and workflow integration are changing user expectations and product scope.",innovation_product_strategy,energy,"[""innovation_opportunities"", ""rd_directions""]",2026-09-10,"[""batteries_and_storage""]"
"Hydrogen and Fuel Cells Risk Watch: Quality, Reliability, and Field Performance","Write a Risk Watch in English for Hydrogen and Fuel Cells within the Energy industry. Title: Hydrogen and Fuel Cells Risk Watch: Quality, Reliability, and Field Performance. Use the content category ""risk_watch"". Focus on regulatory, FTO, safety, supply, reimbursement, adoption, and commercialization risks, especially where quality, reliability, maintenance, validation, and field evidence influence customer trust. Audience role: in_house_ip_legal. Jobs to be done: check_fto_and_design_risks, explore_patent_landscapes. Classify the article with industry ""energy"", sub_industry ""hydrogen_and_fuel_cells"", and content_category ""risk_watch"". Keep the content practical, specific to the sub-industry, and suitable as a recommended content item for users browsing for inspiration. Include a clear title, brief context, key observations, why it matters, and recommended next actions. Avoid generic industry commentary and avoid deep technical mechanism explanations unless needed for clarity. Use artifact-generator to generate the final result as HTML.",https://eureka.patsnap.com/ai-search/sess_a0be530071754ca1?from=rd-home&start_from=eureka_landingpage,https://eureka.patsnap.com/share/?id=2b1612cc495105b38a106c6aed17da86&from=invite-eureakplg-result&content=,html,,,,"Hydrogen and Fuel Cells Risk Watch: Quality, Reliability, and Field Performance","[""risk_watch""]","[""hydrogen and fuel cells"", ""energy"", ""risk watch"", ""quality"", ""reliability"", ""recommendation content""]","Create a risk watch for Hydrogen and Fuel Cells in the Energy industry, focused on where quality, reliability, maintenance, validation, and field evidence influence customer trust.",in_house_ip_legal,energy,"[""fto_design_risks"", ""patent_landscapes""]",2026-09-10,"[""hydrogen_and_fuel_cells""]"
Solar and Power Electronics Trend Brief: Sustainability and Resource Constraints,"Write a Trend Brief in English for Solar and Power Electronics within the Energy industry. Title: Solar and Power Electronics Trend Brief: Sustainability and Resource Constraints. Use the content category ""trend_brief"". Focus on 3-5 year direction, adoption drivers, constraints, scenarios, and strategic implications, especially how sustainability expectations, resource limits, circularity, and efficiency pressures shape priorities. Audience role: innovation_product_strategy. Jobs to be done: track_technologies_and_competitors, evaluate_r_and_d_directions. Classify the article with industry ""energy"", sub_industry ""solar_and_power_electronics"", and content_category ""trend_brief"". Keep the content practical, specific to the sub-industry, and suitable as a recommended content item for users browsing for inspiration. Include a clear title, brief context, key observations, why it matters, and recommended next actions. Avoid generic industry commentary and avoid deep technical mechanism explanations unless needed for clarity. Use artifact-generator to generate the final result as HTML.",https://eureka.patsnap.com/ai-search/sess_b659f464149c42c1?from=rd-home&start_from=eureka_landingpage,https://eureka.patsnap.com/share/?id=f53f29ca60b51db8ca4df8626f41ba61&from=invite-eureakplg-result&content=,html,,,,Solar and Power Electronics Trend Brief: Sustainability and Resource Constraints,"[""trend_brief""]","[""solar and power electronics"", ""energy"", ""trend brief"", ""sustainability"", ""resource efficiency"", ""recommendation content""]","Create a trend brief for Solar and Power Electronics in the Energy industry, focused on how sustainability expectations, resource limits, circularity, and efficiency pressures shape priorities.",innovation_product_strategy,energy,"[""technology_competitors"", ""rd_directions""]",2026-09-10,"[""solar_and_power_electronics""]"
Carbon and Efficiency Scout Report: Regional Market Divergence and Localization,"Write a Scout Report in English for Carbon and Efficiency within the Energy industry. Title: Carbon and Efficiency Scout Report: Regional Market Divergence and Localization. Use the content category ""scout_report"". Focus on early market signals, notable player activity, adoption triggers, and what teams should monitor next, especially how regional demand, policy, pricing, and localization strategies are diverging across markets. Audience role: innovation_product_strategy. Jobs to be done: track_technologies_and_competitors, identify_innovation_opportunities. Classify the article with industry ""energy"", sub_industry ""carbon_and_efficiency"", and content_category ""scout_report"". Keep the content practical, specific to the sub-industry, and suitable as a recommended content item for users browsing for inspiration. Include a clear title, brief context, key observations, why it matters, and recommended next actions. Avoid generic industry commentary and avoid deep technical mechanism explanations unless needed for clarity. Use artifact-generator to generate the final result as HTML.",https://eureka.patsnap.com/ai-search/sess_fd1f4b497b3246e1?from=rd-home&start_from=eureka_landingpage,https://eureka.patsnap.com/share/?id=1abfb2d26e7fbcfa9cf38d3d5e47d3de&from=invite-eureakplg-result&content=,html,,,,Carbon and Efficiency Scout Report: Regional Market Divergence and Localization,"[""scout_report""]","[""carbon and efficiency"", ""energy"", ""scout report"", ""regional markets"", ""localization"", ""recommendation content""]","Create a scout report for Carbon and Efficiency in the Energy industry, focused on how regional demand, policy, pricing, and localization strategies are diverging across markets.",innovation_product_strategy,energy,"[""technology_competitors"", ""innovation_opportunities""]",2026-09-10,"[""carbon_and_efficiency""]"
Batteries and Storage Market Landscape: Manufacturing Scale-Up and Operational Readiness,"Write a Market Landscape in English for Batteries and Storage within the Energy industry. Title: Batteries and Storage Market Landscape: Manufacturing Scale-Up and Operational Readiness. Use the content category ""market_landscape"". Focus on segment structure, buyer demand, growth pockets, channel shifts, and ecosystem boundaries, especially what scale-up, process readiness, qualification, and operational constraints mean for commercialization. Audience role: innovation_product_strategy. Jobs to be done: track_technologies_and_competitors, identify_innovation_opportunities. Classify the article with industry ""energy"", sub_industry ""batteries_and_storage"", and content_category ""market_landscape"". Keep the content practical, specific to the sub-industry, and suitable as a recommended content item for users browsing for inspiration. Include a clear title, brief context, key observations, why it matters, and recommended next actions. Avoid generic industry commentary and avoid deep technical mechanism explanations unless needed for clarity. Use artifact-generator to generate the final result as HTML.",https://eureka.patsnap.com/ai-search/sess_a72e95e9c78d4196?from=rd-home&start_from=eureka_landingpage,https://eureka.patsnap.com/share/?id=afb2390c47506f55d462ad1b21d4cc21&from=invite-eureakplg-result&content=,html,,,,Batteries and Storage Market Landscape: Manufacturing Scale-Up and Operational Readiness,"[""market_landscape""]","[""batteries and storage"", ""energy"", ""market landscape"", ""manufacturing scale-up"", ""operational readiness"", ""recommendation content""]","Create a market landscape for Batteries and Storage in the Energy industry, focused on what scale-up, process readiness, qualification, and operational constraints mean for commercialization.",innovation_product_strategy,energy,"[""technology_competitors"", ""innovation_opportunities""]",2026-09-10,"[""batteries_and_storage""]"
Hydrogen and Fuel Cells Patent Landscape: White-Space Bets for 2027 Planning,"Write a Patent Landscape in English for Hydrogen and Fuel Cells within the Energy industry. Title: Hydrogen and Fuel Cells Patent Landscape: White-Space Bets for 2027 Planning. Use the content category ""patent_landscape"". Focus on patent activity, assignee concentration, technology clusters, white spaces, and IP strategy implications, especially which underexplored needs and weak signals could become useful product or research bets. Audience role: innovation_product_strategy. Jobs to be done: explore_patent_landscapes, assess_product_ip_risks. Classify the article with industry ""energy"", sub_industry ""hydrogen_and_fuel_cells"", and content_category ""patent_landscape"". Keep the content practical, specific to the sub-industry, and suitable as a recommended content item for users browsing for inspiration. Include a clear title, brief context, key observations, why it matters, and recommended next actions. Avoid generic industry commentary and avoid deep technical mechanism explanations unless needed for clarity. Use artifact-generator to generate the final result as HTML.",https://eureka.patsnap.com/ai-search/sess_a8b8775e1f9447fe?from=rd-home&start_from=eureka_landingpage,https://eureka.patsnap.com/share/?id=a658972b0f8e490440abdc6f0e339ec6&from=invite-eureakplg-result&content=,html,,,,Hydrogen and Fuel Cells Patent Landscape: White-Space Bets for 2027 Planning,"[""patent_landscape""]","[""hydrogen and fuel cells"", ""energy"", ""patent landscape"", ""white space"", ""2027 planning"", ""recommendation content""]","Create a patent landscape for Hydrogen and Fuel Cells in the Energy industry, focused on which underexplored needs and weak signals could become useful product or research bets.",innovation_product_strategy,energy,"[""patent_landscapes"", ""product_ip_risks""]",2026-09-10,"[""hydrogen_and_fuel_cells""]"
Solar and Power Electronics Competitor Analysis: Adoption Signals and Buyer Pull,"Write a Competitor Analysis in English for Solar and Power Electronics within the Energy industry. Title: Solar and Power Electronics Competitor Analysis: Adoption Signals and Buyer Pull. Use the content category ""competitor_analysis"". Focus on competitor positioning, strategic moves, differentiation levers, partnership patterns, and likely next actions, especially where demand is showing up first, which buyer pains matter most, and what adoption signals deserve attention. Audience role: innovation_product_strategy. Jobs to be done: track_technologies_and_competitors, identify_innovation_opportunities. Classify the article with industry ""energy"", sub_industry ""solar_and_power_electronics"", and content_category ""competitor_analysis"". Keep the content practical, specific to the sub-industry, and suitable as a recommended content item for users browsing for inspiration. Include a clear title, brief context, key observations, why it matters, and recommended next actions. Avoid generic industry commentary and avoid deep technical mechanism explanations unless needed for clarity. Use artifact-generator to generate the final result as HTML.",https://eureka.patsnap.com/ai-search/sess_1388e83fd09545a6?from=rd-home&start_from=eureka_landingpage,https://eureka.patsnap.com/share/?id=f112b9db63705b6ae4414b023e43360e&from=invite-eureakplg-result&content=,html,,,,Solar and Power Electronics Competitor Analysis: Adoption Signals and Buyer Pull,"[""competitor_analysis""]","[""solar and power electronics"", ""energy"", ""competitor analysis"", ""adoption signals"", ""buyer demand"", ""recommendation content""]","Create a competitor analysis for Solar and Power Electronics in the Energy industry, focused on where demand is showing up first, which buyer pains matter most, and what adoption signals deserve attention.",innovation_product_strategy,energy,"[""technology_competitors"", ""innovation_opportunities""]",2026-09-10,"[""solar_and_power_electronics""]"
Carbon and Efficiency Case: Cost Pressure and Value Repositioning,"Write a Case in English for Carbon and Efficiency within the Energy industry. Title: Carbon and Efficiency Case: Cost Pressure and Value Repositioning. Use the content category ""case"". Focus on a concrete adoption pattern, business context, implementation choices, and reusable lessons for similar teams, especially how cost pressure is changing value propositions, purchasing criteria, and near-term product priorities. Audience role: innovation_product_strategy. Jobs to be done: identify_innovation_opportunities, evaluate_r_and_d_directions. Classify the article with industry ""energy"", sub_industry ""carbon_and_efficiency"", and content_category ""case"". Keep the content practical, specific to the sub-industry, and suitable as a recommended content item for users browsing for inspiration. Include a clear title, brief context, key observations, why it matters, and recommended next actions. Avoid generic industry commentary and avoid deep technical mechanism explanations unless needed for clarity. Use artifact-generator to generate the final result as HTML.",https://eureka.patsnap.com/ai-search/sess_10dd2d5e882f41f3?from=rd-home&start_from=eureka_landingpage,https://eureka.patsnap.com/share/?id=1b6ec6c9d211b8908b57f822f6ea12d8&from=invite-eureakplg-result&content=,html,,,,Carbon and Efficiency Case: Cost Pressure and Value Repositioning,"[""case""]","[""carbon and efficiency"", ""energy"", ""case"", ""cost pressure"", ""value proposition"", ""recommendation content""]","Create a case for Carbon and Efficiency in the Energy industry, focused on how cost pressure is changing value propositions, purchasing criteria, and near-term product priorities.",innovation_product_strategy,energy,"[""innovation_opportunities"", ""rd_directions""]",2026-09-10,"[""carbon_and_efficiency""]"
Specialty Chemicals Opportunity Brief: White Spaces for the Next Product Bets,"Write a Opportunity Brief in English for Specialty Chemicals within the Chemical industry. Use the content category ""opportunity_brief"". Focus on unmet needs, product opportunity spaces, timing signals, and action recommendations. Audience role: innovation_product_strategy. Jobs to be done: identify_innovation_opportunities. Keep the content practical, specific to the sub-industry, and suitable as a recommended content item for users browsing for inspiration. Include a clear title, brief context, key observations, why it matters, and recommended next actions. Avoid generic industry commentary and avoid deep technical mechanism explanations unless needed for clarity. Use artifact-generator to generate the final result as HTML.",https://eureka.patsnap.com/ai-search/sess_ac928ab1f73645c0?from=rd-home&start_from=eureka_landingpage,https://eureka.patsnap.com/share/?id=7066c895d2c30077ae72cb5515c8ba8e&from=invite-eureakplg-result&content=,html,,,,Specialty Chemicals Opportunity Brief: White Spaces for the Next Product Bets,"[""opportunity_brief""]","[""specialty chemicals"", ""chemical"", ""opportunity brief"", ""innovation signals"", ""recommendation content""]","Create a opportunity brief for Specialty Chemicals in the Chemical industry, focused on unmet needs, product opportunity spaces, timing signals, and action recommendations.",innovation_product_strategy,chemical,"[""innovation_opportunities""]",2026-09-10,"[""specialty_chemicals""]"
Industrial Formulations Risk Watch: Barriers That Could Slow Adoption,"Write a Risk Watch in English for Industrial Formulations within the Chemical industry. Use the content category ""risk_watch"". Focus on regulatory, FTO, supply, adoption, reimbursement, safety, and commercialization risks. Audience role: in_house_ip_legal. Jobs to be done: check_fto_and_design_risks, respond_to_office_actions. Keep the content practical, specific to the sub-industry, and suitable as a recommended content item for users browsing for inspiration. Include a clear title, brief context, key observations, why it matters, and recommended next actions. Avoid generic industry commentary and avoid deep technical mechanism explanations unless needed for clarity. Use artifact-generator to generate the final result as HTML.",https://eureka.patsnap.com/ai-search/sess_e71f7bf6297b4032?from=rd-home&start_from=eureka_landingpage,https://eureka.patsnap.com/share/?id=45ab3e975f99f2f7df72e3f3566db03e&from=invite-eureakplg-result&content=,html,,,,Industrial Formulations Risk Watch: Barriers That Could Slow Adoption,"[""risk_watch""]","[""industrial formulations"", ""chemical"", ""risk watch"", ""innovation signals"", ""recommendation content""]","Create a risk watch for Industrial Formulations in the Chemical industry, focused on regulatory, FTO, supply, adoption, reimbursement, safety, and commercialization risks.",in_house_ip_legal,chemical,"[""fto_design_risks"", ""office_actions""]",2026-09-10,"[""industrial_formulations""]"
Polymers and Additives Trend Brief: What Will Shape the Next 3-5 Years,"Write a Trend Brief in English for Polymers and Additives within the Chemical industry. Use the content category ""trend_brief"". Focus on 3-5 year trend direction, adoption drivers, constraints, scenarios, and strategy implications. Audience role: innovation_product_strategy. Jobs to be done: evaluate_r_and_d_directions. Keep the content practical, specific to the sub-industry, and suitable as a recommended content item for users browsing for inspiration. Include a clear title, brief context, key observations, why it matters, and recommended next actions. Avoid generic industry commentary and avoid deep technical mechanism explanations unless needed for clarity. Use artifact-generator to generate the final result as HTML.",https://eureka.patsnap.com/ai-search/sess_065c470483c14acc?from=rd-home&start_from=eureka_landingpage,https://eureka.patsnap.com/share/?id=dfc2f80ae1b5e68ea1268b5effd2f361&from=invite-eureakplg-result&content=,html,,,,Polymers and Additives Trend Brief: What Will Shape the Next 3-5 Years,"[""trend_brief""]","[""polymers and additives"", ""chemical"", ""trend brief"", ""innovation signals"", ""recommendation content""]","Create a trend brief for Polymers and Additives in the Chemical industry, focused on 3-5 year trend direction, adoption drivers, constraints, scenarios, and strategy implications.",innovation_product_strategy,chemical,"[""rd_directions""]",2026-09-10,"[""polymers_and_additives""]"
Household and Personal Care Chemistry Scout Report: Signals Worth Watching in Chemical,"Write a Scout Report in English for Household and Personal Care Chemistry within the Chemical industry. Use the content category ""scout_report"". Focus on emerging signals, notable players, early adoption patterns, and strategic watch points. Audience role: innovation_product_strategy. Jobs to be done: track_technologies_and_competitors, identify_innovation_opportunities. Keep the content practical, specific to the sub-industry, and suitable as a recommended content item for users browsing for inspiration. Include a clear title, brief context, key observations, why it matters, and recommended next actions. Avoid generic industry commentary and avoid deep technical mechanism explanations unless needed for clarity. Use artifact-generator to generate the final result as HTML.",https://eureka.patsnap.com/ai-search/sess_d3358b03eafd455b?from=rd-home&start_from=eureka_landingpage,https://eureka.patsnap.com/share/?id=7f0154a32bb88af0b3bdd285525ea1b7&from=invite-eureakplg-result&content=,html,,,,Household and Personal Care Chemistry Scout Report: Signals Worth Watching in Chemical,"[""scout_report""]","[""household and personal care chemistry"", ""chemical"", ""scout report"", ""innovation signals"", ""recommendation content""]","Create a scout report for Household and Personal Care Chemistry in the Chemical industry, focused on emerging signals, notable players, early adoption patterns, and strategic watch points.",innovation_product_strategy,chemical,"[""technology_competitors"", ""innovation_opportunities""]",2026-09-10,"[""household_and_personal_care_chemistry""]"
"Specialty Chemicals Market Landscape: Data, AI, and Workflow Integration","Write a Market Landscape in English for Specialty Chemicals within the Chemical industry. Title: Specialty Chemicals Market Landscape: Data, AI, and Workflow Integration. Use the content category ""market_landscape"". Focus on segment structure, buyer demand, growth pockets, channel shifts, and ecosystem boundaries, especially how data, AI, automation, and workflow integration are changing user expectations and product scope. Audience role: innovation_product_strategy. Jobs to be done: track_technologies_and_competitors, identify_innovation_opportunities. Classify the article with industry ""chemical"", sub_industry ""specialty_chemicals"", and content_category ""market_landscape"". Keep the content practical, specific to the sub-industry, and suitable as a recommended content item for users browsing for inspiration. Include a clear title, brief context, key observations, why it matters, and recommended next actions. Avoid generic industry commentary and avoid deep technical mechanism explanations unless needed for clarity. Use artifact-generator to generate the final result as HTML.",https://eureka.patsnap.com/ai-search/sess_fe6fd883048b46d6?from=rd-home&start_from=eureka_landingpage,https://eureka.patsnap.com/share/?id=590639f8c9c78203d87e0ce1a68c28da&from=invite-eureakplg-result&content=,html,,,,"Specialty Chemicals Market Landscape: Data, AI, and Workflow Integration","[""market_landscape""]","[""specialty chemicals"", ""chemical"", ""market landscape"", ""AI workflow"", ""data integration"", ""recommendation content""]","Create a market landscape for Specialty Chemicals in the Chemical industry, focused on how data, AI, automation, and workflow integration are changing user expectations and product scope.",innovation_product_strategy,chemical,"[""technology_competitors"", ""innovation_opportunities""]",2026-09-10,"[""specialty_chemicals""]"
"Industrial Formulations Patent Landscape: Quality, Reliability, and Field Performance","Write a Patent Landscape in English for Industrial Formulations within the Chemical industry. Title: Industrial Formulations Patent Landscape: Quality, Reliability, and Field Performance. Use the content category ""patent_landscape"". Focus on patent activity, assignee concentration, technology clusters, white spaces, and IP strategy implications, especially where quality, reliability, maintenance, validation, and field evidence influence customer trust. Audience role: innovation_product_strategy. Jobs to be done: explore_patent_landscapes, assess_product_ip_risks. Classify the article with industry ""chemical"", sub_industry ""industrial_formulations"", and content_category ""patent_landscape"". Keep the content practical, specific to the sub-industry, and suitable as a recommended content item for users browsing for inspiration. Include a clear title, brief context, key observations, why it matters, and recommended next actions. Avoid generic industry commentary and avoid deep technical mechanism explanations unless needed for clarity. Use artifact-generator to generate the final result as HTML.",https://eureka.patsnap.com/ai-search/sess_560854aa118748fa?from=rd-home&start_from=eureka_landingpage,https://eureka.patsnap.com/share/?id=34531591a08d82c9861faeb53e42c1f3&from=invite-eureakplg-result&content=,html,,,,"Industrial Formulations Patent Landscape: Quality, Reliability, and Field Performance","[""patent_landscape""]","[""industrial formulations"", ""chemical"", ""patent landscape"", ""quality"", ""reliability"", ""recommendation content""]","Create a patent landscape for Industrial Formulations in the Chemical industry, focused on where quality, reliability, maintenance, validation, and field evidence influence customer trust.",innovation_product_strategy,chemical,"[""patent_landscapes"", ""product_ip_risks""]",2026-09-10,"[""industrial_formulations""]"
Polymers and Additives Competitor Analysis: Sustainability and Resource Constraints,"Write a Competitor Analysis in English for Polymers and Additives within the Chemical industry. Title: Polymers and Additives Competitor Analysis: Sustainability and Resource Constraints. Use the content category ""competitor_analysis"". Focus on competitor positioning, strategic moves, differentiation levers, partnership patterns, and likely next actions, especially how sustainability expectations, resource limits, circularity, and efficiency pressures shape priorities. Audience role: innovation_product_strategy. Jobs to be done: track_technologies_and_competitors, identify_innovation_opportunities. Classify the article with industry ""chemical"", sub_industry ""polymers_and_additives"", and content_category ""competitor_analysis"". Keep the content practical, specific to the sub-industry, and suitable as a recommended content item for users browsing for inspiration. Include a clear title, brief context, key observations, why it matters, and recommended next actions. Avoid generic industry commentary and avoid deep technical mechanism explanations unless needed for clarity. Use artifact-generator to generate the final result as HTML.",https://eureka.patsnap.com/ai-search/sess_7d9164ddb2a64c38?from=rd-home&start_from=eureka_landingpage,https://eureka.patsnap.com/share/?id=091f97609fb134f9fbf3d4a28d337bbe&from=invite-eureakplg-result&content=,html,,,,Polymers and Additives Competitor Analysis: Sustainability and Resource Constraints,"[""competitor_analysis""]","[""polymers and additives"", ""chemical"", ""competitor analysis"", ""sustainability"", ""resource efficiency"", ""recommendation content""]","Create a competitor analysis for Polymers and Additives in the Chemical industry, focused on how sustainability expectations, resource limits, circularity, and efficiency pressures shape priorities.",innovation_product_strategy,chemical,"[""technology_competitors"", ""innovation_opportunities""]",2026-09-10,"[""polymers_and_additives""]"
Household and Personal Care Chemistry Case: Regional Market Divergence and Localization,"Write a Case in English for Household and Personal Care Chemistry within the Chemical industry. Title: Household and Personal Care Chemistry Case: Regional Market Divergence and Localization. Use the content category ""case"". Focus on a concrete adoption pattern, business context, implementation choices, and reusable lessons for similar teams, especially how regional demand, policy, pricing, and localization strategies are diverging across markets. Audience role: innovation_product_strategy. Jobs to be done: identify_innovation_opportunities, evaluate_r_and_d_directions. Classify the article with industry ""chemical"", sub_industry ""household_and_personal_care_chemistry"", and content_category ""case"". Keep the content practical, specific to the sub-industry, and suitable as a recommended content item for users browsing for inspiration. Include a clear title, brief context, key observations, why it matters, and recommended next actions. Avoid generic industry commentary and avoid deep technical mechanism explanations unless needed for clarity. Use artifact-generator to generate the final result as HTML.",https://eureka.patsnap.com/ai-search/sess_8fafccb11b8843db?from=rd-home&start_from=eureka_landingpage,https://eureka.patsnap.com/share/?id=f90a2e74cda090ebc62491c5f487d1fd&from=invite-eureakplg-result&content=,html,,,,Household and Personal Care Chemistry Case: Regional Market Divergence and Localization,"[""case""]","[""household and personal care chemistry"", ""chemical"", ""case"", ""regional markets"", ""localization"", ""recommendation content""]","Create a case for Household and Personal Care Chemistry in the Chemical industry, focused on how regional demand, policy, pricing, and localization strategies are diverging across markets.",innovation_product_strategy,chemical,"[""innovation_opportunities"", ""rd_directions""]",2026-09-10,"[""household_and_personal_care_chemistry""]"
Specialty Chemicals Opportunity Brief: Manufacturing Scale-Up and Operational Readiness,"Write a Opportunity Brief in English for Specialty Chemicals within the Chemical industry. Title: Specialty Chemicals Opportunity Brief: Manufacturing Scale-Up and Operational Readiness. Use the content category ""opportunity_brief"". Focus on unmet needs, product opportunity spaces, timing signals, commercial fit, and practical next steps, especially what scale-up, process readiness, qualification, and operational constraints mean for commercialization. Audience role: innovation_product_strategy. Jobs to be done: identify_innovation_opportunities, evaluate_r_and_d_directions. Classify the article with industry ""chemical"", sub_industry ""specialty_chemicals"", and content_category ""opportunity_brief"". Keep the content practical, specific to the sub-industry, and suitable as a recommended content item for users browsing for inspiration. Include a clear title, brief context, key observations, why it matters, and recommended next actions. Avoid generic industry commentary and avoid deep technical mechanism explanations unless needed for clarity. Use artifact-generator to generate the final result as HTML.",https://eureka.patsnap.com/ai-search/sess_dd2050ca658d4cfd?from=rd-home&start_from=eureka_landingpage,https://eureka.patsnap.com/share/?id=611fdd43810896e06f6311d6469554b8&from=invite-eureakplg-result&content=,html,,,,Specialty Chemicals Opportunity Brief: Manufacturing Scale-Up and Operational Readiness,"[""opportunity_brief""]","[""specialty chemicals"", ""chemical"", ""opportunity brief"", ""manufacturing scale-up"", ""operational readiness"", ""recommendation content""]","Create a opportunity brief for Specialty Chemicals in the Chemical industry, focused on what scale-up, process readiness, qualification, and operational constraints mean for commercialization.",innovation_product_strategy,chemical,"[""innovation_opportunities"", ""rd_directions""]",2026-09-10,"[""specialty_chemicals""]"
Industrial Formulations Risk Watch: White-Space Bets for 2027 Planning,"Write a Risk Watch in English for Industrial Formulations within the Chemical industry. Title: Industrial Formulations Risk Watch: White-Space Bets for 2027 Planning. Use the content category ""risk_watch"". Focus on regulatory, FTO, safety, supply, reimbursement, adoption, and commercialization risks, especially which underexplored needs and weak signals could become useful product or research bets. Audience role: in_house_ip_legal. Jobs to be done: check_fto_and_design_risks, explore_patent_landscapes. Classify the article with industry ""chemical"", sub_industry ""industrial_formulations"", and content_category ""risk_watch"". Keep the content practical, specific to the sub-industry, and suitable as a recommended content item for users browsing for inspiration. Include a clear title, brief context, key observations, why it matters, and recommended next actions. Avoid generic industry commentary and avoid deep technical mechanism explanations unless needed for clarity. Use artifact-generator to generate the final result as HTML.",https://eureka.patsnap.com/ai-search/sess_775b4e54dcb04c50?from=rd-home&start_from=eureka_landingpage,https://eureka.patsnap.com/share/?id=beac7e75d7a12203664ee2a1dc4c05b1&from=invite-eureakplg-result&content=,html,,,,Industrial Formulations Risk Watch: White-Space Bets for 2027 Planning,"[""risk_watch""]","[""industrial formulations"", ""chemical"", ""risk watch"", ""white space"", ""2027 planning"", ""recommendation content""]","Create a risk watch for Industrial Formulations in the Chemical industry, focused on which underexplored needs and weak signals could become useful product or research bets.",in_house_ip_legal,chemical,"[""fto_design_risks"", ""patent_landscapes""]",2026-09-10,"[""industrial_formulations""]"
Polymers and Additives Trend Brief: Adoption Signals and Buyer Pull,"Write a Trend Brief in English for Polymers and Additives within the Chemical industry. Title: Polymers and Additives Trend Brief: Adoption Signals and Buyer Pull. Use the content category ""trend_brief"". Focus on 3-5 year direction, adoption drivers, constraints, scenarios, and strategic implications, especially where demand is showing up first, which buyer pains matter most, and what adoption signals deserve attention. Audience role: innovation_product_strategy. Jobs to be done: track_technologies_and_competitors, evaluate_r_and_d_directions. Classify the article with industry ""chemical"", sub_industry ""polymers_and_additives"", and content_category ""trend_brief"". Keep the content practical, specific to the sub-industry, and suitable as a recommended content item for users browsing for inspiration. Include a clear title, brief context, key observations, why it matters, and recommended next actions. Avoid generic industry commentary and avoid deep technical mechanism explanations unless needed for clarity. Use artifact-generator to generate the final result as HTML.",https://eureka.patsnap.com/ai-search/sess_9d57d9e2dd7342f1?from=rd-home&start_from=eureka_landingpage,https://eureka.patsnap.com/share/?id=8fee71df3c203fbd8c684d9cd658f19a&from=invite-eureakplg-result&content=,html,,,,Polymers and Additives Trend Brief: Adoption Signals and Buyer Pull,"[""trend_brief""]","[""polymers and additives"", ""chemical"", ""trend brief"", ""adoption signals"", ""buyer demand"", ""recommendation content""]","Create a trend brief for Polymers and Additives in the Chemical industry, focused on where demand is showing up first, which buyer pains matter most, and what adoption signals deserve attention.",innovation_product_strategy,chemical,"[""technology_competitors"", ""rd_directions""]",2026-09-10,"[""polymers_and_additives""]"
Household and Personal Care Chemistry Scout Report: Cost Pressure and Value Repositioning,"Write a Scout Report in English for Household and Personal Care Chemistry within the Chemical industry. Title: Household and Personal Care Chemistry Scout Report: Cost Pressure and Value Repositioning. Use the content category ""scout_report"". Focus on early market signals, notable player activity, adoption triggers, and what teams should monitor next, especially how cost pressure is changing value propositions, purchasing criteria, and near-term product priorities. Audience role: innovation_product_strategy. Jobs to be done: track_technologies_and_competitors, identify_innovation_opportunities. Classify the article with industry ""chemical"", sub_industry ""household_and_personal_care_chemistry"", and content_category ""scout_report"". Keep the content practical, specific to the sub-industry, and suitable as a recommended content item for users browsing for inspiration. Include a clear title, brief context, key observations, why it matters, and recommended next actions. Avoid generic industry commentary and avoid deep technical mechanism explanations unless needed for clarity. Use artifact-generator to generate the final result as HTML.",https://eureka.patsnap.com/ai-search/sess_e02888883fc94fb5?from=rd-home&start_from=eureka_landingpage,https://eureka.patsnap.com/share/?id=2376eba60cc503df1902aed348cc0a01&from=invite-eureakplg-result&content=,html,,,,Household and Personal Care Chemistry Scout Report: Cost Pressure and Value Repositioning,"[""scout_report""]","[""household and personal care chemistry"", ""chemical"", ""scout report"", ""cost pressure"", ""value proposition"", ""recommendation content""]","Create a scout report for Household and Personal Care Chemistry in the Chemical industry, focused on how cost pressure is changing value propositions, purchasing criteria, and near-term product priorities.",innovation_product_strategy,chemical,"[""technology_competitors"", ""innovation_opportunities""]",2026-09-10,"[""household_and_personal_care_chemistry""]"
Building Materials Case: Turning Market Signals into Practical Innovation,"Write a Case in English for Building Materials within the Construction industry. Use the content category ""case"". Focus on a practical innovation case pattern, business context, adoption drivers, and what other teams can learn. Audience role: innovation_product_strategy. Jobs to be done: identify_innovation_opportunities, evaluate_r_and_d_directions. Keep the content practical, specific to the sub-industry, and suitable as a recommended content item for users browsing for inspiration. Include a clear title, brief context, key observations, why it matters, and recommended next actions. Avoid generic industry commentary and avoid deep technical mechanism explanations unless needed for clarity. Use artifact-generator to generate the final result as HTML.",https://eureka.patsnap.com/ai-search/sess_ebe295d0a2454bfd?from=rd-home&start_from=eureka_landingpage,https://eureka.patsnap.com/share/?id=521629b9c7b33b44509d8c444b2bc71a&from=invite-eureakplg-result&content=,html,,,,Building Materials Case: Turning Market Signals into Practical Innovation,"[""case""]","[""building materials"", ""construction"", ""case"", ""innovation signals"", ""recommendation content""]","Create a case for Building Materials in the Construction industry, focused on a practical innovation case pattern, business context, adoption drivers, and what other teams can learn.",innovation_product_strategy,construction,"[""innovation_opportunities"", ""rd_directions""]",2026-09-10,"[""building_materials""]"
"Infrastructure Market Landscape: Segments, Demand, and Growth Pockets","Write a Market Landscape in English for Infrastructure within the Construction industry. Use the content category ""market_landscape"". Focus on market segments, demand shifts, buyer priorities, growth pockets, and ecosystem structure. Audience role: innovation_product_strategy. Jobs to be done: track_technologies_and_competitors, identify_innovation_opportunities. Keep the content practical, specific to the sub-industry, and suitable as a recommended content item for users browsing for inspiration. Include a clear title, brief context, key observations, why it matters, and recommended next actions. Avoid generic industry commentary and avoid deep technical mechanism explanations unless needed for clarity. Use artifact-generator to generate the final result as HTML.",https://eureka.patsnap.com/ai-search/sess_ee0b6531df744f00?from=rd-home&start_from=eureka_landingpage,https://eureka.patsnap.com/share/?id=feaecc05405aaa26f24530918c1acf08&from=invite-eureakplg-result&content=,html,,,,"Infrastructure Market Landscape: Segments, Demand, and Growth Pockets","[""market_landscape""]","[""infrastructure"", ""construction"", ""market landscape"", ""innovation signals"", ""recommendation content""]","Create a market landscape for Infrastructure in the Construction industry, focused on market segments, demand shifts, buyer priorities, growth pockets, and ecosystem structure.",innovation_product_strategy,construction,"[""technology_competitors"", ""innovation_opportunities""]",2026-09-10,"[""infrastructure""]"
Construction Methods Patent Landscape: Where IP Activity Is Concentrating,"Write a Patent Landscape in English for Construction Methods within the Construction industry. Use the content category ""patent_landscape"". Focus on patent activity, assignee clusters, technology white spaces, and IP strategy implications. Audience role: innovation_product_strategy. Jobs to be done: explore_patent_landscapes, assess_product_ip_risks. Keep the content practical, specific to the sub-industry, and suitable as a recommended content item for users browsing for inspiration. Include a clear title, brief context, key observations, why it matters, and recommended next actions. Avoid generic industry commentary and avoid deep technical mechanism explanations unless needed for clarity. Use artifact-generator to generate the final result as HTML.",https://eureka.patsnap.com/ai-search/sess_2cbec1d7780246e6?from=rd-home&start_from=eureka_landingpage,https://eureka.patsnap.com/share/?id=d994f0f529ae96b50005288ef75fcbd9&from=invite-eureakplg-result&content=,html,,,,Construction Methods Patent Landscape: Where IP Activity Is Concentrating,"[""patent_landscape""]","[""construction methods"", ""construction"", ""patent landscape"", ""innovation signals"", ""recommendation content""]","Create a patent landscape for Construction Methods in the Construction industry, focused on patent activity, assignee clusters, technology white spaces, and IP strategy implications.",innovation_product_strategy,construction,"[""patent_landscapes"", ""product_ip_risks""]",2026-09-10,"[""construction_methods""]"
Building Systems Competitor Analysis: Strategic Moves and Differentiation Patterns,"Write a Competitor Analysis in English for Building Systems within the Construction industry. Use the content category ""competitor_analysis"". Focus on competitor moves, positioning patterns, differentiation levers, and likely next actions. Audience role: innovation_product_strategy. Jobs to be done: track_technologies_and_competitors, identify_innovation_opportunities. Keep the content practical, specific to the sub-industry, and suitable as a recommended content item for users browsing for inspiration. Include a clear title, brief context, key observations, why it matters, and recommended next actions. Avoid generic industry commentary and avoid deep technical mechanism explanations unless needed for clarity. Use artifact-generator to generate the final result as HTML.",https://eureka.patsnap.com/ai-search/sess_742c5d4b62fc421a?from=rd-home&start_from=eureka_landingpage,https://eureka.patsnap.com/share/?id=96b6bba7cb2df395ef37df08cc52eb32&from=invite-eureakplg-result&content=,html,,,,Building Systems Competitor Analysis: Strategic Moves and Differentiation Patterns,"[""competitor_analysis""]","[""building systems"", ""construction"", ""competitor analysis"", ""innovation signals"", ""recommendation content""]","Create a competitor analysis for Building Systems in the Construction industry, focused on competitor moves, positioning patterns, differentiation levers, and likely next actions.",innovation_product_strategy,construction,"[""technology_competitors"", ""innovation_opportunities""]",2026-09-10,"[""building_systems""]"
"Building Materials Opportunity Brief: Data, AI, and Workflow Integration","Write a Opportunity Brief in English for Building Materials within the Construction industry. Title: Building Materials Opportunity Brief: Data, AI, and Workflow Integration. Use the content category ""opportunity_brief"". Focus on unmet needs, product opportunity spaces, timing signals, commercial fit, and practical next steps, especially how data, AI, automation, and workflow integration are changing user expectations and product scope. Audience role: innovation_product_strategy. Jobs to be done: identify_innovation_opportunities, evaluate_r_and_d_directions. Classify the article with industry ""construction"", sub_industry ""building_materials"", and content_category ""opportunity_brief"". Keep the content practical, specific to the sub-industry, and suitable as a recommended content item for users browsing for inspiration. Include a clear title, brief context, key observations, why it matters, and recommended next actions. Avoid generic industry commentary and avoid deep technical mechanism explanations unless needed for clarity. Use artifact-generator to generate the final result as HTML.",https://eureka.patsnap.com/ai-search/sess_8b95449ba1424546?from=rd-home&start_from=eureka_landingpage,https://eureka.patsnap.com/share/?id=e7c73e2e849d36ca1cc9bb213a75ae5e&from=invite-eureakplg-result&content=,html,,,,"Building Materials Opportunity Brief: Data, AI, and Workflow Integration","[""opportunity_brief""]","[""building materials"", ""construction"", ""opportunity brief"", ""AI workflow"", ""data integration"", ""recommendation content""]","Create a opportunity brief for Building Materials in the Construction industry, focused on how data, AI, automation, and workflow integration are changing user expectations and product scope.",innovation_product_strategy,construction,"[""innovation_opportunities"", ""rd_directions""]",2026-09-10,"[""building_materials""]"
"Infrastructure Risk Watch: Quality, Reliability, and Field Performance","Write a Risk Watch in English for Infrastructure within the Construction industry. Title: Infrastructure Risk Watch: Quality, Reliability, and Field Performance. Use the content category ""risk_watch"". Focus on regulatory, FTO, safety, supply, reimbursement, adoption, and commercialization risks, especially where quality, reliability, maintenance, validation, and field evidence influence customer trust. Audience role: in_house_ip_legal. Jobs to be done: check_fto_and_design_risks, explore_patent_landscapes. Classify the article with industry ""construction"", sub_industry ""infrastructure"", and content_category ""risk_watch"". Keep the content practical, specific to the sub-industry, and suitable as a recommended content item for users browsing for inspiration. Include a clear title, brief context, key observations, why it matters, and recommended next actions. Avoid generic industry commentary and avoid deep technical mechanism explanations unless needed for clarity. Use artifact-generator to generate the final result as HTML.",https://eureka.patsnap.com/ai-search/sess_6f7278f4bcdc4de6?from=rd-home&start_from=eureka_landingpage,https://eureka.patsnap.com/share/?id=7be18cc4bd3382333738645f2057ae55&from=invite-eureakplg-result&content=,html,,,,"Infrastructure Risk Watch: Quality, Reliability, and Field Performance","[""risk_watch""]","[""infrastructure"", ""construction"", ""risk watch"", ""quality"", ""reliability"", ""recommendation content""]","Create a risk watch for Infrastructure in the Construction industry, focused on where quality, reliability, maintenance, validation, and field evidence influence customer trust.",in_house_ip_legal,construction,"[""fto_design_risks"", ""patent_landscapes""]",2026-09-10,"[""infrastructure""]"
Construction Methods Trend Brief: Sustainability and Resource Constraints,"Write a Trend Brief in English for Construction Methods within the Construction industry. Title: Construction Methods Trend Brief: Sustainability and Resource Constraints. Use the content category ""trend_brief"". Focus on 3-5 year direction, adoption drivers, constraints, scenarios, and strategic implications, especially how sustainability expectations, resource limits, circularity, and efficiency pressures shape priorities. Audience role: innovation_product_strategy. Jobs to be done: track_technologies_and_competitors, evaluate_r_and_d_directions. Classify the article with industry ""construction"", sub_industry ""construction_methods"", and content_category ""trend_brief"". Keep the content practical, specific to the sub-industry, and suitable as a recommended content item for users browsing for inspiration. Include a clear title, brief context, key observations, why it matters, and recommended next actions. Avoid generic industry commentary and avoid deep technical mechanism explanations unless needed for clarity. Use artifact-generator to generate the final result as HTML.",https://eureka.patsnap.com/ai-search/sess_81d32570a13a4df4?from=rd-home&start_from=eureka_landingpage,https://eureka.patsnap.com/share/?id=05c3dc6c22a2f0a6d1074faa61dca903&from=invite-eureakplg-result&content=,html,,,,Construction Methods Trend Brief: Sustainability and Resource Constraints,"[""trend_brief""]","[""construction methods"", ""construction"", ""trend brief"", ""sustainability"", ""resource efficiency"", ""recommendation content""]","Create a trend brief for Construction Methods in the Construction industry, focused on how sustainability expectations, resource limits, circularity, and efficiency pressures shape priorities.",innovation_product_strategy,construction,"[""technology_competitors"", ""rd_directions""]",2026-09-10,"[""construction_methods""]"
Building Systems Scout Report: Regional Market Divergence and Localization,"Write a Scout Report in English for Building Systems within the Construction industry. Title: Building Systems Scout Report: Regional Market Divergence and Localization. Use the content category ""scout_report"". Focus on early market signals, notable player activity, adoption triggers, and what teams should monitor next, especially how regional demand, policy, pricing, and localization strategies are diverging across markets. Audience role: innovation_product_strategy. Jobs to be done: track_technologies_and_competitors, identify_innovation_opportunities. Classify the article with industry ""construction"", sub_industry ""building_systems"", and content_category ""scout_report"". Keep the content practical, specific to the sub-industry, and suitable as a recommended content item for users browsing for inspiration. Include a clear title, brief context, key observations, why it matters, and recommended next actions. Avoid generic industry commentary and avoid deep technical mechanism explanations unless needed for clarity. Use artifact-generator to generate the final result as HTML.",https://eureka.patsnap.com/ai-search/sess_b999ab960c1d414c?from=rd-home&start_from=eureka_landingpage,https://eureka.patsnap.com/share/?id=67e938db46339f85cd098c3c84fabcfd&from=invite-eureakplg-result&content=,html,,,,Building Systems Scout Report: Regional Market Divergence and Localization,"[""scout_report""]","[""building systems"", ""construction"", ""scout report"", ""regional markets"", ""localization"", ""recommendation content""]","Create a scout report for Building Systems in the Construction industry, focused on how regional demand, policy, pricing, and localization strategies are diverging across markets.",innovation_product_strategy,construction,"[""technology_competitors"", ""innovation_opportunities""]",2026-09-10,"[""building_systems""]"
Building Materials Market Landscape: Manufacturing Scale-Up and Operational Readiness,"Write a Market Landscape in English for Building Materials within the Construction industry. Title: Building Materials Market Landscape: Manufacturing Scale-Up and Operational Readiness. Use the content category ""market_landscape"". Focus on segment structure, buyer demand, growth pockets, channel shifts, and ecosystem boundaries, especially what scale-up, process readiness, qualification, and operational constraints mean for commercialization. Audience role: innovation_product_strategy. Jobs to be done: track_technologies_and_competitors, identify_innovation_opportunities. Classify the article with industry ""construction"", sub_industry ""building_materials"", and content_category ""market_landscape"". Keep the content practical, specific to the sub-industry, and suitable as a recommended content item for users browsing for inspiration. Include a clear title, brief context, key observations, why it matters, and recommended next actions. Avoid generic industry commentary and avoid deep technical mechanism explanations unless needed for clarity. Use artifact-generator to generate the final result as HTML.",https://eureka.patsnap.com/ai-search/sess_15db2dc0496b49b1?from=rd-home&start_from=eureka_landingpage,https://eureka.patsnap.com/share/?id=69a28d0c0599b3f8e83e33a196b40a0c&from=invite-eureakplg-result&content=,html,,,,Building Materials Market Landscape: Manufacturing Scale-Up and Operational Readiness,"[""market_landscape""]","[""building materials"", ""construction"", ""market landscape"", ""manufacturing scale-up"", ""operational readiness"", ""recommendation content""]","Create a market landscape for Building Materials in the Construction industry, focused on what scale-up, process readiness, qualification, and operational constraints mean for commercialization.",innovation_product_strategy,construction,"[""technology_competitors"", ""innovation_opportunities""]",2026-09-10,"[""building_materials""]"
Infrastructure Patent Landscape: White-Space Bets for 2027 Planning,"Write a Patent Landscape in English for Infrastructure within the Construction industry. Title: Infrastructure Patent Landscape: White-Space Bets for 2027 Planning. Use the content category ""patent_landscape"". Focus on patent activity, assignee concentration, technology clusters, white spaces, and IP strategy implications, especially which underexplored needs and weak signals could become useful product or research bets. Audience role: innovation_product_strategy. Jobs to be done: explore_patent_landscapes, assess_product_ip_risks. Classify the article with industry ""construction"", sub_industry ""infrastructure"", and content_category ""patent_landscape"". Keep the content practical, specific to the sub-industry, and suitable as a recommended content item for users browsing for inspiration. Include a clear title, brief context, key observations, why it matters, and recommended next actions. Avoid generic industry commentary and avoid deep technical mechanism explanations unless needed for clarity. Use artifact-generator to generate the final result as HTML.",https://eureka.patsnap.com/ai-search/sess_551ccab4b173423f?from=rd-home&start_from=eureka_landingpage,https://eureka.patsnap.com/share/?id=9189ab2d211b784f3a784b3172c9057d&from=invite-eureakplg-result&content=,html,,,,Infrastructure Patent Landscape: White-Space Bets for 2027 Planning,"[""patent_landscape""]","[""infrastructure"", ""construction"", ""patent landscape"", ""white space"", ""2027 planning"", ""recommendation content""]","Create a patent landscape for Infrastructure in the Construction industry, focused on which underexplored needs and weak signals could become useful product or research bets.",innovation_product_strategy,construction,"[""patent_landscapes"", ""product_ip_risks""]",2026-09-10,"[""infrastructure""]"
Construction Methods Competitor Analysis: Adoption Signals and Buyer Pull,"Write a Competitor Analysis in English for Construction Methods within the Construction industry. Title: Construction Methods Competitor Analysis: Adoption Signals and Buyer Pull. Use the content category ""competitor_analysis"". Focus on competitor positioning, strategic moves, differentiation levers, partnership patterns, and likely next actions, especially where demand is showing up first, which buyer pains matter most, and what adoption signals deserve attention. Audience role: innovation_product_strategy. Jobs to be done: track_technologies_and_competitors, identify_innovation_opportunities. Classify the article with industry ""construction"", sub_industry ""construction_methods"", and content_category ""competitor_analysis"". Keep the content practical, specific to the sub-industry, and suitable as a recommended content item for users browsing for inspiration. Include a clear title, brief context, key observations, why it matters, and recommended next actions. Avoid generic industry commentary and avoid deep technical mechanism explanations unless needed for clarity. Use artifact-generator to generate the final result as HTML.",https://eureka.patsnap.com/ai-search/sess_9af06c9acb4e44cd?from=rd-home&start_from=eureka_landingpage,https://eureka.patsnap.com/share/?id=33961c894c3835b691699e3ac9411510&from=invite-eureakplg-result&content=,html,,,,Construction Methods Competitor Analysis: Adoption Signals and Buyer Pull,"[""competitor_analysis""]","[""construction methods"", ""construction"", ""competitor analysis"", ""adoption signals"", ""buyer demand"", ""recommendation content""]","Create a competitor analysis for Construction Methods in the Construction industry, focused on where demand is showing up first, which buyer pains matter most, and what adoption signals deserve attention.",innovation_product_strategy,construction,"[""technology_competitors"", ""innovation_opportunities""]",2026-09-10,"[""construction_methods""]"
Building Systems Case: Cost Pressure and Value Repositioning,"Write a Case in English for Building Systems within the Construction industry. Title: Building Systems Case: Cost Pressure and Value Repositioning. Use the content category ""case"". Focus on a concrete adoption pattern, business context, implementation choices, and reusable lessons for similar teams, especially how cost pressure is changing value propositions, purchasing criteria, and near-term product priorities. Audience role: innovation_product_strategy. Jobs to be done: identify_innovation_opportunities, evaluate_r_and_d_directions. Classify the article with industry ""construction"", sub_industry ""building_systems"", and content_category ""case"". Keep the content practical, specific to the sub-industry, and suitable as a recommended content item for users browsing for inspiration. Include a clear title, brief context, key observations, why it matters, and recommended next actions. Avoid generic industry commentary and avoid deep technical mechanism explanations unless needed for clarity. Use artifact-generator to generate the final result as HTML.",https://eureka.patsnap.com/ai-search/sess_37a837bcaa4f4f80?from=rd-home&start_from=eureka_landingpage,https://eureka.patsnap.com/share/?id=852ef63a58e9a244252948d73a6b4143&from=invite-eureakplg-result&content=,html,,,,Building Systems Case: Cost Pressure and Value Repositioning,"[""case""]","[""building systems"", ""construction"", ""case"", ""cost pressure"", ""value proposition"", ""recommendation content""]","Create a case for Building Systems in the Construction industry, focused on how cost pressure is changing value propositions, purchasing criteria, and near-term product priorities.",innovation_product_strategy,construction,"[""innovation_opportunities"", ""rd_directions""]",2026-09-10,"[""building_systems""]"
Home Appliance Opportunity Brief: White Spaces for the Next Product Bets,"Write a Opportunity Brief in English for Home Appliance within the Other industry. Use the content category ""opportunity_brief"". Focus on unmet needs, product opportunity spaces, timing signals, and action recommendations. Audience role: innovation_product_strategy. Jobs to be done: identify_innovation_opportunities. Keep the content practical, specific to the sub-industry, and suitable as a recommended content item for users browsing for inspiration. Include a clear title, brief context, key observations, why it matters, and recommended next actions. Avoid generic industry commentary and avoid deep technical mechanism explanations unless needed for clarity. Use artifact-generator to generate the final result as HTML.",https://eureka.patsnap.com/ai-search/sess_04b20ae1b25b460a?from=rd-home&start_from=eureka_landingpage,https://eureka.patsnap.com/share/?id=8cfe247907cf188cbec0d7751c071a64&from=invite-eureakplg-result&content=,html,,,,Home Appliance Opportunity Brief: White Spaces for the Next Product Bets,"[""opportunity_brief""]","[""home appliance"", ""other"", ""opportunity brief"", ""innovation signals"", ""recommendation content""]","Create a opportunity brief for Home Appliance in the Other industry, focused on unmet needs, product opportunity spaces, timing signals, and action recommendations.",innovation_product_strategy,other,"[""innovation_opportunities""]",2026-09-10,"[""home_appliance""]"
Personal Care Devices Risk Watch: Barriers That Could Slow Adoption,"Write a Risk Watch in English for Personal Care Devices within the Other industry. Use the content category ""risk_watch"". Focus on regulatory, FTO, supply, adoption, reimbursement, safety, and commercialization risks. Audience role: in_house_ip_legal. Jobs to be done: check_fto_and_design_risks, respond_to_office_actions. Keep the content practical, specific to the sub-industry, and suitable as a recommended content item for users browsing for inspiration. Include a clear title, brief context, key observations, why it matters, and recommended next actions. Avoid generic industry commentary and avoid deep technical mechanism explanations unless needed for clarity. Use artifact-generator to generate the final result as HTML.",https://eureka.patsnap.com/ai-search/sess_7d1ac2205a674c1d?from=rd-home&start_from=eureka_landingpage,https://eureka.patsnap.com/share/?id=f8d76fd45a038769fec823b95629f008&from=invite-eureakplg-result&content=,html,,,,Personal Care Devices Risk Watch: Barriers That Could Slow Adoption,"[""risk_watch""]","[""personal care devices"", ""other"", ""risk watch"", ""innovation signals"", ""recommendation content""]","Create a risk watch for Personal Care Devices in the Other industry, focused on regulatory, FTO, supply, adoption, reimbursement, safety, and commercialization risks.",in_house_ip_legal,other,"[""fto_design_risks"", ""office_actions""]",2026-09-10,"[""personal_care_devices""]"
Household Care Products Trend Brief: What Will Shape the Next 3-5 Years,"Write a Trend Brief in English for Household Care Products within the Other industry. Use the content category ""trend_brief"". Focus on 3-5 year trend direction, adoption drivers, constraints, scenarios, and strategy implications. Audience role: innovation_product_strategy. Jobs to be done: evaluate_r_and_d_directions. Keep the content practical, specific to the sub-industry, and suitable as a recommended content item for users browsing for inspiration. Include a clear title, brief context, key observations, why it matters, and recommended next actions. Avoid generic industry commentary and avoid deep technical mechanism explanations unless needed for clarity. Use artifact-generator to generate the final result as HTML.",https://eureka.patsnap.com/ai-search/sess_452a3e8908f24c6b?from=rd-home&start_from=eureka_landingpage,https://eureka.patsnap.com/share/?id=6e106c51a765cff938c4f48c906d3040&from=invite-eureakplg-result&content=,html,,,,Household Care Products Trend Brief: What Will Shape the Next 3-5 Years,"[""trend_brief""]","[""household care products"", ""other"", ""trend brief"", ""innovation signals"", ""recommendation content""]","Create a trend brief for Household Care Products in the Other industry, focused on 3-5 year trend direction, adoption drivers, constraints, scenarios, and strategy implications.",innovation_product_strategy,other,"[""rd_directions""]",2026-09-10,"[""household_care_products""]"
Consumer Packaging Scout Report: Signals Worth Watching in Other,"Write a Scout Report in English for Consumer Packaging within the Other industry. Use the content category ""scout_report"". Focus on emerging signals, notable players, early adoption patterns, and strategic watch points. Audience role: innovation_product_strategy. Jobs to be done: track_technologies_and_competitors, identify_innovation_opportunities. Keep the content practical, specific to the sub-industry, and suitable as a recommended content item for users browsing for inspiration. Include a clear title, brief context, key observations, why it matters, and recommended next actions. Avoid generic industry commentary and avoid deep technical mechanism explanations unless needed for clarity. Use artifact-generator to generate the final result as HTML.",https://eureka.patsnap.com/ai-search/sess_7e102d27bad441c2?from=rd-home&start_from=eureka_landingpage,https://eureka.patsnap.com/share/?id=3651b76846638e50023c8752e318938f&from=invite-eureakplg-result&content=,html,,,,Consumer Packaging Scout Report: Signals Worth Watching in Other,"[""scout_report""]","[""consumer packaging"", ""other"", ""scout report"", ""innovation signals"", ""recommendation content""]","Create a scout report for Consumer Packaging in the Other industry, focused on emerging signals, notable players, early adoption patterns, and strategic watch points.",innovation_product_strategy,other,"[""technology_competitors"", ""innovation_opportunities""]",2026-09-10,"[""consumer_packaging""]"
Retail and Ecommerce Case: Turning Market Signals into Practical Innovation,"Write a Case in English for Retail and Ecommerce within the Other industry. Use the content category ""case"". Focus on a practical innovation case pattern, business context, adoption drivers, and what other teams can learn. Audience role: innovation_product_strategy. Jobs to be done: identify_innovation_opportunities, evaluate_r_and_d_directions. Keep the content practical, specific to the sub-industry, and suitable as a recommended content item for users browsing for inspiration. Include a clear title, brief context, key observations, why it matters, and recommended next actions. Avoid generic industry commentary and avoid deep technical mechanism explanations unless needed for clarity. Use artifact-generator to generate the final result as HTML.",https://eureka.patsnap.com/ai-search/sess_cfe64ac102ad4917?from=rd-home&start_from=eureka_landingpage,https://eureka.patsnap.com/share/?id=480ba6e07217f1186aae1f4c525d58f7&from=invite-eureakplg-result&content=,html,,,,Retail and Ecommerce Case: Turning Market Signals into Practical Innovation,"[""case""]","[""retail and ecommerce"", ""other"", ""case"", ""innovation signals"", ""recommendation content""]","Create a case for Retail and Ecommerce in the Other industry, focused on a practical innovation case pattern, business context, adoption drivers, and what other teams can learn.",innovation_product_strategy,other,"[""innovation_opportunities"", ""rd_directions""]",2026-09-10,"[""retail_and_ecommerce""]"
"Market Research Market Landscape: Segments, Demand, and Growth Pockets","Write a Market Landscape in English for Market Research within the Other industry. Use the content category ""market_landscape"". Focus on market segments, demand shifts, buyer priorities, growth pockets, and ecosystem structure. Audience role: innovation_product_strategy. Jobs to be done: track_technologies_and_competitors, identify_innovation_opportunities. Keep the content practical, specific to the sub-industry, and suitable as a recommended content item for users browsing for inspiration. Include a clear title, brief context, key observations, why it matters, and recommended next actions. Avoid generic industry commentary and avoid deep technical mechanism explanations unless needed for clarity. Use artifact-generator to generate the final result as HTML.",https://eureka.patsnap.com/ai-search/sess_4ce460cdc0ca4c21?from=rd-home&start_from=eureka_landingpage,https://eureka.patsnap.com/share/?id=8d7f90ad0da9077f6cc2a141ddc29794&from=invite-eureakplg-result&content=,html,,,,"Market Research Market Landscape: Segments, Demand, and Growth Pockets","[""market_landscape""]","[""market research"", ""other"", ""market landscape"", ""innovation signals"", ""recommendation content""]","Create a market landscape for Market Research in the Other industry, focused on market segments, demand shifts, buyer priorities, growth pockets, and ecosystem structure.",innovation_product_strategy,other,"[""technology_competitors"", ""innovation_opportunities""]",2026-09-10,"[""market_research""]"
Home Appliance Patent Landscape: Sustainability and Resource Constraints,"Write a Patent Landscape in English for Home Appliance within the Other industry. Title: Home Appliance Patent Landscape: Sustainability and Resource Constraints. Use the content category ""patent_landscape"". Focus on patent activity, assignee concentration, technology clusters, white spaces, and IP strategy implications, especially how sustainability expectations, resource limits, circularity, and efficiency pressures shape priorities. Audience role: innovation_product_strategy. Jobs to be done: explore_patent_landscapes, assess_product_ip_risks. Classify the article with industry ""other"", sub_industry ""home_appliance"", and content_category ""patent_landscape"". Keep the content practical, specific to the sub-industry, and suitable as a recommended content item for users browsing for inspiration. Include a clear title, brief context, key observations, why it matters, and recommended next actions. Avoid generic industry commentary and avoid deep technical mechanism explanations unless needed for clarity. Use artifact-generator to generate the final result as HTML.",https://eureka.patsnap.com/ai-search/sess_53f33625a6864bcc?from=rd-home&start_from=eureka_landingpage,https://eureka.patsnap.com/share/?id=6b040db801b2104fbb6c322543742323&from=invite-eureakplg-result&content=,html,,,,Home Appliance Patent Landscape: Sustainability and Resource Constraints,"[""patent_landscape""]","[""home appliance"", ""other"", ""patent landscape"", ""sustainability"", ""resource efficiency"", ""recommendation content""]","Create a patent landscape for Home Appliance in the Other industry, focused on how sustainability expectations, resource limits, circularity, and efficiency pressures shape priorities.",innovation_product_strategy,other,"[""patent_landscapes"", ""product_ip_risks""]",2026-09-10,"[""home_appliance""]"
Personal Care Devices Competitor Analysis: Regional Market Divergence and Localization,"Write a Competitor Analysis in English for Personal Care Devices within the Other industry. Title: Personal Care Devices Competitor Analysis: Regional Market Divergence and Localization. Use the content category ""competitor_analysis"". Focus on competitor positioning, strategic moves, differentiation levers, partnership patterns, and likely next actions, especially how regional demand, policy, pricing, and localization strategies are diverging across markets. Audience role: innovation_product_strategy. Jobs to be done: track_technologies_and_competitors, identify_innovation_opportunities. Classify the article with industry ""other"", sub_industry ""personal_care_devices"", and content_category ""competitor_analysis"". Keep the content practical, specific to the sub-industry, and suitable as a recommended content item for users browsing for inspiration. Include a clear title, brief context, key observations, why it matters, and recommended next actions. Avoid generic industry commentary and avoid deep technical mechanism explanations unless needed for clarity. Use artifact-generator to generate the final result as HTML.",https://eureka.patsnap.com/ai-search/sess_af5f15b560b84225?from=rd-home&start_from=eureka_landingpage,https://eureka.patsnap.com/share/?id=3debdb33db4750b4af360c42dad980fc&from=invite-eureakplg-result&content=,html,,,,Personal Care Devices Competitor Analysis: Regional Market Divergence and Localization,"[""competitor_analysis""]","[""personal care devices"", ""other"", ""competitor analysis"", ""regional markets"", ""localization"", ""recommendation content""]","Create a competitor analysis for Personal Care Devices in the Other industry, focused on how regional demand, policy, pricing, and localization strategies are diverging across markets.",innovation_product_strategy,other,"[""technology_competitors"", ""innovation_opportunities""]",2026-09-10,"[""personal_care_devices""]"
Household Care Products Market Landscape: Commercial Models and Procurement Shifts,"Write a Market Landscape in English for Household Care Products within the Other industry. Title: Household Care Products Market Landscape: Commercial Models and Procurement Shifts. Use the content category ""market_landscape"". Focus on segment structure, buyer demand, growth pockets, channel shifts, and ecosystem boundaries, especially how procurement, reimbursement, service models, subscriptions, and purchasing committees are evolving. Audience role: innovation_product_strategy. Jobs to be done: track_technologies_and_competitors, identify_innovation_opportunities. Classify the article with industry ""other"", sub_industry ""household_care_products"", and content_category ""market_landscape"". Keep the content practical, specific to the sub-industry, and suitable as a recommended content item for users browsing for inspiration. Include a clear title, brief context, key observations, why it matters, and recommended next actions. Avoid generic industry commentary and avoid deep technical mechanism explanations unless needed for clarity. Use artifact-generator to generate the final result as HTML.",https://eureka.patsnap.com/ai-search/sess_8c638f27a54f4178?from=rd-home&start_from=eureka_landingpage,https://eureka.patsnap.com/share/?id=e796c73c6ef85c51044a311a1ba1e8dd&from=invite-eureakplg-result&content=,html,,,,Household Care Products Market Landscape: Commercial Models and Procurement Shifts,"[""market_landscape""]","[""household care products"", ""other"", ""market landscape"", ""commercial model"", ""procurement"", ""recommendation content""]","Create a market landscape for Household Care Products in the Other industry, focused on how procurement, reimbursement, service models, subscriptions, and purchasing committees are evolving.",innovation_product_strategy,other,"[""technology_competitors"", ""innovation_opportunities""]",2026-09-10,"[""household_care_products""]"
Consumer Packaging Opportunity Brief: Manufacturing Scale-Up and Operational Readiness,"Write a Opportunity Brief in English for Consumer Packaging within the Other industry. Title: Consumer Packaging Opportunity Brief: Manufacturing Scale-Up and Operational Readiness. Use the content category ""opportunity_brief"". Focus on unmet needs, product opportunity spaces, timing signals, commercial fit, and practical next steps, especially what scale-up, process readiness, qualification, and operational constraints mean for commercialization. Audience role: innovation_product_strategy. Jobs to be done: identify_innovation_opportunities, evaluate_r_and_d_directions. Classify the article with industry ""other"", sub_industry ""consumer_packaging"", and content_category ""opportunity_brief"". Keep the content practical, specific to the sub-industry, and suitable as a recommended content item for users browsing for inspiration. Include a clear title, brief context, key observations, why it matters, and recommended next actions. Avoid generic industry commentary and avoid deep technical mechanism explanations unless needed for clarity. Use artifact-generator to generate the final result as HTML.",https://eureka.patsnap.com/ai-search/sess_44d1d66944ab4403?from=rd-home&start_from=eureka_landingpage,https://eureka.patsnap.com/share/?id=dc43fad004dd5f2154df0f9f92c4bcf9&from=invite-eureakplg-result&content=,html,,,,Consumer Packaging Opportunity Brief: Manufacturing Scale-Up and Operational Readiness,"[""opportunity_brief""]","[""consumer packaging"", ""other"", ""opportunity brief"", ""manufacturing scale-up"", ""operational readiness"", ""recommendation content""]","Create a opportunity brief for Consumer Packaging in the Other industry, focused on what scale-up, process readiness, qualification, and operational constraints mean for commercialization.",innovation_product_strategy,other,"[""innovation_opportunities"", ""rd_directions""]",2026-09-10,"[""consumer_packaging""]"
Retail and Ecommerce Risk Watch: White-Space Bets for 2027 Planning,"Write a Risk Watch in English for Retail and Ecommerce within the Other industry. Title: Retail and Ecommerce Risk Watch: White-Space Bets for 2027 Planning. Use the content category ""risk_watch"". Focus on regulatory, FTO, safety, supply, reimbursement, adoption, and commercialization risks, especially which underexplored needs and weak signals could become useful product or research bets. Audience role: in_house_ip_legal. Jobs to be done: check_fto_and_design_risks, explore_patent_landscapes. Classify the article with industry ""other"", sub_industry ""retail_and_ecommerce"", and content_category ""risk_watch"". Keep the content practical, specific to the sub-industry, and suitable as a recommended content item for users browsing for inspiration. Include a clear title, brief context, key observations, why it matters, and recommended next actions. Avoid generic industry commentary and avoid deep technical mechanism explanations unless needed for clarity. Use artifact-generator to generate the final result as HTML.",https://eureka.patsnap.com/ai-search/sess_86accdb016e44fba?from=rd-home&start_from=eureka_landingpage,https://eureka.patsnap.com/share/?id=11d7ae455dac4fbd5663ac6986591158&from=invite-eureakplg-result&content=,html,,,,Retail and Ecommerce Risk Watch: White-Space Bets for 2027 Planning,"[""risk_watch""]","[""retail and ecommerce"", ""other"", ""risk watch"", ""white space"", ""2027 planning"", ""recommendation content""]","Create a risk watch for Retail and Ecommerce in the Other industry, focused on which underexplored needs and weak signals could become useful product or research bets.",in_house_ip_legal,other,"[""fto_design_risks"", ""patent_landscapes""]",2026-09-10,"[""retail_and_ecommerce""]"
Market Research Trend Brief: Adoption Signals and Buyer Pull,"Write a Trend Brief in English for Market Research within the Other industry. Title: Market Research Trend Brief: Adoption Signals and Buyer Pull. Use the content category ""trend_brief"". Focus on 3-5 year direction, adoption drivers, constraints, scenarios, and strategic implications, especially where demand is showing up first, which buyer pains matter most, and what adoption signals deserve attention. Audience role: innovation_product_strategy. Jobs to be done: track_technologies_and_competitors, evaluate_r_and_d_directions. Classify the article with industry ""other"", sub_industry ""market_research"", and content_category ""trend_brief"". Keep the content practical, specific to the sub-industry, and suitable as a recommended content item for users browsing for inspiration. Include a clear title, brief context, key observations, why it matters, and recommended next actions. Avoid generic industry commentary and avoid deep technical mechanism explanations unless needed for clarity. Use artifact-generator to generate the final result as HTML.",https://eureka.patsnap.com/ai-search/sess_09810399d7fd485a?from=rd-home&start_from=eureka_landingpage,https://eureka.patsnap.com/share/?id=a0173f544dd1a8917b2a8b4eaa2fd179&from=invite-eureakplg-result&content=,html,,,,Market Research Trend Brief: Adoption Signals and Buyer Pull,"[""trend_brief""]","[""market research"", ""other"", ""trend brief"", ""adoption signals"", ""buyer demand"", ""recommendation content""]","Create a trend brief for Market Research in the Other industry, focused on where demand is showing up first, which buyer pains matter most, and what adoption signals deserve attention.",innovation_product_strategy,other,"[""technology_competitors"", ""rd_directions""]",2026-09-10,"[""market_research""]"
