input,generated_prompt,session_url,share_url,format,isCompleted,completionStatus,completionError,title,categories,keywords,description,role,industry,jtbd,date,sub_industry
Automotive Affordability Reset: What Buyers Will Value from 2026 to 2030,"Write an industry-level trend outlook report in English based on 'Automotive Affordability Reset: What Buyers Will Value from 2026 to 2030'. Avoid in-depth explanations of specific technical mechanisms. Category: trend_brief. Audience role: innovation_product_strategy. Industry: automotive. Jobs to be done: track_technologies_and_competitors,identify_innovation_opportunities,evaluate_r_and_d_directions. Keywords: vehicle affordability, consumer value, total cost of ownership, pricing pressure, auto demand. Overview: Forecast how affordability pressure, financing costs, insurance, charging access, and reliability expectations will reshape vehicle demand and brand positioning. The report must cover current industry conditions, demand and customer shifts, competitive landscape, supply chain, cost and regulatory factors, 3-5 year scenarios, opportunities and risks, and actionable recommendations for companies.",https://eureka.patsnap.com/ai-search/sess_d0fa19a5f4f149e0?from=rd-home&start_from=eureka_landingpage,https://eureka.patsnap.com/share/?id=f5db3218d496d85b84e026281620e2c3&from=invite-eureakplg-result&content=,report,,,,Automotive Affordability Reset: What Buyers Will Value from 2026 to 2030,"[""trend_brief""]","[""vehicle affordability"", ""consumer value"", ""total cost of ownership"", ""pricing pressure"", ""auto demand""]","Forecast how affordability pressure, financing costs, insurance, charging access, and reliability expectations will reshape vehicle demand and brand positioning.",innovation_product_strategy,automotive,"[""technology_competitors"", ""innovation_opportunities"", ""rd_directions""]",2026-09-09,[]
"Regional Auto Markets Diverge: China, Europe, North America, and Emerging Economies","Write an industry-level trend outlook report in English based on 'Regional Auto Markets Diverge: China, Europe, North America, and Emerging Economies'. Avoid in-depth explanations of specific technical mechanisms. Category: market_landscape. Audience role: innovation_product_strategy. Industry: automotive. Jobs to be done: track_technologies_and_competitors,identify_innovation_opportunities,evaluate_r_and_d_directions. Keywords: regional auto markets, export competition, localization, tariffs, market divergence. Overview: Analyze how regional policy, consumer preferences, local manufacturing, and export competition are creating different strategic playbooks for automakers. The report must cover current industry conditions, demand and customer shifts, competitive landscape, supply chain, cost and regulatory factors, 3-5 year scenarios, opportunities and risks, and actionable recommendations for companies.",https://eureka.patsnap.com/ai-search/sess_3964cffe87cb43f2?from=rd-home&start_from=eureka_landingpage,https://eureka.patsnap.com/share/?id=184f875a1be90b412f472650585d7910&from=invite-eureakplg-result&content=,report,,,,"Regional Auto Markets Diverge: China, Europe, North America, and Emerging Economies","[""market_landscape""]","[""regional auto markets"", ""export competition"", ""localization"", ""tariffs"", ""market divergence""]","Analyze how regional policy, consumer preferences, local manufacturing, and export competition are creating different strategic playbooks for automakers.",innovation_product_strategy,automotive,"[""technology_competitors"", ""innovation_opportunities"", ""rd_directions""]",2026-09-09,[]
"Hybrid, EV, and ICE Portfolio Flexibility as a Strategic Advantage","Write an industry-level trend outlook report in English based on 'Hybrid, EV, and ICE Portfolio Flexibility as a Strategic Advantage'. Avoid in-depth explanations of specific technical mechanisms. Category: opportunity_brief. Audience role: innovation_product_strategy. Industry: automotive. Jobs to be done: track_technologies_and_competitors,identify_innovation_opportunities,evaluate_r_and_d_directions. Keywords: powertrain portfolio, hybrid vehicles, EV adoption, portfolio flexibility, capital allocation. Overview: Assess why flexible powertrain portfolios may outperform one-way bets as regulations, charging infrastructure, and buyer economics evolve unevenly. The report must cover current industry conditions, demand and customer shifts, competitive landscape, supply chain, cost and regulatory factors, 3-5 year scenarios, opportunities and risks, and actionable recommendations for companies.",https://eureka.patsnap.com/ai-search/sess_ba30d1f5a2c64fde?from=rd-home&start_from=eureka_landingpage,https://eureka.patsnap.com/share/?id=0c0578b00f88f90b59a57d50622af430&from=invite-eureakplg-result&content=,report,,,,"Hybrid, EV, and ICE Portfolio Flexibility as a Strategic Advantage","[""opportunity_brief""]","[""powertrain portfolio"", ""hybrid vehicles"", ""EV adoption"", ""portfolio flexibility"", ""capital allocation""]","Assess why flexible powertrain portfolios may outperform one-way bets as regulations, charging infrastructure, and buyer economics evolve unevenly.",innovation_product_strategy,automotive,"[""technology_competitors"", ""innovation_opportunities"", ""rd_directions""]",2026-09-09,[]
"Software-Defined Vehicles: Monetization, Trust, and Customer Backlash Risks","Write an industry-level trend outlook report in English based on 'Software-Defined Vehicles: Monetization, Trust, and Customer Backlash Risks'. Avoid in-depth explanations of specific technical mechanisms. Category: risk_watch. Audience role: innovation_product_strategy. Industry: automotive. Jobs to be done: track_technologies_and_competitors,identify_innovation_opportunities,evaluate_r_and_d_directions. Keywords: software-defined vehicle, subscriptions, customer trust, OTA updates, business model risk. Overview: Evaluate the business risks and opportunities of software-defined vehicles, including subscription fatigue, update reliability, cybersecurity, and lifecycle value. The report must cover current industry conditions, demand and customer shifts, competitive landscape, supply chain, cost and regulatory factors, 3-5 year scenarios, opportunities and risks, and actionable recommendations for companies.",https://eureka.patsnap.com/ai-search/sess_3cfd3a9c0aff499b?from=rd-home&start_from=eureka_landingpage,https://eureka.patsnap.com/share/?id=b2f0e3a0366b7041fad4672ce8746c01&from=invite-eureakplg-result&content=,report,,,,"Software-Defined Vehicles: Monetization, Trust, and Customer Backlash Risks","[""risk_watch""]","[""software-defined vehicle"", ""subscriptions"", ""customer trust"", ""OTA updates"", ""business model risk""]","Evaluate the business risks and opportunities of software-defined vehicles, including subscription fatigue, update reliability, cybersecurity, and lifecycle value.",innovation_product_strategy,automotive,"[""technology_competitors"", ""innovation_opportunities"", ""rd_directions""]",2026-09-09,[]
"Automotive Supply Chains After Just-in-Time: Batteries, Chips, and Local Content","Write an industry-level trend outlook report in English based on 'Automotive Supply Chains After Just-in-Time: Batteries, Chips, and Local Content'. Avoid in-depth explanations of specific technical mechanisms. Category: market_landscape. Audience role: innovation_product_strategy. Industry: automotive. Jobs to be done: track_technologies_and_competitors,identify_innovation_opportunities,evaluate_r_and_d_directions. Keywords: automotive supply chain, batteries, semiconductors, local content, resilience. Overview: Analyze how battery, semiconductor, and local-content constraints are changing supplier relationships, inventory strategy, and regional manufacturing decisions. The report must cover current industry conditions, demand and customer shifts, competitive landscape, supply chain, cost and regulatory factors, 3-5 year scenarios, opportunities and risks, and actionable recommendations for companies.",https://eureka.patsnap.com/ai-search/sess_6c58770cee714191?from=rd-home&start_from=eureka_landingpage,https://eureka.patsnap.com/share/?id=f76498ed294d41c7db58cb01587a649a&from=invite-eureakplg-result&content=,report,,,,"Automotive Supply Chains After Just-in-Time: Batteries, Chips, and Local Content","[""market_landscape""]","[""automotive supply chain"", ""batteries"", ""semiconductors"", ""local content"", ""resilience""]","Analyze how battery, semiconductor, and local-content constraints are changing supplier relationships, inventory strategy, and regional manufacturing decisions.",innovation_product_strategy,automotive,"[""technology_competitors"", ""innovation_opportunities"", ""rd_directions""]",2026-09-09,[]
Fleet Electrification and Commercial Vehicles as the Pragmatic EV Growth Path,"Write an industry-level trend outlook report in English based on 'Fleet Electrification and Commercial Vehicles as the Pragmatic EV Growth Path'. Avoid in-depth explanations of specific technical mechanisms. Category: opportunity_brief. Audience role: innovation_product_strategy. Industry: automotive. Jobs to be done: track_technologies_and_competitors,identify_innovation_opportunities,evaluate_r_and_d_directions. Keywords: fleet electrification, commercial vehicles, charging operations, TCO, B2B mobility. Overview: Assess where fleet and commercial vehicle electrification may grow faster than consumer EV demand due to route control, operating economics, and depot charging. The report must cover current industry conditions, demand and customer shifts, competitive landscape, supply chain, cost and regulatory factors, 3-5 year scenarios, opportunities and risks, and actionable recommendations for companies.",https://eureka.patsnap.com/ai-search/sess_57c5a4720ef24ab4?from=rd-home&start_from=eureka_landingpage,https://eureka.patsnap.com/share/?id=3742e49410ded5b829c1af590a56a5a4&from=invite-eureakplg-result&content=,report,,,,Fleet Electrification and Commercial Vehicles as the Pragmatic EV Growth Path,"[""opportunity_brief""]","[""fleet electrification"", ""commercial vehicles"", ""charging operations"", ""TCO"", ""B2B mobility""]","Assess where fleet and commercial vehicle electrification may grow faster than consumer EV demand due to route control, operating economics, and depot charging.",innovation_product_strategy,automotive,"[""technology_competitors"", ""innovation_opportunities"", ""rd_directions""]",2026-09-09,[]
"Vehicle Lifecycle Economics: Used Cars, Batteries, Repair, and Residual Value","Write an industry-level trend outlook report in English based on 'Vehicle Lifecycle Economics: Used Cars, Batteries, Repair, and Residual Value'. Avoid in-depth explanations of specific technical mechanisms. Category: trend_brief. Audience role: innovation_product_strategy. Industry: automotive. Jobs to be done: track_technologies_and_competitors,identify_innovation_opportunities,evaluate_r_and_d_directions. Keywords: vehicle lifecycle, used cars, battery residual value, repairability, circular economy. Overview: Forecast how used-car values, battery health, repair networks, and circular economy models will influence automotive profitability and customer retention. The report must cover current industry conditions, demand and customer shifts, competitive landscape, supply chain, cost and regulatory factors, 3-5 year scenarios, opportunities and risks, and actionable recommendations for companies.",https://eureka.patsnap.com/ai-search/sess_76a7ab28116b4569?from=rd-home&start_from=eureka_landingpage,https://eureka.patsnap.com/share/?id=6b7d3cc62f05705ac69d9c748e7c7d4e&from=invite-eureakplg-result&content=,report,,,,"Vehicle Lifecycle Economics: Used Cars, Batteries, Repair, and Residual Value","[""trend_brief""]","[""vehicle lifecycle"", ""used cars"", ""battery residual value"", ""repairability"", ""circular economy""]","Forecast how used-car values, battery health, repair networks, and circular economy models will influence automotive profitability and customer retention.",innovation_product_strategy,automotive,"[""technology_competitors"", ""innovation_opportunities"", ""rd_directions""]",2026-09-09,[]
Automaker Margin Pressure in a Price-War and Incentive-Heavy Market,"Write an industry-level trend outlook report in English based on 'Automaker Margin Pressure in a Price-War and Incentive-Heavy Market'. Avoid in-depth explanations of specific technical mechanisms. Category: risk_watch. Audience role: innovation_product_strategy. Industry: automotive. Jobs to be done: track_technologies_and_competitors,identify_innovation_opportunities,evaluate_r_and_d_directions. Keywords: auto margins, price war, incentives, cost structure, profit model. Overview: Evaluate how persistent price competition and incentives could reshape automaker profitability, supplier bargaining power, and product planning. The report must cover current industry conditions, demand and customer shifts, competitive landscape, supply chain, cost and regulatory factors, 3-5 year scenarios, opportunities and risks, and actionable recommendations for companies.",https://eureka.patsnap.com/ai-search/sess_9fdb5de5a11c4c2e?from=rd-home&start_from=eureka_landingpage,https://eureka.patsnap.com/share/?id=ac67e27c09d6b81981e8a5d54df4955d&from=invite-eureakplg-result&content=,report,,,,Automaker Margin Pressure in a Price-War and Incentive-Heavy Market,"[""risk_watch""]","[""auto margins"", ""price war"", ""incentives"", ""cost structure"", ""profit model""]","Evaluate how persistent price competition and incentives could reshape automaker profitability, supplier bargaining power, and product planning.",innovation_product_strategy,automotive,"[""technology_competitors"", ""innovation_opportunities"", ""rd_directions""]",2026-09-09,[]
"Charging, Energy Services, and the Expanding Auto Ecosystem","Write an industry-level trend outlook report in English based on 'Charging, Energy Services, and the Expanding Auto Ecosystem'. Avoid in-depth explanations of specific technical mechanisms. Category: market_landscape. Audience role: innovation_product_strategy. Industry: automotive. Jobs to be done: track_technologies_and_competitors,identify_innovation_opportunities,evaluate_r_and_d_directions. Keywords: charging infrastructure, energy services, vehicle-grid integration, customer ecosystem, automotive services. Overview: Analyze how charging access, energy partnerships, and grid interaction could become strategic differentiators beyond the vehicle itself. The report must cover current industry conditions, demand and customer shifts, competitive landscape, supply chain, cost and regulatory factors, 3-5 year scenarios, opportunities and risks, and actionable recommendations for companies.",https://eureka.patsnap.com/ai-search/sess_4d303a518a4341be?from=rd-home&start_from=eureka_landingpage,https://eureka.patsnap.com/share/?id=0a04091f7711a3a9827d26caf08f42ba&from=invite-eureakplg-result&content=,report,,,,"Charging, Energy Services, and the Expanding Auto Ecosystem","[""market_landscape""]","[""charging infrastructure"", ""energy services"", ""vehicle-grid integration"", ""customer ecosystem"", ""automotive services""]","Analyze how charging access, energy partnerships, and grid interaction could become strategic differentiators beyond the vehicle itself.",innovation_product_strategy,automotive,"[""technology_competitors"", ""innovation_opportunities"", ""rd_directions""]",2026-09-09,[]
Brand Loyalty in the Connected Vehicle Era,"Write an industry-level trend outlook report in English based on 'Brand Loyalty in the Connected Vehicle Era'. Avoid in-depth explanations of specific technical mechanisms. Category: opportunity_brief. Audience role: innovation_product_strategy. Industry: automotive. Jobs to be done: track_technologies_and_competitors,identify_innovation_opportunities,evaluate_r_and_d_directions. Keywords: brand loyalty, connected services, customer lifecycle, dealer model, digital experience. Overview: Assess how automakers can build loyalty through connected services, maintenance, financing, insurance, and customer lifecycle operations. The report must cover current industry conditions, demand and customer shifts, competitive landscape, supply chain, cost and regulatory factors, 3-5 year scenarios, opportunities and risks, and actionable recommendations for companies.",https://eureka.patsnap.com/ai-search/sess_9bff54f375f14903?from=rd-home&start_from=eureka_landingpage,https://eureka.patsnap.com/share/?id=f9efae51459e8467a5f25892370d2ee3&from=invite-eureakplg-result&content=,report,,,,Brand Loyalty in the Connected Vehicle Era,"[""opportunity_brief""]","[""brand loyalty"", ""connected services"", ""customer lifecycle"", ""dealer model"", ""digital experience""]","Assess how automakers can build loyalty through connected services, maintenance, financing, insurance, and customer lifecycle operations.",innovation_product_strategy,automotive,"[""technology_competitors"", ""innovation_opportunities"", ""rd_directions""]",2026-09-09,[]
Biotech Funding Selectivity and the Return of Portfolio Discipline,"Write an industry-level trend outlook report in English based on 'Biotech Funding Selectivity and the Return of Portfolio Discipline'. Avoid in-depth explanations of specific technical mechanisms. Category: trend_brief. Audience role: innovation_product_strategy. Industry: biotechnology. Jobs to be done: track_technologies_and_competitors,identify_innovation_opportunities,evaluate_r_and_d_directions. Keywords: biotech funding, portfolio discipline, capital markets, pipeline strategy, risk management. Overview: Forecast how selective capital markets will shape biotech pipelines, platform strategies, partnering, and asset prioritization from 2026 to 2030. The report must cover current industry conditions, demand and customer shifts, competitive landscape, supply chain, cost and regulatory factors, 3-5 year scenarios, opportunities and risks, and actionable recommendations for companies.",https://eureka.patsnap.com/ai-search/sess_067ae55709e245b6?from=rd-home&start_from=eureka_landingpage,https://eureka.patsnap.com/share/?id=5c87e36f075c4b510f1859bca8f96643&from=invite-eureakplg-result&content=,report,,,,Biotech Funding Selectivity and the Return of Portfolio Discipline,"[""trend_brief""]","[""biotech funding"", ""portfolio discipline"", ""capital markets"", ""pipeline strategy"", ""risk management""]","Forecast how selective capital markets will shape biotech pipelines, platform strategies, partnering, and asset prioritization from 2026 to 2030.",innovation_product_strategy,biotech,"[""technology_competitors"", ""innovation_opportunities"", ""rd_directions""]",2026-09-09,[]
AI-Native Discovery: Productivity Promise Meets Evidence and ROI Pressure,"Write an industry-level trend outlook report in English based on 'AI-Native Discovery: Productivity Promise Meets Evidence and ROI Pressure'. Avoid in-depth explanations of specific technical mechanisms. Category: market_landscape. Audience role: innovation_product_strategy. Industry: biotechnology. Jobs to be done: track_technologies_and_competitors,identify_innovation_opportunities,evaluate_r_and_d_directions. Keywords: AI drug discovery, productivity, ROI, evidence, biotech strategy. Overview: Analyze how AI-enabled discovery is moving from promise to measurable productivity expectations and what that means for biotech business models. The report must cover current industry conditions, demand and customer shifts, competitive landscape, supply chain, cost and regulatory factors, 3-5 year scenarios, opportunities and risks, and actionable recommendations for companies.",https://eureka.patsnap.com/ai-search/sess_d944e82ec83945d5?from=rd-home&start_from=eureka_landingpage,https://eureka.patsnap.com/share/?id=30027dc0c779679d6461dad1ff3febc3&from=invite-eureakplg-result&content=,report,,,,AI-Native Discovery: Productivity Promise Meets Evidence and ROI Pressure,"[""market_landscape""]","[""AI drug discovery"", ""productivity"", ""ROI"", ""evidence"", ""biotech strategy""]",Analyze how AI-enabled discovery is moving from promise to measurable productivity expectations and what that means for biotech business models.,innovation_product_strategy,biotech,"[""technology_competitors"", ""innovation_opportunities"", ""rd_directions""]",2026-09-09,[]
Therapeutic Area Rotation Beyond Oncology,"Write an industry-level trend outlook report in English based on 'Therapeutic Area Rotation Beyond Oncology'. Avoid in-depth explanations of specific technical mechanisms. Category: opportunity_brief. Audience role: innovation_product_strategy. Industry: biotechnology. Jobs to be done: track_technologies_and_competitors,identify_innovation_opportunities,evaluate_r_and_d_directions. Keywords: therapeutic areas, metabolic disease, neuroscience, cardiology, biotech pipeline. Overview: Assess opportunity shifts as capital and dealmaking broaden toward metabolic, neuroscience, cardiology, immunology, and other high-need markets. The report must cover current industry conditions, demand and customer shifts, competitive landscape, supply chain, cost and regulatory factors, 3-5 year scenarios, opportunities and risks, and actionable recommendations for companies.",https://eureka.patsnap.com/ai-search/sess_3b3c35d34ccd4c16?from=rd-home&start_from=eureka_landingpage,https://eureka.patsnap.com/share/?id=443dcef4e10b339a4e43c7dd62b4bc70&from=invite-eureakplg-result&content=,report,,,,Therapeutic Area Rotation Beyond Oncology,"[""opportunity_brief""]","[""therapeutic areas"", ""metabolic disease"", ""neuroscience"", ""cardiology"", ""biotech pipeline""]","Assess opportunity shifts as capital and dealmaking broaden toward metabolic, neuroscience, cardiology, immunology, and other high-need markets.",innovation_product_strategy,biotech,"[""technology_competitors"", ""innovation_opportunities"", ""rd_directions""]",2026-09-09,[]
"Patent Cliffs, Biosimilars, and Biotech Partnering Power","Write an industry-level trend outlook report in English based on 'Patent Cliffs, Biosimilars, and Biotech Partnering Power'. Avoid in-depth explanations of specific technical mechanisms. Category: risk_watch. Audience role: innovation_product_strategy. Industry: biotechnology. Jobs to be done: track_technologies_and_competitors,identify_innovation_opportunities,evaluate_r_and_d_directions. Keywords: patent cliff, biosimilars, partnering, licensing, commercial pressure. Overview: Evaluate how patent expirations and biosimilar competition may affect biotech partnering leverage, acquisition interest, and differentiation requirements. The report must cover current industry conditions, demand and customer shifts, competitive landscape, supply chain, cost and regulatory factors, 3-5 year scenarios, opportunities and risks, and actionable recommendations for companies.",https://eureka.patsnap.com/ai-search/sess_ccea827f0f7e4926?from=rd-home&start_from=eureka_landingpage,https://eureka.patsnap.com/share/?id=58910fb160f628531fcecd19d0f87eab&from=invite-eureakplg-result&content=,report,,,,"Patent Cliffs, Biosimilars, and Biotech Partnering Power","[""risk_watch""]","[""patent cliff"", ""biosimilars"", ""partnering"", ""licensing"", ""commercial pressure""]","Evaluate how patent expirations and biosimilar competition may affect biotech partnering leverage, acquisition interest, and differentiation requirements.",innovation_product_strategy,biotech,"[""technology_competitors"", ""innovation_opportunities"", ""rd_directions""]",2026-09-09,[]
Clinical Development in a Fragmented Regulatory and Geopolitical Landscape,"Write an industry-level trend outlook report in English based on 'Clinical Development in a Fragmented Regulatory and Geopolitical Landscape'. Avoid in-depth explanations of specific technical mechanisms. Category: market_landscape. Audience role: innovation_product_strategy. Industry: biotechnology. Jobs to be done: track_technologies_and_competitors,identify_innovation_opportunities,evaluate_r_and_d_directions. Keywords: clinical development, regulatory fragmentation, geopolitics, trial strategy, market access. Overview: Analyze how regional policy, data rules, and clinical evidence expectations may reshape global biotech development plans. The report must cover current industry conditions, demand and customer shifts, competitive landscape, supply chain, cost and regulatory factors, 3-5 year scenarios, opportunities and risks, and actionable recommendations for companies.",https://eureka.patsnap.com/ai-search/sess_87f7416dbf2b46ef?from=rd-home&start_from=eureka_landingpage,https://eureka.patsnap.com/share/?id=3308e1c685008382723406a961634f62&from=invite-eureakplg-result&content=,report,,,,Clinical Development in a Fragmented Regulatory and Geopolitical Landscape,"[""market_landscape""]","[""clinical development"", ""regulatory fragmentation"", ""geopolitics"", ""trial strategy"", ""market access""]","Analyze how regional policy, data rules, and clinical evidence expectations may reshape global biotech development plans.",innovation_product_strategy,biotech,"[""technology_competitors"", ""innovation_opportunities"", ""rd_directions""]",2026-09-09,[]
Platform Biotech Partnerships: From Science Optionality to Commercial Focus,"Write an industry-level trend outlook report in English based on 'Platform Biotech Partnerships: From Science Optionality to Commercial Focus'. Avoid in-depth explanations of specific technical mechanisms. Category: opportunity_brief. Audience role: innovation_product_strategy. Industry: biotechnology. Jobs to be done: track_technologies_and_competitors,identify_innovation_opportunities,evaluate_r_and_d_directions. Keywords: platform biotech, partnerships, licensing, commercial focus, asset strategy. Overview: Assess how platform companies can convert broad scientific optionality into focused partnerships, nearer-term milestones, and clearer market narratives. The report must cover current industry conditions, demand and customer shifts, competitive landscape, supply chain, cost and regulatory factors, 3-5 year scenarios, opportunities and risks, and actionable recommendations for companies.",https://eureka.patsnap.com/ai-search/sess_b321f1fef915456f?from=rd-home&start_from=eureka_landingpage,https://eureka.patsnap.com/share/?id=9dcc91c64ba7d84685efe66e7961dff3&from=invite-eureakplg-result&content=,report,,,,Platform Biotech Partnerships: From Science Optionality to Commercial Focus,"[""opportunity_brief""]","[""platform biotech"", ""partnerships"", ""licensing"", ""commercial focus"", ""asset strategy""]","Assess how platform companies can convert broad scientific optionality into focused partnerships, nearer-term milestones, and clearer market narratives.",innovation_product_strategy,biotech,"[""technology_competitors"", ""innovation_opportunities"", ""rd_directions""]",2026-09-09,[]
Cell and Gene Therapy Commercialization Bottlenecks,"Write an industry-level trend outlook report in English based on 'Cell and Gene Therapy Commercialization Bottlenecks'. Avoid in-depth explanations of specific technical mechanisms. Category: risk_watch. Audience role: innovation_product_strategy. Industry: biotechnology. Jobs to be done: track_technologies_and_competitors,identify_innovation_opportunities,evaluate_r_and_d_directions. Keywords: cell therapy, gene therapy, commercialization, manufacturing capacity, patient access. Overview: Evaluate the market, access, manufacturing, and care-delivery bottlenecks that may limit advanced therapy scale even when science progresses. The report must cover current industry conditions, demand and customer shifts, competitive landscape, supply chain, cost and regulatory factors, 3-5 year scenarios, opportunities and risks, and actionable recommendations for companies.",https://eureka.patsnap.com/ai-search/sess_30b2a6f0b0ca41c5?from=rd-home&start_from=eureka_landingpage,https://eureka.patsnap.com/share/?id=25e49e07f7f2ec4e3bfc7bba64180b34&from=invite-eureakplg-result&content=,report,,,,Cell and Gene Therapy Commercialization Bottlenecks,"[""risk_watch""]","[""cell therapy"", ""gene therapy"", ""commercialization"", ""manufacturing capacity"", ""patient access""]","Evaluate the market, access, manufacturing, and care-delivery bottlenecks that may limit advanced therapy scale even when science progresses.",innovation_product_strategy,biotech,"[""technology_competitors"", ""innovation_opportunities"", ""rd_directions""]",2026-09-09,[]
"Precision Medicine Economics: Evidence, Reimbursement, and Patient Identification","Write an industry-level trend outlook report in English based on 'Precision Medicine Economics: Evidence, Reimbursement, and Patient Identification'. Avoid in-depth explanations of specific technical mechanisms. Category: trend_brief. Audience role: innovation_product_strategy. Industry: biotechnology. Jobs to be done: track_technologies_and_competitors,identify_innovation_opportunities,evaluate_r_and_d_directions. Keywords: precision medicine, reimbursement, patient identification, diagnostics, evidence strategy. Overview: Forecast how evidence standards, companion diagnostics, and reimbursement models will influence precision medicine adoption. The report must cover current industry conditions, demand and customer shifts, competitive landscape, supply chain, cost and regulatory factors, 3-5 year scenarios, opportunities and risks, and actionable recommendations for companies.",https://eureka.patsnap.com/ai-search/sess_b5ff45dab26340f6?from=rd-home&start_from=eureka_landingpage,https://eureka.patsnap.com/share/?id=365cc35c0f251e73304a024457b84ed7&from=invite-eureakplg-result&content=,report,,,,"Precision Medicine Economics: Evidence, Reimbursement, and Patient Identification","[""trend_brief""]","[""precision medicine"", ""reimbursement"", ""patient identification"", ""diagnostics"", ""evidence strategy""]","Forecast how evidence standards, companion diagnostics, and reimbursement models will influence precision medicine adoption.",innovation_product_strategy,biotech,"[""technology_competitors"", ""innovation_opportunities"", ""rd_directions""]",2026-09-09,[]
Biomanufacturing Resilience and the CDMO Strategy Reset,"Write an industry-level trend outlook report in English based on 'Biomanufacturing Resilience and the CDMO Strategy Reset'. Avoid in-depth explanations of specific technical mechanisms. Category: market_landscape. Audience role: innovation_product_strategy. Industry: biotechnology. Jobs to be done: track_technologies_and_competitors,identify_innovation_opportunities,evaluate_r_and_d_directions. Keywords: biomanufacturing, CDMO, supply resilience, localization, capacity planning. Overview: Analyze how capacity, localization, quality expectations, and cost pressure are changing biotech manufacturing and CDMO partnerships. The report must cover current industry conditions, demand and customer shifts, competitive landscape, supply chain, cost and regulatory factors, 3-5 year scenarios, opportunities and risks, and actionable recommendations for companies.",https://eureka.patsnap.com/ai-search/sess_628ab54bf83c4215?from=rd-home&start_from=eureka_landingpage,https://eureka.patsnap.com/share/?id=278a9f013b6cb182d744e30278f61a9a&from=invite-eureakplg-result&content=,report,,,,Biomanufacturing Resilience and the CDMO Strategy Reset,"[""market_landscape""]","[""biomanufacturing"", ""CDMO"", ""supply resilience"", ""localization"", ""capacity planning""]","Analyze how capacity, localization, quality expectations, and cost pressure are changing biotech manufacturing and CDMO partnerships.",innovation_product_strategy,biotech,"[""technology_competitors"", ""innovation_opportunities"", ""rd_directions""]",2026-09-09,[]
"Data Access, Patient Networks, and Real-World Evidence as Biotech Assets","Write an industry-level trend outlook report in English based on 'Data Access, Patient Networks, and Real-World Evidence as Biotech Assets'. Avoid in-depth explanations of specific technical mechanisms. Category: opportunity_brief. Audience role: innovation_product_strategy. Industry: biotechnology. Jobs to be done: track_technologies_and_competitors,identify_innovation_opportunities,evaluate_r_and_d_directions. Keywords: real-world evidence, patient networks, data access, evidence generation, biotech assets. Overview: Assess how data access and patient engagement ecosystems can become strategic assets for biotech companies beyond the molecule itself. The report must cover current industry conditions, demand and customer shifts, competitive landscape, supply chain, cost and regulatory factors, 3-5 year scenarios, opportunities and risks, and actionable recommendations for companies.",https://eureka.patsnap.com/ai-search/sess_77b4c1f6b0c4453e?from=rd-home&start_from=eureka_landingpage,https://eureka.patsnap.com/share/?id=d04a7cc858571952fd8541437c0589eb&from=invite-eureakplg-result&content=,report,,,,"Data Access, Patient Networks, and Real-World Evidence as Biotech Assets","[""opportunity_brief""]","[""real-world evidence"", ""patient networks"", ""data access"", ""evidence generation"", ""biotech assets""]",Assess how data access and patient engagement ecosystems can become strategic assets for biotech companies beyond the molecule itself.,innovation_product_strategy,biotech,"[""technology_competitors"", ""innovation_opportunities"", ""rd_directions""]",2026-09-09,[]
Chemical Industry Demand Divergence: Winners and Laggards Through 2030,"Write an industry-level trend outlook report in English based on 'Chemical Industry Demand Divergence: Winners and Laggards Through 2030'. Avoid in-depth explanations of specific technical mechanisms. Category: trend_brief. Audience role: innovation_product_strategy. Industry: chemical. Jobs to be done: track_technologies_and_competitors,identify_innovation_opportunities,evaluate_r_and_d_directions. Keywords: chemical demand, market divergence, specialty chemicals, commodity pressure, industry outlook. Overview: Forecast how demand divergence across electronics, batteries, agriculture, construction, and consumer markets will reshape chemical industry growth. The report must cover current industry conditions, demand and customer shifts, competitive landscape, supply chain, cost and regulatory factors, 3-5 year scenarios, opportunities and risks, and actionable recommendations for companies.",https://eureka.patsnap.com/ai-search/sess_7906a5a0f0c64571?from=rd-home&start_from=eureka_landingpage,https://eureka.patsnap.com/share/?id=2b3e9a1bc12535f3a219d5daa2da5d98&from=invite-eureakplg-result&content=,report,,,,Chemical Industry Demand Divergence: Winners and Laggards Through 2030,"[""trend_brief""]","[""chemical demand"", ""market divergence"", ""specialty chemicals"", ""commodity pressure"", ""industry outlook""]","Forecast how demand divergence across electronics, batteries, agriculture, construction, and consumer markets will reshape chemical industry growth.",innovation_product_strategy,chemical,"[""technology_competitors"", ""innovation_opportunities"", ""rd_directions""]",2026-09-09,[]
"China Capacity, Regional Trade Policy, and Chemical Margin Pressure","Write an industry-level trend outlook report in English based on 'China Capacity, Regional Trade Policy, and Chemical Margin Pressure'. Avoid in-depth explanations of specific technical mechanisms. Category: market_landscape. Audience role: innovation_product_strategy. Industry: chemical. Jobs to be done: track_technologies_and_competitors,identify_innovation_opportunities,evaluate_r_and_d_directions. Keywords: chemical overcapacity, trade policy, China, margins, regional competition. Overview: Analyze how global capacity additions, regional trade measures, and price competition could affect chemical producers' strategic options. The report must cover current industry conditions, demand and customer shifts, competitive landscape, supply chain, cost and regulatory factors, 3-5 year scenarios, opportunities and risks, and actionable recommendations for companies.",https://eureka.patsnap.com/ai-search/sess_aca8143d354d4cbc?from=rd-home&start_from=eureka_landingpage,https://eureka.patsnap.com/share/?id=bc16480c22fcb344386898e2faa1939a&from=invite-eureakplg-result&content=,report,,,,"China Capacity, Regional Trade Policy, and Chemical Margin Pressure","[""market_landscape""]","[""chemical overcapacity"", ""trade policy"", ""China"", ""margins"", ""regional competition""]","Analyze how global capacity additions, regional trade measures, and price competition could affect chemical producers' strategic options.",innovation_product_strategy,chemical,"[""technology_competitors"", ""innovation_opportunities"", ""rd_directions""]",2026-09-09,[]
"Specialty Chemicals Growth Pockets in AI, Health, Energy, and Mobility","Write an industry-level trend outlook report in English based on 'Specialty Chemicals Growth Pockets in AI, Health, Energy, and Mobility'. Avoid in-depth explanations of specific technical mechanisms. Category: opportunity_brief. Audience role: innovation_product_strategy. Industry: chemical. Jobs to be done: track_technologies_and_competitors,identify_innovation_opportunities,evaluate_r_and_d_directions. Keywords: specialty chemicals, AI infrastructure, healthcare, energy, mobility. Overview: Assess where specialty chemical companies can find higher-value growth as customers invest in AI infrastructure, healthcare, energy systems, and mobility. The report must cover current industry conditions, demand and customer shifts, competitive landscape, supply chain, cost and regulatory factors, 3-5 year scenarios, opportunities and risks, and actionable recommendations for companies.",https://eureka.patsnap.com/ai-search/sess_7067aeef8a4e4111?from=rd-home&start_from=eureka_landingpage,https://eureka.patsnap.com/share/?id=defcb6cca88e4b4c9b9ba42c66420d0c&from=invite-eureakplg-result&content=,report,,,,"Specialty Chemicals Growth Pockets in AI, Health, Energy, and Mobility","[""opportunity_brief""]","[""specialty chemicals"", ""AI infrastructure"", ""healthcare"", ""energy"", ""mobility""]","Assess where specialty chemical companies can find higher-value growth as customers invest in AI infrastructure, healthcare, energy systems, and mobility.",innovation_product_strategy,chemical,"[""technology_competitors"", ""innovation_opportunities"", ""rd_directions""]",2026-09-09,[]
Circular Plastics and EPR: The Next Strategic Test for Chemical Producers,"Write an industry-level trend outlook report in English based on 'Circular Plastics and EPR: The Next Strategic Test for Chemical Producers'. Avoid in-depth explanations of specific technical mechanisms. Category: risk_watch. Audience role: innovation_product_strategy. Industry: chemical. Jobs to be done: track_technologies_and_competitors,identify_innovation_opportunities,evaluate_r_and_d_directions. Keywords: circular plastics, EPR, plastic regulation, recycling, chemical strategy. Overview: Evaluate how circularity mandates and producer responsibility could affect resin demand, recycling partnerships, and customer relationships. The report must cover current industry conditions, demand and customer shifts, competitive landscape, supply chain, cost and regulatory factors, 3-5 year scenarios, opportunities and risks, and actionable recommendations for companies.",https://eureka.patsnap.com/ai-search/sess_386fe8d740c14ce6?from=rd-home&start_from=eureka_landingpage,https://eureka.patsnap.com/share/?id=1d80401eeacf3638df1a15a51e9645c8&from=invite-eureakplg-result&content=,report,,,,Circular Plastics and EPR: The Next Strategic Test for Chemical Producers,"[""risk_watch""]","[""circular plastics"", ""EPR"", ""plastic regulation"", ""recycling"", ""chemical strategy""]","Evaluate how circularity mandates and producer responsibility could affect resin demand, recycling partnerships, and customer relationships.",innovation_product_strategy,chemical,"[""technology_competitors"", ""innovation_opportunities"", ""rd_directions""]",2026-09-09,[]
Feedstock Volatility and Regional Advantage in Chemicals,"Write an industry-level trend outlook report in English based on 'Feedstock Volatility and Regional Advantage in Chemicals'. Avoid in-depth explanations of specific technical mechanisms. Category: market_landscape. Audience role: innovation_product_strategy. Industry: chemical. Jobs to be done: track_technologies_and_competitors,identify_innovation_opportunities,evaluate_r_and_d_directions. Keywords: feedstock volatility, regional advantage, energy costs, chemical supply chain, competitiveness. Overview: Analyze how energy prices, feedstock access, and regional infrastructure may create diverging competitiveness among chemical producers. The report must cover current industry conditions, demand and customer shifts, competitive landscape, supply chain, cost and regulatory factors, 3-5 year scenarios, opportunities and risks, and actionable recommendations for companies.",https://eureka.patsnap.com/ai-search/sess_3751a778fd384409?from=rd-home&start_from=eureka_landingpage,https://eureka.patsnap.com/share/?id=84d661bfdcea38f7280e6e70cfd9aee6&from=invite-eureakplg-result&content=,report,,,,Feedstock Volatility and Regional Advantage in Chemicals,"[""market_landscape""]","[""feedstock volatility"", ""regional advantage"", ""energy costs"", ""chemical supply chain"", ""competitiveness""]","Analyze how energy prices, feedstock access, and regional infrastructure may create diverging competitiveness among chemical producers.",innovation_product_strategy,chemical,"[""technology_competitors"", ""innovation_opportunities"", ""rd_directions""]",2026-09-09,[]
"Low-Carbon Chemicals: Customer Premiums, Certification, and Scale","Write an industry-level trend outlook report in English based on 'Low-Carbon Chemicals: Customer Premiums, Certification, and Scale'. Avoid in-depth explanations of specific technical mechanisms. Category: trend_brief. Audience role: innovation_product_strategy. Industry: chemical. Jobs to be done: track_technologies_and_competitors,identify_innovation_opportunities,evaluate_r_and_d_directions. Keywords: low-carbon chemicals, certification, customer premium, sustainable procurement, scale-up. Overview: Forecast how low-carbon chemical offerings may move from niche pilots toward broader procurement requirements, and where premiums may hold. The report must cover current industry conditions, demand and customer shifts, competitive landscape, supply chain, cost and regulatory factors, 3-5 year scenarios, opportunities and risks, and actionable recommendations for companies.",https://eureka.patsnap.com/ai-search/sess_2c0cafa3047746aa?from=rd-home&start_from=eureka_landingpage,https://eureka.patsnap.com/share/?id=67840488bfdc1916839889037ccf7050&from=invite-eureakplg-result&content=,report,,,,"Low-Carbon Chemicals: Customer Premiums, Certification, and Scale","[""trend_brief""]","[""low-carbon chemicals"", ""certification"", ""customer premium"", ""sustainable procurement"", ""scale-up""]","Forecast how low-carbon chemical offerings may move from niche pilots toward broader procurement requirements, and where premiums may hold.",innovation_product_strategy,chemical,"[""technology_competitors"", ""innovation_opportunities"", ""rd_directions""]",2026-09-09,[]
Safer Chemistry and Regulatory Substitution as Innovation Drivers,"Write an industry-level trend outlook report in English based on 'Safer Chemistry and Regulatory Substitution as Innovation Drivers'. Avoid in-depth explanations of specific technical mechanisms. Category: opportunity_brief. Audience role: innovation_product_strategy. Industry: chemical. Jobs to be done: track_technologies_and_competitors,identify_innovation_opportunities,evaluate_r_and_d_directions. Keywords: safer chemistry, regulatory substitution, PFAS, product stewardship, innovation. Overview: Assess opportunities created by stricter rules on hazardous substances and customer demand for safer alternatives. The report must cover current industry conditions, demand and customer shifts, competitive landscape, supply chain, cost and regulatory factors, 3-5 year scenarios, opportunities and risks, and actionable recommendations for companies.",https://eureka.patsnap.com/ai-search/sess_5163a6ccc6ee43be?from=rd-home&start_from=eureka_landingpage,https://eureka.patsnap.com/share/?id=0787afccee8443e334de1ec5adfe6abf&from=invite-eureakplg-result&content=,report,,,,Safer Chemistry and Regulatory Substitution as Innovation Drivers,"[""opportunity_brief""]","[""safer chemistry"", ""regulatory substitution"", ""PFAS"", ""product stewardship"", ""innovation""]",Assess opportunities created by stricter rules on hazardous substances and customer demand for safer alternatives.,innovation_product_strategy,chemical,"[""technology_competitors"", ""innovation_opportunities"", ""rd_directions""]",2026-09-09,[]
"Chemical Plant Reliability, Water, and Community License to Operate","Write an industry-level trend outlook report in English based on 'Chemical Plant Reliability, Water, and Community License to Operate'. Avoid in-depth explanations of specific technical mechanisms. Category: risk_watch. Audience role: innovation_product_strategy. Industry: chemical. Jobs to be done: track_technologies_and_competitors,identify_innovation_opportunities,evaluate_r_and_d_directions. Keywords: plant reliability, water risk, community trust, emissions, operational resilience. Overview: Evaluate operational and reputational risks tied to water use, emissions, reliability, and local community expectations. The report must cover current industry conditions, demand and customer shifts, competitive landscape, supply chain, cost and regulatory factors, 3-5 year scenarios, opportunities and risks, and actionable recommendations for companies.",https://eureka.patsnap.com/ai-search/sess_4281c2a9caab41d5?from=rd-home&start_from=eureka_landingpage,https://eureka.patsnap.com/share/?id=e50b674d7b651a68b4b3fc3f2dba5034&from=invite-eureakplg-result&content=,report,,,,"Chemical Plant Reliability, Water, and Community License to Operate","[""risk_watch""]","[""plant reliability"", ""water risk"", ""community trust"", ""emissions"", ""operational resilience""]","Evaluate operational and reputational risks tied to water use, emissions, reliability, and local community expectations.",innovation_product_strategy,chemical,"[""technology_competitors"", ""innovation_opportunities"", ""rd_directions""]",2026-09-09,[]
Portfolio Pruning and M&A in a More Selective Chemical Market,"Write an industry-level trend outlook report in English based on 'Portfolio Pruning and M&A in a More Selective Chemical Market'. Avoid in-depth explanations of specific technical mechanisms. Category: market_landscape. Audience role: innovation_product_strategy. Industry: chemical. Jobs to be done: track_technologies_and_competitors,identify_innovation_opportunities,evaluate_r_and_d_directions. Keywords: chemical M&A, portfolio pruning, capital discipline, strategic focus, margin improvement. Overview: Analyze how chemical companies may use divestitures, acquisitions, and focused investment to improve resilience and margins. The report must cover current industry conditions, demand and customer shifts, competitive landscape, supply chain, cost and regulatory factors, 3-5 year scenarios, opportunities and risks, and actionable recommendations for companies.",https://eureka.patsnap.com/ai-search/sess_c53f89f9abb843c2?from=rd-home&start_from=eureka_landingpage,https://eureka.patsnap.com/share/?id=d23b4c61724d29e57766245b3a44a284&from=invite-eureakplg-result&content=,report,,,,Portfolio Pruning and M&A in a More Selective Chemical Market,"[""market_landscape""]","[""chemical M&A"", ""portfolio pruning"", ""capital discipline"", ""strategic focus"", ""margin improvement""]","Analyze how chemical companies may use divestitures, acquisitions, and focused investment to improve resilience and margins.",innovation_product_strategy,chemical,"[""technology_competitors"", ""innovation_opportunities"", ""rd_directions""]",2026-09-09,[]
AI Productivity in Chemicals: From Lab Hype to Operating Margin,"Write an industry-level trend outlook report in English based on 'AI Productivity in Chemicals: From Lab Hype to Operating Margin'. Avoid in-depth explanations of specific technical mechanisms. Category: trend_brief. Audience role: innovation_product_strategy. Industry: chemical. Jobs to be done: track_technologies_and_competitors,identify_innovation_opportunities,evaluate_r_and_d_directions. Keywords: AI productivity, chemical operations, R&D productivity, margin improvement, digital transformation. Overview: Forecast how AI adoption could affect chemical R&D, sales, supply planning, and operations at a business level without focusing on technical methods. The report must cover current industry conditions, demand and customer shifts, competitive landscape, supply chain, cost and regulatory factors, 3-5 year scenarios, opportunities and risks, and actionable recommendations for companies.",https://eureka.patsnap.com/ai-search/sess_5722f88b51b046ee?from=rd-home&start_from=eureka_landingpage,https://eureka.patsnap.com/share/?id=57c5becae8b391f6f4b1a0566df8d8a6&from=invite-eureakplg-result&content=,report,,,,AI Productivity in Chemicals: From Lab Hype to Operating Margin,"[""trend_brief""]","[""AI productivity"", ""chemical operations"", ""R&D productivity"", ""margin improvement"", ""digital transformation""]","Forecast how AI adoption could affect chemical R&D, sales, supply planning, and operations at a business level without focusing on technical methods.",innovation_product_strategy,chemical,"[""technology_competitors"", ""innovation_opportunities"", ""rd_directions""]",2026-09-09,[]
K-Shaped Construction Outlook: Where Demand Diverges Through 2027,"Write an industry-level trend outlook report in English based on 'K-Shaped Construction Outlook: Where Demand Diverges Through 2027'. Avoid in-depth explanations of specific technical mechanisms. Category: trend_brief. Audience role: innovation_product_strategy. Industry: construction. Jobs to be done: track_technologies_and_competitors,identify_innovation_opportunities,evaluate_r_and_d_directions. Keywords: construction outlook, K-shaped economy, nonresidential, sector divergence, backlog. Overview: Forecast how uneven demand across data centers, healthcare, education, manufacturing, retail, and offices will shape construction strategy. The report must cover current industry conditions, demand and customer shifts, competitive landscape, supply chain, cost and regulatory factors, 3-5 year scenarios, opportunities and risks, and actionable recommendations for companies.",https://eureka.patsnap.com/ai-search/sess_516ac0bf03ac4a94?from=rd-home&start_from=eureka_landingpage,https://eureka.patsnap.com/share/?id=e6424daa4f1b079cd03296682baa4b6c&from=invite-eureakplg-result&content=,report,,,,K-Shaped Construction Outlook: Where Demand Diverges Through 2027,"[""trend_brief""]","[""construction outlook"", ""K-shaped economy"", ""nonresidential"", ""sector divergence"", ""backlog""]","Forecast how uneven demand across data centers, healthcare, education, manufacturing, retail, and offices will shape construction strategy.",innovation_product_strategy,construction,"[""technology_competitors"", ""innovation_opportunities"", ""rd_directions""]",2026-09-09,[]
"Data Centers, Healthcare, and Institutional Work as Construction Bright Spots","Write an industry-level trend outlook report in English based on 'Data Centers, Healthcare, and Institutional Work as Construction Bright Spots'. Avoid in-depth explanations of specific technical mechanisms. Category: market_landscape. Audience role: innovation_product_strategy. Industry: construction. Jobs to be done: track_technologies_and_competitors,identify_innovation_opportunities,evaluate_r_and_d_directions. Keywords: data centers, healthcare construction, institutional construction, nonresidential, growth segments. Overview: Analyze why certain construction segments remain resilient despite broader uncertainty and what that means for contractors and suppliers. The report must cover current industry conditions, demand and customer shifts, competitive landscape, supply chain, cost and regulatory factors, 3-5 year scenarios, opportunities and risks, and actionable recommendations for companies.",https://eureka.patsnap.com/ai-search/sess_32cd6d12c40240a4?from=rd-home&start_from=eureka_landingpage,https://eureka.patsnap.com/share/?id=408decdd2e9d29aaf7846eaf6b8298ec&from=invite-eureakplg-result&content=,report,,,,"Data Centers, Healthcare, and Institutional Work as Construction Bright Spots","[""market_landscape""]","[""data centers"", ""healthcare construction"", ""institutional construction"", ""nonresidential"", ""growth segments""]",Analyze why certain construction segments remain resilient despite broader uncertainty and what that means for contractors and suppliers.,innovation_product_strategy,construction,"[""technology_competitors"", ""innovation_opportunities"", ""rd_directions""]",2026-09-09,[]
"Interest Rates, Project Finance, and Backlog Conversion Risk","Write an industry-level trend outlook report in English based on 'Interest Rates, Project Finance, and Backlog Conversion Risk'. Avoid in-depth explanations of specific technical mechanisms. Category: risk_watch. Audience role: innovation_product_strategy. Industry: construction. Jobs to be done: track_technologies_and_competitors,identify_innovation_opportunities,evaluate_r_and_d_directions. Keywords: interest rates, project finance, construction backlog, delays, investment risk. Overview: Evaluate how financing costs and owner uncertainty may affect project starts, backlog conversion, and contractor cash flow. The report must cover current industry conditions, demand and customer shifts, competitive landscape, supply chain, cost and regulatory factors, 3-5 year scenarios, opportunities and risks, and actionable recommendations for companies.",https://eureka.patsnap.com/ai-search/sess_59b4329c71614be3?from=rd-home&start_from=eureka_landingpage,https://eureka.patsnap.com/share/?id=e1e455faffca9d048c9fe385efd85e4c&from=invite-eureakplg-result&content=,report,,,,"Interest Rates, Project Finance, and Backlog Conversion Risk","[""risk_watch""]","[""interest rates"", ""project finance"", ""construction backlog"", ""delays"", ""investment risk""]","Evaluate how financing costs and owner uncertainty may affect project starts, backlog conversion, and contractor cash flow.",innovation_product_strategy,construction,"[""technology_competitors"", ""innovation_opportunities"", ""rd_directions""]",2026-09-09,[]
"Retrofit, Renovation, and Adaptive Reuse as Long-Cycle Growth Markets","Write an industry-level trend outlook report in English based on 'Retrofit, Renovation, and Adaptive Reuse as Long-Cycle Growth Markets'. Avoid in-depth explanations of specific technical mechanisms. Category: opportunity_brief. Audience role: innovation_product_strategy. Industry: construction. Jobs to be done: track_technologies_and_competitors,identify_innovation_opportunities,evaluate_r_and_d_directions. Keywords: retrofit, renovation, adaptive reuse, aging buildings, construction demand. Overview: Assess opportunities in renovation and adaptive reuse as owners balance cost, sustainability, utilization, and changing space needs. The report must cover current industry conditions, demand and customer shifts, competitive landscape, supply chain, cost and regulatory factors, 3-5 year scenarios, opportunities and risks, and actionable recommendations for companies.",https://eureka.patsnap.com/ai-search/sess_0bc62176a5a74904?from=rd-home&start_from=eureka_landingpage,https://eureka.patsnap.com/share/?id=0f99a53a67db5633b016fc26569e03a1&from=invite-eureakplg-result&content=,report,,,,"Retrofit, Renovation, and Adaptive Reuse as Long-Cycle Growth Markets","[""opportunity_brief""]","[""retrofit"", ""renovation"", ""adaptive reuse"", ""aging buildings"", ""construction demand""]","Assess opportunities in renovation and adaptive reuse as owners balance cost, sustainability, utilization, and changing space needs.",innovation_product_strategy,construction,"[""technology_competitors"", ""innovation_opportunities"", ""rd_directions""]",2026-09-09,[]
Modular and Offsite Construction After the Productivity Reality Check,"Write an industry-level trend outlook report in English based on 'Modular and Offsite Construction After the Productivity Reality Check'. Avoid in-depth explanations of specific technical mechanisms. Category: market_landscape. Audience role: innovation_product_strategy. Industry: construction. Jobs to be done: track_technologies_and_competitors,identify_innovation_opportunities,evaluate_r_and_d_directions. Keywords: modular construction, offsite construction, productivity, standardization, project delivery. Overview: Analyze where modular and offsite models can create value after years of mixed adoption and business-model challenges. The report must cover current industry conditions, demand and customer shifts, competitive landscape, supply chain, cost and regulatory factors, 3-5 year scenarios, opportunities and risks, and actionable recommendations for companies.",https://eureka.patsnap.com/ai-search/sess_614f5c9330004f88?from=rd-home&start_from=eureka_landingpage,https://eureka.patsnap.com/share/?id=609465b991087244e1ca5cb91b2b283b&from=invite-eureakplg-result&content=,report,,,,Modular and Offsite Construction After the Productivity Reality Check,"[""market_landscape""]","[""modular construction"", ""offsite construction"", ""productivity"", ""standardization"", ""project delivery""]",Analyze where modular and offsite models can create value after years of mixed adoption and business-model challenges.,innovation_product_strategy,construction,"[""technology_competitors"", ""innovation_opportunities"", ""rd_directions""]",2026-09-09,[]
Low-Carbon Building Procurement and the Materials Strategy Shift,"Write an industry-level trend outlook report in English based on 'Low-Carbon Building Procurement and the Materials Strategy Shift'. Avoid in-depth explanations of specific technical mechanisms. Category: trend_brief. Audience role: innovation_product_strategy. Industry: construction. Jobs to be done: track_technologies_and_competitors,identify_innovation_opportunities,evaluate_r_and_d_directions. Keywords: low-carbon buildings, embodied carbon, materials procurement, green construction, public projects. Overview: Forecast how embodied-carbon rules and buyer expectations may reshape materials choices and supplier relationships in construction. The report must cover current industry conditions, demand and customer shifts, competitive landscape, supply chain, cost and regulatory factors, 3-5 year scenarios, opportunities and risks, and actionable recommendations for companies.",https://eureka.patsnap.com/ai-search/sess_f0606f124482466c?from=rd-home&start_from=eureka_landingpage,https://eureka.patsnap.com/share/?id=4036929ebdfbf745aedc26f55027dc51&from=invite-eureakplg-result&content=,report,,,,Low-Carbon Building Procurement and the Materials Strategy Shift,"[""trend_brief""]","[""low-carbon buildings"", ""embodied carbon"", ""materials procurement"", ""green construction"", ""public projects""]",Forecast how embodied-carbon rules and buyer expectations may reshape materials choices and supplier relationships in construction.,innovation_product_strategy,construction,"[""technology_competitors"", ""innovation_opportunities"", ""rd_directions""]",2026-09-09,[]
"Climate Resilience Construction: Flood, Heat, Grid, and Insurance Drivers","Write an industry-level trend outlook report in English based on 'Climate Resilience Construction: Flood, Heat, Grid, and Insurance Drivers'. Avoid in-depth explanations of specific technical mechanisms. Category: opportunity_brief. Audience role: innovation_product_strategy. Industry: construction. Jobs to be done: track_technologies_and_competitors,identify_innovation_opportunities,evaluate_r_and_d_directions. Keywords: climate resilience, flood protection, heat adaptation, insurance, infrastructure. Overview: Assess construction demand created by resilience investments in buildings, infrastructure, utilities, and public assets. The report must cover current industry conditions, demand and customer shifts, competitive landscape, supply chain, cost and regulatory factors, 3-5 year scenarios, opportunities and risks, and actionable recommendations for companies.",https://eureka.patsnap.com/ai-search/sess_75f1c2fcd96f4aee?from=rd-home&start_from=eureka_landingpage,https://eureka.patsnap.com/share/?id=19ee3392d9e08141284a1c072f373eff&from=invite-eureakplg-result&content=,report,,,,"Climate Resilience Construction: Flood, Heat, Grid, and Insurance Drivers","[""opportunity_brief""]","[""climate resilience"", ""flood protection"", ""heat adaptation"", ""insurance"", ""infrastructure""]","Assess construction demand created by resilience investments in buildings, infrastructure, utilities, and public assets.",innovation_product_strategy,construction,"[""technology_competitors"", ""innovation_opportunities"", ""rd_directions""]",2026-09-09,[]
Labor Shortages and the Construction Productivity Gap,"Write an industry-level trend outlook report in English based on 'Labor Shortages and the Construction Productivity Gap'. Avoid in-depth explanations of specific technical mechanisms. Category: risk_watch. Audience role: innovation_product_strategy. Industry: construction. Jobs to be done: track_technologies_and_competitors,identify_innovation_opportunities,evaluate_r_and_d_directions. Keywords: construction labor, productivity, skills shortage, project delivery, cost escalation. Overview: Evaluate how labor constraints may affect cost, schedule, quality, and adoption of productivity-enhancing operating models. The report must cover current industry conditions, demand and customer shifts, competitive landscape, supply chain, cost and regulatory factors, 3-5 year scenarios, opportunities and risks, and actionable recommendations for companies.",https://eureka.patsnap.com/ai-search/sess_bcd89c7da7084db5?from=rd-home&start_from=eureka_landingpage,https://eureka.patsnap.com/share/?id=f4db4855f981c6e0f30cab36bcc501f8&from=invite-eureakplg-result&content=,report,,,,Labor Shortages and the Construction Productivity Gap,"[""risk_watch""]","[""construction labor"", ""productivity"", ""skills shortage"", ""project delivery"", ""cost escalation""]","Evaluate how labor constraints may affect cost, schedule, quality, and adoption of productivity-enhancing operating models.",innovation_product_strategy,construction,"[""technology_competitors"", ""innovation_opportunities"", ""rd_directions""]",2026-09-09,[]
AI-Ready Architecture and Construction Firms: Operating Model Implications,"Write an industry-level trend outlook report in English based on 'AI-Ready Architecture and Construction Firms: Operating Model Implications'. Avoid in-depth explanations of specific technical mechanisms. Category: market_landscape. Audience role: innovation_product_strategy. Industry: construction. Jobs to be done: track_technologies_and_competitors,identify_innovation_opportunities,evaluate_r_and_d_directions. Keywords: AI adoption, architecture firms, construction technology, operating model, firm productivity. Overview: Analyze how AI adoption may change firm workflows, client expectations, risk controls, and productivity economics in architecture and construction. The report must cover current industry conditions, demand and customer shifts, competitive landscape, supply chain, cost and regulatory factors, 3-5 year scenarios, opportunities and risks, and actionable recommendations for companies.",https://eureka.patsnap.com/ai-search/sess_733b89a472874d9f?from=rd-home&start_from=eureka_landingpage,https://eureka.patsnap.com/share/?id=c07ad40e3e66e4f6e4b7bc4340375644&from=invite-eureakplg-result&content=,report,,,,AI-Ready Architecture and Construction Firms: Operating Model Implications,"[""market_landscape""]","[""AI adoption"", ""architecture firms"", ""construction technology"", ""operating model"", ""firm productivity""]","Analyze how AI adoption may change firm workflows, client expectations, risk controls, and productivity economics in architecture and construction.",innovation_product_strategy,construction,"[""technology_competitors"", ""innovation_opportunities"", ""rd_directions""]",2026-09-09,[]
Manufacturing Construction After the Mega-Project Wave,"Write an industry-level trend outlook report in English based on 'Manufacturing Construction After the Mega-Project Wave'. Avoid in-depth explanations of specific technical mechanisms. Category: trend_brief. Audience role: innovation_product_strategy. Industry: construction. Jobs to be done: track_technologies_and_competitors,identify_innovation_opportunities,evaluate_r_and_d_directions. Keywords: manufacturing construction, mega projects, reshoring, industrial facilities, capacity cycle. Overview: Forecast how the manufacturing construction market may normalize after semiconductor, EV, and reshoring investment peaks. The report must cover current industry conditions, demand and customer shifts, competitive landscape, supply chain, cost and regulatory factors, 3-5 year scenarios, opportunities and risks, and actionable recommendations for companies.",https://eureka.patsnap.com/ai-search/sess_2eafec41a85c4362?from=rd-home&start_from=eureka_landingpage,https://eureka.patsnap.com/share/?id=b9025162702a8e5d079d44b72870d030&from=invite-eureakplg-result&content=,report,,,,Manufacturing Construction After the Mega-Project Wave,"[""trend_brief""]","[""manufacturing construction"", ""mega projects"", ""reshoring"", ""industrial facilities"", ""capacity cycle""]","Forecast how the manufacturing construction market may normalize after semiconductor, EV, and reshoring investment peaks.",innovation_product_strategy,construction,"[""technology_competitors"", ""innovation_opportunities"", ""rd_directions""]",2026-09-09,[]
Electronics Manufacturing in the AI Infrastructure Boom,"Write an industry-level trend outlook report in English based on 'Electronics Manufacturing in the AI Infrastructure Boom'. Avoid in-depth explanations of specific technical mechanisms. Category: trend_brief. Audience role: innovation_product_strategy. Industry: electronics_manufacturing. Jobs to be done: track_technologies_and_competitors,identify_innovation_opportunities,evaluate_r_and_d_directions. Keywords: electronics manufacturing, AI servers, data centers, EMS, ODM. Overview: Forecast how AI server and data center demand will reshape order quality, customer concentration, margins, and capacity planning for electronics manufacturers. The report must cover current industry conditions, demand and customer shifts, competitive landscape, supply chain, cost and regulatory factors, 3-5 year scenarios, opportunities and risks, and actionable recommendations for companies.",https://eureka.patsnap.com/ai-search/sess_d8af71450c0b455a?from=rd-home&start_from=eureka_landingpage,https://eureka.patsnap.com/share/?id=c6df1f84c7a26dd91ee70c9acb779637&from=invite-eureakplg-result&content=,report,,,,Electronics Manufacturing in the AI Infrastructure Boom,"[""trend_brief""]","[""electronics manufacturing"", ""AI servers"", ""data centers"", ""EMS"", ""ODM""]","Forecast how AI server and data center demand will reshape order quality, customer concentration, margins, and capacity planning for electronics manufacturers.",innovation_product_strategy,electronics_manufacturing,"[""technology_competitors"", ""innovation_opportunities"", ""rd_directions""]",2026-09-09,[]
"Memory, Advanced Packaging, and Supply Allocation Risks for Electronics OEMs","Write an industry-level trend outlook report in English based on 'Memory, Advanced Packaging, and Supply Allocation Risks for Electronics OEMs'. Avoid in-depth explanations of specific technical mechanisms. Category: market_landscape. Audience role: innovation_product_strategy. Industry: electronics_manufacturing. Jobs to be done: track_technologies_and_competitors,identify_innovation_opportunities,evaluate_r_and_d_directions. Keywords: memory cycle, advanced packaging, capacity allocation, AI hardware, supply risk. Overview: Analyze how memory demand, packaging constraints, and supply allocation could affect electronics manufacturing customers beyond the semiconductor sector. The report must cover current industry conditions, demand and customer shifts, competitive landscape, supply chain, cost and regulatory factors, 3-5 year scenarios, opportunities and risks, and actionable recommendations for companies.",https://eureka.patsnap.com/ai-search/sess_20270bd350b34ce9?from=rd-home&start_from=eureka_landingpage,https://eureka.patsnap.com/share/?id=65531b3fa03a7b99cb39bbfbb144d307&from=invite-eureakplg-result&content=,report,,,,"Memory, Advanced Packaging, and Supply Allocation Risks for Electronics OEMs","[""market_landscape""]","[""memory cycle"", ""advanced packaging"", ""capacity allocation"", ""AI hardware"", ""supply risk""]","Analyze how memory demand, packaging constraints, and supply allocation could affect electronics manufacturing customers beyond the semiconductor sector.",innovation_product_strategy,electronics_manufacturing,"[""technology_competitors"", ""innovation_opportunities"", ""rd_directions""]",2026-09-09,[]
Geopatriation and Compliance-Driven Footprint Redesign in Electronics,"Write an industry-level trend outlook report in English based on 'Geopatriation and Compliance-Driven Footprint Redesign in Electronics'. Avoid in-depth explanations of specific technical mechanisms. Category: risk_watch. Audience role: innovation_product_strategy. Industry: electronics_manufacturing. Jobs to be done: track_technologies_and_competitors,identify_innovation_opportunities,evaluate_r_and_d_directions. Keywords: geopatriation, manufacturing footprint, compliance, nearshoring, electronics supply chain. Overview: Evaluate how geopolitics, export controls, local rules, and customer compliance needs are reshaping electronics manufacturing footprints. The report must cover current industry conditions, demand and customer shifts, competitive landscape, supply chain, cost and regulatory factors, 3-5 year scenarios, opportunities and risks, and actionable recommendations for companies.",https://eureka.patsnap.com/ai-search/sess_84c2851f2cfa4e16?from=rd-home&start_from=eureka_landingpage,https://eureka.patsnap.com/share/?id=19678dae7b88892745b9f610c8dd8829&from=invite-eureakplg-result&content=,report,,,,Geopatriation and Compliance-Driven Footprint Redesign in Electronics,"[""risk_watch""]","[""geopatriation"", ""manufacturing footprint"", ""compliance"", ""nearshoring"", ""electronics supply chain""]","Evaluate how geopolitics, export controls, local rules, and customer compliance needs are reshaping electronics manufacturing footprints.",innovation_product_strategy,electronics_manufacturing,"[""technology_competitors"", ""innovation_opportunities"", ""rd_directions""]",2026-09-09,[]
AI PCs and Edge Devices: Replacement Cycle or Short-Lived Upgrade Wave,"Write an industry-level trend outlook report in English based on 'AI PCs and Edge Devices: Replacement Cycle or Short-Lived Upgrade Wave'. Avoid in-depth explanations of specific technical mechanisms. Category: opportunity_brief. Audience role: innovation_product_strategy. Industry: electronics_manufacturing. Jobs to be done: track_technologies_and_competitors,identify_innovation_opportunities,evaluate_r_and_d_directions. Keywords: AI PC, edge devices, replacement cycle, consumer electronics, device demand. Overview: Assess whether AI-enabled devices can create a durable replacement cycle and how manufacturers should prepare for uncertain adoption curves. The report must cover current industry conditions, demand and customer shifts, competitive landscape, supply chain, cost and regulatory factors, 3-5 year scenarios, opportunities and risks, and actionable recommendations for companies.",https://eureka.patsnap.com/ai-search/sess_2cad98270d5947aa?from=rd-home&start_from=eureka_landingpage,https://eureka.patsnap.com/share/?id=9152b3690cf8fc18ffdee089b2070f4d&from=invite-eureakplg-result&content=,report,,,,AI PCs and Edge Devices: Replacement Cycle or Short-Lived Upgrade Wave,"[""opportunity_brief""]","[""AI PC"", ""edge devices"", ""replacement cycle"", ""consumer electronics"", ""device demand""]",Assess whether AI-enabled devices can create a durable replacement cycle and how manufacturers should prepare for uncertain adoption curves.,innovation_product_strategy,electronics_manufacturing,"[""technology_competitors"", ""innovation_opportunities"", ""rd_directions""]",2026-09-09,[]
"Industrial, Medical, and Automotive Electronics as Resilience Segments","Write an industry-level trend outlook report in English based on 'Industrial, Medical, and Automotive Electronics as Resilience Segments'. Avoid in-depth explanations of specific technical mechanisms. Category: market_landscape. Audience role: innovation_product_strategy. Industry: electronics_manufacturing. Jobs to be done: track_technologies_and_competitors,identify_innovation_opportunities,evaluate_r_and_d_directions. Keywords: industrial electronics, medical electronics, automotive electronics, portfolio mix, demand resilience. Overview: Analyze how non-consumer electronics segments may stabilize demand and change capability requirements for EMS and ODM firms. The report must cover current industry conditions, demand and customer shifts, competitive landscape, supply chain, cost and regulatory factors, 3-5 year scenarios, opportunities and risks, and actionable recommendations for companies.",https://eureka.patsnap.com/ai-search/sess_7df48dbed10c4b7d?from=rd-home&start_from=eureka_landingpage,https://eureka.patsnap.com/share/?id=84962de15aae5419b741c8d5f9c45c37&from=invite-eureakplg-result&content=,report,,,,"Industrial, Medical, and Automotive Electronics as Resilience Segments","[""market_landscape""]","[""industrial electronics"", ""medical electronics"", ""automotive electronics"", ""portfolio mix"", ""demand resilience""]",Analyze how non-consumer electronics segments may stabilize demand and change capability requirements for EMS and ODM firms.,innovation_product_strategy,electronics_manufacturing,"[""technology_competitors"", ""innovation_opportunities"", ""rd_directions""]",2026-09-09,[]
"Electronics Provenance, Traceability, and Trust as Procurement Criteria","Write an industry-level trend outlook report in English based on 'Electronics Provenance, Traceability, and Trust as Procurement Criteria'. Avoid in-depth explanations of specific technical mechanisms. Category: trend_brief. Audience role: innovation_product_strategy. Industry: electronics_manufacturing. Jobs to be done: track_technologies_and_competitors,identify_innovation_opportunities,evaluate_r_and_d_directions. Keywords: digital provenance, traceability, electronics procurement, cybersecurity, supply chain trust. Overview: Forecast how provenance, component traceability, and security expectations could become procurement requirements in electronics manufacturing. The report must cover current industry conditions, demand and customer shifts, competitive landscape, supply chain, cost and regulatory factors, 3-5 year scenarios, opportunities and risks, and actionable recommendations for companies.",https://eureka.patsnap.com/ai-search/sess_02349c83a5424a98?from=rd-home&start_from=eureka_landingpage,https://eureka.patsnap.com/share/?id=1be2c94f5b6e25cab64fbcaddde53c0b&from=invite-eureakplg-result&content=,report,,,,"Electronics Provenance, Traceability, and Trust as Procurement Criteria","[""trend_brief""]","[""digital provenance"", ""traceability"", ""electronics procurement"", ""cybersecurity"", ""supply chain trust""]","Forecast how provenance, component traceability, and security expectations could become procurement requirements in electronics manufacturing.",innovation_product_strategy,electronics_manufacturing,"[""technology_competitors"", ""innovation_opportunities"", ""rd_directions""]",2026-09-09,[]
Power Availability and Data Center Buildout Risks for Electronics Demand,"Write an industry-level trend outlook report in English based on 'Power Availability and Data Center Buildout Risks for Electronics Demand'. Avoid in-depth explanations of specific technical mechanisms. Category: risk_watch. Audience role: innovation_product_strategy. Industry: electronics_manufacturing. Jobs to be done: track_technologies_and_competitors,identify_innovation_opportunities,evaluate_r_and_d_directions. Keywords: power constraints, data center buildout, AI hardware, demand risk, electronics outlook. Overview: Evaluate how grid constraints, permitting delays, and AI infrastructure economics could affect electronics manufacturing demand scenarios. The report must cover current industry conditions, demand and customer shifts, competitive landscape, supply chain, cost and regulatory factors, 3-5 year scenarios, opportunities and risks, and actionable recommendations for companies.",https://eureka.patsnap.com/ai-search/sess_2dc6b2d4b28045a1?from=rd-home&start_from=eureka_landingpage,https://eureka.patsnap.com/share/?id=841d4626110d4cf25bc3386442236619&from=invite-eureakplg-result&content=,report,,,,Power Availability and Data Center Buildout Risks for Electronics Demand,"[""risk_watch""]","[""power constraints"", ""data center buildout"", ""AI hardware"", ""demand risk"", ""electronics outlook""]","Evaluate how grid constraints, permitting delays, and AI infrastructure economics could affect electronics manufacturing demand scenarios.",innovation_product_strategy,electronics_manufacturing,"[""technology_competitors"", ""innovation_opportunities"", ""rd_directions""]",2026-09-09,[]
"Circular Electronics, Repairability, and Lifecycle Services","Write an industry-level trend outlook report in English based on 'Circular Electronics, Repairability, and Lifecycle Services'. Avoid in-depth explanations of specific technical mechanisms. Category: opportunity_brief. Audience role: innovation_product_strategy. Industry: electronics_manufacturing. Jobs to be done: track_technologies_and_competitors,identify_innovation_opportunities,evaluate_r_and_d_directions. Keywords: circular electronics, repairability, EPR, lifecycle services, sustainability. Overview: Assess how repairability rules, takeback programs, and lifecycle services could create new revenue pools for electronics manufacturers. The report must cover current industry conditions, demand and customer shifts, competitive landscape, supply chain, cost and regulatory factors, 3-5 year scenarios, opportunities and risks, and actionable recommendations for companies.",https://eureka.patsnap.com/ai-search/sess_5e729917085c4dd8?from=rd-home&start_from=eureka_landingpage,https://eureka.patsnap.com/share/?id=834f409cc11ed6cab7faab2c1c0e2c90&from=invite-eureakplg-result&content=,report,,,,"Circular Electronics, Repairability, and Lifecycle Services","[""opportunity_brief""]","[""circular electronics"", ""repairability"", ""EPR"", ""lifecycle services"", ""sustainability""]","Assess how repairability rules, takeback programs, and lifecycle services could create new revenue pools for electronics manufacturers.",innovation_product_strategy,electronics_manufacturing,"[""technology_competitors"", ""innovation_opportunities"", ""rd_directions""]",2026-09-09,[]
Inventory Discipline After Volatility: The New Electronics Planning Model,"Write an industry-level trend outlook report in English based on 'Inventory Discipline After Volatility: The New Electronics Planning Model'. Avoid in-depth explanations of specific technical mechanisms. Category: market_landscape. Audience role: innovation_product_strategy. Industry: electronics_manufacturing. Jobs to be done: track_technologies_and_competitors,identify_innovation_opportunities,evaluate_r_and_d_directions. Keywords: inventory discipline, demand volatility, component planning, supply chain, working capital. Overview: Analyze how companies can balance resilience and working capital after repeated cycles of shortages, excess inventory, and demand shocks. The report must cover current industry conditions, demand and customer shifts, competitive landscape, supply chain, cost and regulatory factors, 3-5 year scenarios, opportunities and risks, and actionable recommendations for companies.",https://eureka.patsnap.com/ai-search/sess_a090514442494c44?from=rd-home&start_from=eureka_landingpage,https://eureka.patsnap.com/share/?id=5e70e48846827f1777aed8a5591b66fa&from=invite-eureakplg-result&content=,report,,,,Inventory Discipline After Volatility: The New Electronics Planning Model,"[""market_landscape""]","[""inventory discipline"", ""demand volatility"", ""component planning"", ""supply chain"", ""working capital""]","Analyze how companies can balance resilience and working capital after repeated cycles of shortages, excess inventory, and demand shocks.",innovation_product_strategy,electronics_manufacturing,"[""technology_competitors"", ""innovation_opportunities"", ""rd_directions""]",2026-09-09,[]
From Build-to-Print to Co-Design: The EMS Value Proposition Shift,"Write an industry-level trend outlook report in English based on 'From Build-to-Print to Co-Design: The EMS Value Proposition Shift'. Avoid in-depth explanations of specific technical mechanisms. Category: trend_brief. Audience role: innovation_product_strategy. Industry: electronics_manufacturing. Jobs to be done: track_technologies_and_competitors,identify_innovation_opportunities,evaluate_r_and_d_directions. Keywords: co-design, EMS strategy, ODM, customer collaboration, margin expansion. Overview: Forecast how electronics manufacturers can move from execution providers toward co-design, sourcing intelligence, and lifecycle partners. The report must cover current industry conditions, demand and customer shifts, competitive landscape, supply chain, cost and regulatory factors, 3-5 year scenarios, opportunities and risks, and actionable recommendations for companies.",https://eureka.patsnap.com/ai-search/sess_c353aed0387043f8?from=rd-home&start_from=eureka_landingpage,https://eureka.patsnap.com/share/?id=d739d1f74752f1fd0334481f11a4e061&from=invite-eureakplg-result&content=,report,,,,From Build-to-Print to Co-Design: The EMS Value Proposition Shift,"[""trend_brief""]","[""co-design"", ""EMS strategy"", ""ODM"", ""customer collaboration"", ""margin expansion""]","Forecast how electronics manufacturers can move from execution providers toward co-design, sourcing intelligence, and lifecycle partners.",innovation_product_strategy,electronics_manufacturing,"[""technology_competitors"", ""innovation_opportunities"", ""rd_directions""]",2026-09-09,[]
"Electricity Demand Shock: AI Data Centers, Industry, and Electrification","Write an industry-level trend outlook report in English based on 'Electricity Demand Shock: AI Data Centers, Industry, and Electrification'. Avoid in-depth explanations of specific technical mechanisms. Category: trend_brief. Audience role: innovation_product_strategy. Industry: energy. Jobs to be done: track_technologies_and_competitors,identify_innovation_opportunities,evaluate_r_and_d_directions. Keywords: electricity demand, AI data centers, electrification, grid planning, energy outlook. Overview: Forecast how AI infrastructure, industrial load growth, and electrification may reshape power markets, grid planning, and energy strategy through 2030. The report must cover current industry conditions, demand and customer shifts, competitive landscape, supply chain, cost and regulatory factors, 3-5 year scenarios, opportunities and risks, and actionable recommendations for companies.",https://eureka.patsnap.com/ai-search/sess_d27f188862964677?from=rd-home&start_from=eureka_landingpage,https://eureka.patsnap.com/share/?id=19211635b3d7116f3766f7b12d507716&from=invite-eureakplg-result&content=,report,,,,"Electricity Demand Shock: AI Data Centers, Industry, and Electrification","[""trend_brief""]","[""electricity demand"", ""AI data centers"", ""electrification"", ""grid planning"", ""energy outlook""]","Forecast how AI infrastructure, industrial load growth, and electrification may reshape power markets, grid planning, and energy strategy through 2030.",innovation_product_strategy,energy,"[""technology_competitors"", ""innovation_opportunities"", ""rd_directions""]",2026-09-09,[]
Grid Bottlenecks as the New Energy Transition Constraint,"Write an industry-level trend outlook report in English based on 'Grid Bottlenecks as the New Energy Transition Constraint'. Avoid in-depth explanations of specific technical mechanisms. Category: market_landscape. Audience role: innovation_product_strategy. Industry: energy. Jobs to be done: track_technologies_and_competitors,identify_innovation_opportunities,evaluate_r_and_d_directions. Keywords: grid modernization, interconnection, transmission, power reliability, clean energy. Overview: Analyze why transmission, interconnection queues, permitting, and distribution upgrades are becoming central constraints for the energy transition. The report must cover current industry conditions, demand and customer shifts, competitive landscape, supply chain, cost and regulatory factors, 3-5 year scenarios, opportunities and risks, and actionable recommendations for companies.",https://eureka.patsnap.com/ai-search/sess_12c02e6584e64ced?from=rd-home&start_from=eureka_landingpage,https://eureka.patsnap.com/share/?id=e361f0a959b17dc57aaeea5f2bb47585&from=invite-eureakplg-result&content=,report,,,,Grid Bottlenecks as the New Energy Transition Constraint,"[""market_landscape""]","[""grid modernization"", ""interconnection"", ""transmission"", ""power reliability"", ""clean energy""]","Analyze why transmission, interconnection queues, permitting, and distribution upgrades are becoming central constraints for the energy transition.",innovation_product_strategy,energy,"[""technology_competitors"", ""innovation_opportunities"", ""rd_directions""]",2026-09-09,[]
Clean Firm Power and the Search for Reliable Low-Carbon Supply,"Write an industry-level trend outlook report in English based on 'Clean Firm Power and the Search for Reliable Low-Carbon Supply'. Avoid in-depth explanations of specific technical mechanisms. Category: opportunity_brief. Audience role: innovation_product_strategy. Industry: energy. Jobs to be done: track_technologies_and_competitors,identify_innovation_opportunities,evaluate_r_and_d_directions. Keywords: clean firm power, nuclear, gas, renewables, reliability. Overview: Assess opportunities created by demand for reliable low-carbon power across utilities, industrial buyers, and technology companies. The report must cover current industry conditions, demand and customer shifts, competitive landscape, supply chain, cost and regulatory factors, 3-5 year scenarios, opportunities and risks, and actionable recommendations for companies.",https://eureka.patsnap.com/ai-search/sess_943f8b12313e4ffa?from=rd-home&start_from=eureka_landingpage,https://eureka.patsnap.com/share/?id=878ff106676747792073cbff9945dd64&from=invite-eureakplg-result&content=,report,,,,Clean Firm Power and the Search for Reliable Low-Carbon Supply,"[""opportunity_brief""]","[""clean firm power"", ""nuclear"", ""gas"", ""renewables"", ""reliability""]","Assess opportunities created by demand for reliable low-carbon power across utilities, industrial buyers, and technology companies.",innovation_product_strategy,energy,"[""technology_competitors"", ""innovation_opportunities"", ""rd_directions""]",2026-09-09,[]
Energy Affordability and Policy Volatility Through 2030,"Write an industry-level trend outlook report in English based on 'Energy Affordability and Policy Volatility Through 2030'. Avoid in-depth explanations of specific technical mechanisms. Category: risk_watch. Audience role: innovation_product_strategy. Industry: energy. Jobs to be done: track_technologies_and_competitors,identify_innovation_opportunities,evaluate_r_and_d_directions. Keywords: energy affordability, policy volatility, consumer rates, energy security, investment risk. Overview: Evaluate how affordability concerns and policy swings could change investment decisions, customer acceptance, and project timing. The report must cover current industry conditions, demand and customer shifts, competitive landscape, supply chain, cost and regulatory factors, 3-5 year scenarios, opportunities and risks, and actionable recommendations for companies.",https://eureka.patsnap.com/ai-search/sess_0678bf72ced041cc?from=rd-home&start_from=eureka_landingpage,https://eureka.patsnap.com/share/?id=1981e5b51f0567cb1dc0a2eed5c0ee2c&from=invite-eureakplg-result&content=,report,,,,Energy Affordability and Policy Volatility Through 2030,"[""risk_watch""]","[""energy affordability"", ""policy volatility"", ""consumer rates"", ""energy security"", ""investment risk""]","Evaluate how affordability concerns and policy swings could change investment decisions, customer acceptance, and project timing.",innovation_product_strategy,energy,"[""technology_competitors"", ""innovation_opportunities"", ""rd_directions""]",2026-09-09,[]
"Storage Economics, Capacity Markets, and Grid Flexibility","Write an industry-level trend outlook report in English based on 'Storage Economics, Capacity Markets, and Grid Flexibility'. Avoid in-depth explanations of specific technical mechanisms. Category: market_landscape. Audience role: innovation_product_strategy. Industry: energy. Jobs to be done: track_technologies_and_competitors,identify_innovation_opportunities,evaluate_r_and_d_directions. Keywords: energy storage, capacity markets, grid flexibility, renewables integration, power markets. Overview: Analyze how storage value pools may evolve as grids need flexibility, reliability, and congestion relief rather than energy shifting alone. The report must cover current industry conditions, demand and customer shifts, competitive landscape, supply chain, cost and regulatory factors, 3-5 year scenarios, opportunities and risks, and actionable recommendations for companies.",https://eureka.patsnap.com/ai-search/sess_4f9379a809354929?from=rd-home&start_from=eureka_landingpage,https://eureka.patsnap.com/share/?id=aa8d622d077da0186e53ea6bfad7d5dd&from=invite-eureakplg-result&content=,report,,,,"Storage Economics, Capacity Markets, and Grid Flexibility","[""market_landscape""]","[""energy storage"", ""capacity markets"", ""grid flexibility"", ""renewables integration"", ""power markets""]","Analyze how storage value pools may evolve as grids need flexibility, reliability, and congestion relief rather than energy shifting alone.",innovation_product_strategy,energy,"[""technology_competitors"", ""innovation_opportunities"", ""rd_directions""]",2026-09-09,[]
Critical Minerals and Energy Security in the Next Investment Cycle,"Write an industry-level trend outlook report in English based on 'Critical Minerals and Energy Security in the Next Investment Cycle'. Avoid in-depth explanations of specific technical mechanisms. Category: trend_brief. Audience role: innovation_product_strategy. Industry: energy. Jobs to be done: track_technologies_and_competitors,identify_innovation_opportunities,evaluate_r_and_d_directions. Keywords: critical minerals, energy security, battery supply, resource strategy, clean energy. Overview: Forecast how mineral supply, processing concentration, and recycling will influence clean energy deployment and national energy strategies. The report must cover current industry conditions, demand and customer shifts, competitive landscape, supply chain, cost and regulatory factors, 3-5 year scenarios, opportunities and risks, and actionable recommendations for companies.",https://eureka.patsnap.com/ai-search/sess_c4eaeb22e1134bfe?from=rd-home&start_from=eureka_landingpage,https://eureka.patsnap.com/share/?id=8585b8104ffdc19fd134e790789d3a69&from=invite-eureakplg-result&content=,report,,,,Critical Minerals and Energy Security in the Next Investment Cycle,"[""trend_brief""]","[""critical minerals"", ""energy security"", ""battery supply"", ""resource strategy"", ""clean energy""]","Forecast how mineral supply, processing concentration, and recycling will influence clean energy deployment and national energy strategies.",innovation_product_strategy,energy,"[""technology_competitors"", ""innovation_opportunities"", ""rd_directions""]",2026-09-09,[]
Distributed Energy and Resilience for Commercial and Industrial Customers,"Write an industry-level trend outlook report in English based on 'Distributed Energy and Resilience for Commercial and Industrial Customers'. Avoid in-depth explanations of specific technical mechanisms. Category: opportunity_brief. Audience role: innovation_product_strategy. Industry: energy. Jobs to be done: track_technologies_and_competitors,identify_innovation_opportunities,evaluate_r_and_d_directions. Keywords: distributed energy, resilience, microgrids, C&I energy, backup power. Overview: Assess how reliability concerns and cost control can drive adoption of distributed energy, microgrids, and backup solutions for businesses. The report must cover current industry conditions, demand and customer shifts, competitive landscape, supply chain, cost and regulatory factors, 3-5 year scenarios, opportunities and risks, and actionable recommendations for companies.",https://eureka.patsnap.com/ai-search/sess_4a3e786e9e834a5d?from=rd-home&start_from=eureka_landingpage,https://eureka.patsnap.com/share/?id=417d0cf10d5bb1218b59a137b03c111f&from=invite-eureakplg-result&content=,report,,,,Distributed Energy and Resilience for Commercial and Industrial Customers,"[""opportunity_brief""]","[""distributed energy"", ""resilience"", ""microgrids"", ""C&I energy"", ""backup power""]","Assess how reliability concerns and cost control can drive adoption of distributed energy, microgrids, and backup solutions for businesses.",innovation_product_strategy,energy,"[""technology_competitors"", ""innovation_opportunities"", ""rd_directions""]",2026-09-09,[]
Hydrogen Market Reset: From Announcements to Bankable Demand,"Write an industry-level trend outlook report in English based on 'Hydrogen Market Reset: From Announcements to Bankable Demand'. Avoid in-depth explanations of specific technical mechanisms. Category: risk_watch. Audience role: innovation_product_strategy. Industry: energy. Jobs to be done: track_technologies_and_competitors,identify_innovation_opportunities,evaluate_r_and_d_directions. Keywords: hydrogen, bankable demand, industrial decarbonization, project finance, energy transition. Overview: Evaluate what needs to change for hydrogen projects to move from pilots and announcements into durable commercial markets. The report must cover current industry conditions, demand and customer shifts, competitive landscape, supply chain, cost and regulatory factors, 3-5 year scenarios, opportunities and risks, and actionable recommendations for companies.",https://eureka.patsnap.com/ai-search/sess_3920265059824d81?from=rd-home&start_from=eureka_landingpage,https://eureka.patsnap.com/share/?id=e51dc1db7b48e26489a2bb7884580bcd&from=invite-eureakplg-result&content=,report,,,,Hydrogen Market Reset: From Announcements to Bankable Demand,"[""risk_watch""]","[""hydrogen"", ""bankable demand"", ""industrial decarbonization"", ""project finance"", ""energy transition""]",Evaluate what needs to change for hydrogen projects to move from pilots and announcements into durable commercial markets.,innovation_product_strategy,energy,"[""technology_competitors"", ""innovation_opportunities"", ""rd_directions""]",2026-09-09,[]
Vehicle-to-Grid and Managed Charging as Auto-Energy Convergence,"Write an industry-level trend outlook report in English based on 'Vehicle-to-Grid and Managed Charging as Auto-Energy Convergence'. Avoid in-depth explanations of specific technical mechanisms. Category: market_landscape. Audience role: innovation_product_strategy. Industry: energy. Jobs to be done: track_technologies_and_competitors,identify_innovation_opportunities,evaluate_r_and_d_directions. Keywords: managed charging, vehicle-to-grid, EVs, grid services, energy ecosystem. Overview: Analyze how EVs, managed charging, fleets, and grid services could create new interfaces between automotive and energy companies. The report must cover current industry conditions, demand and customer shifts, competitive landscape, supply chain, cost and regulatory factors, 3-5 year scenarios, opportunities and risks, and actionable recommendations for companies.",https://eureka.patsnap.com/ai-search/sess_bb6049c675a34b69?from=rd-home&start_from=eureka_landingpage,https://eureka.patsnap.com/share/?id=e9277f0bf7e4f88c12108ba54fd0d6cf&from=invite-eureakplg-result&content=,report,,,,Vehicle-to-Grid and Managed Charging as Auto-Energy Convergence,"[""market_landscape""]","[""managed charging"", ""vehicle-to-grid"", ""EVs"", ""grid services"", ""energy ecosystem""]","Analyze how EVs, managed charging, fleets, and grid services could create new interfaces between automotive and energy companies.",innovation_product_strategy,energy,"[""technology_competitors"", ""innovation_opportunities"", ""rd_directions""]",2026-09-09,[]
Carbon Management Markets for Hard-to-Abate Industries,"Write an industry-level trend outlook report in English based on 'Carbon Management Markets for Hard-to-Abate Industries'. Avoid in-depth explanations of specific technical mechanisms. Category: trend_brief. Audience role: innovation_product_strategy. Industry: energy. Jobs to be done: track_technologies_and_competitors,identify_innovation_opportunities,evaluate_r_and_d_directions. Keywords: carbon management, CCUS, industrial decarbonization, hard-to-abate, policy support. Overview: Forecast how carbon management demand may develop across industrial sectors under policy, customer, and infrastructure constraints. The report must cover current industry conditions, demand and customer shifts, competitive landscape, supply chain, cost and regulatory factors, 3-5 year scenarios, opportunities and risks, and actionable recommendations for companies.",https://eureka.patsnap.com/ai-search/sess_67cead48fa194610?from=rd-home&start_from=eureka_landingpage,https://eureka.patsnap.com/share/?id=d3937bb65f4a608e6dc502346a5b2cff&from=invite-eureakplg-result&content=,report,,,,Carbon Management Markets for Hard-to-Abate Industries,"[""trend_brief""]","[""carbon management"", ""CCUS"", ""industrial decarbonization"", ""hard-to-abate"", ""policy support""]","Forecast how carbon management demand may develop across industrial sectors under policy, customer, and infrastructure constraints.",innovation_product_strategy,energy,"[""technology_competitors"", ""innovation_opportunities"", ""rd_directions""]",2026-09-09,[]
Engineering Services and Industrial Firms in the Physical AI Era,"Write an industry-level trend outlook report in English based on 'Engineering Services and Industrial Firms in the Physical AI Era'. Avoid in-depth explanations of specific technical mechanisms. Category: trend_brief. Audience role: innovation_product_strategy. Industry: engineering. Jobs to be done: track_technologies_and_competitors,identify_innovation_opportunities,evaluate_r_and_d_directions. Keywords: physical AI, industrial automation, engineering services, capital allocation, operations. Overview: Forecast how robotics, autonomous operations, and AI-enabled engineering workflows may reshape demand for engineering services and industrial solutions. The report must cover current industry conditions, demand and customer shifts, competitive landscape, supply chain, cost and regulatory factors, 3-5 year scenarios, opportunities and risks, and actionable recommendations for companies.",https://eureka.patsnap.com/ai-search/sess_c03653aa93d74227?from=rd-home&start_from=eureka_landingpage,https://eureka.patsnap.com/share/?id=4ec03a357955debcf3036bde8540d144&from=invite-eureakplg-result&content=,report,,,,Engineering Services and Industrial Firms in the Physical AI Era,"[""trend_brief""]","[""physical AI"", ""industrial automation"", ""engineering services"", ""capital allocation"", ""operations""]","Forecast how robotics, autonomous operations, and AI-enabled engineering workflows may reshape demand for engineering services and industrial solutions.",innovation_product_strategy,engineering,"[""technology_competitors"", ""innovation_opportunities"", ""rd_directions""]",2026-09-09,[]
Engineering Workforce Shortages and the Productivity Mandate,"Write an industry-level trend outlook report in English based on 'Engineering Workforce Shortages and the Productivity Mandate'. Avoid in-depth explanations of specific technical mechanisms. Category: market_landscape. Audience role: innovation_product_strategy. Industry: engineering. Jobs to be done: track_technologies_and_competitors,identify_innovation_opportunities,evaluate_r_and_d_directions. Keywords: engineering workforce, skills shortage, productivity, AI copilots, delivery capacity. Overview: Analyze how talent shortages and productivity pressure are changing operating models, project staffing, and knowledge management across engineering organizations. The report must cover current industry conditions, demand and customer shifts, competitive landscape, supply chain, cost and regulatory factors, 3-5 year scenarios, opportunities and risks, and actionable recommendations for companies.",https://eureka.patsnap.com/ai-search/sess_56403f6532c74d87?from=rd-home&start_from=eureka_landingpage,https://eureka.patsnap.com/share/?id=baaeca7e37d4ecccbc1a9438bcfa61c5&from=invite-eureakplg-result&content=,report,,,,Engineering Workforce Shortages and the Productivity Mandate,"[""market_landscape""]","[""engineering workforce"", ""skills shortage"", ""productivity"", ""AI copilots"", ""delivery capacity""]","Analyze how talent shortages and productivity pressure are changing operating models, project staffing, and knowledge management across engineering organizations.",innovation_product_strategy,engineering,"[""technology_competitors"", ""innovation_opportunities"", ""rd_directions""]",2026-09-09,[]
Aftermarket and Service Models for Industrial Equipment Companies,"Write an industry-level trend outlook report in English based on 'Aftermarket and Service Models for Industrial Equipment Companies'. Avoid in-depth explanations of specific technical mechanisms. Category: opportunity_brief. Audience role: innovation_product_strategy. Industry: engineering. Jobs to be done: track_technologies_and_competitors,identify_innovation_opportunities,evaluate_r_and_d_directions. Keywords: aftermarket, service revenue, industrial equipment, installed base, customer retention. Overview: Assess how industrial companies can expand recurring revenue through services, maintenance, uptime guarantees, and lifecycle support. The report must cover current industry conditions, demand and customer shifts, competitive landscape, supply chain, cost and regulatory factors, 3-5 year scenarios, opportunities and risks, and actionable recommendations for companies.",https://eureka.patsnap.com/ai-search/sess_0c9f73702b5342f1?from=rd-home&start_from=eureka_landingpage,https://eureka.patsnap.com/share/?id=bf1f88817d66c9024831d4231a0f66dc&from=invite-eureakplg-result&content=,report,,,,Aftermarket and Service Models for Industrial Equipment Companies,"[""opportunity_brief""]","[""aftermarket"", ""service revenue"", ""industrial equipment"", ""installed base"", ""customer retention""]","Assess how industrial companies can expand recurring revenue through services, maintenance, uptime guarantees, and lifecycle support.",innovation_product_strategy,engineering,"[""technology_competitors"", ""innovation_opportunities"", ""rd_directions""]",2026-09-09,[]
Industrial Capex Volatility and Project Delivery Risk,"Write an industry-level trend outlook report in English based on 'Industrial Capex Volatility and Project Delivery Risk'. Avoid in-depth explanations of specific technical mechanisms. Category: risk_watch. Audience role: innovation_product_strategy. Industry: engineering. Jobs to be done: track_technologies_and_competitors,identify_innovation_opportunities,evaluate_r_and_d_directions. Keywords: industrial capex, project risk, cost escalation, delivery model, investment cycle. Overview: Evaluate how uncertain capital spending, inflation, supply constraints, and customer delays may affect engineering project pipelines. The report must cover current industry conditions, demand and customer shifts, competitive landscape, supply chain, cost and regulatory factors, 3-5 year scenarios, opportunities and risks, and actionable recommendations for companies.",https://eureka.patsnap.com/ai-search/sess_f487c29709684c46?from=rd-home&start_from=eureka_landingpage,https://eureka.patsnap.com/share/?id=cdcc05e17b4e874dffe19772fc17c17a&from=invite-eureakplg-result&content=,report,,,,Industrial Capex Volatility and Project Delivery Risk,"[""risk_watch""]","[""industrial capex"", ""project risk"", ""cost escalation"", ""delivery model"", ""investment cycle""]","Evaluate how uncertain capital spending, inflation, supply constraints, and customer delays may affect engineering project pipelines.",innovation_product_strategy,engineering,"[""technology_competitors"", ""innovation_opportunities"", ""rd_directions""]",2026-09-09,[]
Regional Manufacturing Networks and Engineering Localization,"Write an industry-level trend outlook report in English based on 'Regional Manufacturing Networks and Engineering Localization'. Avoid in-depth explanations of specific technical mechanisms. Category: trend_brief. Audience role: innovation_product_strategy. Industry: engineering. Jobs to be done: track_technologies_and_competitors,identify_innovation_opportunities,evaluate_r_and_d_directions. Keywords: regional manufacturing, localization, engineering footprint, supply resilience, industrial strategy. Overview: Forecast how regional manufacturing strategies are changing engineering requirements, supplier development, and facility planning. The report must cover current industry conditions, demand and customer shifts, competitive landscape, supply chain, cost and regulatory factors, 3-5 year scenarios, opportunities and risks, and actionable recommendations for companies.",https://eureka.patsnap.com/ai-search/sess_6ad6bc3376964177?from=rd-home&start_from=eureka_landingpage,https://eureka.patsnap.com/share/?id=9670b02db776c390d75663826c5714f3&from=invite-eureakplg-result&content=,report,,,,Regional Manufacturing Networks and Engineering Localization,"[""trend_brief""]","[""regional manufacturing"", ""localization"", ""engineering footprint"", ""supply resilience"", ""industrial strategy""]","Forecast how regional manufacturing strategies are changing engineering requirements, supplier development, and facility planning.",innovation_product_strategy,engineering,"[""technology_competitors"", ""innovation_opportunities"", ""rd_directions""]",2026-09-09,[]
Digital Thread and Model-Based Delivery as Business Strategy,"Write an industry-level trend outlook report in English based on 'Digital Thread and Model-Based Delivery as Business Strategy'. Avoid in-depth explanations of specific technical mechanisms. Category: market_landscape. Audience role: innovation_product_strategy. Industry: engineering. Jobs to be done: track_technologies_and_competitors,identify_innovation_opportunities,evaluate_r_and_d_directions. Keywords: digital thread, model-based delivery, engineering data, project governance, customer value. Overview: Analyze the business case for integrated engineering data and model-based delivery without focusing on technical implementation details. The report must cover current industry conditions, demand and customer shifts, competitive landscape, supply chain, cost and regulatory factors, 3-5 year scenarios, opportunities and risks, and actionable recommendations for companies.",https://eureka.patsnap.com/ai-search/sess_00226b5f67064cbb?from=rd-home&start_from=eureka_landingpage,https://eureka.patsnap.com/share/?id=12b8336c2a2b777b1a6d8a8f25a2f025&from=invite-eureakplg-result&content=,report,,,,Digital Thread and Model-Based Delivery as Business Strategy,"[""market_landscape""]","[""digital thread"", ""model-based delivery"", ""engineering data"", ""project governance"", ""customer value""]",Analyze the business case for integrated engineering data and model-based delivery without focusing on technical implementation details.,innovation_product_strategy,engineering,"[""technology_competitors"", ""innovation_opportunities"", ""rd_directions""]",2026-09-09,[]
Energy Efficiency Retrofits as a Growth Engine for Engineering Firms,"Write an industry-level trend outlook report in English based on 'Energy Efficiency Retrofits as a Growth Engine for Engineering Firms'. Avoid in-depth explanations of specific technical mechanisms. Category: opportunity_brief. Audience role: innovation_product_strategy. Industry: engineering. Jobs to be done: track_technologies_and_competitors,identify_innovation_opportunities,evaluate_r_and_d_directions. Keywords: energy efficiency, retrofits, industrial decarbonization, cost savings, engineering demand. Overview: Assess demand for engineering services tied to energy efficiency, industrial modernization, emissions reduction, and operating cost resilience. The report must cover current industry conditions, demand and customer shifts, competitive landscape, supply chain, cost and regulatory factors, 3-5 year scenarios, opportunities and risks, and actionable recommendations for companies.",https://eureka.patsnap.com/ai-search/sess_930e3832148c44f7?from=rd-home&start_from=eureka_landingpage,https://eureka.patsnap.com/share/?id=d2d1610f9e28058d8380b65f880aa785&from=invite-eureakplg-result&content=,report,,,,Energy Efficiency Retrofits as a Growth Engine for Engineering Firms,"[""opportunity_brief""]","[""energy efficiency"", ""retrofits"", ""industrial decarbonization"", ""cost savings"", ""engineering demand""]","Assess demand for engineering services tied to energy efficiency, industrial modernization, emissions reduction, and operating cost resilience.",innovation_product_strategy,engineering,"[""technology_competitors"", ""innovation_opportunities"", ""rd_directions""]",2026-09-09,[]
"Safety, Standards, and Certification as Competitive Differentiators","Write an industry-level trend outlook report in English based on 'Safety, Standards, and Certification as Competitive Differentiators'. Avoid in-depth explanations of specific technical mechanisms. Category: risk_watch. Audience role: innovation_product_strategy. Industry: engineering. Jobs to be done: track_technologies_and_competitors,identify_innovation_opportunities,evaluate_r_and_d_directions. Keywords: safety standards, certification, compliance, industrial trust, engineering quality. Overview: Evaluate how stricter safety, cybersecurity, and reliability expectations can become both risk factors and differentiation opportunities. The report must cover current industry conditions, demand and customer shifts, competitive landscape, supply chain, cost and regulatory factors, 3-5 year scenarios, opportunities and risks, and actionable recommendations for companies.",https://eureka.patsnap.com/ai-search/sess_4481d3889e224cdb?from=rd-home&start_from=eureka_landingpage,https://eureka.patsnap.com/share/?id=8f17ea15ca9c087517b607895a04b227&from=invite-eureakplg-result&content=,report,,,,"Safety, Standards, and Certification as Competitive Differentiators","[""risk_watch""]","[""safety standards"", ""certification"", ""compliance"", ""industrial trust"", ""engineering quality""]","Evaluate how stricter safety, cybersecurity, and reliability expectations can become both risk factors and differentiation opportunities.",innovation_product_strategy,engineering,"[""technology_competitors"", ""innovation_opportunities"", ""rd_directions""]",2026-09-09,[]
Automation ROI: From Pilot Projects to Scaled Industrial Adoption,"Write an industry-level trend outlook report in English based on 'Automation ROI: From Pilot Projects to Scaled Industrial Adoption'. Avoid in-depth explanations of specific technical mechanisms. Category: market_landscape. Audience role: innovation_product_strategy. Industry: engineering. Jobs to be done: track_technologies_and_competitors,identify_innovation_opportunities,evaluate_r_and_d_directions. Keywords: automation ROI, industrial adoption, pilot scaling, operations strategy, productivity. Overview: Analyze why automation initiatives often stall after pilots and what market conditions could accelerate scaled adoption through 2030. The report must cover current industry conditions, demand and customer shifts, competitive landscape, supply chain, cost and regulatory factors, 3-5 year scenarios, opportunities and risks, and actionable recommendations for companies.",https://eureka.patsnap.com/ai-search/sess_0d14976f89de46ca?from=rd-home&start_from=eureka_landingpage,https://eureka.patsnap.com/share/?id=74335081fb899733f30e93ee274de227&from=invite-eureakplg-result&content=,report,,,,Automation ROI: From Pilot Projects to Scaled Industrial Adoption,"[""market_landscape""]","[""automation ROI"", ""industrial adoption"", ""pilot scaling"", ""operations strategy"", ""productivity""]",Analyze why automation initiatives often stall after pilots and what market conditions could accelerate scaled adoption through 2030.,innovation_product_strategy,engineering,"[""technology_competitors"", ""innovation_opportunities"", ""rd_directions""]",2026-09-09,[]
"Engineering Firms as Integrators of Infrastructure, Energy, and Digital Systems","Write an industry-level trend outlook report in English based on 'Engineering Firms as Integrators of Infrastructure, Energy, and Digital Systems'. Avoid in-depth explanations of specific technical mechanisms. Category: trend_brief. Audience role: innovation_product_strategy. Industry: engineering. Jobs to be done: track_technologies_and_competitors,identify_innovation_opportunities,evaluate_r_and_d_directions. Keywords: systems integration, infrastructure, energy transition, digital systems, engineering outlook. Overview: Forecast how complex infrastructure and industrial projects are increasing demand for engineering firms that can integrate physical, digital, and energy systems. The report must cover current industry conditions, demand and customer shifts, competitive landscape, supply chain, cost and regulatory factors, 3-5 year scenarios, opportunities and risks, and actionable recommendations for companies.",https://eureka.patsnap.com/ai-search/sess_dba3e8b431b848a5?from=rd-home&start_from=eureka_landingpage,https://eureka.patsnap.com/share/?id=817f56a115b84dd1f0a204386d84e1f1&from=invite-eureakplg-result&content=,report,,,,"Engineering Firms as Integrators of Infrastructure, Energy, and Digital Systems","[""trend_brief""]","[""systems integration"", ""infrastructure"", ""energy transition"", ""digital systems"", ""engineering outlook""]","Forecast how complex infrastructure and industrial projects are increasing demand for engineering firms that can integrate physical, digital, and energy systems.",innovation_product_strategy,engineering,"[""technology_competitors"", ""innovation_opportunities"", ""rd_directions""]",2026-09-09,[]
Farm Profitability Under Climate Volatility and Input Cost Pressure,"Write an industry-level trend outlook report in English based on 'Farm Profitability Under Climate Volatility and Input Cost Pressure'. Avoid in-depth explanations of specific technical mechanisms. Category: trend_brief. Audience role: innovation_product_strategy. Industry: farming_production. Jobs to be done: track_technologies_and_competitors,identify_innovation_opportunities,evaluate_r_and_d_directions. Keywords: farm profitability, climate volatility, input costs, crop economics, resilience. Overview: Forecast how weather volatility, input costs, insurance, and commodity cycles will shape farm investment priorities through 2030. The report must cover current industry conditions, demand and customer shifts, competitive landscape, supply chain, cost and regulatory factors, 3-5 year scenarios, opportunities and risks, and actionable recommendations for companies.",https://eureka.patsnap.com/ai-search/sess_b2231cbc17224917?from=rd-home&start_from=eureka_landingpage,https://eureka.patsnap.com/share/?id=acfcffb75b513798605ef751e6e33fb5&from=invite-eureakplg-result&content=,report,,,,Farm Profitability Under Climate Volatility and Input Cost Pressure,"[""trend_brief""]","[""farm profitability"", ""climate volatility"", ""input costs"", ""crop economics"", ""resilience""]","Forecast how weather volatility, input costs, insurance, and commodity cycles will shape farm investment priorities through 2030.",innovation_product_strategy,food_farming_production,"[""technology_competitors"", ""innovation_opportunities"", ""rd_directions""]",2026-09-09,[]
"Precision Agriculture Adoption: ROI, Trust, and Dealer-Led Scaling","Write an industry-level trend outlook report in English based on 'Precision Agriculture Adoption: ROI, Trust, and Dealer-Led Scaling'. Avoid in-depth explanations of specific technical mechanisms. Category: market_landscape. Audience role: innovation_product_strategy. Industry: farming_production. Jobs to be done: track_technologies_and_competitors,identify_innovation_opportunities,evaluate_r_and_d_directions. Keywords: precision agriculture, ROI, dealer channel, farm data, adoption curve. Overview: Analyze why precision agriculture adoption depends on measurable ROI, channel trust, interoperability, and service support rather than technology availability alone. The report must cover current industry conditions, demand and customer shifts, competitive landscape, supply chain, cost and regulatory factors, 3-5 year scenarios, opportunities and risks, and actionable recommendations for companies.",https://eureka.patsnap.com/ai-search/sess_96971ef86aa94353?from=rd-home&start_from=eureka_landingpage,https://eureka.patsnap.com/share/?id=e80594ca225ac0da3540edc42fc808d1&from=invite-eureakplg-result&content=,report,,,,"Precision Agriculture Adoption: ROI, Trust, and Dealer-Led Scaling","[""market_landscape""]","[""precision agriculture"", ""ROI"", ""dealer channel"", ""farm data"", ""adoption curve""]","Analyze why precision agriculture adoption depends on measurable ROI, channel trust, interoperability, and service support rather than technology availability alone.",innovation_product_strategy,food_farming_production,"[""technology_competitors"", ""innovation_opportunities"", ""rd_directions""]",2026-09-09,[]
Autonomous Farm Operations and the Labor Constraint,"Write an industry-level trend outlook report in English based on 'Autonomous Farm Operations and the Labor Constraint'. Avoid in-depth explanations of specific technical mechanisms. Category: opportunity_brief. Audience role: innovation_product_strategy. Industry: farming_production. Jobs to be done: track_technologies_and_competitors,identify_innovation_opportunities,evaluate_r_and_d_directions. Keywords: farm labor, autonomous operations, equipment strategy, productivity, farm management. Overview: Assess how labor scarcity can create demand for autonomous and semi-autonomous farm operations, service models, and new equipment economics. The report must cover current industry conditions, demand and customer shifts, competitive landscape, supply chain, cost and regulatory factors, 3-5 year scenarios, opportunities and risks, and actionable recommendations for companies.",https://eureka.patsnap.com/ai-search/sess_7d280a8d68d34624?from=rd-home&start_from=eureka_landingpage,https://eureka.patsnap.com/share/?id=8dda087b076fba88a6af336ecb296cda&from=invite-eureakplg-result&content=,report,,,,Autonomous Farm Operations and the Labor Constraint,"[""opportunity_brief""]","[""farm labor"", ""autonomous operations"", ""equipment strategy"", ""productivity"", ""farm management""]","Assess how labor scarcity can create demand for autonomous and semi-autonomous farm operations, service models, and new equipment economics.",innovation_product_strategy,food_farming_production,"[""technology_competitors"", ""innovation_opportunities"", ""rd_directions""]",2026-09-09,[]
Water Scarcity and Irrigation Investment as Strategic Farm Issues,"Write an industry-level trend outlook report in English based on 'Water Scarcity and Irrigation Investment as Strategic Farm Issues'. Avoid in-depth explanations of specific technical mechanisms. Category: risk_watch. Audience role: innovation_product_strategy. Industry: farming_production. Jobs to be done: track_technologies_and_competitors,identify_innovation_opportunities,evaluate_r_and_d_directions. Keywords: water scarcity, irrigation, farm investment, climate adaptation, regional risk. Overview: Evaluate how water availability and regulation may reshape crop choices, equipment demand, and regional agricultural competitiveness. The report must cover current industry conditions, demand and customer shifts, competitive landscape, supply chain, cost and regulatory factors, 3-5 year scenarios, opportunities and risks, and actionable recommendations for companies.",https://eureka.patsnap.com/ai-search/sess_4e63ab1148234f9e?from=rd-home&start_from=eureka_landingpage,https://eureka.patsnap.com/share/?id=fd4b2f5d3809a993dc00255707387492&from=invite-eureakplg-result&content=,report,,,,Water Scarcity and Irrigation Investment as Strategic Farm Issues,"[""risk_watch""]","[""water scarcity"", ""irrigation"", ""farm investment"", ""climate adaptation"", ""regional risk""]","Evaluate how water availability and regulation may reshape crop choices, equipment demand, and regional agricultural competitiveness.",innovation_product_strategy,food_farming_production,"[""technology_competitors"", ""innovation_opportunities"", ""rd_directions""]",2026-09-09,[]
Biological Inputs and Soil Health: Market Promise and Adoption Barriers,"Write an industry-level trend outlook report in English based on 'Biological Inputs and Soil Health: Market Promise and Adoption Barriers'. Avoid in-depth explanations of specific technical mechanisms. Category: market_landscape. Audience role: innovation_product_strategy. Industry: farming_production. Jobs to be done: track_technologies_and_competitors,identify_innovation_opportunities,evaluate_r_and_d_directions. Keywords: biological inputs, soil health, regenerative agriculture, yield risk, farmer adoption. Overview: Analyze the market potential and credibility challenges for biological inputs, soil health programs, and regenerative agriculture offerings. The report must cover current industry conditions, demand and customer shifts, competitive landscape, supply chain, cost and regulatory factors, 3-5 year scenarios, opportunities and risks, and actionable recommendations for companies.",https://eureka.patsnap.com/ai-search/sess_7f2ddf876f774d0f?from=rd-home&start_from=eureka_landingpage,https://eureka.patsnap.com/share/?id=813cca22d397edbe817d47e49010bb10&from=invite-eureakplg-result&content=,report,,,,Biological Inputs and Soil Health: Market Promise and Adoption Barriers,"[""market_landscape""]","[""biological inputs"", ""soil health"", ""regenerative agriculture"", ""yield risk"", ""farmer adoption""]","Analyze the market potential and credibility challenges for biological inputs, soil health programs, and regenerative agriculture offerings.",innovation_product_strategy,food_farming_production,"[""technology_competitors"", ""innovation_opportunities"", ""rd_directions""]",2026-09-09,[]
Seed and Crop Portfolio Resilience in Extreme Weather Markets,"Write an industry-level trend outlook report in English based on 'Seed and Crop Portfolio Resilience in Extreme Weather Markets'. Avoid in-depth explanations of specific technical mechanisms. Category: trend_brief. Audience role: innovation_product_strategy. Industry: farming_production. Jobs to be done: track_technologies_and_competitors,identify_innovation_opportunities,evaluate_r_and_d_directions. Keywords: seed strategy, crop resilience, extreme weather, yield stability, portfolio planning. Overview: Forecast how crop resilience, regional adaptation, and yield stability could shape seed and crop protection portfolio priorities. The report must cover current industry conditions, demand and customer shifts, competitive landscape, supply chain, cost and regulatory factors, 3-5 year scenarios, opportunities and risks, and actionable recommendations for companies.",https://eureka.patsnap.com/ai-search/sess_af51cfd084454fa3?from=rd-home&start_from=eureka_landingpage,https://eureka.patsnap.com/share/?id=1539f44ac64c619c76ac75fc9a274a2b&from=invite-eureakplg-result&content=,report,,,,Seed and Crop Portfolio Resilience in Extreme Weather Markets,"[""trend_brief""]","[""seed strategy"", ""crop resilience"", ""extreme weather"", ""yield stability"", ""portfolio planning""]","Forecast how crop resilience, regional adaptation, and yield stability could shape seed and crop protection portfolio priorities.",innovation_product_strategy,food_farming_production,"[""technology_competitors"", ""innovation_opportunities"", ""rd_directions""]",2026-09-09,[]
"Farmer Incentives for Carbon, Nature, and Sustainability Programs","Write an industry-level trend outlook report in English based on 'Farmer Incentives for Carbon, Nature, and Sustainability Programs'. Avoid in-depth explanations of specific technical mechanisms. Category: opportunity_brief. Audience role: innovation_product_strategy. Industry: farming_production. Jobs to be done: track_technologies_and_competitors,identify_innovation_opportunities,evaluate_r_and_d_directions. Keywords: carbon farming, nature reporting, sustainability incentives, farmer economics, measurement. Overview: Assess how sustainability programs can become practical for farmers when incentives, measurement burden, and buyer demand are aligned. The report must cover current industry conditions, demand and customer shifts, competitive landscape, supply chain, cost and regulatory factors, 3-5 year scenarios, opportunities and risks, and actionable recommendations for companies.",https://eureka.patsnap.com/ai-search/sess_03d612eee948474b?from=rd-home&start_from=eureka_landingpage,https://eureka.patsnap.com/share/?id=d854ee203590dd2ccfa0ef5863c6c1d0&from=invite-eureakplg-result&content=,report,,,,"Farmer Incentives for Carbon, Nature, and Sustainability Programs","[""opportunity_brief""]","[""carbon farming"", ""nature reporting"", ""sustainability incentives"", ""farmer economics"", ""measurement""]","Assess how sustainability programs can become practical for farmers when incentives, measurement burden, and buyer demand are aligned.",innovation_product_strategy,food_farming_production,"[""technology_competitors"", ""innovation_opportunities"", ""rd_directions""]",2026-09-09,[]
Farm Data Ownership and Trust Across Agribusiness Ecosystems,"Write an industry-level trend outlook report in English based on 'Farm Data Ownership and Trust Across Agribusiness Ecosystems'. Avoid in-depth explanations of specific technical mechanisms. Category: risk_watch. Audience role: innovation_product_strategy. Industry: farming_production. Jobs to be done: track_technologies_and_competitors,identify_innovation_opportunities,evaluate_r_and_d_directions. Keywords: farm data, data ownership, agribusiness platforms, trust, digital agriculture. Overview: Evaluate how data rights, platform lock-in concerns, and transparency expectations may influence digital agriculture adoption. The report must cover current industry conditions, demand and customer shifts, competitive landscape, supply chain, cost and regulatory factors, 3-5 year scenarios, opportunities and risks, and actionable recommendations for companies.",https://eureka.patsnap.com/ai-search/sess_51fe3196a45e42e2?from=rd-home&start_from=eureka_landingpage,https://eureka.patsnap.com/share/?id=cfae3e71f3afbe6a508e89e8c6e90d73&from=invite-eureakplg-result&content=,report,,,,Farm Data Ownership and Trust Across Agribusiness Ecosystems,"[""risk_watch""]","[""farm data"", ""data ownership"", ""agribusiness platforms"", ""trust"", ""digital agriculture""]","Evaluate how data rights, platform lock-in concerns, and transparency expectations may influence digital agriculture adoption.",innovation_product_strategy,food_farming_production,"[""technology_competitors"", ""innovation_opportunities"", ""rd_directions""]",2026-09-09,[]
Controlled Environment Agriculture After the Profitability Reset,"Write an industry-level trend outlook report in English based on 'Controlled Environment Agriculture After the Profitability Reset'. Avoid in-depth explanations of specific technical mechanisms. Category: market_landscape. Audience role: innovation_product_strategy. Industry: farming_production. Jobs to be done: track_technologies_and_competitors,identify_innovation_opportunities,evaluate_r_and_d_directions. Keywords: controlled environment agriculture, CEA, profitability, energy costs, fresh produce. Overview: Analyze which controlled environment agriculture models may survive after energy, capital, and demand pressures force a profitability reset. The report must cover current industry conditions, demand and customer shifts, competitive landscape, supply chain, cost and regulatory factors, 3-5 year scenarios, opportunities and risks, and actionable recommendations for companies.",https://eureka.patsnap.com/ai-search/sess_fb0d7f74f4374373?from=rd-home&start_from=eureka_landingpage,https://eureka.patsnap.com/share/?id=df1ac8a53d34f05b11b32695b33548ee&from=invite-eureakplg-result&content=,report,,,,Controlled Environment Agriculture After the Profitability Reset,"[""market_landscape""]","[""controlled environment agriculture"", ""CEA"", ""profitability"", ""energy costs"", ""fresh produce""]","Analyze which controlled environment agriculture models may survive after energy, capital, and demand pressures force a profitability reset.",innovation_product_strategy,food_farming_production,"[""technology_competitors"", ""innovation_opportunities"", ""rd_directions""]",2026-09-09,[]
Agribusiness Consolidation and Platform Ecosystems,"Write an industry-level trend outlook report in English based on 'Agribusiness Consolidation and Platform Ecosystems'. Avoid in-depth explanations of specific technical mechanisms. Category: trend_brief. Audience role: innovation_product_strategy. Industry: farming_production. Jobs to be done: track_technologies_and_competitors,identify_innovation_opportunities,evaluate_r_and_d_directions. Keywords: agribusiness consolidation, platform ecosystems, dealer networks, farm services, competition. Overview: Forecast how consolidation and platform strategies could change bargaining power, service bundles, and innovation access for growers. The report must cover current industry conditions, demand and customer shifts, competitive landscape, supply chain, cost and regulatory factors, 3-5 year scenarios, opportunities and risks, and actionable recommendations for companies.",https://eureka.patsnap.com/ai-search/sess_bc3eb326393049aa?from=rd-home&start_from=eureka_landingpage,https://eureka.patsnap.com/share/?id=e485afa581593930800943c89f02b522&from=invite-eureakplg-result&content=,report,,,,Agribusiness Consolidation and Platform Ecosystems,"[""trend_brief""]","[""agribusiness consolidation"", ""platform ecosystems"", ""dealer networks"", ""farm services"", ""competition""]","Forecast how consolidation and platform strategies could change bargaining power, service bundles, and innovation access for growers.",innovation_product_strategy,food_farming_production,"[""technology_competitors"", ""innovation_opportunities"", ""rd_directions""]",2026-09-09,[]
Food Portfolios After the Wellness and Affordability Collision,"Write an industry-level trend outlook report in English based on 'Food Portfolios After the Wellness and Affordability Collision'. Avoid in-depth explanations of specific technical mechanisms. Category: trend_brief. Audience role: innovation_product_strategy. Industry: food. Jobs to be done: track_technologies_and_competitors,identify_innovation_opportunities,evaluate_r_and_d_directions. Keywords: food affordability, wellness, consumer demand, portfolio strategy, value positioning. Overview: Forecast how consumers will balance affordability, health, convenience, and taste, and what that means for food company portfolios through 2030. The report must cover current industry conditions, demand and customer shifts, competitive landscape, supply chain, cost and regulatory factors, 3-5 year scenarios, opportunities and risks, and actionable recommendations for companies.",https://eureka.patsnap.com/ai-search/sess_34f046c13686481b?from=rd-home&start_from=eureka_landingpage,https://eureka.patsnap.com/share/?id=62ecce259659506a0d8457ef24358b79&from=invite-eureakplg-result&content=,report,,,,Food Portfolios After the Wellness and Affordability Collision,"[""trend_brief""]","[""food affordability"", ""wellness"", ""consumer demand"", ""portfolio strategy"", ""value positioning""]","Forecast how consumers will balance affordability, health, convenience, and taste, and what that means for food company portfolios through 2030.",innovation_product_strategy,food_farming_production,"[""technology_competitors"", ""innovation_opportunities"", ""rd_directions""]",2026-09-09,[]
GLP-1 Adoption and the Changing Demand Map for Food Companies,"Write an industry-level trend outlook report in English based on 'GLP-1 Adoption and the Changing Demand Map for Food Companies'. Avoid in-depth explanations of specific technical mechanisms. Category: market_landscape. Audience role: innovation_product_strategy. Industry: food. Jobs to be done: track_technologies_and_competitors,identify_innovation_opportunities,evaluate_r_and_d_directions. Keywords: GLP-1, food demand, portion size, protein, consumer behavior. Overview: Analyze how appetite-modifying therapies could affect food categories, portion formats, nutrition claims, and brand positioning. The report must cover current industry conditions, demand and customer shifts, competitive landscape, supply chain, cost and regulatory factors, 3-5 year scenarios, opportunities and risks, and actionable recommendations for companies.",https://eureka.patsnap.com/ai-search/sess_66e118e6065146a7?from=rd-home&start_from=eureka_landingpage,https://eureka.patsnap.com/share/?id=077cf20f759b4a2ae8215e02bf3504ac&from=invite-eureakplg-result&content=,report,,,,GLP-1 Adoption and the Changing Demand Map for Food Companies,"[""market_landscape""]","[""GLP-1"", ""food demand"", ""portion size"", ""protein"", ""consumer behavior""]","Analyze how appetite-modifying therapies could affect food categories, portion formats, nutrition claims, and brand positioning.",innovation_product_strategy,food_farming_production,"[""technology_competitors"", ""innovation_opportunities"", ""rd_directions""]",2026-09-09,[]
"Protein Transition 2.0: From Novelty to Taste, Cost, and Supply Reliability","Write an industry-level trend outlook report in English based on 'Protein Transition 2.0: From Novelty to Taste, Cost, and Supply Reliability'. Avoid in-depth explanations of specific technical mechanisms. Category: opportunity_brief. Audience role: innovation_product_strategy. Industry: food. Jobs to be done: track_technologies_and_competitors,identify_innovation_opportunities,evaluate_r_and_d_directions. Keywords: protein transition, alternative protein, taste, cost parity, supply reliability. Overview: Assess where alternative and blended proteins can find durable demand as consumers and retailers prioritize value and eating experience. The report must cover current industry conditions, demand and customer shifts, competitive landscape, supply chain, cost and regulatory factors, 3-5 year scenarios, opportunities and risks, and actionable recommendations for companies.",https://eureka.patsnap.com/ai-search/sess_1b98069e124a425a?from=rd-home&start_from=eureka_landingpage,https://eureka.patsnap.com/share/?id=728633c650ecc51c670b618b4921eaa5&from=invite-eureakplg-result&content=,report,,,,"Protein Transition 2.0: From Novelty to Taste, Cost, and Supply Reliability","[""opportunity_brief""]","[""protein transition"", ""alternative protein"", ""taste"", ""cost parity"", ""supply reliability""]",Assess where alternative and blended proteins can find durable demand as consumers and retailers prioritize value and eating experience.,innovation_product_strategy,food_farming_production,"[""technology_competitors"", ""innovation_opportunities"", ""rd_directions""]",2026-09-09,[]
Ultra-Processed Food Scrutiny and the Next Labeling Debate,"Write an industry-level trend outlook report in English based on 'Ultra-Processed Food Scrutiny and the Next Labeling Debate'. Avoid in-depth explanations of specific technical mechanisms. Category: risk_watch. Audience role: innovation_product_strategy. Industry: food. Jobs to be done: track_technologies_and_competitors,identify_innovation_opportunities,evaluate_r_and_d_directions. Keywords: ultra-processed food, labeling, regulation, consumer trust, reformulation. Overview: Evaluate how regulatory and consumer scrutiny of processing, additives, and claims could reshape product development and portfolio risk. The report must cover current industry conditions, demand and customer shifts, competitive landscape, supply chain, cost and regulatory factors, 3-5 year scenarios, opportunities and risks, and actionable recommendations for companies.",https://eureka.patsnap.com/ai-search/sess_46d7553f4fb04e9c?from=rd-home&start_from=eureka_landingpage,https://eureka.patsnap.com/share/?id=917acea968dc8b37fd81bf4316713215&from=invite-eureakplg-result&content=,report,,,,Ultra-Processed Food Scrutiny and the Next Labeling Debate,"[""risk_watch""]","[""ultra-processed food"", ""labeling"", ""regulation"", ""consumer trust"", ""reformulation""]","Evaluate how regulatory and consumer scrutiny of processing, additives, and claims could reshape product development and portfolio risk.",innovation_product_strategy,food_farming_production,"[""technology_competitors"", ""innovation_opportunities"", ""rd_directions""]",2026-09-09,[]
"Private Label, Retail Power, and the Brand Innovation Challenge","Write an industry-level trend outlook report in English based on 'Private Label, Retail Power, and the Brand Innovation Challenge'. Avoid in-depth explanations of specific technical mechanisms. Category: market_landscape. Audience role: innovation_product_strategy. Industry: food. Jobs to be done: track_technologies_and_competitors,identify_innovation_opportunities,evaluate_r_and_d_directions. Keywords: private label, retail power, brand innovation, pricing, food margins. Overview: Analyze how retailer power and private-label quality improvements are pressuring branded food companies to redefine differentiation. The report must cover current industry conditions, demand and customer shifts, competitive landscape, supply chain, cost and regulatory factors, 3-5 year scenarios, opportunities and risks, and actionable recommendations for companies.",https://eureka.patsnap.com/ai-search/sess_977aeea703c048bc?from=rd-home&start_from=eureka_landingpage,https://eureka.patsnap.com/share/?id=3c99ce038edab1fcbb9dfa24e97da5d1&from=invite-eureakplg-result&content=,report,,,,"Private Label, Retail Power, and the Brand Innovation Challenge","[""market_landscape""]","[""private label"", ""retail power"", ""brand innovation"", ""pricing"", ""food margins""]",Analyze how retailer power and private-label quality improvements are pressuring branded food companies to redefine differentiation.,innovation_product_strategy,food_farming_production,"[""technology_competitors"", ""innovation_opportunities"", ""rd_directions""]",2026-09-09,[]
Climate-Resilient Ingredient Sourcing and Food Security Strategy,"Write an industry-level trend outlook report in English based on 'Climate-Resilient Ingredient Sourcing and Food Security Strategy'. Avoid in-depth explanations of specific technical mechanisms. Category: trend_brief. Audience role: innovation_product_strategy. Industry: food. Jobs to be done: track_technologies_and_competitors,identify_innovation_opportunities,evaluate_r_and_d_directions. Keywords: ingredient sourcing, climate resilience, food security, supply chain, crop volatility. Overview: Forecast how climate shocks and supply volatility will influence ingredient strategy, supplier diversification, and product reformulation. The report must cover current industry conditions, demand and customer shifts, competitive landscape, supply chain, cost and regulatory factors, 3-5 year scenarios, opportunities and risks, and actionable recommendations for companies.",https://eureka.patsnap.com/ai-search/sess_d9d31bd39e2a4564?from=rd-home&start_from=eureka_landingpage,https://eureka.patsnap.com/share/?id=cdd99f9670412b813273b456f7b3d46b&from=invite-eureakplg-result&content=,report,,,,Climate-Resilient Ingredient Sourcing and Food Security Strategy,"[""trend_brief""]","[""ingredient sourcing"", ""climate resilience"", ""food security"", ""supply chain"", ""crop volatility""]","Forecast how climate shocks and supply volatility will influence ingredient strategy, supplier diversification, and product reformulation.",innovation_product_strategy,food_farming_production,"[""technology_competitors"", ""innovation_opportunities"", ""rd_directions""]",2026-09-09,[]
Functional Foods and Evidence-Based Wellness Claims,"Write an industry-level trend outlook report in English based on 'Functional Foods and Evidence-Based Wellness Claims'. Avoid in-depth explanations of specific technical mechanisms. Category: opportunity_brief. Audience role: innovation_product_strategy. Industry: food. Jobs to be done: track_technologies_and_competitors,identify_innovation_opportunities,evaluate_r_and_d_directions. Keywords: functional food, wellness claims, evidence, nutrition, consumer trust. Overview: Assess growth opportunities for functional foods where claims, evidence, taste, and price can align with consumer trust. The report must cover current industry conditions, demand and customer shifts, competitive landscape, supply chain, cost and regulatory factors, 3-5 year scenarios, opportunities and risks, and actionable recommendations for companies.",https://eureka.patsnap.com/ai-search/sess_ffcc7c5f60ad4df6?from=rd-home&start_from=eureka_landingpage,https://eureka.patsnap.com/share/?id=95f9ddc1c5fdc52ada59bbe5e4edb4b4&from=invite-eureakplg-result&content=,report,,,,Functional Foods and Evidence-Based Wellness Claims,"[""opportunity_brief""]","[""functional food"", ""wellness claims"", ""evidence"", ""nutrition"", ""consumer trust""]","Assess growth opportunities for functional foods where claims, evidence, taste, and price can align with consumer trust.",innovation_product_strategy,food_farming_production,"[""technology_competitors"", ""innovation_opportunities"", ""rd_directions""]",2026-09-09,[]
"Packaging, Waste, and Extended Producer Responsibility in Food","Write an industry-level trend outlook report in English based on 'Packaging, Waste, and Extended Producer Responsibility in Food'. Avoid in-depth explanations of specific technical mechanisms. Category: risk_watch. Audience role: innovation_product_strategy. Industry: food. Jobs to be done: track_technologies_and_competitors,identify_innovation_opportunities,evaluate_r_and_d_directions. Keywords: food packaging, food waste, EPR, sustainability, regulatory pressure. Overview: Evaluate how packaging rules, waste reduction targets, and retailer commitments may affect food cost structures and innovation roadmaps. The report must cover current industry conditions, demand and customer shifts, competitive landscape, supply chain, cost and regulatory factors, 3-5 year scenarios, opportunities and risks, and actionable recommendations for companies.",https://eureka.patsnap.com/ai-search/sess_80718c24c1a2457d?from=rd-home&start_from=eureka_landingpage,https://eureka.patsnap.com/share/?id=95c1ad0b56ab56691a4403df95b30384&from=invite-eureakplg-result&content=,report,,,,"Packaging, Waste, and Extended Producer Responsibility in Food","[""risk_watch""]","[""food packaging"", ""food waste"", ""EPR"", ""sustainability"", ""regulatory pressure""]","Evaluate how packaging rules, waste reduction targets, and retailer commitments may affect food cost structures and innovation roadmaps.",innovation_product_strategy,food_farming_production,"[""technology_competitors"", ""innovation_opportunities"", ""rd_directions""]",2026-09-09,[]
Digital Traceability and Provenance as Food Trust Infrastructure,"Write an industry-level trend outlook report in English based on 'Digital Traceability and Provenance as Food Trust Infrastructure'. Avoid in-depth explanations of specific technical mechanisms. Category: market_landscape. Audience role: innovation_product_strategy. Industry: food. Jobs to be done: track_technologies_and_competitors,identify_innovation_opportunities,evaluate_r_and_d_directions. Keywords: food traceability, provenance, supply transparency, consumer trust, retailer requirements. Overview: Analyze how traceability and provenance expectations could move from premium claims to mainstream buyer requirements. The report must cover current industry conditions, demand and customer shifts, competitive landscape, supply chain, cost and regulatory factors, 3-5 year scenarios, opportunities and risks, and actionable recommendations for companies.",https://eureka.patsnap.com/ai-search/sess_38f7fe80d1ad4521?from=rd-home&start_from=eureka_landingpage,https://eureka.patsnap.com/share/?id=0760a3299ef978af54b426d7756efc50&from=invite-eureakplg-result&content=,report,,,,Digital Traceability and Provenance as Food Trust Infrastructure,"[""market_landscape""]","[""food traceability"", ""provenance"", ""supply transparency"", ""consumer trust"", ""retailer requirements""]",Analyze how traceability and provenance expectations could move from premium claims to mainstream buyer requirements.,innovation_product_strategy,food_farming_production,"[""technology_competitors"", ""innovation_opportunities"", ""rd_directions""]",2026-09-09,[]
Regionalization of Food Supply Chains and Local Production Narratives,"Write an industry-level trend outlook report in English based on 'Regionalization of Food Supply Chains and Local Production Narratives'. Avoid in-depth explanations of specific technical mechanisms. Category: trend_brief. Audience role: innovation_product_strategy. Industry: food. Jobs to be done: track_technologies_and_competitors,identify_innovation_opportunities,evaluate_r_and_d_directions. Keywords: regional food supply, local production, food resilience, sourcing strategy, consumer narrative. Overview: Forecast how food security concerns and local identity may influence sourcing, manufacturing footprints, and brand storytelling. The report must cover current industry conditions, demand and customer shifts, competitive landscape, supply chain, cost and regulatory factors, 3-5 year scenarios, opportunities and risks, and actionable recommendations for companies.",https://eureka.patsnap.com/ai-search/sess_3581b655d169493c?from=rd-home&start_from=eureka_landingpage,https://eureka.patsnap.com/share/?id=d788a0a542e8852192ee704d00253615&from=invite-eureakplg-result&content=,report,,,,Regionalization of Food Supply Chains and Local Production Narratives,"[""trend_brief""]","[""regional food supply"", ""local production"", ""food resilience"", ""sourcing strategy"", ""consumer narrative""]","Forecast how food security concerns and local identity may influence sourcing, manufacturing footprints, and brand storytelling.",innovation_product_strategy,food_farming_production,"[""technology_competitors"", ""innovation_opportunities"", ""rd_directions""]",2026-09-09,[]
Advanced Materials Demand Migration: From Volume Markets to Mission-Critical Applications,"Write an industry-level trend outlook report in English based on 'Advanced Materials Demand Migration: From Volume Markets to Mission-Critical Applications'. Avoid in-depth explanations of specific technical mechanisms. Category: trend_brief. Audience role: innovation_product_strategy. Industry: materials. Jobs to be done: track_technologies_and_competitors,identify_innovation_opportunities,evaluate_r_and_d_directions. Keywords: advanced materials, demand migration, high-value applications, margin mix, industrial strategy. Overview: Forecast how demand from energy, AI infrastructure, mobility, healthcare, and defense-adjacent applications will shift materials industry value pools. The report must cover current industry conditions, demand and customer shifts, competitive landscape, supply chain, cost and regulatory factors, 3-5 year scenarios, opportunities and risks, and actionable recommendations for companies.",https://eureka.patsnap.com/ai-search/sess_e2c021223d604cd4?from=rd-home&start_from=eureka_landingpage,https://eureka.patsnap.com/share/?id=d64829b2d5f8dea1ad963d38dd32fdbf&from=invite-eureakplg-result&content=,report,,,,Advanced Materials Demand Migration: From Volume Markets to Mission-Critical Applications,"[""trend_brief""]","[""advanced materials"", ""demand migration"", ""high-value applications"", ""margin mix"", ""industrial strategy""]","Forecast how demand from energy, AI infrastructure, mobility, healthcare, and defense-adjacent applications will shift materials industry value pools.",innovation_product_strategy,materials,"[""technology_competitors"", ""innovation_opportunities"", ""rd_directions""]",2026-09-09,[]
"Critical Minerals, Substitution, and the New Materials Security Agenda","Write an industry-level trend outlook report in English based on 'Critical Minerals, Substitution, and the New Materials Security Agenda'. Avoid in-depth explanations of specific technical mechanisms. Category: market_landscape. Audience role: innovation_product_strategy. Industry: materials. Jobs to be done: track_technologies_and_competitors,identify_innovation_opportunities,evaluate_r_and_d_directions. Keywords: critical minerals, substitution, supply security, resource strategy, materials resilience. Overview: Analyze how critical mineral constraints and substitution efforts are changing sourcing, customer qualification, and investment priorities across materials value chains. The report must cover current industry conditions, demand and customer shifts, competitive landscape, supply chain, cost and regulatory factors, 3-5 year scenarios, opportunities and risks, and actionable recommendations for companies.",https://eureka.patsnap.com/ai-search/sess_c741f7839d9c4771?from=rd-home&start_from=eureka_landingpage,https://eureka.patsnap.com/share/?id=76f3ba746f38f2897cd9a26ef8166022&from=invite-eureakplg-result&content=,report,,,,"Critical Minerals, Substitution, and the New Materials Security Agenda","[""market_landscape""]","[""critical minerals"", ""substitution"", ""supply security"", ""resource strategy"", ""materials resilience""]","Analyze how critical mineral constraints and substitution efforts are changing sourcing, customer qualification, and investment priorities across materials value chains.",innovation_product_strategy,materials,"[""technology_competitors"", ""innovation_opportunities"", ""rd_directions""]",2026-09-09,[]
"Materials for AI Infrastructure: Power, Cooling, Packaging, and Reliability Demand","Write an industry-level trend outlook report in English based on 'Materials for AI Infrastructure: Power, Cooling, Packaging, and Reliability Demand'. Avoid in-depth explanations of specific technical mechanisms. Category: opportunity_brief. Audience role: innovation_product_strategy. Industry: materials. Jobs to be done: track_technologies_and_competitors,identify_innovation_opportunities,evaluate_r_and_d_directions. Keywords: AI infrastructure, thermal management, power materials, electronics materials, data centers. Overview: Assess broad opportunities for materials suppliers as AI data centers raise requirements for power delivery, heat management, durability, and supply assurance. The report must cover current industry conditions, demand and customer shifts, competitive landscape, supply chain, cost and regulatory factors, 3-5 year scenarios, opportunities and risks, and actionable recommendations for companies.",https://eureka.patsnap.com/ai-search/sess_9f40ee9241dd4a58?from=rd-home&start_from=eureka_landingpage,https://eureka.patsnap.com/share/?id=5c4624ac09a9e68c01de120a185deb34&from=invite-eureakplg-result&content=,report,,,,"Materials for AI Infrastructure: Power, Cooling, Packaging, and Reliability Demand","[""opportunity_brief""]","[""AI infrastructure"", ""thermal management"", ""power materials"", ""electronics materials"", ""data centers""]","Assess broad opportunities for materials suppliers as AI data centers raise requirements for power delivery, heat management, durability, and supply assurance.",innovation_product_strategy,materials,"[""technology_competitors"", ""innovation_opportunities"", ""rd_directions""]",2026-09-09,[]
Circular Materials and Carbon Data as Customer Qualification Requirements,"Write an industry-level trend outlook report in English based on 'Circular Materials and Carbon Data as Customer Qualification Requirements'. Avoid in-depth explanations of specific technical mechanisms. Category: risk_watch. Audience role: innovation_product_strategy. Industry: materials. Jobs to be done: track_technologies_and_competitors,identify_innovation_opportunities,evaluate_r_and_d_directions. Keywords: circular materials, carbon footprint, product passport, procurement, sustainability reporting. Overview: Evaluate how circularity expectations, product carbon data, and procurement rules could change customer qualification and premium pricing in materials markets. The report must cover current industry conditions, demand and customer shifts, competitive landscape, supply chain, cost and regulatory factors, 3-5 year scenarios, opportunities and risks, and actionable recommendations for companies.",https://eureka.patsnap.com/ai-search/sess_1f90197201c342ec?from=rd-home&start_from=eureka_landingpage,https://eureka.patsnap.com/share/?id=6da295120a8beb7c1391f0c03b05bdf0&from=invite-eureakplg-result&content=,report,,,,Circular Materials and Carbon Data as Customer Qualification Requirements,"[""risk_watch""]","[""circular materials"", ""carbon footprint"", ""product passport"", ""procurement"", ""sustainability reporting""]","Evaluate how circularity expectations, product carbon data, and procurement rules could change customer qualification and premium pricing in materials markets.",innovation_product_strategy,materials,"[""technology_competitors"", ""innovation_opportunities"", ""rd_directions""]",2026-09-09,[]
Customer Co-Development and Long Qualification Cycles as Competitive Moats,"Write an industry-level trend outlook report in English based on 'Customer Co-Development and Long Qualification Cycles as Competitive Moats'. Avoid in-depth explanations of specific technical mechanisms. Category: market_landscape. Audience role: innovation_product_strategy. Industry: materials. Jobs to be done: track_technologies_and_competitors,identify_innovation_opportunities,evaluate_r_and_d_directions. Keywords: co-development, qualification cycle, customer intimacy, switching cost, specialty materials. Overview: Analyze why customer co-development, application know-how, and qualification timing are becoming more important than scale alone in specialty materials. The report must cover current industry conditions, demand and customer shifts, competitive landscape, supply chain, cost and regulatory factors, 3-5 year scenarios, opportunities and risks, and actionable recommendations for companies.",https://eureka.patsnap.com/ai-search/sess_d9387de894794697?from=rd-home&start_from=eureka_landingpage,https://eureka.patsnap.com/share/?id=8ee8fe32ab560fdc94cef7e77fe2ec3b&from=invite-eureakplg-result&content=,report,,,,Customer Co-Development and Long Qualification Cycles as Competitive Moats,"[""market_landscape""]","[""co-development"", ""qualification cycle"", ""customer intimacy"", ""switching cost"", ""specialty materials""]","Analyze why customer co-development, application know-how, and qualification timing are becoming more important than scale alone in specialty materials.",innovation_product_strategy,materials,"[""technology_competitors"", ""innovation_opportunities"", ""rd_directions""]",2026-09-09,[]
Low-Carbon Construction Materials: From Compliance Burden to Growth Segment,"Write an industry-level trend outlook report in English based on 'Low-Carbon Construction Materials: From Compliance Burden to Growth Segment'. Avoid in-depth explanations of specific technical mechanisms. Category: trend_brief. Audience role: innovation_product_strategy. Industry: materials. Jobs to be done: track_technologies_and_competitors,identify_innovation_opportunities,evaluate_r_and_d_directions. Keywords: low-carbon cement, green steel, construction materials, public procurement, retrofit demand. Overview: Forecast how public procurement, building standards, and retrofit investment may create differentiated demand for lower-carbon materials. The report must cover current industry conditions, demand and customer shifts, competitive landscape, supply chain, cost and regulatory factors, 3-5 year scenarios, opportunities and risks, and actionable recommendations for companies.",https://eureka.patsnap.com/ai-search/sess_3dbc411fb8e747e6?from=rd-home&start_from=eureka_landingpage,https://eureka.patsnap.com/share/?id=ef2beb7bc52ce8d5d2e3cc15f53cc182&from=invite-eureakplg-result&content=,report,,,,Low-Carbon Construction Materials: From Compliance Burden to Growth Segment,"[""trend_brief""]","[""low-carbon cement"", ""green steel"", ""construction materials"", ""public procurement"", ""retrofit demand""]","Forecast how public procurement, building standards, and retrofit investment may create differentiated demand for lower-carbon materials.",innovation_product_strategy,materials,"[""technology_competitors"", ""innovation_opportunities"", ""rd_directions""]",2026-09-09,[]
Mobility Lightweighting and Battery Materials After the EV Growth Reset,"Write an industry-level trend outlook report in English based on 'Mobility Lightweighting and Battery Materials After the EV Growth Reset'. Avoid in-depth explanations of specific technical mechanisms. Category: opportunity_brief. Audience role: innovation_product_strategy. Industry: materials. Jobs to be done: track_technologies_and_competitors,identify_innovation_opportunities,evaluate_r_and_d_directions. Keywords: mobility materials, lightweighting, battery materials, EV reset, supplier strategy. Overview: Assess how uneven EV growth, hybrid demand, and vehicle cost pressure could reshape materials priorities in mobility supply chains. The report must cover current industry conditions, demand and customer shifts, competitive landscape, supply chain, cost and regulatory factors, 3-5 year scenarios, opportunities and risks, and actionable recommendations for companies.",https://eureka.patsnap.com/ai-search/sess_11201b877eac4cc2?from=rd-home&start_from=eureka_landingpage,https://eureka.patsnap.com/share/?id=57c3bf116c549c7940c2726e5a07adf3&from=invite-eureakplg-result&content=,report,,,,Mobility Lightweighting and Battery Materials After the EV Growth Reset,"[""opportunity_brief""]","[""mobility materials"", ""lightweighting"", ""battery materials"", ""EV reset"", ""supplier strategy""]","Assess how uneven EV growth, hybrid demand, and vehicle cost pressure could reshape materials priorities in mobility supply chains.",innovation_product_strategy,materials,"[""technology_competitors"", ""innovation_opportunities"", ""rd_directions""]",2026-09-09,[]
Regionalized Materials Supply Chains and Trade Policy Exposure,"Write an industry-level trend outlook report in English based on 'Regionalized Materials Supply Chains and Trade Policy Exposure'. Avoid in-depth explanations of specific technical mechanisms. Category: risk_watch. Audience role: innovation_product_strategy. Industry: materials. Jobs to be done: track_technologies_and_competitors,identify_innovation_opportunities,evaluate_r_and_d_directions. Keywords: regional supply chain, trade policy, tariffs, local content, materials strategy. Overview: Evaluate how tariffs, local-content rules, and geopolitical risk may affect materials capacity planning and customer location strategy. The report must cover current industry conditions, demand and customer shifts, competitive landscape, supply chain, cost and regulatory factors, 3-5 year scenarios, opportunities and risks, and actionable recommendations for companies.",https://eureka.patsnap.com/ai-search/sess_386c148b3ac84757?from=rd-home&start_from=eureka_landingpage,https://eureka.patsnap.com/share/?id=6a6513afa457858d686e7c2f73ad08d1&from=invite-eureakplg-result&content=,report,,,,Regionalized Materials Supply Chains and Trade Policy Exposure,"[""risk_watch""]","[""regional supply chain"", ""trade policy"", ""tariffs"", ""local content"", ""materials strategy""]","Evaluate how tariffs, local-content rules, and geopolitical risk may affect materials capacity planning and customer location strategy.",innovation_product_strategy,materials,"[""technology_competitors"", ""innovation_opportunities"", ""rd_directions""]",2026-09-09,[]
Sustainable Packaging Materials Under Regulation and Retail Pressure,"Write an industry-level trend outlook report in English based on 'Sustainable Packaging Materials Under Regulation and Retail Pressure'. Avoid in-depth explanations of specific technical mechanisms. Category: market_landscape. Audience role: innovation_product_strategy. Industry: materials. Jobs to be done: track_technologies_and_competitors,identify_innovation_opportunities,evaluate_r_and_d_directions. Keywords: sustainable packaging, retail pressure, EPR, materials innovation, consumer goods. Overview: Analyze how extended producer responsibility, retailer commitments, and consumer scrutiny could reshape demand for packaging materials. The report must cover current industry conditions, demand and customer shifts, competitive landscape, supply chain, cost and regulatory factors, 3-5 year scenarios, opportunities and risks, and actionable recommendations for companies.",https://eureka.patsnap.com/ai-search/sess_e5d0595c535e482d?from=rd-home&start_from=eureka_landingpage,https://eureka.patsnap.com/share/?id=516dfcfe4a42c38d2fe4ab1ac506b4fc&from=invite-eureakplg-result&content=,report,,,,Sustainable Packaging Materials Under Regulation and Retail Pressure,"[""market_landscape""]","[""sustainable packaging"", ""retail pressure"", ""EPR"", ""materials innovation"", ""consumer goods""]","Analyze how extended producer responsibility, retailer commitments, and consumer scrutiny could reshape demand for packaging materials.",innovation_product_strategy,materials,"[""technology_competitors"", ""innovation_opportunities"", ""rd_directions""]",2026-09-09,[]
From Commodity Inputs to Application-Specific Materials Platforms,"Write an industry-level trend outlook report in English based on 'From Commodity Inputs to Application-Specific Materials Platforms'. Avoid in-depth explanations of specific technical mechanisms. Category: trend_brief. Audience role: innovation_product_strategy. Industry: materials. Jobs to be done: track_technologies_and_competitors,identify_innovation_opportunities,evaluate_r_and_d_directions. Keywords: materials platforms, specialty margins, application engineering, portfolio upgrade, industrial customers. Overview: Forecast how materials companies can move up the value chain through application-specific portfolios, services, and closer customer integration. The report must cover current industry conditions, demand and customer shifts, competitive landscape, supply chain, cost and regulatory factors, 3-5 year scenarios, opportunities and risks, and actionable recommendations for companies.",https://eureka.patsnap.com/ai-search/sess_4c8d455ab05a4cc6?from=rd-home&start_from=eureka_landingpage,https://eureka.patsnap.com/share/?id=d5c3437be3e179ab3eec1448484d310d&from=invite-eureakplg-result&content=,report,,,,From Commodity Inputs to Application-Specific Materials Platforms,"[""trend_brief""]","[""materials platforms"", ""specialty margins"", ""application engineering"", ""portfolio upgrade"", ""industrial customers""]","Forecast how materials companies can move up the value chain through application-specific portfolios, services, and closer customer integration.",innovation_product_strategy,materials,"[""technology_competitors"", ""innovation_opportunities"", ""rd_directions""]",2026-09-09,[]
MedTech Demand in the Era of Capacity-Constrained Health Systems,"Write an industry-level trend outlook report in English based on 'MedTech Demand in the Era of Capacity-Constrained Health Systems'. Avoid in-depth explanations of specific technical mechanisms. Category: trend_brief. Audience role: innovation_product_strategy. Industry: medical_devices. Jobs to be done: track_technologies_and_competitors,identify_innovation_opportunities,evaluate_r_and_d_directions. Keywords: medtech demand, hospital capacity, care delivery, procurement pressure, growth outlook. Overview: Forecast how constrained provider budgets, rising utilization, aging populations, and care-site migration will reshape medical device demand and competitive priorities through 2030. The report must cover current industry conditions, demand and customer shifts, competitive landscape, supply chain, cost and regulatory factors, 3-5 year scenarios, opportunities and risks, and actionable recommendations for companies.",https://eureka.patsnap.com/ai-search/sess_479eb1acef4b4b0b?from=rd-home&start_from=eureka_landingpage,https://eureka.patsnap.com/share/?id=89862e2321206193ebf66c501e990bb3&from=invite-eureakplg-result&content=,report,,,,MedTech Demand in the Era of Capacity-Constrained Health Systems,"[""trend_brief""]","[""medtech demand"", ""hospital capacity"", ""care delivery"", ""procurement pressure"", ""growth outlook""]","Forecast how constrained provider budgets, rising utilization, aging populations, and care-site migration will reshape medical device demand and competitive priorities through 2030.",innovation_product_strategy,medical_devices,"[""technology_competitors"", ""innovation_opportunities"", ""rd_directions""]",2026-09-09,[]
The New MedTech Buyer: From Clinical Preference to Enterprise Value Committees,"Write an industry-level trend outlook report in English based on 'The New MedTech Buyer: From Clinical Preference to Enterprise Value Committees'. Avoid in-depth explanations of specific technical mechanisms. Category: market_landscape. Audience role: innovation_product_strategy. Industry: medical_devices. Jobs to be done: track_technologies_and_competitors,identify_innovation_opportunities,evaluate_r_and_d_directions. Keywords: medtech buyer, value analysis, procurement, evidence strategy, commercial model. Overview: Analyze how hospital value committees, reimbursement scrutiny, and system-level purchasing are changing medtech launch strategy, pricing power, and customer engagement. The report must cover current industry conditions, demand and customer shifts, competitive landscape, supply chain, cost and regulatory factors, 3-5 year scenarios, opportunities and risks, and actionable recommendations for companies.",https://eureka.patsnap.com/ai-search/sess_33ed79c9cf6e49a5?from=rd-home&start_from=eureka_landingpage,https://eureka.patsnap.com/share/?id=c6b8ff2cf9efdfbdfb5b2a0c33d163ee&from=invite-eureakplg-result&content=,report,,,,The New MedTech Buyer: From Clinical Preference to Enterprise Value Committees,"[""market_landscape""]","[""medtech buyer"", ""value analysis"", ""procurement"", ""evidence strategy"", ""commercial model""]","Analyze how hospital value committees, reimbursement scrutiny, and system-level purchasing are changing medtech launch strategy, pricing power, and customer engagement.",innovation_product_strategy,medical_devices,"[""technology_competitors"", ""innovation_opportunities"", ""rd_directions""]",2026-09-09,[]
"Home, Retail, and Ambulatory Care as the Next MedTech Growth Frontier","Write an industry-level trend outlook report in English based on 'Home, Retail, and Ambulatory Care as the Next MedTech Growth Frontier'. Avoid in-depth explanations of specific technical mechanisms. Category: opportunity_brief. Audience role: innovation_product_strategy. Industry: medical_devices. Jobs to be done: track_technologies_and_competitors,identify_innovation_opportunities,evaluate_r_and_d_directions. Keywords: site of care shift, home care, ambulatory care, remote monitoring, channel strategy. Overview: Assess how shifts away from inpatient settings could open new growth spaces for diagnostics, monitoring, therapy delivery, and service models. The report must cover current industry conditions, demand and customer shifts, competitive landscape, supply chain, cost and regulatory factors, 3-5 year scenarios, opportunities and risks, and actionable recommendations for companies.",https://eureka.patsnap.com/ai-search/sess_40859240f56c4eb7?from=rd-home&start_from=eureka_landingpage,https://eureka.patsnap.com/share/?id=8175b69a9567feb635768b606cf00ec7&from=invite-eureakplg-result&content=,report,,,,"Home, Retail, and Ambulatory Care as the Next MedTech Growth Frontier","[""opportunity_brief""]","[""site of care shift"", ""home care"", ""ambulatory care"", ""remote monitoring"", ""channel strategy""]","Assess how shifts away from inpatient settings could open new growth spaces for diagnostics, monitoring, therapy delivery, and service models.",innovation_product_strategy,medical_devices,"[""technology_competitors"", ""innovation_opportunities"", ""rd_directions""]",2026-09-09,[]
"Cybersecurity, Software Maintenance, and Trust as MedTech Boardroom Issues","Write an industry-level trend outlook report in English based on 'Cybersecurity, Software Maintenance, and Trust as MedTech Boardroom Issues'. Avoid in-depth explanations of specific technical mechanisms. Category: risk_watch. Audience role: innovation_product_strategy. Industry: medical_devices. Jobs to be done: track_technologies_and_competitors,identify_innovation_opportunities,evaluate_r_and_d_directions. Keywords: device cybersecurity, software maintenance, digital trust, regulatory risk, lifecycle economics. Overview: Evaluate why connected devices are turning cybersecurity, updates, and postmarket monitoring into strategic issues for medtech portfolios and margins. The report must cover current industry conditions, demand and customer shifts, competitive landscape, supply chain, cost and regulatory factors, 3-5 year scenarios, opportunities and risks, and actionable recommendations for companies.",https://eureka.patsnap.com/ai-search/sess_4752a9238da04190?from=rd-home&start_from=eureka_landingpage,https://eureka.patsnap.com/share/?id=68972bdc67de3ce3ffbc27d7edfa4791&from=invite-eureakplg-result&content=,report,,,,"Cybersecurity, Software Maintenance, and Trust as MedTech Boardroom Issues","[""risk_watch""]","[""device cybersecurity"", ""software maintenance"", ""digital trust"", ""regulatory risk"", ""lifecycle economics""]","Evaluate why connected devices are turning cybersecurity, updates, and postmarket monitoring into strategic issues for medtech portfolios and margins.",innovation_product_strategy,medical_devices,"[""technology_competitors"", ""innovation_opportunities"", ""rd_directions""]",2026-09-09,[]
"Global MedTech Localization: Market Access, Evidence, and Supply Footprint Choices","Write an industry-level trend outlook report in English based on 'Global MedTech Localization: Market Access, Evidence, and Supply Footprint Choices'. Avoid in-depth explanations of specific technical mechanisms. Category: trend_brief. Audience role: innovation_product_strategy. Industry: medical_devices. Jobs to be done: track_technologies_and_competitors,identify_innovation_opportunities,evaluate_r_and_d_directions. Keywords: localization, market access, clinical evidence, global footprint, regulatory strategy. Overview: Forecast how regional evidence requirements, import rules, and local procurement expectations may change where medtech companies develop, manufacture, and launch products. The report must cover current industry conditions, demand and customer shifts, competitive landscape, supply chain, cost and regulatory factors, 3-5 year scenarios, opportunities and risks, and actionable recommendations for companies.",https://eureka.patsnap.com/ai-search/sess_7100894fd2774cb9?from=rd-home&start_from=eureka_landingpage,https://eureka.patsnap.com/share/?id=7c8b803ec5d9ea4edf9de36d44a6e3c5&from=invite-eureakplg-result&content=,report,,,,"Global MedTech Localization: Market Access, Evidence, and Supply Footprint Choices","[""trend_brief""]","[""localization"", ""market access"", ""clinical evidence"", ""global footprint"", ""regulatory strategy""]","Forecast how regional evidence requirements, import rules, and local procurement expectations may change where medtech companies develop, manufacture, and launch products.",innovation_product_strategy,medical_devices,"[""technology_competitors"", ""innovation_opportunities"", ""rd_directions""]",2026-09-09,[]
MedTech Platforms and Installed-Base Economics Beyond Hardware Sales,"Write an industry-level trend outlook report in English based on 'MedTech Platforms and Installed-Base Economics Beyond Hardware Sales'. Avoid in-depth explanations of specific technical mechanisms. Category: market_landscape. Audience role: innovation_product_strategy. Industry: medical_devices. Jobs to be done: track_technologies_and_competitors,identify_innovation_opportunities,evaluate_r_and_d_directions. Keywords: installed base, platform economics, service revenue, workflow integration, customer retention. Overview: Analyze how device makers can use installed bases, service contracts, workflow tools, and data-enabled support to defend growth without relying only on new hardware cycles. The report must cover current industry conditions, demand and customer shifts, competitive landscape, supply chain, cost and regulatory factors, 3-5 year scenarios, opportunities and risks, and actionable recommendations for companies.",https://eureka.patsnap.com/ai-search/sess_aab836c49e0f4cdd?from=rd-home&start_from=eureka_landingpage,https://eureka.patsnap.com/share/?id=0481ce53bda4f9416a01b96a81aafc7d&from=invite-eureakplg-result&content=,report,,,,MedTech Platforms and Installed-Base Economics Beyond Hardware Sales,"[""market_landscape""]","[""installed base"", ""platform economics"", ""service revenue"", ""workflow integration"", ""customer retention""]","Analyze how device makers can use installed bases, service contracts, workflow tools, and data-enabled support to defend growth without relying only on new hardware cycles.",innovation_product_strategy,medical_devices,"[""technology_competitors"", ""innovation_opportunities"", ""rd_directions""]",2026-09-09,[]
Aging Populations and Chronic Care: The Next Portfolio Test for MedTech,"Write an industry-level trend outlook report in English based on 'Aging Populations and Chronic Care: The Next Portfolio Test for MedTech'. Avoid in-depth explanations of specific technical mechanisms. Category: opportunity_brief. Audience role: innovation_product_strategy. Industry: medical_devices. Jobs to be done: track_technologies_and_competitors,identify_innovation_opportunities,evaluate_r_and_d_directions. Keywords: aging population, chronic disease, monitoring, care coordination, portfolio strategy. Overview: Identify medtech opportunity spaces created by chronic disease growth, caregiver shortages, and demand for lower-burden monitoring and intervention models. The report must cover current industry conditions, demand and customer shifts, competitive landscape, supply chain, cost and regulatory factors, 3-5 year scenarios, opportunities and risks, and actionable recommendations for companies.",https://eureka.patsnap.com/ai-search/sess_0d2f6b5d14c741ee?from=rd-home&start_from=eureka_landingpage,https://eureka.patsnap.com/share/?id=ae83d752f2aa72646f68cb7bb70c877a&from=invite-eureakplg-result&content=,report,,,,Aging Populations and Chronic Care: The Next Portfolio Test for MedTech,"[""opportunity_brief""]","[""aging population"", ""chronic disease"", ""monitoring"", ""care coordination"", ""portfolio strategy""]","Identify medtech opportunity spaces created by chronic disease growth, caregiver shortages, and demand for lower-burden monitoring and intervention models.",innovation_product_strategy,medical_devices,"[""technology_competitors"", ""innovation_opportunities"", ""rd_directions""]",2026-09-09,[]
Reimbursement Volatility and the MedTech Innovation Pipeline,"Write an industry-level trend outlook report in English based on 'Reimbursement Volatility and the MedTech Innovation Pipeline'. Avoid in-depth explanations of specific technical mechanisms. Category: risk_watch. Audience role: innovation_product_strategy. Industry: medical_devices. Jobs to be done: track_technologies_and_competitors,identify_innovation_opportunities,evaluate_r_and_d_directions. Keywords: reimbursement, pricing pressure, innovation pipeline, payer evidence, launch risk. Overview: Assess how reimbursement uncertainty and evidence thresholds could reshape medtech R&D prioritization, launch sequencing, and partnership decisions. The report must cover current industry conditions, demand and customer shifts, competitive landscape, supply chain, cost and regulatory factors, 3-5 year scenarios, opportunities and risks, and actionable recommendations for companies.",https://eureka.patsnap.com/ai-search/sess_8e60630787834f52?from=rd-home&start_from=eureka_landingpage,https://eureka.patsnap.com/share/?id=5ece2a98d6aa151764a37a6fcbf5b03e&from=invite-eureakplg-result&content=,report,,,,Reimbursement Volatility and the MedTech Innovation Pipeline,"[""risk_watch""]","[""reimbursement"", ""pricing pressure"", ""innovation pipeline"", ""payer evidence"", ""launch risk""]","Assess how reimbursement uncertainty and evidence thresholds could reshape medtech R&D prioritization, launch sequencing, and partnership decisions.",innovation_product_strategy,medical_devices,"[""technology_competitors"", ""innovation_opportunities"", ""rd_directions""]",2026-09-09,[]
Surgical and Imaging Segments: Premium Growth in a Cost-Disciplined Market,"Write an industry-level trend outlook report in English based on 'Surgical and Imaging Segments: Premium Growth in a Cost-Disciplined Market'. Avoid in-depth explanations of specific technical mechanisms. Category: market_landscape. Audience role: innovation_product_strategy. Industry: medical_devices. Jobs to be done: track_technologies_and_competitors,identify_innovation_opportunities,evaluate_r_and_d_directions. Keywords: surgical devices, imaging, capital equipment, hospital budgets, premium segments. Overview: Analyze where premium medtech segments may sustain growth despite capital discipline, and what differentiates resilient categories from budget-exposed ones. The report must cover current industry conditions, demand and customer shifts, competitive landscape, supply chain, cost and regulatory factors, 3-5 year scenarios, opportunities and risks, and actionable recommendations for companies.",https://eureka.patsnap.com/ai-search/sess_42c44ade8d774e34?from=rd-home&start_from=eureka_landingpage,https://eureka.patsnap.com/share/?id=798809f65505bcd40cf0fa6b65b19cc5&from=invite-eureakplg-result&content=,report,,,,Surgical and Imaging Segments: Premium Growth in a Cost-Disciplined Market,"[""market_landscape""]","[""surgical devices"", ""imaging"", ""capital equipment"", ""hospital budgets"", ""premium segments""]","Analyze where premium medtech segments may sustain growth despite capital discipline, and what differentiates resilient categories from budget-exposed ones.",innovation_product_strategy,medical_devices,"[""technology_competitors"", ""innovation_opportunities"", ""rd_directions""]",2026-09-09,[]
"MedTech Partnerships with Providers, Payers, and Digital Health Firms","Write an industry-level trend outlook report in English based on 'MedTech Partnerships with Providers, Payers, and Digital Health Firms'. Avoid in-depth explanations of specific technical mechanisms. Category: opportunity_brief. Audience role: innovation_product_strategy. Industry: medical_devices. Jobs to be done: track_technologies_and_competitors,identify_innovation_opportunities,evaluate_r_and_d_directions. Keywords: partnerships, digital health, provider collaboration, payer strategy, ecosystem growth. Overview: Assess how medtech companies can use partnerships to expand evidence generation, care pathway influence, service reach, and commercialization speed. The report must cover current industry conditions, demand and customer shifts, competitive landscape, supply chain, cost and regulatory factors, 3-5 year scenarios, opportunities and risks, and actionable recommendations for companies.",https://eureka.patsnap.com/ai-search/sess_d1cafa95ffc94948?from=rd-home&start_from=eureka_landingpage,https://eureka.patsnap.com/share/?id=45c93ef22d3a57932ccc2ce406271ac4&from=invite-eureakplg-result&content=,report,,,,"MedTech Partnerships with Providers, Payers, and Digital Health Firms","[""opportunity_brief""]","[""partnerships"", ""digital health"", ""provider collaboration"", ""payer strategy"", ""ecosystem growth""]","Assess how medtech companies can use partnerships to expand evidence generation, care pathway influence, service reach, and commercialization speed.",innovation_product_strategy,medical_devices,"[""technology_competitors"", ""innovation_opportunities"", ""rd_directions""]",2026-09-09,[]
AI Investment Discipline: From Experimentation to Measurable Business Outcomes,"Write an industry-level trend outlook report in English based on 'AI Investment Discipline: From Experimentation to Measurable Business Outcomes'. Avoid in-depth explanations of specific technical mechanisms. Category: trend_brief. Audience role: innovation_product_strategy. Industry: other. Jobs to be done: track_technologies_and_competitors,identify_innovation_opportunities,evaluate_r_and_d_directions. Keywords: AI ROI, investment discipline, business outcomes, governance, enterprise strategy. Overview: Forecast how organizations across industries will shift from AI experimentation to measurable productivity, governance, and capital allocation discipline. The report must cover current industry conditions, demand and customer shifts, competitive landscape, supply chain, cost and regulatory factors, 3-5 year scenarios, opportunities and risks, and actionable recommendations for companies.",https://eureka.patsnap.com/ai-search/sess_ce0b242db1f74f22?from=rd-home&start_from=eureka_landingpage,https://eureka.patsnap.com/share/?id=3d4faf48168f41dfad29819a48881bc7&from=invite-eureakplg-result&content=,report,,,,AI Investment Discipline: From Experimentation to Measurable Business Outcomes,"[""trend_brief""]","[""AI ROI"", ""investment discipline"", ""business outcomes"", ""governance"", ""enterprise strategy""]","Forecast how organizations across industries will shift from AI experimentation to measurable productivity, governance, and capital allocation discipline.",innovation_product_strategy,other,"[""technology_competitors"", ""innovation_opportunities"", ""rd_directions""]",2026-09-09,[]
Geopatriation and Regionalization as Cross-Industry Strategy,"Write an industry-level trend outlook report in English based on 'Geopatriation and Regionalization as Cross-Industry Strategy'. Avoid in-depth explanations of specific technical mechanisms. Category: market_landscape. Audience role: innovation_product_strategy. Industry: other. Jobs to be done: track_technologies_and_competitors,identify_innovation_opportunities,evaluate_r_and_d_directions. Keywords: geopatriation, regionalization, supply chains, compliance, operating model. Overview: Analyze how geopolitical fragmentation and local requirements are changing supply chains, data strategy, manufacturing footprints, and market access. The report must cover current industry conditions, demand and customer shifts, competitive landscape, supply chain, cost and regulatory factors, 3-5 year scenarios, opportunities and risks, and actionable recommendations for companies.",https://eureka.patsnap.com/ai-search/sess_20dcf02a8c2f4c4c?from=rd-home&start_from=eureka_landingpage,https://eureka.patsnap.com/share/?id=3f7b956e1ae17c17dd1877a002181cc8&from=invite-eureakplg-result&content=,report,,,,Geopatriation and Regionalization as Cross-Industry Strategy,"[""market_landscape""]","[""geopatriation"", ""regionalization"", ""supply chains"", ""compliance"", ""operating model""]","Analyze how geopolitical fragmentation and local requirements are changing supply chains, data strategy, manufacturing footprints, and market access.",innovation_product_strategy,other,"[""technology_competitors"", ""innovation_opportunities"", ""rd_directions""]",2026-09-09,[]
Multiagent Systems and the Next Enterprise Operating Model,"Write an industry-level trend outlook report in English based on 'Multiagent Systems and the Next Enterprise Operating Model'. Avoid in-depth explanations of specific technical mechanisms. Category: opportunity_brief. Audience role: innovation_product_strategy. Industry: other. Jobs to be done: track_technologies_and_competitors,identify_innovation_opportunities,evaluate_r_and_d_directions. Keywords: multiagent systems, enterprise operations, workflow automation, AI governance, productivity. Overview: Assess broad business opportunities from multiagent systems while focusing on organizational design, accountability, and value capture rather than technical architecture. The report must cover current industry conditions, demand and customer shifts, competitive landscape, supply chain, cost and regulatory factors, 3-5 year scenarios, opportunities and risks, and actionable recommendations for companies.",https://eureka.patsnap.com/ai-search/sess_e192bdd35d544641?from=rd-home&start_from=eureka_landingpage,https://eureka.patsnap.com/share/?id=d57ed464d12fc5c432c9b7f85e4a8215&from=invite-eureakplg-result&content=,report,,,,Multiagent Systems and the Next Enterprise Operating Model,"[""opportunity_brief""]","[""multiagent systems"", ""enterprise operations"", ""workflow automation"", ""AI governance"", ""productivity""]","Assess broad business opportunities from multiagent systems while focusing on organizational design, accountability, and value capture rather than technical architecture.",innovation_product_strategy,other,"[""technology_competitors"", ""innovation_opportunities"", ""rd_directions""]",2026-09-09,[]
"AI Security, Digital Provenance, and Trust in Automated Workflows","Write an industry-level trend outlook report in English based on 'AI Security, Digital Provenance, and Trust in Automated Workflows'. Avoid in-depth explanations of specific technical mechanisms. Category: risk_watch. Audience role: innovation_product_strategy. Industry: other. Jobs to be done: track_technologies_and_competitors,identify_innovation_opportunities,evaluate_r_and_d_directions. Keywords: AI security, digital provenance, trust, cybersecurity, automated workflows. Overview: Evaluate why security, provenance, and accountability are becoming central issues as AI moves into business-critical workflows. The report must cover current industry conditions, demand and customer shifts, competitive landscape, supply chain, cost and regulatory factors, 3-5 year scenarios, opportunities and risks, and actionable recommendations for companies.",https://eureka.patsnap.com/ai-search/sess_c71e790e929c4ac1?from=rd-home&start_from=eureka_landingpage,https://eureka.patsnap.com/share/?id=d1817256b0367f2e5f396dbf24970c1f&from=invite-eureakplg-result&content=,report,,,,"AI Security, Digital Provenance, and Trust in Automated Workflows","[""risk_watch""]","[""AI security"", ""digital provenance"", ""trust"", ""cybersecurity"", ""automated workflows""]","Evaluate why security, provenance, and accountability are becoming central issues as AI moves into business-critical workflows.",innovation_product_strategy,other,"[""technology_competitors"", ""innovation_opportunities"", ""rd_directions""]",2026-09-09,[]
From Global Efficiency to Resilience Premiums in Supply Chains,"Write an industry-level trend outlook report in English based on 'From Global Efficiency to Resilience Premiums in Supply Chains'. Avoid in-depth explanations of specific technical mechanisms. Category: trend_brief. Audience role: innovation_product_strategy. Industry: other. Jobs to be done: track_technologies_and_competitors,identify_innovation_opportunities,evaluate_r_and_d_directions. Keywords: supply chain resilience, risk premium, inventory, supplier strategy, global trade. Overview: Forecast how companies will price resilience, redundancy, and supply assurance after years of shocks and policy uncertainty. The report must cover current industry conditions, demand and customer shifts, competitive landscape, supply chain, cost and regulatory factors, 3-5 year scenarios, opportunities and risks, and actionable recommendations for companies.",https://eureka.patsnap.com/ai-search/sess_725c4eab863d4ac6?from=rd-home&start_from=eureka_landingpage,https://eureka.patsnap.com/share/?id=7ad4f9f4e75905f9d5476ee1ba187713&from=invite-eureakplg-result&content=,report,,,,From Global Efficiency to Resilience Premiums in Supply Chains,"[""trend_brief""]","[""supply chain resilience"", ""risk premium"", ""inventory"", ""supplier strategy"", ""global trade""]","Forecast how companies will price resilience, redundancy, and supply assurance after years of shocks and policy uncertainty.",innovation_product_strategy,other,"[""technology_competitors"", ""innovation_opportunities"", ""rd_directions""]",2026-09-09,[]
"Workforce Transformation Under AI, Automation, and Skills Scarcity","Write an industry-level trend outlook report in English based on 'Workforce Transformation Under AI, Automation, and Skills Scarcity'. Avoid in-depth explanations of specific technical mechanisms. Category: market_landscape. Audience role: innovation_product_strategy. Industry: other. Jobs to be done: track_technologies_and_competitors,identify_innovation_opportunities,evaluate_r_and_d_directions. Keywords: workforce transformation, skills scarcity, AI adoption, reskilling, productivity. Overview: Analyze how workforce strategy, reskilling, job redesign, and talent scarcity will shape cross-industry competitiveness. The report must cover current industry conditions, demand and customer shifts, competitive landscape, supply chain, cost and regulatory factors, 3-5 year scenarios, opportunities and risks, and actionable recommendations for companies.",https://eureka.patsnap.com/ai-search/sess_900299d3381f4b72?from=rd-home&start_from=eureka_landingpage,https://eureka.patsnap.com/share/?id=b476e212f85a1713adc81191d0d42477&from=invite-eureakplg-result&content=,report,,,,"Workforce Transformation Under AI, Automation, and Skills Scarcity","[""market_landscape""]","[""workforce transformation"", ""skills scarcity"", ""AI adoption"", ""reskilling"", ""productivity""]","Analyze how workforce strategy, reskilling, job redesign, and talent scarcity will shape cross-industry competitiveness.",innovation_product_strategy,other,"[""technology_competitors"", ""innovation_opportunities"", ""rd_directions""]",2026-09-09,[]
"Sustainability Reporting Becomes Strategy, Not Compliance","Write an industry-level trend outlook report in English based on 'Sustainability Reporting Becomes Strategy, Not Compliance'. Avoid in-depth explanations of specific technical mechanisms. Category: opportunity_brief. Audience role: innovation_product_strategy. Industry: other. Jobs to be done: track_technologies_and_competitors,identify_innovation_opportunities,evaluate_r_and_d_directions. Keywords: sustainability reporting, carbon data, compliance, strategy, procurement. Overview: Assess how sustainability data and reporting can influence product design, supplier selection, customer access, and investment priorities. The report must cover current industry conditions, demand and customer shifts, competitive landscape, supply chain, cost and regulatory factors, 3-5 year scenarios, opportunities and risks, and actionable recommendations for companies.",https://eureka.patsnap.com/ai-search/sess_1ab0f33acdd944fb?from=rd-home&start_from=eureka_landingpage,https://eureka.patsnap.com/share/?id=ea49bfa5883bd749b2d44ea79e38819d&from=invite-eureakplg-result&content=,report,,,,"Sustainability Reporting Becomes Strategy, Not Compliance","[""opportunity_brief""]","[""sustainability reporting"", ""carbon data"", ""compliance"", ""strategy"", ""procurement""]","Assess how sustainability data and reporting can influence product design, supplier selection, customer access, and investment priorities.",innovation_product_strategy,other,"[""technology_competitors"", ""innovation_opportunities"", ""rd_directions""]",2026-09-09,[]
Customer Trust in an AI-Native Market,"Write an industry-level trend outlook report in English based on 'Customer Trust in an AI-Native Market'. Avoid in-depth explanations of specific technical mechanisms. Category: risk_watch. Audience role: innovation_product_strategy. Industry: other. Jobs to be done: track_technologies_and_competitors,identify_innovation_opportunities,evaluate_r_and_d_directions. Keywords: customer trust, AI-native, transparency, brand risk, digital experience. Overview: Evaluate how customers may judge AI-enabled products and services through trust, transparency, reliability, and human accountability. The report must cover current industry conditions, demand and customer shifts, competitive landscape, supply chain, cost and regulatory factors, 3-5 year scenarios, opportunities and risks, and actionable recommendations for companies.",https://eureka.patsnap.com/ai-search/sess_46e95ddb726b4345?from=rd-home&start_from=eureka_landingpage,https://eureka.patsnap.com/share/?id=383ca45fcb7b001da9e7db86e9352dc6&from=invite-eureakplg-result&content=,report,,,,Customer Trust in an AI-Native Market,"[""risk_watch""]","[""customer trust"", ""AI-native"", ""transparency"", ""brand risk"", ""digital experience""]","Evaluate how customers may judge AI-enabled products and services through trust, transparency, reliability, and human accountability.",innovation_product_strategy,other,"[""technology_competitors"", ""innovation_opportunities"", ""rd_directions""]",2026-09-09,[]
Platform Ecosystems and Data Monetization Across Traditional Industries,"Write an industry-level trend outlook report in English based on 'Platform Ecosystems and Data Monetization Across Traditional Industries'. Avoid in-depth explanations of specific technical mechanisms. Category: market_landscape. Audience role: innovation_product_strategy. Industry: other. Jobs to be done: track_technologies_and_competitors,identify_innovation_opportunities,evaluate_r_and_d_directions. Keywords: platform ecosystems, data monetization, industry platforms, customer lifecycle, business model. Overview: Analyze how traditional industries can develop platform and data business models without losing focus on core customer outcomes. The report must cover current industry conditions, demand and customer shifts, competitive landscape, supply chain, cost and regulatory factors, 3-5 year scenarios, opportunities and risks, and actionable recommendations for companies.",https://eureka.patsnap.com/ai-search/sess_0e1d56c12caa43f6?from=rd-home&start_from=eureka_landingpage,https://eureka.patsnap.com/share/?id=b5293010c54541526fed8e303bd95ff5&from=invite-eureakplg-result&content=,report,,,,Platform Ecosystems and Data Monetization Across Traditional Industries,"[""market_landscape""]","[""platform ecosystems"", ""data monetization"", ""industry platforms"", ""customer lifecycle"", ""business model""]",Analyze how traditional industries can develop platform and data business models without losing focus on core customer outcomes.,innovation_product_strategy,other,"[""technology_competitors"", ""innovation_opportunities"", ""rd_directions""]",2026-09-09,[]
"Capital Allocation in a High-Uncertainty, High-Innovation Decade","Write an industry-level trend outlook report in English based on 'Capital Allocation in a High-Uncertainty, High-Innovation Decade'. Avoid in-depth explanations of specific technical mechanisms. Category: trend_brief. Audience role: innovation_product_strategy. Industry: other. Jobs to be done: track_technologies_and_competitors,identify_innovation_opportunities,evaluate_r_and_d_directions. Keywords: capital allocation, uncertainty, innovation portfolio, scenario planning, strategic resilience. Overview: Forecast how leaders can balance innovation investment, resilience, cost control, and optionality in a volatile 2026-2030 environment. The report must cover current industry conditions, demand and customer shifts, competitive landscape, supply chain, cost and regulatory factors, 3-5 year scenarios, opportunities and risks, and actionable recommendations for companies.",https://eureka.patsnap.com/ai-search/sess_3b565b1ecc2b43f3?from=rd-home&start_from=eureka_landingpage,https://eureka.patsnap.com/share/?id=53a899e3f7ae056a96c5c1c84c9e1dbd&from=invite-eureakplg-result&content=,report,,,,"Capital Allocation in a High-Uncertainty, High-Innovation Decade","[""trend_brief""]","[""capital allocation"", ""uncertainty"", ""innovation portfolio"", ""scenario planning"", ""strategic resilience""]","Forecast how leaders can balance innovation investment, resilience, cost control, and optionality in a volatile 2026-2030 environment.",innovation_product_strategy,other,"[""technology_competitors"", ""innovation_opportunities"", ""rd_directions""]",2026-09-09,[]
