case_index,batch,scope,title,description,role,industry,industry_label,jtbd,date,sub_industry,sub_industry_label,parent_sub_industry,parent_sub_industry_label,source_industry,content_category,content_category_label,categories,keywords,output,prompt
13000,091010,sub_industry_recommendation,Diagnostic Devices Scout Report: Signals Worth Watching in Medical Devices,"Create a scout report for Diagnostic Devices in the Medical Devices industry, focused on emerging signals, notable players, early adoption patterns, and strategic watch points.",innovation_product_strategy,medical_devices,Medical Devices,"[""track_technologies_and_competitors"", ""identify_innovation_opportunities""]",2026-09-10,"[""diagnostic_devices""]",Diagnostic Devices,,,medical_devices,scout_report,Scout Report,"[""scout_report""]","[""diagnostic devices"", ""medical devices"", ""scout report"", ""innovation signals"", ""recommendation content""]","Write a Scout Report in English for Diagnostic Devices within the Medical Devices industry. Use the content category ""scout_report"". Focus on emerging signals, notable players, early adoption patterns, and strategic watch points. Audience role: innovation_product_strategy. Jobs to be done: track_technologies_and_competitors, identify_innovation_opportunities. Keep the content practical, specific to the sub-industry, and suitable as a recommended content item for users browsing for inspiration. Include a clear title, brief context, key observations, why it matters, and recommended next actions. Avoid generic industry commentary and avoid deep technical mechanism explanations unless needed for clarity.","Write a Scout Report in English for Diagnostic Devices within the Medical Devices industry. Use the content category ""scout_report"". Focus on emerging signals, notable players, early adoption patterns, and strategic watch points. Audience role: innovation_product_strategy. Jobs to be done: track_technologies_and_competitors, identify_innovation_opportunities. Keep the content practical, specific to the sub-industry, and suitable as a recommended content item for users browsing for inspiration. Include a clear title, brief context, key observations, why it matters, and recommended next actions. Avoid generic industry commentary and avoid deep technical mechanism explanations unless needed for clarity."
13001,091010,sub_industry_recommendation,Surgical and Interventional Devices Case: Turning Market Signals into Practical Innovation,"Create a case for Surgical and Interventional Devices in the Medical Devices industry, focused on a practical innovation case pattern, business context, adoption drivers, and what other teams can learn.",innovation_product_strategy,medical_devices,Medical Devices,"[""identify_innovation_opportunities"", ""evaluate_r_and_d_directions""]",2026-09-10,"[""surgical_and_interventional_devices""]",Surgical and Interventional Devices,,,medical_devices,case,Case,"[""case""]","[""surgical and interventional devices"", ""medical devices"", ""case"", ""innovation signals"", ""recommendation content""]","Write a Case in English for Surgical and Interventional Devices within the Medical Devices industry. Use the content category ""case"". Focus on a practical innovation case pattern, business context, adoption drivers, and what other teams can learn. Audience role: innovation_product_strategy. Jobs to be done: identify_innovation_opportunities, evaluate_r_and_d_directions. Keep the content practical, specific to the sub-industry, and suitable as a recommended content item for users browsing for inspiration. Include a clear title, brief context, key observations, why it matters, and recommended next actions. Avoid generic industry commentary and avoid deep technical mechanism explanations unless needed for clarity.","Write a Case in English for Surgical and Interventional Devices within the Medical Devices industry. Use the content category ""case"". Focus on a practical innovation case pattern, business context, adoption drivers, and what other teams can learn. Audience role: innovation_product_strategy. Jobs to be done: identify_innovation_opportunities, evaluate_r_and_d_directions. Keep the content practical, specific to the sub-industry, and suitable as a recommended content item for users browsing for inspiration. Include a clear title, brief context, key observations, why it matters, and recommended next actions. Avoid generic industry commentary and avoid deep technical mechanism explanations unless needed for clarity."
13002,091010,sub_industry_recommendation,"Wearable and Digital Health Devices Market Landscape: Segments, Demand, and Growth Pockets","Create a market landscape for Wearable and Digital Health Devices in the Medical Devices industry, focused on market segments, demand shifts, buyer priorities, growth pockets, and ecosystem structure.",innovation_product_strategy,medical_devices,Medical Devices,"[""track_technologies_and_competitors"", ""identify_innovation_opportunities""]",2026-09-10,"[""wearable_and_digital_health_devices""]",Wearable and Digital Health Devices,,,medical_devices,market_landscape,Market Landscape,"[""market_landscape""]","[""wearable and digital health devices"", ""medical devices"", ""market landscape"", ""innovation signals"", ""recommendation content""]","Write a Market Landscape in English for Wearable and Digital Health Devices within the Medical Devices industry. Use the content category ""market_landscape"". Focus on market segments, demand shifts, buyer priorities, growth pockets, and ecosystem structure. Audience role: innovation_product_strategy. Jobs to be done: track_technologies_and_competitors, identify_innovation_opportunities. Keep the content practical, specific to the sub-industry, and suitable as a recommended content item for users browsing for inspiration. Include a clear title, brief context, key observations, why it matters, and recommended next actions. Avoid generic industry commentary and avoid deep technical mechanism explanations unless needed for clarity.","Write a Market Landscape in English for Wearable and Digital Health Devices within the Medical Devices industry. Use the content category ""market_landscape"". Focus on market segments, demand shifts, buyer priorities, growth pockets, and ecosystem structure. Audience role: innovation_product_strategy. Jobs to be done: track_technologies_and_competitors, identify_innovation_opportunities. Keep the content practical, specific to the sub-industry, and suitable as a recommended content item for users browsing for inspiration. Include a clear title, brief context, key observations, why it matters, and recommended next actions. Avoid generic industry commentary and avoid deep technical mechanism explanations unless needed for clarity."
13003,091010,sub_industry_recommendation,Device Materials and Components Patent Landscape: Where IP Activity Is Concentrating,"Create a patent landscape for Device Materials and Components in the Medical Devices industry, focused on patent activity, assignee clusters, technology white spaces, and IP strategy implications.",innovation_product_strategy,medical_devices,Medical Devices,"[""explore_patent_landscapes"", ""assess_product_ip_risks""]",2026-09-10,"[""device_materials_and_components""]",Device Materials and Components,,,medical_devices,patent_landscape,Patent Landscape,"[""patent_landscape""]","[""device materials and components"", ""medical devices"", ""patent landscape"", ""innovation signals"", ""recommendation content""]","Write a Patent Landscape in English for Device Materials and Components within the Medical Devices industry. Use the content category ""patent_landscape"". Focus on patent activity, assignee clusters, technology white spaces, and IP strategy implications. Audience role: innovation_product_strategy. Jobs to be done: explore_patent_landscapes, assess_product_ip_risks. Keep the content practical, specific to the sub-industry, and suitable as a recommended content item for users browsing for inspiration. Include a clear title, brief context, key observations, why it matters, and recommended next actions. Avoid generic industry commentary and avoid deep technical mechanism explanations unless needed for clarity.","Write a Patent Landscape in English for Device Materials and Components within the Medical Devices industry. Use the content category ""patent_landscape"". Focus on patent activity, assignee clusters, technology white spaces, and IP strategy implications. Audience role: innovation_product_strategy. Jobs to be done: explore_patent_landscapes, assess_product_ip_risks. Keep the content practical, specific to the sub-industry, and suitable as a recommended content item for users browsing for inspiration. Include a clear title, brief context, key observations, why it matters, and recommended next actions. Avoid generic industry commentary and avoid deep technical mechanism explanations unless needed for clarity."
13051,091010,sub_industry_recommendation,"Diagnostic Devices Competitor Analysis: Data, AI, and Workflow Integration","Create a competitor analysis for Diagnostic Devices in the Medical Devices industry, focused on how data, AI, automation, and workflow integration are changing user expectations and product scope.",innovation_product_strategy,medical_devices,Medical Devices,"[""track_technologies_and_competitors"", ""identify_innovation_opportunities""]",2026-09-10,"[""diagnostic_devices""]",Diagnostic Devices,,,medical_devices,competitor_analysis,Competitor Analysis,"[""competitor_analysis""]","[""diagnostic devices"", ""medical devices"", ""competitor analysis"", ""AI workflow"", ""data integration"", ""recommendation content""]","Write a Competitor Analysis in English for Diagnostic Devices within the Medical Devices industry. Title: Diagnostic Devices Competitor Analysis: Data, AI, and Workflow Integration. Use the content category ""competitor_analysis"". Focus on competitor positioning, strategic moves, differentiation levers, partnership patterns, and likely next actions, especially how data, AI, automation, and workflow integration are changing user expectations and product scope. Audience role: innovation_product_strategy. Jobs to be done: track_technologies_and_competitors, identify_innovation_opportunities. Classify the article with industry ""medical_devices"", sub_industry ""diagnostic_devices"", and content_category ""competitor_analysis"". Keep the content practical, specific to the sub-industry, and suitable as a recommended content item for users browsing for inspiration. Include a clear title, brief context, key observations, why it matters, and recommended next actions. Avoid generic industry commentary and avoid deep technical mechanism explanations unless needed for clarity.","Write a Competitor Analysis in English for Diagnostic Devices within the Medical Devices industry. Title: Diagnostic Devices Competitor Analysis: Data, AI, and Workflow Integration. Use the content category ""competitor_analysis"". Focus on competitor positioning, strategic moves, differentiation levers, partnership patterns, and likely next actions, especially how data, AI, automation, and workflow integration are changing user expectations and product scope. Audience role: innovation_product_strategy. Jobs to be done: track_technologies_and_competitors, identify_innovation_opportunities. Classify the article with industry ""medical_devices"", sub_industry ""diagnostic_devices"", and content_category ""competitor_analysis"". Keep the content practical, specific to the sub-industry, and suitable as a recommended content item for users browsing for inspiration. Include a clear title, brief context, key observations, why it matters, and recommended next actions. Avoid generic industry commentary and avoid deep technical mechanism explanations unless needed for clarity."
13052,091010,sub_industry_recommendation,"Surgical and Interventional Devices Opportunity Brief: Quality, Reliability, and Field Performance","Create a opportunity brief for Surgical and Interventional Devices in the Medical Devices industry, focused on where quality, reliability, maintenance, validation, and field evidence influence customer trust.",innovation_product_strategy,medical_devices,Medical Devices,"[""identify_innovation_opportunities"", ""evaluate_r_and_d_directions""]",2026-09-10,"[""surgical_and_interventional_devices""]",Surgical and Interventional Devices,,,medical_devices,opportunity_brief,Opportunity Brief,"[""opportunity_brief""]","[""surgical and interventional devices"", ""medical devices"", ""opportunity brief"", ""quality"", ""reliability"", ""recommendation content""]","Write a Opportunity Brief in English for Surgical and Interventional Devices within the Medical Devices industry. Title: Surgical and Interventional Devices Opportunity Brief: Quality, Reliability, and Field Performance. Use the content category ""opportunity_brief"". Focus on unmet needs, product opportunity spaces, timing signals, commercial fit, and practical next steps, especially where quality, reliability, maintenance, validation, and field evidence influence customer trust. Audience role: innovation_product_strategy. Jobs to be done: identify_innovation_opportunities, evaluate_r_and_d_directions. Classify the article with industry ""medical_devices"", sub_industry ""surgical_and_interventional_devices"", and content_category ""opportunity_brief"". Keep the content practical, specific to the sub-industry, and suitable as a recommended content item for users browsing for inspiration. Include a clear title, brief context, key observations, why it matters, and recommended next actions. Avoid generic industry commentary and avoid deep technical mechanism explanations unless needed for clarity.","Write a Opportunity Brief in English for Surgical and Interventional Devices within the Medical Devices industry. Title: Surgical and Interventional Devices Opportunity Brief: Quality, Reliability, and Field Performance. Use the content category ""opportunity_brief"". Focus on unmet needs, product opportunity spaces, timing signals, commercial fit, and practical next steps, especially where quality, reliability, maintenance, validation, and field evidence influence customer trust. Audience role: innovation_product_strategy. Jobs to be done: identify_innovation_opportunities, evaluate_r_and_d_directions. Classify the article with industry ""medical_devices"", sub_industry ""surgical_and_interventional_devices"", and content_category ""opportunity_brief"". Keep the content practical, specific to the sub-industry, and suitable as a recommended content item for users browsing for inspiration. Include a clear title, brief context, key observations, why it matters, and recommended next actions. Avoid generic industry commentary and avoid deep technical mechanism explanations unless needed for clarity."
13053,091010,sub_industry_recommendation,Wearable and Digital Health Devices Risk Watch: Sustainability and Resource Constraints,"Create a risk watch for Wearable and Digital Health Devices in the Medical Devices industry, focused on how sustainability expectations, resource limits, circularity, and efficiency pressures shape priorities.",in_house_ip_legal,medical_devices,Medical Devices,"[""check_fto_and_design_risks"", ""explore_patent_landscapes""]",2026-09-10,"[""wearable_and_digital_health_devices""]",Wearable and Digital Health Devices,,,medical_devices,risk_watch,Risk Watch,"[""risk_watch""]","[""wearable and digital health devices"", ""medical devices"", ""risk watch"", ""sustainability"", ""resource efficiency"", ""recommendation content""]","Write a Risk Watch in English for Wearable and Digital Health Devices within the Medical Devices industry. Title: Wearable and Digital Health Devices Risk Watch: Sustainability and Resource Constraints. Use the content category ""risk_watch"". Focus on regulatory, FTO, safety, supply, reimbursement, adoption, and commercialization risks, especially how sustainability expectations, resource limits, circularity, and efficiency pressures shape priorities. Audience role: in_house_ip_legal. Jobs to be done: check_fto_and_design_risks, explore_patent_landscapes. Classify the article with industry ""medical_devices"", sub_industry ""wearable_and_digital_health_devices"", and content_category ""risk_watch"". Keep the content practical, specific to the sub-industry, and suitable as a recommended content item for users browsing for inspiration. Include a clear title, brief context, key observations, why it matters, and recommended next actions. Avoid generic industry commentary and avoid deep technical mechanism explanations unless needed for clarity.","Write a Risk Watch in English for Wearable and Digital Health Devices within the Medical Devices industry. Title: Wearable and Digital Health Devices Risk Watch: Sustainability and Resource Constraints. Use the content category ""risk_watch"". Focus on regulatory, FTO, safety, supply, reimbursement, adoption, and commercialization risks, especially how sustainability expectations, resource limits, circularity, and efficiency pressures shape priorities. Audience role: in_house_ip_legal. Jobs to be done: check_fto_and_design_risks, explore_patent_landscapes. Classify the article with industry ""medical_devices"", sub_industry ""wearable_and_digital_health_devices"", and content_category ""risk_watch"". Keep the content practical, specific to the sub-industry, and suitable as a recommended content item for users browsing for inspiration. Include a clear title, brief context, key observations, why it matters, and recommended next actions. Avoid generic industry commentary and avoid deep technical mechanism explanations unless needed for clarity."
13054,091010,sub_industry_recommendation,Device Materials and Components Trend Brief: Regional Market Divergence and Localization,"Create a trend brief for Device Materials and Components in the Medical Devices industry, focused on how regional demand, policy, pricing, and localization strategies are diverging across markets.",innovation_product_strategy,medical_devices,Medical Devices,"[""track_technologies_and_competitors"", ""evaluate_r_and_d_directions""]",2026-09-10,"[""device_materials_and_components""]",Device Materials and Components,,,medical_devices,trend_brief,Trend Brief,"[""trend_brief""]","[""device materials and components"", ""medical devices"", ""trend brief"", ""regional markets"", ""localization"", ""recommendation content""]","Write a Trend Brief in English for Device Materials and Components within the Medical Devices industry. Title: Device Materials and Components Trend Brief: Regional Market Divergence and Localization. Use the content category ""trend_brief"". Focus on 3-5 year direction, adoption drivers, constraints, scenarios, and strategic implications, especially how regional demand, policy, pricing, and localization strategies are diverging across markets. Audience role: innovation_product_strategy. Jobs to be done: track_technologies_and_competitors, evaluate_r_and_d_directions. Classify the article with industry ""medical_devices"", sub_industry ""device_materials_and_components"", and content_category ""trend_brief"". Keep the content practical, specific to the sub-industry, and suitable as a recommended content item for users browsing for inspiration. Include a clear title, brief context, key observations, why it matters, and recommended next actions. Avoid generic industry commentary and avoid deep technical mechanism explanations unless needed for clarity.","Write a Trend Brief in English for Device Materials and Components within the Medical Devices industry. Title: Device Materials and Components Trend Brief: Regional Market Divergence and Localization. Use the content category ""trend_brief"". Focus on 3-5 year direction, adoption drivers, constraints, scenarios, and strategic implications, especially how regional demand, policy, pricing, and localization strategies are diverging across markets. Audience role: innovation_product_strategy. Jobs to be done: track_technologies_and_competitors, evaluate_r_and_d_directions. Classify the article with industry ""medical_devices"", sub_industry ""device_materials_and_components"", and content_category ""trend_brief"". Keep the content practical, specific to the sub-industry, and suitable as a recommended content item for users browsing for inspiration. Include a clear title, brief context, key observations, why it matters, and recommended next actions. Avoid generic industry commentary and avoid deep technical mechanism explanations unless needed for clarity."
13055,091010,sub_industry_recommendation,Diagnostic Devices Patent Landscape: Manufacturing Scale-Up and Operational Readiness,"Create a patent landscape for Diagnostic Devices in the Medical Devices industry, focused on what scale-up, process readiness, qualification, and operational constraints mean for commercialization.",innovation_product_strategy,medical_devices,Medical Devices,"[""explore_patent_landscapes"", ""assess_product_ip_risks""]",2026-09-10,"[""diagnostic_devices""]",Diagnostic Devices,,,medical_devices,patent_landscape,Patent Landscape,"[""patent_landscape""]","[""diagnostic devices"", ""medical devices"", ""patent landscape"", ""manufacturing scale-up"", ""operational readiness"", ""recommendation content""]","Write a Patent Landscape in English for Diagnostic Devices within the Medical Devices industry. Title: Diagnostic Devices Patent Landscape: Manufacturing Scale-Up and Operational Readiness. Use the content category ""patent_landscape"". Focus on patent activity, assignee concentration, technology clusters, white spaces, and IP strategy implications, especially what scale-up, process readiness, qualification, and operational constraints mean for commercialization. Audience role: innovation_product_strategy. Jobs to be done: explore_patent_landscapes, assess_product_ip_risks. Classify the article with industry ""medical_devices"", sub_industry ""diagnostic_devices"", and content_category ""patent_landscape"". Keep the content practical, specific to the sub-industry, and suitable as a recommended content item for users browsing for inspiration. Include a clear title, brief context, key observations, why it matters, and recommended next actions. Avoid generic industry commentary and avoid deep technical mechanism explanations unless needed for clarity.","Write a Patent Landscape in English for Diagnostic Devices within the Medical Devices industry. Title: Diagnostic Devices Patent Landscape: Manufacturing Scale-Up and Operational Readiness. Use the content category ""patent_landscape"". Focus on patent activity, assignee concentration, technology clusters, white spaces, and IP strategy implications, especially what scale-up, process readiness, qualification, and operational constraints mean for commercialization. Audience role: innovation_product_strategy. Jobs to be done: explore_patent_landscapes, assess_product_ip_risks. Classify the article with industry ""medical_devices"", sub_industry ""diagnostic_devices"", and content_category ""patent_landscape"". Keep the content practical, specific to the sub-industry, and suitable as a recommended content item for users browsing for inspiration. Include a clear title, brief context, key observations, why it matters, and recommended next actions. Avoid generic industry commentary and avoid deep technical mechanism explanations unless needed for clarity."
13056,091010,sub_industry_recommendation,Surgical and Interventional Devices Scout Report: White-Space Bets for 2027 Planning,"Create a scout report for Surgical and Interventional Devices in the Medical Devices industry, focused on which underexplored needs and weak signals could become useful product or research bets.",innovation_product_strategy,medical_devices,Medical Devices,"[""track_technologies_and_competitors"", ""identify_innovation_opportunities""]",2026-09-10,"[""surgical_and_interventional_devices""]",Surgical and Interventional Devices,,,medical_devices,scout_report,Scout Report,"[""scout_report""]","[""surgical and interventional devices"", ""medical devices"", ""scout report"", ""white space"", ""2027 planning"", ""recommendation content""]","Write a Scout Report in English for Surgical and Interventional Devices within the Medical Devices industry. Title: Surgical and Interventional Devices Scout Report: White-Space Bets for 2027 Planning. Use the content category ""scout_report"". Focus on early market signals, notable player activity, adoption triggers, and what teams should monitor next, especially which underexplored needs and weak signals could become useful product or research bets. Audience role: innovation_product_strategy. Jobs to be done: track_technologies_and_competitors, identify_innovation_opportunities. Classify the article with industry ""medical_devices"", sub_industry ""surgical_and_interventional_devices"", and content_category ""scout_report"". Keep the content practical, specific to the sub-industry, and suitable as a recommended content item for users browsing for inspiration. Include a clear title, brief context, key observations, why it matters, and recommended next actions. Avoid generic industry commentary and avoid deep technical mechanism explanations unless needed for clarity.","Write a Scout Report in English for Surgical and Interventional Devices within the Medical Devices industry. Title: Surgical and Interventional Devices Scout Report: White-Space Bets for 2027 Planning. Use the content category ""scout_report"". Focus on early market signals, notable player activity, adoption triggers, and what teams should monitor next, especially which underexplored needs and weak signals could become useful product or research bets. Audience role: innovation_product_strategy. Jobs to be done: track_technologies_and_competitors, identify_innovation_opportunities. Classify the article with industry ""medical_devices"", sub_industry ""surgical_and_interventional_devices"", and content_category ""scout_report"". Keep the content practical, specific to the sub-industry, and suitable as a recommended content item for users browsing for inspiration. Include a clear title, brief context, key observations, why it matters, and recommended next actions. Avoid generic industry commentary and avoid deep technical mechanism explanations unless needed for clarity."
13057,091010,sub_industry_recommendation,Wearable and Digital Health Devices Case: Adoption Signals and Buyer Pull,"Create a case for Wearable and Digital Health Devices in the Medical Devices industry, focused on where demand is showing up first, which buyer pains matter most, and what adoption signals deserve attention.",innovation_product_strategy,medical_devices,Medical Devices,"[""identify_innovation_opportunities"", ""evaluate_r_and_d_directions""]",2026-09-10,"[""wearable_and_digital_health_devices""]",Wearable and Digital Health Devices,,,medical_devices,case,Case,"[""case""]","[""wearable and digital health devices"", ""medical devices"", ""case"", ""adoption signals"", ""buyer demand"", ""recommendation content""]","Write a Case in English for Wearable and Digital Health Devices within the Medical Devices industry. Title: Wearable and Digital Health Devices Case: Adoption Signals and Buyer Pull. Use the content category ""case"". Focus on a concrete adoption pattern, business context, implementation choices, and reusable lessons for similar teams, especially where demand is showing up first, which buyer pains matter most, and what adoption signals deserve attention. Audience role: innovation_product_strategy. Jobs to be done: identify_innovation_opportunities, evaluate_r_and_d_directions. Classify the article with industry ""medical_devices"", sub_industry ""wearable_and_digital_health_devices"", and content_category ""case"". Keep the content practical, specific to the sub-industry, and suitable as a recommended content item for users browsing for inspiration. Include a clear title, brief context, key observations, why it matters, and recommended next actions. Avoid generic industry commentary and avoid deep technical mechanism explanations unless needed for clarity.","Write a Case in English for Wearable and Digital Health Devices within the Medical Devices industry. Title: Wearable and Digital Health Devices Case: Adoption Signals and Buyer Pull. Use the content category ""case"". Focus on a concrete adoption pattern, business context, implementation choices, and reusable lessons for similar teams, especially where demand is showing up first, which buyer pains matter most, and what adoption signals deserve attention. Audience role: innovation_product_strategy. Jobs to be done: identify_innovation_opportunities, evaluate_r_and_d_directions. Classify the article with industry ""medical_devices"", sub_industry ""wearable_and_digital_health_devices"", and content_category ""case"". Keep the content practical, specific to the sub-industry, and suitable as a recommended content item for users browsing for inspiration. Include a clear title, brief context, key observations, why it matters, and recommended next actions. Avoid generic industry commentary and avoid deep technical mechanism explanations unless needed for clarity."
13058,091010,sub_industry_recommendation,Device Materials and Components Market Landscape: Cost Pressure and Value Repositioning,"Create a market landscape for Device Materials and Components in the Medical Devices industry, focused on how cost pressure is changing value propositions, purchasing criteria, and near-term product priorities.",innovation_product_strategy,medical_devices,Medical Devices,"[""track_technologies_and_competitors"", ""identify_innovation_opportunities""]",2026-09-10,"[""device_materials_and_components""]",Device Materials and Components,,,medical_devices,market_landscape,Market Landscape,"[""market_landscape""]","[""device materials and components"", ""medical devices"", ""market landscape"", ""cost pressure"", ""value proposition"", ""recommendation content""]","Write a Market Landscape in English for Device Materials and Components within the Medical Devices industry. Title: Device Materials and Components Market Landscape: Cost Pressure and Value Repositioning. Use the content category ""market_landscape"". Focus on segment structure, buyer demand, growth pockets, channel shifts, and ecosystem boundaries, especially how cost pressure is changing value propositions, purchasing criteria, and near-term product priorities. Audience role: innovation_product_strategy. Jobs to be done: track_technologies_and_competitors, identify_innovation_opportunities. Classify the article with industry ""medical_devices"", sub_industry ""device_materials_and_components"", and content_category ""market_landscape"". Keep the content practical, specific to the sub-industry, and suitable as a recommended content item for users browsing for inspiration. Include a clear title, brief context, key observations, why it matters, and recommended next actions. Avoid generic industry commentary and avoid deep technical mechanism explanations unless needed for clarity.","Write a Market Landscape in English for Device Materials and Components within the Medical Devices industry. Title: Device Materials and Components Market Landscape: Cost Pressure and Value Repositioning. Use the content category ""market_landscape"". Focus on segment structure, buyer demand, growth pockets, channel shifts, and ecosystem boundaries, especially how cost pressure is changing value propositions, purchasing criteria, and near-term product priorities. Audience role: innovation_product_strategy. Jobs to be done: track_technologies_and_competitors, identify_innovation_opportunities. Classify the article with industry ""medical_devices"", sub_industry ""device_materials_and_components"", and content_category ""market_landscape"". Keep the content practical, specific to the sub-industry, and suitable as a recommended content item for users browsing for inspiration. Include a clear title, brief context, key observations, why it matters, and recommended next actions. Avoid generic industry commentary and avoid deep technical mechanism explanations unless needed for clarity."
13004,091010,sub_industry_recommendation,Advanced Materials Competitor Analysis: Strategic Moves and Differentiation Patterns,"Create a competitor analysis for Advanced Materials in the Materials industry, focused on competitor moves, positioning patterns, differentiation levers, and likely next actions.",innovation_product_strategy,materials,Materials,"[""track_technologies_and_competitors"", ""identify_innovation_opportunities""]",2026-09-10,"[""advanced_materials""]",Advanced Materials,,,materials,competitor_analysis,Competitor Analysis,"[""competitor_analysis""]","[""advanced materials"", ""materials"", ""competitor analysis"", ""innovation signals"", ""recommendation content""]","Write a Competitor Analysis in English for Advanced Materials within the Materials industry. Use the content category ""competitor_analysis"". Focus on competitor moves, positioning patterns, differentiation levers, and likely next actions. Audience role: innovation_product_strategy. Jobs to be done: track_technologies_and_competitors, identify_innovation_opportunities. Keep the content practical, specific to the sub-industry, and suitable as a recommended content item for users browsing for inspiration. Include a clear title, brief context, key observations, why it matters, and recommended next actions. Avoid generic industry commentary and avoid deep technical mechanism explanations unless needed for clarity.","Write a Competitor Analysis in English for Advanced Materials within the Materials industry. Use the content category ""competitor_analysis"". Focus on competitor moves, positioning patterns, differentiation levers, and likely next actions. Audience role: innovation_product_strategy. Jobs to be done: track_technologies_and_competitors, identify_innovation_opportunities. Keep the content practical, specific to the sub-industry, and suitable as a recommended content item for users browsing for inspiration. Include a clear title, brief context, key observations, why it matters, and recommended next actions. Avoid generic industry commentary and avoid deep technical mechanism explanations unless needed for clarity."
13005,091010,sub_industry_recommendation,Polymers and Resins Opportunity Brief: White Spaces for the Next Product Bets,"Create a opportunity brief for Polymers and Resins in the Materials industry, focused on unmet needs, product opportunity spaces, timing signals, and action recommendations.",innovation_product_strategy,materials,Materials,"[""identify_innovation_opportunities""]",2026-09-10,"[""polymers_and_resins""]",Polymers and Resins,,,materials,opportunity_brief,Opportunity Brief,"[""opportunity_brief""]","[""polymers and resins"", ""materials"", ""opportunity brief"", ""innovation signals"", ""recommendation content""]","Write a Opportunity Brief in English for Polymers and Resins within the Materials industry. Use the content category ""opportunity_brief"". Focus on unmet needs, product opportunity spaces, timing signals, and action recommendations. Audience role: innovation_product_strategy. Jobs to be done: identify_innovation_opportunities. Keep the content practical, specific to the sub-industry, and suitable as a recommended content item for users browsing for inspiration. Include a clear title, brief context, key observations, why it matters, and recommended next actions. Avoid generic industry commentary and avoid deep technical mechanism explanations unless needed for clarity.","Write a Opportunity Brief in English for Polymers and Resins within the Materials industry. Use the content category ""opportunity_brief"". Focus on unmet needs, product opportunity spaces, timing signals, and action recommendations. Audience role: innovation_product_strategy. Jobs to be done: identify_innovation_opportunities. Keep the content practical, specific to the sub-industry, and suitable as a recommended content item for users browsing for inspiration. Include a clear title, brief context, key observations, why it matters, and recommended next actions. Avoid generic industry commentary and avoid deep technical mechanism explanations unless needed for clarity."
13006,091010,sub_industry_recommendation,Coatings and Surfaces Risk Watch: Barriers That Could Slow Adoption,"Create a risk watch for Coatings and Surfaces in the Materials industry, focused on regulatory, FTO, supply, adoption, reimbursement, safety, and commercialization risks.",in_house_ip_legal,materials,Materials,"[""check_fto_and_design_risks"", ""respond_to_office_actions""]",2026-09-10,"[""coatings_and_surfaces""]",Coatings and Surfaces,,,materials,risk_watch,Risk Watch,"[""risk_watch""]","[""coatings and surfaces"", ""materials"", ""risk watch"", ""innovation signals"", ""recommendation content""]","Write a Risk Watch in English for Coatings and Surfaces within the Materials industry. Use the content category ""risk_watch"". Focus on regulatory, FTO, supply, adoption, reimbursement, safety, and commercialization risks. Audience role: in_house_ip_legal. Jobs to be done: check_fto_and_design_risks, respond_to_office_actions. Keep the content practical, specific to the sub-industry, and suitable as a recommended content item for users browsing for inspiration. Include a clear title, brief context, key observations, why it matters, and recommended next actions. Avoid generic industry commentary and avoid deep technical mechanism explanations unless needed for clarity.","Write a Risk Watch in English for Coatings and Surfaces within the Materials industry. Use the content category ""risk_watch"". Focus on regulatory, FTO, supply, adoption, reimbursement, safety, and commercialization risks. Audience role: in_house_ip_legal. Jobs to be done: check_fto_and_design_risks, respond_to_office_actions. Keep the content practical, specific to the sub-industry, and suitable as a recommended content item for users browsing for inspiration. Include a clear title, brief context, key observations, why it matters, and recommended next actions. Avoid generic industry commentary and avoid deep technical mechanism explanations unless needed for clarity."
13007,091010,sub_industry_recommendation,Metals and Alloys Trend Brief: What Will Shape the Next 3-5 Years,"Create a trend brief for Metals and Alloys in the Materials industry, focused on 3-5 year trend direction, adoption drivers, constraints, scenarios, and strategy implications.",innovation_product_strategy,materials,Materials,"[""evaluate_r_and_d_directions""]",2026-09-10,"[""metals_and_alloys""]",Metals and Alloys,,,materials,trend_brief,Trend Brief,"[""trend_brief""]","[""metals and alloys"", ""materials"", ""trend brief"", ""innovation signals"", ""recommendation content""]","Write a Trend Brief in English for Metals and Alloys within the Materials industry. Use the content category ""trend_brief"". Focus on 3-5 year trend direction, adoption drivers, constraints, scenarios, and strategy implications. Audience role: innovation_product_strategy. Jobs to be done: evaluate_r_and_d_directions. Keep the content practical, specific to the sub-industry, and suitable as a recommended content item for users browsing for inspiration. Include a clear title, brief context, key observations, why it matters, and recommended next actions. Avoid generic industry commentary and avoid deep technical mechanism explanations unless needed for clarity.","Write a Trend Brief in English for Metals and Alloys within the Materials industry. Use the content category ""trend_brief"". Focus on 3-5 year trend direction, adoption drivers, constraints, scenarios, and strategy implications. Audience role: innovation_product_strategy. Jobs to be done: evaluate_r_and_d_directions. Keep the content practical, specific to the sub-industry, and suitable as a recommended content item for users browsing for inspiration. Include a clear title, brief context, key observations, why it matters, and recommended next actions. Avoid generic industry commentary and avoid deep technical mechanism explanations unless needed for clarity."
13008,091010,sub_industry_recommendation,Semiconductor Materials Scout Report: Signals Worth Watching in Materials,"Create a scout report for Semiconductor Materials in the Materials industry, focused on emerging signals, notable players, early adoption patterns, and strategic watch points.",innovation_product_strategy,materials,Materials,"[""track_technologies_and_competitors"", ""identify_innovation_opportunities""]",2026-09-10,"[""semiconductor_materials""]",Semiconductor Materials,,,materials,scout_report,Scout Report,"[""scout_report""]","[""semiconductor materials"", ""materials"", ""scout report"", ""innovation signals"", ""recommendation content""]","Write a Scout Report in English for Semiconductor Materials within the Materials industry. Use the content category ""scout_report"". Focus on emerging signals, notable players, early adoption patterns, and strategic watch points. Audience role: innovation_product_strategy. Jobs to be done: track_technologies_and_competitors, identify_innovation_opportunities. Keep the content practical, specific to the sub-industry, and suitable as a recommended content item for users browsing for inspiration. Include a clear title, brief context, key observations, why it matters, and recommended next actions. Avoid generic industry commentary and avoid deep technical mechanism explanations unless needed for clarity.","Write a Scout Report in English for Semiconductor Materials within the Materials industry. Use the content category ""scout_report"". Focus on emerging signals, notable players, early adoption patterns, and strategic watch points. Audience role: innovation_product_strategy. Jobs to be done: track_technologies_and_competitors, identify_innovation_opportunities. Keep the content practical, specific to the sub-industry, and suitable as a recommended content item for users browsing for inspiration. Include a clear title, brief context, key observations, why it matters, and recommended next actions. Avoid generic industry commentary and avoid deep technical mechanism explanations unless needed for clarity."
13059,091010,sub_industry_recommendation,"Advanced Materials Patent Landscape: Quality, Reliability, and Field Performance","Create a patent landscape for Advanced Materials in the Materials industry, focused on where quality, reliability, maintenance, validation, and field evidence influence customer trust.",innovation_product_strategy,materials,Materials,"[""explore_patent_landscapes"", ""assess_product_ip_risks""]",2026-09-10,"[""advanced_materials""]",Advanced Materials,,,materials,patent_landscape,Patent Landscape,"[""patent_landscape""]","[""advanced materials"", ""materials"", ""patent landscape"", ""quality"", ""reliability"", ""recommendation content""]","Write a Patent Landscape in English for Advanced Materials within the Materials industry. Title: Advanced Materials Patent Landscape: Quality, Reliability, and Field Performance. Use the content category ""patent_landscape"". Focus on patent activity, assignee concentration, technology clusters, white spaces, and IP strategy implications, especially where quality, reliability, maintenance, validation, and field evidence influence customer trust. Audience role: innovation_product_strategy. Jobs to be done: explore_patent_landscapes, assess_product_ip_risks. Classify the article with industry ""materials"", sub_industry ""advanced_materials"", and content_category ""patent_landscape"". Keep the content practical, specific to the sub-industry, and suitable as a recommended content item for users browsing for inspiration. Include a clear title, brief context, key observations, why it matters, and recommended next actions. Avoid generic industry commentary and avoid deep technical mechanism explanations unless needed for clarity.","Write a Patent Landscape in English for Advanced Materials within the Materials industry. Title: Advanced Materials Patent Landscape: Quality, Reliability, and Field Performance. Use the content category ""patent_landscape"". Focus on patent activity, assignee concentration, technology clusters, white spaces, and IP strategy implications, especially where quality, reliability, maintenance, validation, and field evidence influence customer trust. Audience role: innovation_product_strategy. Jobs to be done: explore_patent_landscapes, assess_product_ip_risks. Classify the article with industry ""materials"", sub_industry ""advanced_materials"", and content_category ""patent_landscape"". Keep the content practical, specific to the sub-industry, and suitable as a recommended content item for users browsing for inspiration. Include a clear title, brief context, key observations, why it matters, and recommended next actions. Avoid generic industry commentary and avoid deep technical mechanism explanations unless needed for clarity."
13060,091010,sub_industry_recommendation,Polymers and Resins Case: Sustainability and Resource Constraints,"Create a case for Polymers and Resins in the Materials industry, focused on how sustainability expectations, resource limits, circularity, and efficiency pressures shape priorities.",innovation_product_strategy,materials,Materials,"[""identify_innovation_opportunities"", ""evaluate_r_and_d_directions""]",2026-09-10,"[""polymers_and_resins""]",Polymers and Resins,,,materials,case,Case,"[""case""]","[""polymers and resins"", ""materials"", ""case"", ""sustainability"", ""resource efficiency"", ""recommendation content""]","Write a Case in English for Polymers and Resins within the Materials industry. Title: Polymers and Resins Case: Sustainability and Resource Constraints. Use the content category ""case"". Focus on a concrete adoption pattern, business context, implementation choices, and reusable lessons for similar teams, especially how sustainability expectations, resource limits, circularity, and efficiency pressures shape priorities. Audience role: innovation_product_strategy. Jobs to be done: identify_innovation_opportunities, evaluate_r_and_d_directions. Classify the article with industry ""materials"", sub_industry ""polymers_and_resins"", and content_category ""case"". Keep the content practical, specific to the sub-industry, and suitable as a recommended content item for users browsing for inspiration. Include a clear title, brief context, key observations, why it matters, and recommended next actions. Avoid generic industry commentary and avoid deep technical mechanism explanations unless needed for clarity.","Write a Case in English for Polymers and Resins within the Materials industry. Title: Polymers and Resins Case: Sustainability and Resource Constraints. Use the content category ""case"". Focus on a concrete adoption pattern, business context, implementation choices, and reusable lessons for similar teams, especially how sustainability expectations, resource limits, circularity, and efficiency pressures shape priorities. Audience role: innovation_product_strategy. Jobs to be done: identify_innovation_opportunities, evaluate_r_and_d_directions. Classify the article with industry ""materials"", sub_industry ""polymers_and_resins"", and content_category ""case"". Keep the content practical, specific to the sub-industry, and suitable as a recommended content item for users browsing for inspiration. Include a clear title, brief context, key observations, why it matters, and recommended next actions. Avoid generic industry commentary and avoid deep technical mechanism explanations unless needed for clarity."
13061,091010,sub_industry_recommendation,Coatings and Surfaces Market Landscape: Regional Market Divergence and Localization,"Create a market landscape for Coatings and Surfaces in the Materials industry, focused on how regional demand, policy, pricing, and localization strategies are diverging across markets.",innovation_product_strategy,materials,Materials,"[""track_technologies_and_competitors"", ""identify_innovation_opportunities""]",2026-09-10,"[""coatings_and_surfaces""]",Coatings and Surfaces,,,materials,market_landscape,Market Landscape,"[""market_landscape""]","[""coatings and surfaces"", ""materials"", ""market landscape"", ""regional markets"", ""localization"", ""recommendation content""]","Write a Market Landscape in English for Coatings and Surfaces within the Materials industry. Title: Coatings and Surfaces Market Landscape: Regional Market Divergence and Localization. Use the content category ""market_landscape"". Focus on segment structure, buyer demand, growth pockets, channel shifts, and ecosystem boundaries, especially how regional demand, policy, pricing, and localization strategies are diverging across markets. Audience role: innovation_product_strategy. Jobs to be done: track_technologies_and_competitors, identify_innovation_opportunities. Classify the article with industry ""materials"", sub_industry ""coatings_and_surfaces"", and content_category ""market_landscape"". Keep the content practical, specific to the sub-industry, and suitable as a recommended content item for users browsing for inspiration. Include a clear title, brief context, key observations, why it matters, and recommended next actions. Avoid generic industry commentary and avoid deep technical mechanism explanations unless needed for clarity.","Write a Market Landscape in English for Coatings and Surfaces within the Materials industry. Title: Coatings and Surfaces Market Landscape: Regional Market Divergence and Localization. Use the content category ""market_landscape"". Focus on segment structure, buyer demand, growth pockets, channel shifts, and ecosystem boundaries, especially how regional demand, policy, pricing, and localization strategies are diverging across markets. Audience role: innovation_product_strategy. Jobs to be done: track_technologies_and_competitors, identify_innovation_opportunities. Classify the article with industry ""materials"", sub_industry ""coatings_and_surfaces"", and content_category ""market_landscape"". Keep the content practical, specific to the sub-industry, and suitable as a recommended content item for users browsing for inspiration. Include a clear title, brief context, key observations, why it matters, and recommended next actions. Avoid generic industry commentary and avoid deep technical mechanism explanations unless needed for clarity."
13062,091010,sub_industry_recommendation,Metals and Alloys Competitor Analysis: Commercial Models and Procurement Shifts,"Create a competitor analysis for Metals and Alloys in the Materials industry, focused on how procurement, reimbursement, service models, subscriptions, and purchasing committees are evolving.",innovation_product_strategy,materials,Materials,"[""track_technologies_and_competitors"", ""identify_innovation_opportunities""]",2026-09-10,"[""metals_and_alloys""]",Metals and Alloys,,,materials,competitor_analysis,Competitor Analysis,"[""competitor_analysis""]","[""metals and alloys"", ""materials"", ""competitor analysis"", ""commercial model"", ""procurement"", ""recommendation content""]","Write a Competitor Analysis in English for Metals and Alloys within the Materials industry. Title: Metals and Alloys Competitor Analysis: Commercial Models and Procurement Shifts. Use the content category ""competitor_analysis"". Focus on competitor positioning, strategic moves, differentiation levers, partnership patterns, and likely next actions, especially how procurement, reimbursement, service models, subscriptions, and purchasing committees are evolving. Audience role: innovation_product_strategy. Jobs to be done: track_technologies_and_competitors, identify_innovation_opportunities. Classify the article with industry ""materials"", sub_industry ""metals_and_alloys"", and content_category ""competitor_analysis"". Keep the content practical, specific to the sub-industry, and suitable as a recommended content item for users browsing for inspiration. Include a clear title, brief context, key observations, why it matters, and recommended next actions. Avoid generic industry commentary and avoid deep technical mechanism explanations unless needed for clarity.","Write a Competitor Analysis in English for Metals and Alloys within the Materials industry. Title: Metals and Alloys Competitor Analysis: Commercial Models and Procurement Shifts. Use the content category ""competitor_analysis"". Focus on competitor positioning, strategic moves, differentiation levers, partnership patterns, and likely next actions, especially how procurement, reimbursement, service models, subscriptions, and purchasing committees are evolving. Audience role: innovation_product_strategy. Jobs to be done: track_technologies_and_competitors, identify_innovation_opportunities. Classify the article with industry ""materials"", sub_industry ""metals_and_alloys"", and content_category ""competitor_analysis"". Keep the content practical, specific to the sub-industry, and suitable as a recommended content item for users browsing for inspiration. Include a clear title, brief context, key observations, why it matters, and recommended next actions. Avoid generic industry commentary and avoid deep technical mechanism explanations unless needed for clarity."
13063,091010,sub_industry_recommendation,Semiconductor Materials Opportunity Brief: Manufacturing Scale-Up and Operational Readiness,"Create a opportunity brief for Semiconductor Materials in the Materials industry, focused on what scale-up, process readiness, qualification, and operational constraints mean for commercialization.",innovation_product_strategy,materials,Materials,"[""identify_innovation_opportunities"", ""evaluate_r_and_d_directions""]",2026-09-10,"[""semiconductor_materials""]",Semiconductor Materials,,,materials,opportunity_brief,Opportunity Brief,"[""opportunity_brief""]","[""semiconductor materials"", ""materials"", ""opportunity brief"", ""manufacturing scale-up"", ""operational readiness"", ""recommendation content""]","Write a Opportunity Brief in English for Semiconductor Materials within the Materials industry. Title: Semiconductor Materials Opportunity Brief: Manufacturing Scale-Up and Operational Readiness. Use the content category ""opportunity_brief"". Focus on unmet needs, product opportunity spaces, timing signals, commercial fit, and practical next steps, especially what scale-up, process readiness, qualification, and operational constraints mean for commercialization. Audience role: innovation_product_strategy. Jobs to be done: identify_innovation_opportunities, evaluate_r_and_d_directions. Classify the article with industry ""materials"", sub_industry ""semiconductor_materials"", and content_category ""opportunity_brief"". Keep the content practical, specific to the sub-industry, and suitable as a recommended content item for users browsing for inspiration. Include a clear title, brief context, key observations, why it matters, and recommended next actions. Avoid generic industry commentary and avoid deep technical mechanism explanations unless needed for clarity.","Write a Opportunity Brief in English for Semiconductor Materials within the Materials industry. Title: Semiconductor Materials Opportunity Brief: Manufacturing Scale-Up and Operational Readiness. Use the content category ""opportunity_brief"". Focus on unmet needs, product opportunity spaces, timing signals, commercial fit, and practical next steps, especially what scale-up, process readiness, qualification, and operational constraints mean for commercialization. Audience role: innovation_product_strategy. Jobs to be done: identify_innovation_opportunities, evaluate_r_and_d_directions. Classify the article with industry ""materials"", sub_industry ""semiconductor_materials"", and content_category ""opportunity_brief"". Keep the content practical, specific to the sub-industry, and suitable as a recommended content item for users browsing for inspiration. Include a clear title, brief context, key observations, why it matters, and recommended next actions. Avoid generic industry commentary and avoid deep technical mechanism explanations unless needed for clarity."
13064,091010,sub_industry_recommendation,Advanced Materials Risk Watch: Adoption Signals and Buyer Pull,"Create a risk watch for Advanced Materials in the Materials industry, focused on where demand is showing up first, which buyer pains matter most, and what adoption signals deserve attention.",in_house_ip_legal,materials,Materials,"[""check_fto_and_design_risks"", ""explore_patent_landscapes""]",2026-09-10,"[""advanced_materials""]",Advanced Materials,,,materials,risk_watch,Risk Watch,"[""risk_watch""]","[""advanced materials"", ""materials"", ""risk watch"", ""adoption signals"", ""buyer demand"", ""recommendation content""]","Write a Risk Watch in English for Advanced Materials within the Materials industry. Title: Advanced Materials Risk Watch: Adoption Signals and Buyer Pull. Use the content category ""risk_watch"". Focus on regulatory, FTO, safety, supply, reimbursement, adoption, and commercialization risks, especially where demand is showing up first, which buyer pains matter most, and what adoption signals deserve attention. Audience role: in_house_ip_legal. Jobs to be done: check_fto_and_design_risks, explore_patent_landscapes. Classify the article with industry ""materials"", sub_industry ""advanced_materials"", and content_category ""risk_watch"". Keep the content practical, specific to the sub-industry, and suitable as a recommended content item for users browsing for inspiration. Include a clear title, brief context, key observations, why it matters, and recommended next actions. Avoid generic industry commentary and avoid deep technical mechanism explanations unless needed for clarity.","Write a Risk Watch in English for Advanced Materials within the Materials industry. Title: Advanced Materials Risk Watch: Adoption Signals and Buyer Pull. Use the content category ""risk_watch"". Focus on regulatory, FTO, safety, supply, reimbursement, adoption, and commercialization risks, especially where demand is showing up first, which buyer pains matter most, and what adoption signals deserve attention. Audience role: in_house_ip_legal. Jobs to be done: check_fto_and_design_risks, explore_patent_landscapes. Classify the article with industry ""materials"", sub_industry ""advanced_materials"", and content_category ""risk_watch"". Keep the content practical, specific to the sub-industry, and suitable as a recommended content item for users browsing for inspiration. Include a clear title, brief context, key observations, why it matters, and recommended next actions. Avoid generic industry commentary and avoid deep technical mechanism explanations unless needed for clarity."
13065,091010,sub_industry_recommendation,Polymers and Resins Trend Brief: Cost Pressure and Value Repositioning,"Create a trend brief for Polymers and Resins in the Materials industry, focused on how cost pressure is changing value propositions, purchasing criteria, and near-term product priorities.",innovation_product_strategy,materials,Materials,"[""track_technologies_and_competitors"", ""evaluate_r_and_d_directions""]",2026-09-10,"[""polymers_and_resins""]",Polymers and Resins,,,materials,trend_brief,Trend Brief,"[""trend_brief""]","[""polymers and resins"", ""materials"", ""trend brief"", ""cost pressure"", ""value proposition"", ""recommendation content""]","Write a Trend Brief in English for Polymers and Resins within the Materials industry. Title: Polymers and Resins Trend Brief: Cost Pressure and Value Repositioning. Use the content category ""trend_brief"". Focus on 3-5 year direction, adoption drivers, constraints, scenarios, and strategic implications, especially how cost pressure is changing value propositions, purchasing criteria, and near-term product priorities. Audience role: innovation_product_strategy. Jobs to be done: track_technologies_and_competitors, evaluate_r_and_d_directions. Classify the article with industry ""materials"", sub_industry ""polymers_and_resins"", and content_category ""trend_brief"". Keep the content practical, specific to the sub-industry, and suitable as a recommended content item for users browsing for inspiration. Include a clear title, brief context, key observations, why it matters, and recommended next actions. Avoid generic industry commentary and avoid deep technical mechanism explanations unless needed for clarity.","Write a Trend Brief in English for Polymers and Resins within the Materials industry. Title: Polymers and Resins Trend Brief: Cost Pressure and Value Repositioning. Use the content category ""trend_brief"". Focus on 3-5 year direction, adoption drivers, constraints, scenarios, and strategic implications, especially how cost pressure is changing value propositions, purchasing criteria, and near-term product priorities. Audience role: innovation_product_strategy. Jobs to be done: track_technologies_and_competitors, evaluate_r_and_d_directions. Classify the article with industry ""materials"", sub_industry ""polymers_and_resins"", and content_category ""trend_brief"". Keep the content practical, specific to the sub-industry, and suitable as a recommended content item for users browsing for inspiration. Include a clear title, brief context, key observations, why it matters, and recommended next actions. Avoid generic industry commentary and avoid deep technical mechanism explanations unless needed for clarity."
13009,091010,sub_industry_recommendation,Ev and Battery Systems Case: Turning Market Signals into Practical Innovation,"Create a case for Ev and Battery Systems in the Automotive industry, focused on a practical innovation case pattern, business context, adoption drivers, and what other teams can learn.",innovation_product_strategy,automotive,Automotive,"[""identify_innovation_opportunities"", ""evaluate_r_and_d_directions""]",2026-09-10,"[""ev_and_battery_systems""]",Ev and Battery Systems,,,automotive,case,Case,"[""case""]","[""ev and battery systems"", ""automotive"", ""case"", ""innovation signals"", ""recommendation content""]","Write a Case in English for Ev and Battery Systems within the Automotive industry. Use the content category ""case"". Focus on a practical innovation case pattern, business context, adoption drivers, and what other teams can learn. Audience role: innovation_product_strategy. Jobs to be done: identify_innovation_opportunities, evaluate_r_and_d_directions. Keep the content practical, specific to the sub-industry, and suitable as a recommended content item for users browsing for inspiration. Include a clear title, brief context, key observations, why it matters, and recommended next actions. Avoid generic industry commentary and avoid deep technical mechanism explanations unless needed for clarity.","Write a Case in English for Ev and Battery Systems within the Automotive industry. Use the content category ""case"". Focus on a practical innovation case pattern, business context, adoption drivers, and what other teams can learn. Audience role: innovation_product_strategy. Jobs to be done: identify_innovation_opportunities, evaluate_r_and_d_directions. Keep the content practical, specific to the sub-industry, and suitable as a recommended content item for users browsing for inspiration. Include a clear title, brief context, key observations, why it matters, and recommended next actions. Avoid generic industry commentary and avoid deep technical mechanism explanations unless needed for clarity."
13010,091010,sub_industry_recommendation,"Vehicle Components Market Landscape: Segments, Demand, and Growth Pockets","Create a market landscape for Vehicle Components in the Automotive industry, focused on market segments, demand shifts, buyer priorities, growth pockets, and ecosystem structure.",innovation_product_strategy,automotive,Automotive,"[""track_technologies_and_competitors"", ""identify_innovation_opportunities""]",2026-09-10,"[""vehicle_components""]",Vehicle Components,,,automotive,market_landscape,Market Landscape,"[""market_landscape""]","[""vehicle components"", ""automotive"", ""market landscape"", ""innovation signals"", ""recommendation content""]","Write a Market Landscape in English for Vehicle Components within the Automotive industry. Use the content category ""market_landscape"". Focus on market segments, demand shifts, buyer priorities, growth pockets, and ecosystem structure. Audience role: innovation_product_strategy. Jobs to be done: track_technologies_and_competitors, identify_innovation_opportunities. Keep the content practical, specific to the sub-industry, and suitable as a recommended content item for users browsing for inspiration. Include a clear title, brief context, key observations, why it matters, and recommended next actions. Avoid generic industry commentary and avoid deep technical mechanism explanations unless needed for clarity.","Write a Market Landscape in English for Vehicle Components within the Automotive industry. Use the content category ""market_landscape"". Focus on market segments, demand shifts, buyer priorities, growth pockets, and ecosystem structure. Audience role: innovation_product_strategy. Jobs to be done: track_technologies_and_competitors, identify_innovation_opportunities. Keep the content practical, specific to the sub-industry, and suitable as a recommended content item for users browsing for inspiration. Include a clear title, brief context, key observations, why it matters, and recommended next actions. Avoid generic industry commentary and avoid deep technical mechanism explanations unless needed for clarity."
13011,091010,sub_industry_recommendation,Autonomous and Connected Vehicle Patent Landscape: Where IP Activity Is Concentrating,"Create a patent landscape for Autonomous and Connected Vehicle in the Automotive industry, focused on patent activity, assignee clusters, technology white spaces, and IP strategy implications.",innovation_product_strategy,automotive,Automotive,"[""explore_patent_landscapes"", ""assess_product_ip_risks""]",2026-09-10,"[""autonomous_and_connected_vehicle""]",Autonomous and Connected Vehicle,,,automotive,patent_landscape,Patent Landscape,"[""patent_landscape""]","[""autonomous and connected vehicle"", ""automotive"", ""patent landscape"", ""innovation signals"", ""recommendation content""]","Write a Patent Landscape in English for Autonomous and Connected Vehicle within the Automotive industry. Use the content category ""patent_landscape"". Focus on patent activity, assignee clusters, technology white spaces, and IP strategy implications. Audience role: innovation_product_strategy. Jobs to be done: explore_patent_landscapes, assess_product_ip_risks. Keep the content practical, specific to the sub-industry, and suitable as a recommended content item for users browsing for inspiration. Include a clear title, brief context, key observations, why it matters, and recommended next actions. Avoid generic industry commentary and avoid deep technical mechanism explanations unless needed for clarity.","Write a Patent Landscape in English for Autonomous and Connected Vehicle within the Automotive industry. Use the content category ""patent_landscape"". Focus on patent activity, assignee clusters, technology white spaces, and IP strategy implications. Audience role: innovation_product_strategy. Jobs to be done: explore_patent_landscapes, assess_product_ip_risks. Keep the content practical, specific to the sub-industry, and suitable as a recommended content item for users browsing for inspiration. Include a clear title, brief context, key observations, why it matters, and recommended next actions. Avoid generic industry commentary and avoid deep technical mechanism explanations unless needed for clarity."
13012,091010,sub_industry_recommendation,Automotive Manufacturing Competitor Analysis: Strategic Moves and Differentiation Patterns,"Create a competitor analysis for Automotive Manufacturing in the Automotive industry, focused on competitor moves, positioning patterns, differentiation levers, and likely next actions.",innovation_product_strategy,automotive,Automotive,"[""track_technologies_and_competitors"", ""identify_innovation_opportunities""]",2026-09-10,"[""automotive_manufacturing""]",Automotive Manufacturing,,,automotive,competitor_analysis,Competitor Analysis,"[""competitor_analysis""]","[""automotive manufacturing"", ""automotive"", ""competitor analysis"", ""innovation signals"", ""recommendation content""]","Write a Competitor Analysis in English for Automotive Manufacturing within the Automotive industry. Use the content category ""competitor_analysis"". Focus on competitor moves, positioning patterns, differentiation levers, and likely next actions. Audience role: innovation_product_strategy. Jobs to be done: track_technologies_and_competitors, identify_innovation_opportunities. Keep the content practical, specific to the sub-industry, and suitable as a recommended content item for users browsing for inspiration. Include a clear title, brief context, key observations, why it matters, and recommended next actions. Avoid generic industry commentary and avoid deep technical mechanism explanations unless needed for clarity.","Write a Competitor Analysis in English for Automotive Manufacturing within the Automotive industry. Use the content category ""competitor_analysis"". Focus on competitor moves, positioning patterns, differentiation levers, and likely next actions. Audience role: innovation_product_strategy. Jobs to be done: track_technologies_and_competitors, identify_innovation_opportunities. Keep the content practical, specific to the sub-industry, and suitable as a recommended content item for users browsing for inspiration. Include a clear title, brief context, key observations, why it matters, and recommended next actions. Avoid generic industry commentary and avoid deep technical mechanism explanations unless needed for clarity."
13066,091010,sub_industry_recommendation,"Ev and Battery Systems Scout Report: Data, AI, and Workflow Integration","Create a scout report for Ev and Battery Systems in the Automotive industry, focused on how data, AI, automation, and workflow integration are changing user expectations and product scope.",innovation_product_strategy,automotive,Automotive,"[""track_technologies_and_competitors"", ""identify_innovation_opportunities""]",2026-09-10,"[""ev_and_battery_systems""]",Ev and Battery Systems,,,automotive,scout_report,Scout Report,"[""scout_report""]","[""ev and battery systems"", ""automotive"", ""scout report"", ""AI workflow"", ""data integration"", ""recommendation content""]","Write a Scout Report in English for Ev and Battery Systems within the Automotive industry. Title: Ev and Battery Systems Scout Report: Data, AI, and Workflow Integration. Use the content category ""scout_report"". Focus on early market signals, notable player activity, adoption triggers, and what teams should monitor next, especially how data, AI, automation, and workflow integration are changing user expectations and product scope. Audience role: innovation_product_strategy. Jobs to be done: track_technologies_and_competitors, identify_innovation_opportunities. Classify the article with industry ""automotive"", sub_industry ""ev_and_battery_systems"", and content_category ""scout_report"". Keep the content practical, specific to the sub-industry, and suitable as a recommended content item for users browsing for inspiration. Include a clear title, brief context, key observations, why it matters, and recommended next actions. Avoid generic industry commentary and avoid deep technical mechanism explanations unless needed for clarity.","Write a Scout Report in English for Ev and Battery Systems within the Automotive industry. Title: Ev and Battery Systems Scout Report: Data, AI, and Workflow Integration. Use the content category ""scout_report"". Focus on early market signals, notable player activity, adoption triggers, and what teams should monitor next, especially how data, AI, automation, and workflow integration are changing user expectations and product scope. Audience role: innovation_product_strategy. Jobs to be done: track_technologies_and_competitors, identify_innovation_opportunities. Classify the article with industry ""automotive"", sub_industry ""ev_and_battery_systems"", and content_category ""scout_report"". Keep the content practical, specific to the sub-industry, and suitable as a recommended content item for users browsing for inspiration. Include a clear title, brief context, key observations, why it matters, and recommended next actions. Avoid generic industry commentary and avoid deep technical mechanism explanations unless needed for clarity."
13067,091010,sub_industry_recommendation,"Vehicle Components Opportunity Brief: Quality, Reliability, and Field Performance","Create a opportunity brief for Vehicle Components in the Automotive industry, focused on where quality, reliability, maintenance, validation, and field evidence influence customer trust.",innovation_product_strategy,automotive,Automotive,"[""identify_innovation_opportunities"", ""evaluate_r_and_d_directions""]",2026-09-10,"[""vehicle_components""]",Vehicle Components,,,automotive,opportunity_brief,Opportunity Brief,"[""opportunity_brief""]","[""vehicle components"", ""automotive"", ""opportunity brief"", ""quality"", ""reliability"", ""recommendation content""]","Write a Opportunity Brief in English for Vehicle Components within the Automotive industry. Title: Vehicle Components Opportunity Brief: Quality, Reliability, and Field Performance. Use the content category ""opportunity_brief"". Focus on unmet needs, product opportunity spaces, timing signals, commercial fit, and practical next steps, especially where quality, reliability, maintenance, validation, and field evidence influence customer trust. Audience role: innovation_product_strategy. Jobs to be done: identify_innovation_opportunities, evaluate_r_and_d_directions. Classify the article with industry ""automotive"", sub_industry ""vehicle_components"", and content_category ""opportunity_brief"". Keep the content practical, specific to the sub-industry, and suitable as a recommended content item for users browsing for inspiration. Include a clear title, brief context, key observations, why it matters, and recommended next actions. Avoid generic industry commentary and avoid deep technical mechanism explanations unless needed for clarity.","Write a Opportunity Brief in English for Vehicle Components within the Automotive industry. Title: Vehicle Components Opportunity Brief: Quality, Reliability, and Field Performance. Use the content category ""opportunity_brief"". Focus on unmet needs, product opportunity spaces, timing signals, commercial fit, and practical next steps, especially where quality, reliability, maintenance, validation, and field evidence influence customer trust. Audience role: innovation_product_strategy. Jobs to be done: identify_innovation_opportunities, evaluate_r_and_d_directions. Classify the article with industry ""automotive"", sub_industry ""vehicle_components"", and content_category ""opportunity_brief"". Keep the content practical, specific to the sub-industry, and suitable as a recommended content item for users browsing for inspiration. Include a clear title, brief context, key observations, why it matters, and recommended next actions. Avoid generic industry commentary and avoid deep technical mechanism explanations unless needed for clarity."
13068,091010,sub_industry_recommendation,Autonomous and Connected Vehicle Risk Watch: Sustainability and Resource Constraints,"Create a risk watch for Autonomous and Connected Vehicle in the Automotive industry, focused on how sustainability expectations, resource limits, circularity, and efficiency pressures shape priorities.",in_house_ip_legal,automotive,Automotive,"[""check_fto_and_design_risks"", ""explore_patent_landscapes""]",2026-09-10,"[""autonomous_and_connected_vehicle""]",Autonomous and Connected Vehicle,,,automotive,risk_watch,Risk Watch,"[""risk_watch""]","[""autonomous and connected vehicle"", ""automotive"", ""risk watch"", ""sustainability"", ""resource efficiency"", ""recommendation content""]","Write a Risk Watch in English for Autonomous and Connected Vehicle within the Automotive industry. Title: Autonomous and Connected Vehicle Risk Watch: Sustainability and Resource Constraints. Use the content category ""risk_watch"". Focus on regulatory, FTO, safety, supply, reimbursement, adoption, and commercialization risks, especially how sustainability expectations, resource limits, circularity, and efficiency pressures shape priorities. Audience role: in_house_ip_legal. Jobs to be done: check_fto_and_design_risks, explore_patent_landscapes. Classify the article with industry ""automotive"", sub_industry ""autonomous_and_connected_vehicle"", and content_category ""risk_watch"". Keep the content practical, specific to the sub-industry, and suitable as a recommended content item for users browsing for inspiration. Include a clear title, brief context, key observations, why it matters, and recommended next actions. Avoid generic industry commentary and avoid deep technical mechanism explanations unless needed for clarity.","Write a Risk Watch in English for Autonomous and Connected Vehicle within the Automotive industry. Title: Autonomous and Connected Vehicle Risk Watch: Sustainability and Resource Constraints. Use the content category ""risk_watch"". Focus on regulatory, FTO, safety, supply, reimbursement, adoption, and commercialization risks, especially how sustainability expectations, resource limits, circularity, and efficiency pressures shape priorities. Audience role: in_house_ip_legal. Jobs to be done: check_fto_and_design_risks, explore_patent_landscapes. Classify the article with industry ""automotive"", sub_industry ""autonomous_and_connected_vehicle"", and content_category ""risk_watch"". Keep the content practical, specific to the sub-industry, and suitable as a recommended content item for users browsing for inspiration. Include a clear title, brief context, key observations, why it matters, and recommended next actions. Avoid generic industry commentary and avoid deep technical mechanism explanations unless needed for clarity."
13069,091010,sub_industry_recommendation,Automotive Manufacturing Trend Brief: Regional Market Divergence and Localization,"Create a trend brief for Automotive Manufacturing in the Automotive industry, focused on how regional demand, policy, pricing, and localization strategies are diverging across markets.",innovation_product_strategy,automotive,Automotive,"[""track_technologies_and_competitors"", ""evaluate_r_and_d_directions""]",2026-09-10,"[""automotive_manufacturing""]",Automotive Manufacturing,,,automotive,trend_brief,Trend Brief,"[""trend_brief""]","[""automotive manufacturing"", ""automotive"", ""trend brief"", ""regional markets"", ""localization"", ""recommendation content""]","Write a Trend Brief in English for Automotive Manufacturing within the Automotive industry. Title: Automotive Manufacturing Trend Brief: Regional Market Divergence and Localization. Use the content category ""trend_brief"". Focus on 3-5 year direction, adoption drivers, constraints, scenarios, and strategic implications, especially how regional demand, policy, pricing, and localization strategies are diverging across markets. Audience role: innovation_product_strategy. Jobs to be done: track_technologies_and_competitors, evaluate_r_and_d_directions. Classify the article with industry ""automotive"", sub_industry ""automotive_manufacturing"", and content_category ""trend_brief"". Keep the content practical, specific to the sub-industry, and suitable as a recommended content item for users browsing for inspiration. Include a clear title, brief context, key observations, why it matters, and recommended next actions. Avoid generic industry commentary and avoid deep technical mechanism explanations unless needed for clarity.","Write a Trend Brief in English for Automotive Manufacturing within the Automotive industry. Title: Automotive Manufacturing Trend Brief: Regional Market Divergence and Localization. Use the content category ""trend_brief"". Focus on 3-5 year direction, adoption drivers, constraints, scenarios, and strategic implications, especially how regional demand, policy, pricing, and localization strategies are diverging across markets. Audience role: innovation_product_strategy. Jobs to be done: track_technologies_and_competitors, evaluate_r_and_d_directions. Classify the article with industry ""automotive"", sub_industry ""automotive_manufacturing"", and content_category ""trend_brief"". Keep the content practical, specific to the sub-industry, and suitable as a recommended content item for users browsing for inspiration. Include a clear title, brief context, key observations, why it matters, and recommended next actions. Avoid generic industry commentary and avoid deep technical mechanism explanations unless needed for clarity."
13070,091010,sub_industry_recommendation,Ev and Battery Systems Patent Landscape: Manufacturing Scale-Up and Operational Readiness,"Create a patent landscape for Ev and Battery Systems in the Automotive industry, focused on what scale-up, process readiness, qualification, and operational constraints mean for commercialization.",innovation_product_strategy,automotive,Automotive,"[""explore_patent_landscapes"", ""assess_product_ip_risks""]",2026-09-10,"[""ev_and_battery_systems""]",Ev and Battery Systems,,,automotive,patent_landscape,Patent Landscape,"[""patent_landscape""]","[""ev and battery systems"", ""automotive"", ""patent landscape"", ""manufacturing scale-up"", ""operational readiness"", ""recommendation content""]","Write a Patent Landscape in English for Ev and Battery Systems within the Automotive industry. Title: Ev and Battery Systems Patent Landscape: Manufacturing Scale-Up and Operational Readiness. Use the content category ""patent_landscape"". Focus on patent activity, assignee concentration, technology clusters, white spaces, and IP strategy implications, especially what scale-up, process readiness, qualification, and operational constraints mean for commercialization. Audience role: innovation_product_strategy. Jobs to be done: explore_patent_landscapes, assess_product_ip_risks. Classify the article with industry ""automotive"", sub_industry ""ev_and_battery_systems"", and content_category ""patent_landscape"". Keep the content practical, specific to the sub-industry, and suitable as a recommended content item for users browsing for inspiration. Include a clear title, brief context, key observations, why it matters, and recommended next actions. Avoid generic industry commentary and avoid deep technical mechanism explanations unless needed for clarity.","Write a Patent Landscape in English for Ev and Battery Systems within the Automotive industry. Title: Ev and Battery Systems Patent Landscape: Manufacturing Scale-Up and Operational Readiness. Use the content category ""patent_landscape"". Focus on patent activity, assignee concentration, technology clusters, white spaces, and IP strategy implications, especially what scale-up, process readiness, qualification, and operational constraints mean for commercialization. Audience role: innovation_product_strategy. Jobs to be done: explore_patent_landscapes, assess_product_ip_risks. Classify the article with industry ""automotive"", sub_industry ""ev_and_battery_systems"", and content_category ""patent_landscape"". Keep the content practical, specific to the sub-industry, and suitable as a recommended content item for users browsing for inspiration. Include a clear title, brief context, key observations, why it matters, and recommended next actions. Avoid generic industry commentary and avoid deep technical mechanism explanations unless needed for clarity."
13071,091010,sub_industry_recommendation,Vehicle Components Competitor Analysis: White-Space Bets for 2027 Planning,"Create a competitor analysis for Vehicle Components in the Automotive industry, focused on which underexplored needs and weak signals could become useful product or research bets.",innovation_product_strategy,automotive,Automotive,"[""track_technologies_and_competitors"", ""identify_innovation_opportunities""]",2026-09-10,"[""vehicle_components""]",Vehicle Components,,,automotive,competitor_analysis,Competitor Analysis,"[""competitor_analysis""]","[""vehicle components"", ""automotive"", ""competitor analysis"", ""white space"", ""2027 planning"", ""recommendation content""]","Write a Competitor Analysis in English for Vehicle Components within the Automotive industry. Title: Vehicle Components Competitor Analysis: White-Space Bets for 2027 Planning. Use the content category ""competitor_analysis"". Focus on competitor positioning, strategic moves, differentiation levers, partnership patterns, and likely next actions, especially which underexplored needs and weak signals could become useful product or research bets. Audience role: innovation_product_strategy. Jobs to be done: track_technologies_and_competitors, identify_innovation_opportunities. Classify the article with industry ""automotive"", sub_industry ""vehicle_components"", and content_category ""competitor_analysis"". Keep the content practical, specific to the sub-industry, and suitable as a recommended content item for users browsing for inspiration. Include a clear title, brief context, key observations, why it matters, and recommended next actions. Avoid generic industry commentary and avoid deep technical mechanism explanations unless needed for clarity.","Write a Competitor Analysis in English for Vehicle Components within the Automotive industry. Title: Vehicle Components Competitor Analysis: White-Space Bets for 2027 Planning. Use the content category ""competitor_analysis"". Focus on competitor positioning, strategic moves, differentiation levers, partnership patterns, and likely next actions, especially which underexplored needs and weak signals could become useful product or research bets. Audience role: innovation_product_strategy. Jobs to be done: track_technologies_and_competitors, identify_innovation_opportunities. Classify the article with industry ""automotive"", sub_industry ""vehicle_components"", and content_category ""competitor_analysis"". Keep the content practical, specific to the sub-industry, and suitable as a recommended content item for users browsing for inspiration. Include a clear title, brief context, key observations, why it matters, and recommended next actions. Avoid generic industry commentary and avoid deep technical mechanism explanations unless needed for clarity."
13072,091010,sub_industry_recommendation,Autonomous and Connected Vehicle Scout Report: Adoption Signals and Buyer Pull,"Create a scout report for Autonomous and Connected Vehicle in the Automotive industry, focused on where demand is showing up first, which buyer pains matter most, and what adoption signals deserve attention.",innovation_product_strategy,automotive,Automotive,"[""track_technologies_and_competitors"", ""identify_innovation_opportunities""]",2026-09-10,"[""autonomous_and_connected_vehicle""]",Autonomous and Connected Vehicle,,,automotive,scout_report,Scout Report,"[""scout_report""]","[""autonomous and connected vehicle"", ""automotive"", ""scout report"", ""adoption signals"", ""buyer demand"", ""recommendation content""]","Write a Scout Report in English for Autonomous and Connected Vehicle within the Automotive industry. Title: Autonomous and Connected Vehicle Scout Report: Adoption Signals and Buyer Pull. Use the content category ""scout_report"". Focus on early market signals, notable player activity, adoption triggers, and what teams should monitor next, especially where demand is showing up first, which buyer pains matter most, and what adoption signals deserve attention. Audience role: innovation_product_strategy. Jobs to be done: track_technologies_and_competitors, identify_innovation_opportunities. Classify the article with industry ""automotive"", sub_industry ""autonomous_and_connected_vehicle"", and content_category ""scout_report"". Keep the content practical, specific to the sub-industry, and suitable as a recommended content item for users browsing for inspiration. Include a clear title, brief context, key observations, why it matters, and recommended next actions. Avoid generic industry commentary and avoid deep technical mechanism explanations unless needed for clarity.","Write a Scout Report in English for Autonomous and Connected Vehicle within the Automotive industry. Title: Autonomous and Connected Vehicle Scout Report: Adoption Signals and Buyer Pull. Use the content category ""scout_report"". Focus on early market signals, notable player activity, adoption triggers, and what teams should monitor next, especially where demand is showing up first, which buyer pains matter most, and what adoption signals deserve attention. Audience role: innovation_product_strategy. Jobs to be done: track_technologies_and_competitors, identify_innovation_opportunities. Classify the article with industry ""automotive"", sub_industry ""autonomous_and_connected_vehicle"", and content_category ""scout_report"". Keep the content practical, specific to the sub-industry, and suitable as a recommended content item for users browsing for inspiration. Include a clear title, brief context, key observations, why it matters, and recommended next actions. Avoid generic industry commentary and avoid deep technical mechanism explanations unless needed for clarity."
13073,091010,sub_industry_recommendation,Automotive Manufacturing Case: Cost Pressure and Value Repositioning,"Create a case for Automotive Manufacturing in the Automotive industry, focused on how cost pressure is changing value propositions, purchasing criteria, and near-term product priorities.",innovation_product_strategy,automotive,Automotive,"[""identify_innovation_opportunities"", ""evaluate_r_and_d_directions""]",2026-09-10,"[""automotive_manufacturing""]",Automotive Manufacturing,,,automotive,case,Case,"[""case""]","[""automotive manufacturing"", ""automotive"", ""case"", ""cost pressure"", ""value proposition"", ""recommendation content""]","Write a Case in English for Automotive Manufacturing within the Automotive industry. Title: Automotive Manufacturing Case: Cost Pressure and Value Repositioning. Use the content category ""case"". Focus on a concrete adoption pattern, business context, implementation choices, and reusable lessons for similar teams, especially how cost pressure is changing value propositions, purchasing criteria, and near-term product priorities. Audience role: innovation_product_strategy. Jobs to be done: identify_innovation_opportunities, evaluate_r_and_d_directions. Classify the article with industry ""automotive"", sub_industry ""automotive_manufacturing"", and content_category ""case"". Keep the content practical, specific to the sub-industry, and suitable as a recommended content item for users browsing for inspiration. Include a clear title, brief context, key observations, why it matters, and recommended next actions. Avoid generic industry commentary and avoid deep technical mechanism explanations unless needed for clarity.","Write a Case in English for Automotive Manufacturing within the Automotive industry. Title: Automotive Manufacturing Case: Cost Pressure and Value Repositioning. Use the content category ""case"". Focus on a concrete adoption pattern, business context, implementation choices, and reusable lessons for similar teams, especially how cost pressure is changing value propositions, purchasing criteria, and near-term product priorities. Audience role: innovation_product_strategy. Jobs to be done: identify_innovation_opportunities, evaluate_r_and_d_directions. Classify the article with industry ""automotive"", sub_industry ""automotive_manufacturing"", and content_category ""case"". Keep the content practical, specific to the sub-industry, and suitable as a recommended content item for users browsing for inspiration. Include a clear title, brief context, key observations, why it matters, and recommended next actions. Avoid generic industry commentary and avoid deep technical mechanism explanations unless needed for clarity."
13013,091010,sub_industry_recommendation,Semiconductor and Packaging Opportunity Brief: White Spaces for the Next Product Bets,"Create a opportunity brief for Semiconductor and Packaging in the Electronics Manufacturing industry, focused on unmet needs, product opportunity spaces, timing signals, and action recommendations.",innovation_product_strategy,electronics_manufacturing,Electronics Manufacturing,"[""identify_innovation_opportunities""]",2026-09-10,"[""semiconductor_and_packaging""]",Semiconductor and Packaging,,,electronics_manufacturing,opportunity_brief,Opportunity Brief,"[""opportunity_brief""]","[""semiconductor and packaging"", ""electronics manufacturing"", ""opportunity brief"", ""innovation signals"", ""recommendation content""]","Write a Opportunity Brief in English for Semiconductor and Packaging within the Electronics Manufacturing industry. Use the content category ""opportunity_brief"". Focus on unmet needs, product opportunity spaces, timing signals, and action recommendations. Audience role: innovation_product_strategy. Jobs to be done: identify_innovation_opportunities. Keep the content practical, specific to the sub-industry, and suitable as a recommended content item for users browsing for inspiration. Include a clear title, brief context, key observations, why it matters, and recommended next actions. Avoid generic industry commentary and avoid deep technical mechanism explanations unless needed for clarity.","Write a Opportunity Brief in English for Semiconductor and Packaging within the Electronics Manufacturing industry. Use the content category ""opportunity_brief"". Focus on unmet needs, product opportunity spaces, timing signals, and action recommendations. Audience role: innovation_product_strategy. Jobs to be done: identify_innovation_opportunities. Keep the content practical, specific to the sub-industry, and suitable as a recommended content item for users browsing for inspiration. Include a clear title, brief context, key observations, why it matters, and recommended next actions. Avoid generic industry commentary and avoid deep technical mechanism explanations unless needed for clarity."
13014,091010,sub_industry_recommendation,Photonics and Optics Risk Watch: Barriers That Could Slow Adoption,"Create a risk watch for Photonics and Optics in the Electronics Manufacturing industry, focused on regulatory, FTO, supply, adoption, reimbursement, safety, and commercialization risks.",in_house_ip_legal,electronics_manufacturing,Electronics Manufacturing,"[""check_fto_and_design_risks"", ""respond_to_office_actions""]",2026-09-10,"[""photonics_and_optics""]",Photonics and Optics,,,electronics_manufacturing,risk_watch,Risk Watch,"[""risk_watch""]","[""photonics and optics"", ""electronics manufacturing"", ""risk watch"", ""innovation signals"", ""recommendation content""]","Write a Risk Watch in English for Photonics and Optics within the Electronics Manufacturing industry. Use the content category ""risk_watch"". Focus on regulatory, FTO, supply, adoption, reimbursement, safety, and commercialization risks. Audience role: in_house_ip_legal. Jobs to be done: check_fto_and_design_risks, respond_to_office_actions. Keep the content practical, specific to the sub-industry, and suitable as a recommended content item for users browsing for inspiration. Include a clear title, brief context, key observations, why it matters, and recommended next actions. Avoid generic industry commentary and avoid deep technical mechanism explanations unless needed for clarity.","Write a Risk Watch in English for Photonics and Optics within the Electronics Manufacturing industry. Use the content category ""risk_watch"". Focus on regulatory, FTO, supply, adoption, reimbursement, safety, and commercialization risks. Audience role: in_house_ip_legal. Jobs to be done: check_fto_and_design_risks, respond_to_office_actions. Keep the content practical, specific to the sub-industry, and suitable as a recommended content item for users browsing for inspiration. Include a clear title, brief context, key observations, why it matters, and recommended next actions. Avoid generic industry commentary and avoid deep technical mechanism explanations unless needed for clarity."
13015,091010,sub_industry_recommendation,Consumer Electronics Components Trend Brief: What Will Shape the Next 3-5 Years,"Create a trend brief for Consumer Electronics Components in the Electronics Manufacturing industry, focused on 3-5 year trend direction, adoption drivers, constraints, scenarios, and strategy implications.",innovation_product_strategy,electronics_manufacturing,Electronics Manufacturing,"[""evaluate_r_and_d_directions""]",2026-09-10,"[""consumer_electronics_components""]",Consumer Electronics Components,,,electronics_manufacturing,trend_brief,Trend Brief,"[""trend_brief""]","[""consumer electronics components"", ""electronics manufacturing"", ""trend brief"", ""innovation signals"", ""recommendation content""]","Write a Trend Brief in English for Consumer Electronics Components within the Electronics Manufacturing industry. Use the content category ""trend_brief"". Focus on 3-5 year trend direction, adoption drivers, constraints, scenarios, and strategy implications. Audience role: innovation_product_strategy. Jobs to be done: evaluate_r_and_d_directions. Keep the content practical, specific to the sub-industry, and suitable as a recommended content item for users browsing for inspiration. Include a clear title, brief context, key observations, why it matters, and recommended next actions. Avoid generic industry commentary and avoid deep technical mechanism explanations unless needed for clarity.","Write a Trend Brief in English for Consumer Electronics Components within the Electronics Manufacturing industry. Use the content category ""trend_brief"". Focus on 3-5 year trend direction, adoption drivers, constraints, scenarios, and strategy implications. Audience role: innovation_product_strategy. Jobs to be done: evaluate_r_and_d_directions. Keep the content practical, specific to the sub-industry, and suitable as a recommended content item for users browsing for inspiration. Include a clear title, brief context, key observations, why it matters, and recommended next actions. Avoid generic industry commentary and avoid deep technical mechanism explanations unless needed for clarity."
13016,091010,sub_industry_recommendation,Manufacturing Processes Scout Report: Signals Worth Watching in Electronics Manufacturing,"Create a scout report for Manufacturing Processes in the Electronics Manufacturing industry, focused on emerging signals, notable players, early adoption patterns, and strategic watch points.",innovation_product_strategy,electronics_manufacturing,Electronics Manufacturing,"[""track_technologies_and_competitors"", ""identify_innovation_opportunities""]",2026-09-10,"[""manufacturing_processes""]",Manufacturing Processes,,,electronics_manufacturing,scout_report,Scout Report,"[""scout_report""]","[""manufacturing processes"", ""electronics manufacturing"", ""scout report"", ""innovation signals"", ""recommendation content""]","Write a Scout Report in English for Manufacturing Processes within the Electronics Manufacturing industry. Use the content category ""scout_report"". Focus on emerging signals, notable players, early adoption patterns, and strategic watch points. Audience role: innovation_product_strategy. Jobs to be done: track_technologies_and_competitors, identify_innovation_opportunities. Keep the content practical, specific to the sub-industry, and suitable as a recommended content item for users browsing for inspiration. Include a clear title, brief context, key observations, why it matters, and recommended next actions. Avoid generic industry commentary and avoid deep technical mechanism explanations unless needed for clarity.","Write a Scout Report in English for Manufacturing Processes within the Electronics Manufacturing industry. Use the content category ""scout_report"". Focus on emerging signals, notable players, early adoption patterns, and strategic watch points. Audience role: innovation_product_strategy. Jobs to be done: track_technologies_and_competitors, identify_innovation_opportunities. Keep the content practical, specific to the sub-industry, and suitable as a recommended content item for users browsing for inspiration. Include a clear title, brief context, key observations, why it matters, and recommended next actions. Avoid generic industry commentary and avoid deep technical mechanism explanations unless needed for clarity."
13074,091010,sub_industry_recommendation,"Semiconductor and Packaging Market Landscape: Data, AI, and Workflow Integration","Create a market landscape for Semiconductor and Packaging in the Electronics Manufacturing industry, focused on how data, AI, automation, and workflow integration are changing user expectations and product scope.",innovation_product_strategy,electronics_manufacturing,Electronics Manufacturing,"[""track_technologies_and_competitors"", ""identify_innovation_opportunities""]",2026-09-10,"[""semiconductor_and_packaging""]",Semiconductor and Packaging,,,electronics_manufacturing,market_landscape,Market Landscape,"[""market_landscape""]","[""semiconductor and packaging"", ""electronics manufacturing"", ""market landscape"", ""AI workflow"", ""data integration"", ""recommendation content""]","Write a Market Landscape in English for Semiconductor and Packaging within the Electronics Manufacturing industry. Title: Semiconductor and Packaging Market Landscape: Data, AI, and Workflow Integration. Use the content category ""market_landscape"". Focus on segment structure, buyer demand, growth pockets, channel shifts, and ecosystem boundaries, especially how data, AI, automation, and workflow integration are changing user expectations and product scope. Audience role: innovation_product_strategy. Jobs to be done: track_technologies_and_competitors, identify_innovation_opportunities. Classify the article with industry ""electronics_manufacturing"", sub_industry ""semiconductor_and_packaging"", and content_category ""market_landscape"". Keep the content practical, specific to the sub-industry, and suitable as a recommended content item for users browsing for inspiration. Include a clear title, brief context, key observations, why it matters, and recommended next actions. Avoid generic industry commentary and avoid deep technical mechanism explanations unless needed for clarity.","Write a Market Landscape in English for Semiconductor and Packaging within the Electronics Manufacturing industry. Title: Semiconductor and Packaging Market Landscape: Data, AI, and Workflow Integration. Use the content category ""market_landscape"". Focus on segment structure, buyer demand, growth pockets, channel shifts, and ecosystem boundaries, especially how data, AI, automation, and workflow integration are changing user expectations and product scope. Audience role: innovation_product_strategy. Jobs to be done: track_technologies_and_competitors, identify_innovation_opportunities. Classify the article with industry ""electronics_manufacturing"", sub_industry ""semiconductor_and_packaging"", and content_category ""market_landscape"". Keep the content practical, specific to the sub-industry, and suitable as a recommended content item for users browsing for inspiration. Include a clear title, brief context, key observations, why it matters, and recommended next actions. Avoid generic industry commentary and avoid deep technical mechanism explanations unless needed for clarity."
13075,091010,sub_industry_recommendation,"Photonics and Optics Patent Landscape: Quality, Reliability, and Field Performance","Create a patent landscape for Photonics and Optics in the Electronics Manufacturing industry, focused on where quality, reliability, maintenance, validation, and field evidence influence customer trust.",innovation_product_strategy,electronics_manufacturing,Electronics Manufacturing,"[""explore_patent_landscapes"", ""assess_product_ip_risks""]",2026-09-10,"[""photonics_and_optics""]",Photonics and Optics,,,electronics_manufacturing,patent_landscape,Patent Landscape,"[""patent_landscape""]","[""photonics and optics"", ""electronics manufacturing"", ""patent landscape"", ""quality"", ""reliability"", ""recommendation content""]","Write a Patent Landscape in English for Photonics and Optics within the Electronics Manufacturing industry. Title: Photonics and Optics Patent Landscape: Quality, Reliability, and Field Performance. Use the content category ""patent_landscape"". Focus on patent activity, assignee concentration, technology clusters, white spaces, and IP strategy implications, especially where quality, reliability, maintenance, validation, and field evidence influence customer trust. Audience role: innovation_product_strategy. Jobs to be done: explore_patent_landscapes, assess_product_ip_risks. Classify the article with industry ""electronics_manufacturing"", sub_industry ""photonics_and_optics"", and content_category ""patent_landscape"". Keep the content practical, specific to the sub-industry, and suitable as a recommended content item for users browsing for inspiration. Include a clear title, brief context, key observations, why it matters, and recommended next actions. Avoid generic industry commentary and avoid deep technical mechanism explanations unless needed for clarity.","Write a Patent Landscape in English for Photonics and Optics within the Electronics Manufacturing industry. Title: Photonics and Optics Patent Landscape: Quality, Reliability, and Field Performance. Use the content category ""patent_landscape"". Focus on patent activity, assignee concentration, technology clusters, white spaces, and IP strategy implications, especially where quality, reliability, maintenance, validation, and field evidence influence customer trust. Audience role: innovation_product_strategy. Jobs to be done: explore_patent_landscapes, assess_product_ip_risks. Classify the article with industry ""electronics_manufacturing"", sub_industry ""photonics_and_optics"", and content_category ""patent_landscape"". Keep the content practical, specific to the sub-industry, and suitable as a recommended content item for users browsing for inspiration. Include a clear title, brief context, key observations, why it matters, and recommended next actions. Avoid generic industry commentary and avoid deep technical mechanism explanations unless needed for clarity."
13076,091010,sub_industry_recommendation,Consumer Electronics Components Competitor Analysis: Sustainability and Resource Constraints,"Create a competitor analysis for Consumer Electronics Components in the Electronics Manufacturing industry, focused on how sustainability expectations, resource limits, circularity, and efficiency pressures shape priorities.",innovation_product_strategy,electronics_manufacturing,Electronics Manufacturing,"[""track_technologies_and_competitors"", ""identify_innovation_opportunities""]",2026-09-10,"[""consumer_electronics_components""]",Consumer Electronics Components,,,electronics_manufacturing,competitor_analysis,Competitor Analysis,"[""competitor_analysis""]","[""consumer electronics components"", ""electronics manufacturing"", ""competitor analysis"", ""sustainability"", ""resource efficiency"", ""recommendation content""]","Write a Competitor Analysis in English for Consumer Electronics Components within the Electronics Manufacturing industry. Title: Consumer Electronics Components Competitor Analysis: Sustainability and Resource Constraints. Use the content category ""competitor_analysis"". Focus on competitor positioning, strategic moves, differentiation levers, partnership patterns, and likely next actions, especially how sustainability expectations, resource limits, circularity, and efficiency pressures shape priorities. Audience role: innovation_product_strategy. Jobs to be done: track_technologies_and_competitors, identify_innovation_opportunities. Classify the article with industry ""electronics_manufacturing"", sub_industry ""consumer_electronics_components"", and content_category ""competitor_analysis"". Keep the content practical, specific to the sub-industry, and suitable as a recommended content item for users browsing for inspiration. Include a clear title, brief context, key observations, why it matters, and recommended next actions. Avoid generic industry commentary and avoid deep technical mechanism explanations unless needed for clarity.","Write a Competitor Analysis in English for Consumer Electronics Components within the Electronics Manufacturing industry. Title: Consumer Electronics Components Competitor Analysis: Sustainability and Resource Constraints. Use the content category ""competitor_analysis"". Focus on competitor positioning, strategic moves, differentiation levers, partnership patterns, and likely next actions, especially how sustainability expectations, resource limits, circularity, and efficiency pressures shape priorities. Audience role: innovation_product_strategy. Jobs to be done: track_technologies_and_competitors, identify_innovation_opportunities. Classify the article with industry ""electronics_manufacturing"", sub_industry ""consumer_electronics_components"", and content_category ""competitor_analysis"". Keep the content practical, specific to the sub-industry, and suitable as a recommended content item for users browsing for inspiration. Include a clear title, brief context, key observations, why it matters, and recommended next actions. Avoid generic industry commentary and avoid deep technical mechanism explanations unless needed for clarity."
13077,091010,sub_industry_recommendation,Manufacturing Processes Case: Regional Market Divergence and Localization,"Create a case for Manufacturing Processes in the Electronics Manufacturing industry, focused on how regional demand, policy, pricing, and localization strategies are diverging across markets.",innovation_product_strategy,electronics_manufacturing,Electronics Manufacturing,"[""identify_innovation_opportunities"", ""evaluate_r_and_d_directions""]",2026-09-10,"[""manufacturing_processes""]",Manufacturing Processes,,,electronics_manufacturing,case,Case,"[""case""]","[""manufacturing processes"", ""electronics manufacturing"", ""case"", ""regional markets"", ""localization"", ""recommendation content""]","Write a Case in English for Manufacturing Processes within the Electronics Manufacturing industry. Title: Manufacturing Processes Case: Regional Market Divergence and Localization. Use the content category ""case"". Focus on a concrete adoption pattern, business context, implementation choices, and reusable lessons for similar teams, especially how regional demand, policy, pricing, and localization strategies are diverging across markets. Audience role: innovation_product_strategy. Jobs to be done: identify_innovation_opportunities, evaluate_r_and_d_directions. Classify the article with industry ""electronics_manufacturing"", sub_industry ""manufacturing_processes"", and content_category ""case"". Keep the content practical, specific to the sub-industry, and suitable as a recommended content item for users browsing for inspiration. Include a clear title, brief context, key observations, why it matters, and recommended next actions. Avoid generic industry commentary and avoid deep technical mechanism explanations unless needed for clarity.","Write a Case in English for Manufacturing Processes within the Electronics Manufacturing industry. Title: Manufacturing Processes Case: Regional Market Divergence and Localization. Use the content category ""case"". Focus on a concrete adoption pattern, business context, implementation choices, and reusable lessons for similar teams, especially how regional demand, policy, pricing, and localization strategies are diverging across markets. Audience role: innovation_product_strategy. Jobs to be done: identify_innovation_opportunities, evaluate_r_and_d_directions. Classify the article with industry ""electronics_manufacturing"", sub_industry ""manufacturing_processes"", and content_category ""case"". Keep the content practical, specific to the sub-industry, and suitable as a recommended content item for users browsing for inspiration. Include a clear title, brief context, key observations, why it matters, and recommended next actions. Avoid generic industry commentary and avoid deep technical mechanism explanations unless needed for clarity."
13078,091010,sub_industry_recommendation,Semiconductor and Packaging Opportunity Brief: Manufacturing Scale-Up and Operational Readiness,"Create a opportunity brief for Semiconductor and Packaging in the Electronics Manufacturing industry, focused on what scale-up, process readiness, qualification, and operational constraints mean for commercialization.",innovation_product_strategy,electronics_manufacturing,Electronics Manufacturing,"[""identify_innovation_opportunities"", ""evaluate_r_and_d_directions""]",2026-09-10,"[""semiconductor_and_packaging""]",Semiconductor and Packaging,,,electronics_manufacturing,opportunity_brief,Opportunity Brief,"[""opportunity_brief""]","[""semiconductor and packaging"", ""electronics manufacturing"", ""opportunity brief"", ""manufacturing scale-up"", ""operational readiness"", ""recommendation content""]","Write a Opportunity Brief in English for Semiconductor and Packaging within the Electronics Manufacturing industry. Title: Semiconductor and Packaging Opportunity Brief: Manufacturing Scale-Up and Operational Readiness. Use the content category ""opportunity_brief"". Focus on unmet needs, product opportunity spaces, timing signals, commercial fit, and practical next steps, especially what scale-up, process readiness, qualification, and operational constraints mean for commercialization. Audience role: innovation_product_strategy. Jobs to be done: identify_innovation_opportunities, evaluate_r_and_d_directions. Classify the article with industry ""electronics_manufacturing"", sub_industry ""semiconductor_and_packaging"", and content_category ""opportunity_brief"". Keep the content practical, specific to the sub-industry, and suitable as a recommended content item for users browsing for inspiration. Include a clear title, brief context, key observations, why it matters, and recommended next actions. Avoid generic industry commentary and avoid deep technical mechanism explanations unless needed for clarity.","Write a Opportunity Brief in English for Semiconductor and Packaging within the Electronics Manufacturing industry. Title: Semiconductor and Packaging Opportunity Brief: Manufacturing Scale-Up and Operational Readiness. Use the content category ""opportunity_brief"". Focus on unmet needs, product opportunity spaces, timing signals, commercial fit, and practical next steps, especially what scale-up, process readiness, qualification, and operational constraints mean for commercialization. Audience role: innovation_product_strategy. Jobs to be done: identify_innovation_opportunities, evaluate_r_and_d_directions. Classify the article with industry ""electronics_manufacturing"", sub_industry ""semiconductor_and_packaging"", and content_category ""opportunity_brief"". Keep the content practical, specific to the sub-industry, and suitable as a recommended content item for users browsing for inspiration. Include a clear title, brief context, key observations, why it matters, and recommended next actions. Avoid generic industry commentary and avoid deep technical mechanism explanations unless needed for clarity."
13079,091010,sub_industry_recommendation,Photonics and Optics Risk Watch: White-Space Bets for 2027 Planning,"Create a risk watch for Photonics and Optics in the Electronics Manufacturing industry, focused on which underexplored needs and weak signals could become useful product or research bets.",in_house_ip_legal,electronics_manufacturing,Electronics Manufacturing,"[""check_fto_and_design_risks"", ""explore_patent_landscapes""]",2026-09-10,"[""photonics_and_optics""]",Photonics and Optics,,,electronics_manufacturing,risk_watch,Risk Watch,"[""risk_watch""]","[""photonics and optics"", ""electronics manufacturing"", ""risk watch"", ""white space"", ""2027 planning"", ""recommendation content""]","Write a Risk Watch in English for Photonics and Optics within the Electronics Manufacturing industry. Title: Photonics and Optics Risk Watch: White-Space Bets for 2027 Planning. Use the content category ""risk_watch"". Focus on regulatory, FTO, safety, supply, reimbursement, adoption, and commercialization risks, especially which underexplored needs and weak signals could become useful product or research bets. Audience role: in_house_ip_legal. Jobs to be done: check_fto_and_design_risks, explore_patent_landscapes. Classify the article with industry ""electronics_manufacturing"", sub_industry ""photonics_and_optics"", and content_category ""risk_watch"". Keep the content practical, specific to the sub-industry, and suitable as a recommended content item for users browsing for inspiration. Include a clear title, brief context, key observations, why it matters, and recommended next actions. Avoid generic industry commentary and avoid deep technical mechanism explanations unless needed for clarity.","Write a Risk Watch in English for Photonics and Optics within the Electronics Manufacturing industry. Title: Photonics and Optics Risk Watch: White-Space Bets for 2027 Planning. Use the content category ""risk_watch"". Focus on regulatory, FTO, safety, supply, reimbursement, adoption, and commercialization risks, especially which underexplored needs and weak signals could become useful product or research bets. Audience role: in_house_ip_legal. Jobs to be done: check_fto_and_design_risks, explore_patent_landscapes. Classify the article with industry ""electronics_manufacturing"", sub_industry ""photonics_and_optics"", and content_category ""risk_watch"". Keep the content practical, specific to the sub-industry, and suitable as a recommended content item for users browsing for inspiration. Include a clear title, brief context, key observations, why it matters, and recommended next actions. Avoid generic industry commentary and avoid deep technical mechanism explanations unless needed for clarity."
13080,091010,sub_industry_recommendation,Consumer Electronics Components Trend Brief: Adoption Signals and Buyer Pull,"Create a trend brief for Consumer Electronics Components in the Electronics Manufacturing industry, focused on where demand is showing up first, which buyer pains matter most, and what adoption signals deserve attention.",innovation_product_strategy,electronics_manufacturing,Electronics Manufacturing,"[""track_technologies_and_competitors"", ""evaluate_r_and_d_directions""]",2026-09-10,"[""consumer_electronics_components""]",Consumer Electronics Components,,,electronics_manufacturing,trend_brief,Trend Brief,"[""trend_brief""]","[""consumer electronics components"", ""electronics manufacturing"", ""trend brief"", ""adoption signals"", ""buyer demand"", ""recommendation content""]","Write a Trend Brief in English for Consumer Electronics Components within the Electronics Manufacturing industry. Title: Consumer Electronics Components Trend Brief: Adoption Signals and Buyer Pull. Use the content category ""trend_brief"". Focus on 3-5 year direction, adoption drivers, constraints, scenarios, and strategic implications, especially where demand is showing up first, which buyer pains matter most, and what adoption signals deserve attention. Audience role: innovation_product_strategy. Jobs to be done: track_technologies_and_competitors, evaluate_r_and_d_directions. Classify the article with industry ""electronics_manufacturing"", sub_industry ""consumer_electronics_components"", and content_category ""trend_brief"". Keep the content practical, specific to the sub-industry, and suitable as a recommended content item for users browsing for inspiration. Include a clear title, brief context, key observations, why it matters, and recommended next actions. Avoid generic industry commentary and avoid deep technical mechanism explanations unless needed for clarity.","Write a Trend Brief in English for Consumer Electronics Components within the Electronics Manufacturing industry. Title: Consumer Electronics Components Trend Brief: Adoption Signals and Buyer Pull. Use the content category ""trend_brief"". Focus on 3-5 year direction, adoption drivers, constraints, scenarios, and strategic implications, especially where demand is showing up first, which buyer pains matter most, and what adoption signals deserve attention. Audience role: innovation_product_strategy. Jobs to be done: track_technologies_and_competitors, evaluate_r_and_d_directions. Classify the article with industry ""electronics_manufacturing"", sub_industry ""consumer_electronics_components"", and content_category ""trend_brief"". Keep the content practical, specific to the sub-industry, and suitable as a recommended content item for users browsing for inspiration. Include a clear title, brief context, key observations, why it matters, and recommended next actions. Avoid generic industry commentary and avoid deep technical mechanism explanations unless needed for clarity."
13081,091010,sub_industry_recommendation,Manufacturing Processes Scout Report: Cost Pressure and Value Repositioning,"Create a scout report for Manufacturing Processes in the Electronics Manufacturing industry, focused on how cost pressure is changing value propositions, purchasing criteria, and near-term product priorities.",innovation_product_strategy,electronics_manufacturing,Electronics Manufacturing,"[""track_technologies_and_competitors"", ""identify_innovation_opportunities""]",2026-09-10,"[""manufacturing_processes""]",Manufacturing Processes,,,electronics_manufacturing,scout_report,Scout Report,"[""scout_report""]","[""manufacturing processes"", ""electronics manufacturing"", ""scout report"", ""cost pressure"", ""value proposition"", ""recommendation content""]","Write a Scout Report in English for Manufacturing Processes within the Electronics Manufacturing industry. Title: Manufacturing Processes Scout Report: Cost Pressure and Value Repositioning. Use the content category ""scout_report"". Focus on early market signals, notable player activity, adoption triggers, and what teams should monitor next, especially how cost pressure is changing value propositions, purchasing criteria, and near-term product priorities. Audience role: innovation_product_strategy. Jobs to be done: track_technologies_and_competitors, identify_innovation_opportunities. Classify the article with industry ""electronics_manufacturing"", sub_industry ""manufacturing_processes"", and content_category ""scout_report"". Keep the content practical, specific to the sub-industry, and suitable as a recommended content item for users browsing for inspiration. Include a clear title, brief context, key observations, why it matters, and recommended next actions. Avoid generic industry commentary and avoid deep technical mechanism explanations unless needed for clarity.","Write a Scout Report in English for Manufacturing Processes within the Electronics Manufacturing industry. Title: Manufacturing Processes Scout Report: Cost Pressure and Value Repositioning. Use the content category ""scout_report"". Focus on early market signals, notable player activity, adoption triggers, and what teams should monitor next, especially how cost pressure is changing value propositions, purchasing criteria, and near-term product priorities. Audience role: innovation_product_strategy. Jobs to be done: track_technologies_and_competitors, identify_innovation_opportunities. Classify the article with industry ""electronics_manufacturing"", sub_industry ""manufacturing_processes"", and content_category ""scout_report"". Keep the content practical, specific to the sub-industry, and suitable as a recommended content item for users browsing for inspiration. Include a clear title, brief context, key observations, why it matters, and recommended next actions. Avoid generic industry commentary and avoid deep technical mechanism explanations unless needed for clarity."
13017,091010,sub_industry_recommendation,Industrial Equipment Case: Turning Market Signals into Practical Innovation,"Create a case for Industrial Equipment in the Engineering industry, focused on a practical innovation case pattern, business context, adoption drivers, and what other teams can learn.",innovation_product_strategy,engineering,Engineering,"[""identify_innovation_opportunities"", ""evaluate_r_and_d_directions""]",2026-09-10,"[""industrial_equipment""]",Industrial Equipment,,,engineering,case,Case,"[""case""]","[""industrial equipment"", ""engineering"", ""case"", ""innovation signals"", ""recommendation content""]","Write a Case in English for Industrial Equipment within the Engineering industry. Use the content category ""case"". Focus on a practical innovation case pattern, business context, adoption drivers, and what other teams can learn. Audience role: innovation_product_strategy. Jobs to be done: identify_innovation_opportunities, evaluate_r_and_d_directions. Keep the content practical, specific to the sub-industry, and suitable as a recommended content item for users browsing for inspiration. Include a clear title, brief context, key observations, why it matters, and recommended next actions. Avoid generic industry commentary and avoid deep technical mechanism explanations unless needed for clarity.","Write a Case in English for Industrial Equipment within the Engineering industry. Use the content category ""case"". Focus on a practical innovation case pattern, business context, adoption drivers, and what other teams can learn. Audience role: innovation_product_strategy. Jobs to be done: identify_innovation_opportunities, evaluate_r_and_d_directions. Keep the content practical, specific to the sub-industry, and suitable as a recommended content item for users browsing for inspiration. Include a clear title, brief context, key observations, why it matters, and recommended next actions. Avoid generic industry commentary and avoid deep technical mechanism explanations unless needed for clarity."
13018,091010,sub_industry_recommendation,"Mechanical Systems Market Landscape: Segments, Demand, and Growth Pockets","Create a market landscape for Mechanical Systems in the Engineering industry, focused on market segments, demand shifts, buyer priorities, growth pockets, and ecosystem structure.",innovation_product_strategy,engineering,Engineering,"[""track_technologies_and_competitors"", ""identify_innovation_opportunities""]",2026-09-10,"[""mechanical_systems""]",Mechanical Systems,,,engineering,market_landscape,Market Landscape,"[""market_landscape""]","[""mechanical systems"", ""engineering"", ""market landscape"", ""innovation signals"", ""recommendation content""]","Write a Market Landscape in English for Mechanical Systems within the Engineering industry. Use the content category ""market_landscape"". Focus on market segments, demand shifts, buyer priorities, growth pockets, and ecosystem structure. Audience role: innovation_product_strategy. Jobs to be done: track_technologies_and_competitors, identify_innovation_opportunities. Keep the content practical, specific to the sub-industry, and suitable as a recommended content item for users browsing for inspiration. Include a clear title, brief context, key observations, why it matters, and recommended next actions. Avoid generic industry commentary and avoid deep technical mechanism explanations unless needed for clarity.","Write a Market Landscape in English for Mechanical Systems within the Engineering industry. Use the content category ""market_landscape"". Focus on market segments, demand shifts, buyer priorities, growth pockets, and ecosystem structure. Audience role: innovation_product_strategy. Jobs to be done: track_technologies_and_competitors, identify_innovation_opportunities. Keep the content practical, specific to the sub-industry, and suitable as a recommended content item for users browsing for inspiration. Include a clear title, brief context, key observations, why it matters, and recommended next actions. Avoid generic industry commentary and avoid deep technical mechanism explanations unless needed for clarity."
13019,091010,sub_industry_recommendation,Manufacturing Process Engineering Patent Landscape: Where IP Activity Is Concentrating,"Create a patent landscape for Manufacturing Process Engineering in the Engineering industry, focused on patent activity, assignee clusters, technology white spaces, and IP strategy implications.",innovation_product_strategy,engineering,Engineering,"[""explore_patent_landscapes"", ""assess_product_ip_risks""]",2026-09-10,"[""manufacturing_process_engineering""]",Manufacturing Process Engineering,,,engineering,patent_landscape,Patent Landscape,"[""patent_landscape""]","[""manufacturing process engineering"", ""engineering"", ""patent landscape"", ""innovation signals"", ""recommendation content""]","Write a Patent Landscape in English for Manufacturing Process Engineering within the Engineering industry. Use the content category ""patent_landscape"". Focus on patent activity, assignee clusters, technology white spaces, and IP strategy implications. Audience role: innovation_product_strategy. Jobs to be done: explore_patent_landscapes, assess_product_ip_risks. Keep the content practical, specific to the sub-industry, and suitable as a recommended content item for users browsing for inspiration. Include a clear title, brief context, key observations, why it matters, and recommended next actions. Avoid generic industry commentary and avoid deep technical mechanism explanations unless needed for clarity.","Write a Patent Landscape in English for Manufacturing Process Engineering within the Engineering industry. Use the content category ""patent_landscape"". Focus on patent activity, assignee clusters, technology white spaces, and IP strategy implications. Audience role: innovation_product_strategy. Jobs to be done: explore_patent_landscapes, assess_product_ip_risks. Keep the content practical, specific to the sub-industry, and suitable as a recommended content item for users browsing for inspiration. Include a clear title, brief context, key observations, why it matters, and recommended next actions. Avoid generic industry commentary and avoid deep technical mechanism explanations unless needed for clarity."
13020,091010,sub_industry_recommendation,Construction Engineering Overlap Competitor Analysis: Strategic Moves and Differentiation Patterns,"Create a competitor analysis for Construction Engineering Overlap in the Engineering industry, focused on competitor moves, positioning patterns, differentiation levers, and likely next actions.",innovation_product_strategy,engineering,Engineering,"[""track_technologies_and_competitors"", ""identify_innovation_opportunities""]",2026-09-10,"[""construction_engineering_overlap""]",Construction Engineering Overlap,,,engineering,competitor_analysis,Competitor Analysis,"[""competitor_analysis""]","[""construction engineering overlap"", ""engineering"", ""competitor analysis"", ""innovation signals"", ""recommendation content""]","Write a Competitor Analysis in English for Construction Engineering Overlap within the Engineering industry. Use the content category ""competitor_analysis"". Focus on competitor moves, positioning patterns, differentiation levers, and likely next actions. Audience role: innovation_product_strategy. Jobs to be done: track_technologies_and_competitors, identify_innovation_opportunities. Keep the content practical, specific to the sub-industry, and suitable as a recommended content item for users browsing for inspiration. Include a clear title, brief context, key observations, why it matters, and recommended next actions. Avoid generic industry commentary and avoid deep technical mechanism explanations unless needed for clarity.","Write a Competitor Analysis in English for Construction Engineering Overlap within the Engineering industry. Use the content category ""competitor_analysis"". Focus on competitor moves, positioning patterns, differentiation levers, and likely next actions. Audience role: innovation_product_strategy. Jobs to be done: track_technologies_and_competitors, identify_innovation_opportunities. Keep the content practical, specific to the sub-industry, and suitable as a recommended content item for users browsing for inspiration. Include a clear title, brief context, key observations, why it matters, and recommended next actions. Avoid generic industry commentary and avoid deep technical mechanism explanations unless needed for clarity."
13082,091010,sub_industry_recommendation,"Industrial Equipment Opportunity Brief: Data, AI, and Workflow Integration","Create a opportunity brief for Industrial Equipment in the Engineering industry, focused on how data, AI, automation, and workflow integration are changing user expectations and product scope.",innovation_product_strategy,engineering,Engineering,"[""identify_innovation_opportunities"", ""evaluate_r_and_d_directions""]",2026-09-10,"[""industrial_equipment""]",Industrial Equipment,,,engineering,opportunity_brief,Opportunity Brief,"[""opportunity_brief""]","[""industrial equipment"", ""engineering"", ""opportunity brief"", ""AI workflow"", ""data integration"", ""recommendation content""]","Write a Opportunity Brief in English for Industrial Equipment within the Engineering industry. Title: Industrial Equipment Opportunity Brief: Data, AI, and Workflow Integration. Use the content category ""opportunity_brief"". Focus on unmet needs, product opportunity spaces, timing signals, commercial fit, and practical next steps, especially how data, AI, automation, and workflow integration are changing user expectations and product scope. Audience role: innovation_product_strategy. Jobs to be done: identify_innovation_opportunities, evaluate_r_and_d_directions. Classify the article with industry ""engineering"", sub_industry ""industrial_equipment"", and content_category ""opportunity_brief"". Keep the content practical, specific to the sub-industry, and suitable as a recommended content item for users browsing for inspiration. Include a clear title, brief context, key observations, why it matters, and recommended next actions. Avoid generic industry commentary and avoid deep technical mechanism explanations unless needed for clarity.","Write a Opportunity Brief in English for Industrial Equipment within the Engineering industry. Title: Industrial Equipment Opportunity Brief: Data, AI, and Workflow Integration. Use the content category ""opportunity_brief"". Focus on unmet needs, product opportunity spaces, timing signals, commercial fit, and practical next steps, especially how data, AI, automation, and workflow integration are changing user expectations and product scope. Audience role: innovation_product_strategy. Jobs to be done: identify_innovation_opportunities, evaluate_r_and_d_directions. Classify the article with industry ""engineering"", sub_industry ""industrial_equipment"", and content_category ""opportunity_brief"". Keep the content practical, specific to the sub-industry, and suitable as a recommended content item for users browsing for inspiration. Include a clear title, brief context, key observations, why it matters, and recommended next actions. Avoid generic industry commentary and avoid deep technical mechanism explanations unless needed for clarity."
13083,091010,sub_industry_recommendation,"Mechanical Systems Risk Watch: Quality, Reliability, and Field Performance","Create a risk watch for Mechanical Systems in the Engineering industry, focused on where quality, reliability, maintenance, validation, and field evidence influence customer trust.",in_house_ip_legal,engineering,Engineering,"[""check_fto_and_design_risks"", ""explore_patent_landscapes""]",2026-09-10,"[""mechanical_systems""]",Mechanical Systems,,,engineering,risk_watch,Risk Watch,"[""risk_watch""]","[""mechanical systems"", ""engineering"", ""risk watch"", ""quality"", ""reliability"", ""recommendation content""]","Write a Risk Watch in English for Mechanical Systems within the Engineering industry. Title: Mechanical Systems Risk Watch: Quality, Reliability, and Field Performance. Use the content category ""risk_watch"". Focus on regulatory, FTO, safety, supply, reimbursement, adoption, and commercialization risks, especially where quality, reliability, maintenance, validation, and field evidence influence customer trust. Audience role: in_house_ip_legal. Jobs to be done: check_fto_and_design_risks, explore_patent_landscapes. Classify the article with industry ""engineering"", sub_industry ""mechanical_systems"", and content_category ""risk_watch"". Keep the content practical, specific to the sub-industry, and suitable as a recommended content item for users browsing for inspiration. Include a clear title, brief context, key observations, why it matters, and recommended next actions. Avoid generic industry commentary and avoid deep technical mechanism explanations unless needed for clarity.","Write a Risk Watch in English for Mechanical Systems within the Engineering industry. Title: Mechanical Systems Risk Watch: Quality, Reliability, and Field Performance. Use the content category ""risk_watch"". Focus on regulatory, FTO, safety, supply, reimbursement, adoption, and commercialization risks, especially where quality, reliability, maintenance, validation, and field evidence influence customer trust. Audience role: in_house_ip_legal. Jobs to be done: check_fto_and_design_risks, explore_patent_landscapes. Classify the article with industry ""engineering"", sub_industry ""mechanical_systems"", and content_category ""risk_watch"". Keep the content practical, specific to the sub-industry, and suitable as a recommended content item for users browsing for inspiration. Include a clear title, brief context, key observations, why it matters, and recommended next actions. Avoid generic industry commentary and avoid deep technical mechanism explanations unless needed for clarity."
13084,091010,sub_industry_recommendation,Manufacturing Process Engineering Trend Brief: Sustainability and Resource Constraints,"Create a trend brief for Manufacturing Process Engineering in the Engineering industry, focused on how sustainability expectations, resource limits, circularity, and efficiency pressures shape priorities.",innovation_product_strategy,engineering,Engineering,"[""track_technologies_and_competitors"", ""evaluate_r_and_d_directions""]",2026-09-10,"[""manufacturing_process_engineering""]",Manufacturing Process Engineering,,,engineering,trend_brief,Trend Brief,"[""trend_brief""]","[""manufacturing process engineering"", ""engineering"", ""trend brief"", ""sustainability"", ""resource efficiency"", ""recommendation content""]","Write a Trend Brief in English for Manufacturing Process Engineering within the Engineering industry. Title: Manufacturing Process Engineering Trend Brief: Sustainability and Resource Constraints. Use the content category ""trend_brief"". Focus on 3-5 year direction, adoption drivers, constraints, scenarios, and strategic implications, especially how sustainability expectations, resource limits, circularity, and efficiency pressures shape priorities. Audience role: innovation_product_strategy. Jobs to be done: track_technologies_and_competitors, evaluate_r_and_d_directions. Classify the article with industry ""engineering"", sub_industry ""manufacturing_process_engineering"", and content_category ""trend_brief"". Keep the content practical, specific to the sub-industry, and suitable as a recommended content item for users browsing for inspiration. Include a clear title, brief context, key observations, why it matters, and recommended next actions. Avoid generic industry commentary and avoid deep technical mechanism explanations unless needed for clarity.","Write a Trend Brief in English for Manufacturing Process Engineering within the Engineering industry. Title: Manufacturing Process Engineering Trend Brief: Sustainability and Resource Constraints. Use the content category ""trend_brief"". Focus on 3-5 year direction, adoption drivers, constraints, scenarios, and strategic implications, especially how sustainability expectations, resource limits, circularity, and efficiency pressures shape priorities. Audience role: innovation_product_strategy. Jobs to be done: track_technologies_and_competitors, evaluate_r_and_d_directions. Classify the article with industry ""engineering"", sub_industry ""manufacturing_process_engineering"", and content_category ""trend_brief"". Keep the content practical, specific to the sub-industry, and suitable as a recommended content item for users browsing for inspiration. Include a clear title, brief context, key observations, why it matters, and recommended next actions. Avoid generic industry commentary and avoid deep technical mechanism explanations unless needed for clarity."
13085,091010,sub_industry_recommendation,Construction Engineering Overlap Scout Report: Regional Market Divergence and Localization,"Create a scout report for Construction Engineering Overlap in the Engineering industry, focused on how regional demand, policy, pricing, and localization strategies are diverging across markets.",innovation_product_strategy,engineering,Engineering,"[""track_technologies_and_competitors"", ""identify_innovation_opportunities""]",2026-09-10,"[""construction_engineering_overlap""]",Construction Engineering Overlap,,,engineering,scout_report,Scout Report,"[""scout_report""]","[""construction engineering overlap"", ""engineering"", ""scout report"", ""regional markets"", ""localization"", ""recommendation content""]","Write a Scout Report in English for Construction Engineering Overlap within the Engineering industry. Title: Construction Engineering Overlap Scout Report: Regional Market Divergence and Localization. Use the content category ""scout_report"". Focus on early market signals, notable player activity, adoption triggers, and what teams should monitor next, especially how regional demand, policy, pricing, and localization strategies are diverging across markets. Audience role: innovation_product_strategy. Jobs to be done: track_technologies_and_competitors, identify_innovation_opportunities. Classify the article with industry ""engineering"", sub_industry ""construction_engineering_overlap"", and content_category ""scout_report"". Keep the content practical, specific to the sub-industry, and suitable as a recommended content item for users browsing for inspiration. Include a clear title, brief context, key observations, why it matters, and recommended next actions. Avoid generic industry commentary and avoid deep technical mechanism explanations unless needed for clarity.","Write a Scout Report in English for Construction Engineering Overlap within the Engineering industry. Title: Construction Engineering Overlap Scout Report: Regional Market Divergence and Localization. Use the content category ""scout_report"". Focus on early market signals, notable player activity, adoption triggers, and what teams should monitor next, especially how regional demand, policy, pricing, and localization strategies are diverging across markets. Audience role: innovation_product_strategy. Jobs to be done: track_technologies_and_competitors, identify_innovation_opportunities. Classify the article with industry ""engineering"", sub_industry ""construction_engineering_overlap"", and content_category ""scout_report"". Keep the content practical, specific to the sub-industry, and suitable as a recommended content item for users browsing for inspiration. Include a clear title, brief context, key observations, why it matters, and recommended next actions. Avoid generic industry commentary and avoid deep technical mechanism explanations unless needed for clarity."
13086,091010,sub_industry_recommendation,Industrial Equipment Market Landscape: Manufacturing Scale-Up and Operational Readiness,"Create a market landscape for Industrial Equipment in the Engineering industry, focused on what scale-up, process readiness, qualification, and operational constraints mean for commercialization.",innovation_product_strategy,engineering,Engineering,"[""track_technologies_and_competitors"", ""identify_innovation_opportunities""]",2026-09-10,"[""industrial_equipment""]",Industrial Equipment,,,engineering,market_landscape,Market Landscape,"[""market_landscape""]","[""industrial equipment"", ""engineering"", ""market landscape"", ""manufacturing scale-up"", ""operational readiness"", ""recommendation content""]","Write a Market Landscape in English for Industrial Equipment within the Engineering industry. Title: Industrial Equipment Market Landscape: Manufacturing Scale-Up and Operational Readiness. Use the content category ""market_landscape"". Focus on segment structure, buyer demand, growth pockets, channel shifts, and ecosystem boundaries, especially what scale-up, process readiness, qualification, and operational constraints mean for commercialization. Audience role: innovation_product_strategy. Jobs to be done: track_technologies_and_competitors, identify_innovation_opportunities. Classify the article with industry ""engineering"", sub_industry ""industrial_equipment"", and content_category ""market_landscape"". Keep the content practical, specific to the sub-industry, and suitable as a recommended content item for users browsing for inspiration. Include a clear title, brief context, key observations, why it matters, and recommended next actions. Avoid generic industry commentary and avoid deep technical mechanism explanations unless needed for clarity.","Write a Market Landscape in English for Industrial Equipment within the Engineering industry. Title: Industrial Equipment Market Landscape: Manufacturing Scale-Up and Operational Readiness. Use the content category ""market_landscape"". Focus on segment structure, buyer demand, growth pockets, channel shifts, and ecosystem boundaries, especially what scale-up, process readiness, qualification, and operational constraints mean for commercialization. Audience role: innovation_product_strategy. Jobs to be done: track_technologies_and_competitors, identify_innovation_opportunities. Classify the article with industry ""engineering"", sub_industry ""industrial_equipment"", and content_category ""market_landscape"". Keep the content practical, specific to the sub-industry, and suitable as a recommended content item for users browsing for inspiration. Include a clear title, brief context, key observations, why it matters, and recommended next actions. Avoid generic industry commentary and avoid deep technical mechanism explanations unless needed for clarity."
13087,091010,sub_industry_recommendation,Mechanical Systems Patent Landscape: White-Space Bets for 2027 Planning,"Create a patent landscape for Mechanical Systems in the Engineering industry, focused on which underexplored needs and weak signals could become useful product or research bets.",innovation_product_strategy,engineering,Engineering,"[""explore_patent_landscapes"", ""assess_product_ip_risks""]",2026-09-10,"[""mechanical_systems""]",Mechanical Systems,,,engineering,patent_landscape,Patent Landscape,"[""patent_landscape""]","[""mechanical systems"", ""engineering"", ""patent landscape"", ""white space"", ""2027 planning"", ""recommendation content""]","Write a Patent Landscape in English for Mechanical Systems within the Engineering industry. Title: Mechanical Systems Patent Landscape: White-Space Bets for 2027 Planning. Use the content category ""patent_landscape"". Focus on patent activity, assignee concentration, technology clusters, white spaces, and IP strategy implications, especially which underexplored needs and weak signals could become useful product or research bets. Audience role: innovation_product_strategy. Jobs to be done: explore_patent_landscapes, assess_product_ip_risks. Classify the article with industry ""engineering"", sub_industry ""mechanical_systems"", and content_category ""patent_landscape"". Keep the content practical, specific to the sub-industry, and suitable as a recommended content item for users browsing for inspiration. Include a clear title, brief context, key observations, why it matters, and recommended next actions. Avoid generic industry commentary and avoid deep technical mechanism explanations unless needed for clarity.","Write a Patent Landscape in English for Mechanical Systems within the Engineering industry. Title: Mechanical Systems Patent Landscape: White-Space Bets for 2027 Planning. Use the content category ""patent_landscape"". Focus on patent activity, assignee concentration, technology clusters, white spaces, and IP strategy implications, especially which underexplored needs and weak signals could become useful product or research bets. Audience role: innovation_product_strategy. Jobs to be done: explore_patent_landscapes, assess_product_ip_risks. Classify the article with industry ""engineering"", sub_industry ""mechanical_systems"", and content_category ""patent_landscape"". Keep the content practical, specific to the sub-industry, and suitable as a recommended content item for users browsing for inspiration. Include a clear title, brief context, key observations, why it matters, and recommended next actions. Avoid generic industry commentary and avoid deep technical mechanism explanations unless needed for clarity."
13088,091010,sub_industry_recommendation,Manufacturing Process Engineering Competitor Analysis: Adoption Signals and Buyer Pull,"Create a competitor analysis for Manufacturing Process Engineering in the Engineering industry, focused on where demand is showing up first, which buyer pains matter most, and what adoption signals deserve attention.",innovation_product_strategy,engineering,Engineering,"[""track_technologies_and_competitors"", ""identify_innovation_opportunities""]",2026-09-10,"[""manufacturing_process_engineering""]",Manufacturing Process Engineering,,,engineering,competitor_analysis,Competitor Analysis,"[""competitor_analysis""]","[""manufacturing process engineering"", ""engineering"", ""competitor analysis"", ""adoption signals"", ""buyer demand"", ""recommendation content""]","Write a Competitor Analysis in English for Manufacturing Process Engineering within the Engineering industry. Title: Manufacturing Process Engineering Competitor Analysis: Adoption Signals and Buyer Pull. Use the content category ""competitor_analysis"". Focus on competitor positioning, strategic moves, differentiation levers, partnership patterns, and likely next actions, especially where demand is showing up first, which buyer pains matter most, and what adoption signals deserve attention. Audience role: innovation_product_strategy. Jobs to be done: track_technologies_and_competitors, identify_innovation_opportunities. Classify the article with industry ""engineering"", sub_industry ""manufacturing_process_engineering"", and content_category ""competitor_analysis"". Keep the content practical, specific to the sub-industry, and suitable as a recommended content item for users browsing for inspiration. Include a clear title, brief context, key observations, why it matters, and recommended next actions. Avoid generic industry commentary and avoid deep technical mechanism explanations unless needed for clarity.","Write a Competitor Analysis in English for Manufacturing Process Engineering within the Engineering industry. Title: Manufacturing Process Engineering Competitor Analysis: Adoption Signals and Buyer Pull. Use the content category ""competitor_analysis"". Focus on competitor positioning, strategic moves, differentiation levers, partnership patterns, and likely next actions, especially where demand is showing up first, which buyer pains matter most, and what adoption signals deserve attention. Audience role: innovation_product_strategy. Jobs to be done: track_technologies_and_competitors, identify_innovation_opportunities. Classify the article with industry ""engineering"", sub_industry ""manufacturing_process_engineering"", and content_category ""competitor_analysis"". Keep the content practical, specific to the sub-industry, and suitable as a recommended content item for users browsing for inspiration. Include a clear title, brief context, key observations, why it matters, and recommended next actions. Avoid generic industry commentary and avoid deep technical mechanism explanations unless needed for clarity."
13089,091010,sub_industry_recommendation,Construction Engineering Overlap Case: Cost Pressure and Value Repositioning,"Create a case for Construction Engineering Overlap in the Engineering industry, focused on how cost pressure is changing value propositions, purchasing criteria, and near-term product priorities.",innovation_product_strategy,engineering,Engineering,"[""identify_innovation_opportunities"", ""evaluate_r_and_d_directions""]",2026-09-10,"[""construction_engineering_overlap""]",Construction Engineering Overlap,,,engineering,case,Case,"[""case""]","[""construction engineering overlap"", ""engineering"", ""case"", ""cost pressure"", ""value proposition"", ""recommendation content""]","Write a Case in English for Construction Engineering Overlap within the Engineering industry. Title: Construction Engineering Overlap Case: Cost Pressure and Value Repositioning. Use the content category ""case"". Focus on a concrete adoption pattern, business context, implementation choices, and reusable lessons for similar teams, especially how cost pressure is changing value propositions, purchasing criteria, and near-term product priorities. Audience role: innovation_product_strategy. Jobs to be done: identify_innovation_opportunities, evaluate_r_and_d_directions. Classify the article with industry ""engineering"", sub_industry ""construction_engineering_overlap"", and content_category ""case"". Keep the content practical, specific to the sub-industry, and suitable as a recommended content item for users browsing for inspiration. Include a clear title, brief context, key observations, why it matters, and recommended next actions. Avoid generic industry commentary and avoid deep technical mechanism explanations unless needed for clarity.","Write a Case in English for Construction Engineering Overlap within the Engineering industry. Title: Construction Engineering Overlap Case: Cost Pressure and Value Repositioning. Use the content category ""case"". Focus on a concrete adoption pattern, business context, implementation choices, and reusable lessons for similar teams, especially how cost pressure is changing value propositions, purchasing criteria, and near-term product priorities. Audience role: innovation_product_strategy. Jobs to be done: identify_innovation_opportunities, evaluate_r_and_d_directions. Classify the article with industry ""engineering"", sub_industry ""construction_engineering_overlap"", and content_category ""case"". Keep the content practical, specific to the sub-industry, and suitable as a recommended content item for users browsing for inspiration. Include a clear title, brief context, key observations, why it matters, and recommended next actions. Avoid generic industry commentary and avoid deep technical mechanism explanations unless needed for clarity."
13021,091010,sub_industry_recommendation,Drug Discovery Opportunity Brief: White Spaces for the Next Product Bets,"Create a opportunity brief for Drug Discovery in the Biotechnology industry, focused on unmet needs, product opportunity spaces, timing signals, and action recommendations.",innovation_product_strategy,biotechnology,Biotechnology,"[""identify_innovation_opportunities""]",2026-09-10,"[""drug_discovery""]",Drug Discovery,,,biotechnology,opportunity_brief,Opportunity Brief,"[""opportunity_brief""]","[""drug discovery"", ""biotechnology"", ""opportunity brief"", ""innovation signals"", ""recommendation content""]","Write a Opportunity Brief in English for Drug Discovery within the Biotechnology industry. Use the content category ""opportunity_brief"". Focus on unmet needs, product opportunity spaces, timing signals, and action recommendations. Audience role: innovation_product_strategy. Jobs to be done: identify_innovation_opportunities. Keep the content practical, specific to the sub-industry, and suitable as a recommended content item for users browsing for inspiration. Include a clear title, brief context, key observations, why it matters, and recommended next actions. Avoid generic industry commentary and avoid deep technical mechanism explanations unless needed for clarity.","Write a Opportunity Brief in English for Drug Discovery within the Biotechnology industry. Use the content category ""opportunity_brief"". Focus on unmet needs, product opportunity spaces, timing signals, and action recommendations. Audience role: innovation_product_strategy. Jobs to be done: identify_innovation_opportunities. Keep the content practical, specific to the sub-industry, and suitable as a recommended content item for users browsing for inspiration. Include a clear title, brief context, key observations, why it matters, and recommended next actions. Avoid generic industry commentary and avoid deep technical mechanism explanations unless needed for clarity."
13022,091010,sub_industry_recommendation,Synthetic Biology Risk Watch: Barriers That Could Slow Adoption,"Create a risk watch for Synthetic Biology in the Biotechnology industry, focused on regulatory, FTO, supply, adoption, reimbursement, safety, and commercialization risks.",in_house_ip_legal,biotechnology,Biotechnology,"[""check_fto_and_design_risks"", ""respond_to_office_actions""]",2026-09-10,"[""synthetic_biology""]",Synthetic Biology,,,biotechnology,risk_watch,Risk Watch,"[""risk_watch""]","[""synthetic biology"", ""biotechnology"", ""risk watch"", ""innovation signals"", ""recommendation content""]","Write a Risk Watch in English for Synthetic Biology within the Biotechnology industry. Use the content category ""risk_watch"". Focus on regulatory, FTO, supply, adoption, reimbursement, safety, and commercialization risks. Audience role: in_house_ip_legal. Jobs to be done: check_fto_and_design_risks, respond_to_office_actions. Keep the content practical, specific to the sub-industry, and suitable as a recommended content item for users browsing for inspiration. Include a clear title, brief context, key observations, why it matters, and recommended next actions. Avoid generic industry commentary and avoid deep technical mechanism explanations unless needed for clarity.","Write a Risk Watch in English for Synthetic Biology within the Biotechnology industry. Use the content category ""risk_watch"". Focus on regulatory, FTO, supply, adoption, reimbursement, safety, and commercialization risks. Audience role: in_house_ip_legal. Jobs to be done: check_fto_and_design_risks, respond_to_office_actions. Keep the content practical, specific to the sub-industry, and suitable as a recommended content item for users browsing for inspiration. Include a clear title, brief context, key observations, why it matters, and recommended next actions. Avoid generic industry commentary and avoid deep technical mechanism explanations unless needed for clarity."
13023,091010,sub_industry_recommendation,Diagnostics and Biomarkers Trend Brief: What Will Shape the Next 3-5 Years,"Create a trend brief for Diagnostics and Biomarkers in the Biotechnology industry, focused on 3-5 year trend direction, adoption drivers, constraints, scenarios, and strategy implications.",innovation_product_strategy,biotechnology,Biotechnology,"[""evaluate_r_and_d_directions""]",2026-09-10,"[""diagnostics_and_biomarkers""]",Diagnostics and Biomarkers,,,biotechnology,trend_brief,Trend Brief,"[""trend_brief""]","[""diagnostics and biomarkers"", ""biotechnology"", ""trend brief"", ""innovation signals"", ""recommendation content""]","Write a Trend Brief in English for Diagnostics and Biomarkers within the Biotechnology industry. Use the content category ""trend_brief"". Focus on 3-5 year trend direction, adoption drivers, constraints, scenarios, and strategy implications. Audience role: innovation_product_strategy. Jobs to be done: evaluate_r_and_d_directions. Keep the content practical, specific to the sub-industry, and suitable as a recommended content item for users browsing for inspiration. Include a clear title, brief context, key observations, why it matters, and recommended next actions. Avoid generic industry commentary and avoid deep technical mechanism explanations unless needed for clarity.","Write a Trend Brief in English for Diagnostics and Biomarkers within the Biotechnology industry. Use the content category ""trend_brief"". Focus on 3-5 year trend direction, adoption drivers, constraints, scenarios, and strategy implications. Audience role: innovation_product_strategy. Jobs to be done: evaluate_r_and_d_directions. Keep the content practical, specific to the sub-industry, and suitable as a recommended content item for users browsing for inspiration. Include a clear title, brief context, key observations, why it matters, and recommended next actions. Avoid generic industry commentary and avoid deep technical mechanism explanations unless needed for clarity."
13024,091010,sub_industry_recommendation,Bio Based Materials Scout Report: Signals Worth Watching in Biotechnology,"Create a scout report for Bio Based Materials in the Biotechnology industry, focused on emerging signals, notable players, early adoption patterns, and strategic watch points.",innovation_product_strategy,biotechnology,Biotechnology,"[""track_technologies_and_competitors"", ""identify_innovation_opportunities""]",2026-09-10,"[""bio_based_materials""]",Bio Based Materials,,,biotechnology,scout_report,Scout Report,"[""scout_report""]","[""bio based materials"", ""biotechnology"", ""scout report"", ""innovation signals"", ""recommendation content""]","Write a Scout Report in English for Bio Based Materials within the Biotechnology industry. Use the content category ""scout_report"". Focus on emerging signals, notable players, early adoption patterns, and strategic watch points. Audience role: innovation_product_strategy. Jobs to be done: track_technologies_and_competitors, identify_innovation_opportunities. Keep the content practical, specific to the sub-industry, and suitable as a recommended content item for users browsing for inspiration. Include a clear title, brief context, key observations, why it matters, and recommended next actions. Avoid generic industry commentary and avoid deep technical mechanism explanations unless needed for clarity.","Write a Scout Report in English for Bio Based Materials within the Biotechnology industry. Use the content category ""scout_report"". Focus on emerging signals, notable players, early adoption patterns, and strategic watch points. Audience role: innovation_product_strategy. Jobs to be done: track_technologies_and_competitors, identify_innovation_opportunities. Keep the content practical, specific to the sub-industry, and suitable as a recommended content item for users browsing for inspiration. Include a clear title, brief context, key observations, why it matters, and recommended next actions. Avoid generic industry commentary and avoid deep technical mechanism explanations unless needed for clarity."
13090,091010,sub_industry_recommendation,"Drug Discovery Market Landscape: Data, AI, and Workflow Integration","Create a market landscape for Drug Discovery in the Biotechnology industry, focused on how data, AI, automation, and workflow integration are changing user expectations and product scope.",innovation_product_strategy,biotechnology,Biotechnology,"[""track_technologies_and_competitors"", ""identify_innovation_opportunities""]",2026-09-10,"[""drug_discovery""]",Drug Discovery,,,biotechnology,market_landscape,Market Landscape,"[""market_landscape""]","[""drug discovery"", ""biotechnology"", ""market landscape"", ""AI workflow"", ""data integration"", ""recommendation content""]","Write a Market Landscape in English for Drug Discovery within the Biotechnology industry. Title: Drug Discovery Market Landscape: Data, AI, and Workflow Integration. Use the content category ""market_landscape"". Focus on segment structure, buyer demand, growth pockets, channel shifts, and ecosystem boundaries, especially how data, AI, automation, and workflow integration are changing user expectations and product scope. Audience role: innovation_product_strategy. Jobs to be done: track_technologies_and_competitors, identify_innovation_opportunities. Classify the article with industry ""biotechnology"", sub_industry ""drug_discovery"", and content_category ""market_landscape"". Keep the content practical, specific to the sub-industry, and suitable as a recommended content item for users browsing for inspiration. Include a clear title, brief context, key observations, why it matters, and recommended next actions. Avoid generic industry commentary and avoid deep technical mechanism explanations unless needed for clarity.","Write a Market Landscape in English for Drug Discovery within the Biotechnology industry. Title: Drug Discovery Market Landscape: Data, AI, and Workflow Integration. Use the content category ""market_landscape"". Focus on segment structure, buyer demand, growth pockets, channel shifts, and ecosystem boundaries, especially how data, AI, automation, and workflow integration are changing user expectations and product scope. Audience role: innovation_product_strategy. Jobs to be done: track_technologies_and_competitors, identify_innovation_opportunities. Classify the article with industry ""biotechnology"", sub_industry ""drug_discovery"", and content_category ""market_landscape"". Keep the content practical, specific to the sub-industry, and suitable as a recommended content item for users browsing for inspiration. Include a clear title, brief context, key observations, why it matters, and recommended next actions. Avoid generic industry commentary and avoid deep technical mechanism explanations unless needed for clarity."
13091,091010,sub_industry_recommendation,"Synthetic Biology Patent Landscape: Quality, Reliability, and Field Performance","Create a patent landscape for Synthetic Biology in the Biotechnology industry, focused on where quality, reliability, maintenance, validation, and field evidence influence customer trust.",innovation_product_strategy,biotechnology,Biotechnology,"[""explore_patent_landscapes"", ""assess_product_ip_risks""]",2026-09-10,"[""synthetic_biology""]",Synthetic Biology,,,biotechnology,patent_landscape,Patent Landscape,"[""patent_landscape""]","[""synthetic biology"", ""biotechnology"", ""patent landscape"", ""quality"", ""reliability"", ""recommendation content""]","Write a Patent Landscape in English for Synthetic Biology within the Biotechnology industry. Title: Synthetic Biology Patent Landscape: Quality, Reliability, and Field Performance. Use the content category ""patent_landscape"". Focus on patent activity, assignee concentration, technology clusters, white spaces, and IP strategy implications, especially where quality, reliability, maintenance, validation, and field evidence influence customer trust. Audience role: innovation_product_strategy. Jobs to be done: explore_patent_landscapes, assess_product_ip_risks. Classify the article with industry ""biotechnology"", sub_industry ""synthetic_biology"", and content_category ""patent_landscape"". Keep the content practical, specific to the sub-industry, and suitable as a recommended content item for users browsing for inspiration. Include a clear title, brief context, key observations, why it matters, and recommended next actions. Avoid generic industry commentary and avoid deep technical mechanism explanations unless needed for clarity.","Write a Patent Landscape in English for Synthetic Biology within the Biotechnology industry. Title: Synthetic Biology Patent Landscape: Quality, Reliability, and Field Performance. Use the content category ""patent_landscape"". Focus on patent activity, assignee concentration, technology clusters, white spaces, and IP strategy implications, especially where quality, reliability, maintenance, validation, and field evidence influence customer trust. Audience role: innovation_product_strategy. Jobs to be done: explore_patent_landscapes, assess_product_ip_risks. Classify the article with industry ""biotechnology"", sub_industry ""synthetic_biology"", and content_category ""patent_landscape"". Keep the content practical, specific to the sub-industry, and suitable as a recommended content item for users browsing for inspiration. Include a clear title, brief context, key observations, why it matters, and recommended next actions. Avoid generic industry commentary and avoid deep technical mechanism explanations unless needed for clarity."
13092,091010,sub_industry_recommendation,Diagnostics and Biomarkers Competitor Analysis: Sustainability and Resource Constraints,"Create a competitor analysis for Diagnostics and Biomarkers in the Biotechnology industry, focused on how sustainability expectations, resource limits, circularity, and efficiency pressures shape priorities.",innovation_product_strategy,biotechnology,Biotechnology,"[""track_technologies_and_competitors"", ""identify_innovation_opportunities""]",2026-09-10,"[""diagnostics_and_biomarkers""]",Diagnostics and Biomarkers,,,biotechnology,competitor_analysis,Competitor Analysis,"[""competitor_analysis""]","[""diagnostics and biomarkers"", ""biotechnology"", ""competitor analysis"", ""sustainability"", ""resource efficiency"", ""recommendation content""]","Write a Competitor Analysis in English for Diagnostics and Biomarkers within the Biotechnology industry. Title: Diagnostics and Biomarkers Competitor Analysis: Sustainability and Resource Constraints. Use the content category ""competitor_analysis"". Focus on competitor positioning, strategic moves, differentiation levers, partnership patterns, and likely next actions, especially how sustainability expectations, resource limits, circularity, and efficiency pressures shape priorities. Audience role: innovation_product_strategy. Jobs to be done: track_technologies_and_competitors, identify_innovation_opportunities. Classify the article with industry ""biotechnology"", sub_industry ""diagnostics_and_biomarkers"", and content_category ""competitor_analysis"". Keep the content practical, specific to the sub-industry, and suitable as a recommended content item for users browsing for inspiration. Include a clear title, brief context, key observations, why it matters, and recommended next actions. Avoid generic industry commentary and avoid deep technical mechanism explanations unless needed for clarity.","Write a Competitor Analysis in English for Diagnostics and Biomarkers within the Biotechnology industry. Title: Diagnostics and Biomarkers Competitor Analysis: Sustainability and Resource Constraints. Use the content category ""competitor_analysis"". Focus on competitor positioning, strategic moves, differentiation levers, partnership patterns, and likely next actions, especially how sustainability expectations, resource limits, circularity, and efficiency pressures shape priorities. Audience role: innovation_product_strategy. Jobs to be done: track_technologies_and_competitors, identify_innovation_opportunities. Classify the article with industry ""biotechnology"", sub_industry ""diagnostics_and_biomarkers"", and content_category ""competitor_analysis"". Keep the content practical, specific to the sub-industry, and suitable as a recommended content item for users browsing for inspiration. Include a clear title, brief context, key observations, why it matters, and recommended next actions. Avoid generic industry commentary and avoid deep technical mechanism explanations unless needed for clarity."
13093,091010,sub_industry_recommendation,Bio Based Materials Case: Regional Market Divergence and Localization,"Create a case for Bio Based Materials in the Biotechnology industry, focused on how regional demand, policy, pricing, and localization strategies are diverging across markets.",innovation_product_strategy,biotechnology,Biotechnology,"[""identify_innovation_opportunities"", ""evaluate_r_and_d_directions""]",2026-09-10,"[""bio_based_materials""]",Bio Based Materials,,,biotechnology,case,Case,"[""case""]","[""bio based materials"", ""biotechnology"", ""case"", ""regional markets"", ""localization"", ""recommendation content""]","Write a Case in English for Bio Based Materials within the Biotechnology industry. Title: Bio Based Materials Case: Regional Market Divergence and Localization. Use the content category ""case"". Focus on a concrete adoption pattern, business context, implementation choices, and reusable lessons for similar teams, especially how regional demand, policy, pricing, and localization strategies are diverging across markets. Audience role: innovation_product_strategy. Jobs to be done: identify_innovation_opportunities, evaluate_r_and_d_directions. Classify the article with industry ""biotechnology"", sub_industry ""bio_based_materials"", and content_category ""case"". Keep the content practical, specific to the sub-industry, and suitable as a recommended content item for users browsing for inspiration. Include a clear title, brief context, key observations, why it matters, and recommended next actions. Avoid generic industry commentary and avoid deep technical mechanism explanations unless needed for clarity.","Write a Case in English for Bio Based Materials within the Biotechnology industry. Title: Bio Based Materials Case: Regional Market Divergence and Localization. Use the content category ""case"". Focus on a concrete adoption pattern, business context, implementation choices, and reusable lessons for similar teams, especially how regional demand, policy, pricing, and localization strategies are diverging across markets. Audience role: innovation_product_strategy. Jobs to be done: identify_innovation_opportunities, evaluate_r_and_d_directions. Classify the article with industry ""biotechnology"", sub_industry ""bio_based_materials"", and content_category ""case"". Keep the content practical, specific to the sub-industry, and suitable as a recommended content item for users browsing for inspiration. Include a clear title, brief context, key observations, why it matters, and recommended next actions. Avoid generic industry commentary and avoid deep technical mechanism explanations unless needed for clarity."
13094,091010,sub_industry_recommendation,Drug Discovery Opportunity Brief: Manufacturing Scale-Up and Operational Readiness,"Create a opportunity brief for Drug Discovery in the Biotechnology industry, focused on what scale-up, process readiness, qualification, and operational constraints mean for commercialization.",innovation_product_strategy,biotechnology,Biotechnology,"[""identify_innovation_opportunities"", ""evaluate_r_and_d_directions""]",2026-09-10,"[""drug_discovery""]",Drug Discovery,,,biotechnology,opportunity_brief,Opportunity Brief,"[""opportunity_brief""]","[""drug discovery"", ""biotechnology"", ""opportunity brief"", ""manufacturing scale-up"", ""operational readiness"", ""recommendation content""]","Write a Opportunity Brief in English for Drug Discovery within the Biotechnology industry. Title: Drug Discovery Opportunity Brief: Manufacturing Scale-Up and Operational Readiness. Use the content category ""opportunity_brief"". Focus on unmet needs, product opportunity spaces, timing signals, commercial fit, and practical next steps, especially what scale-up, process readiness, qualification, and operational constraints mean for commercialization. Audience role: innovation_product_strategy. Jobs to be done: identify_innovation_opportunities, evaluate_r_and_d_directions. Classify the article with industry ""biotechnology"", sub_industry ""drug_discovery"", and content_category ""opportunity_brief"". Keep the content practical, specific to the sub-industry, and suitable as a recommended content item for users browsing for inspiration. Include a clear title, brief context, key observations, why it matters, and recommended next actions. Avoid generic industry commentary and avoid deep technical mechanism explanations unless needed for clarity.","Write a Opportunity Brief in English for Drug Discovery within the Biotechnology industry. Title: Drug Discovery Opportunity Brief: Manufacturing Scale-Up and Operational Readiness. Use the content category ""opportunity_brief"". Focus on unmet needs, product opportunity spaces, timing signals, commercial fit, and practical next steps, especially what scale-up, process readiness, qualification, and operational constraints mean for commercialization. Audience role: innovation_product_strategy. Jobs to be done: identify_innovation_opportunities, evaluate_r_and_d_directions. Classify the article with industry ""biotechnology"", sub_industry ""drug_discovery"", and content_category ""opportunity_brief"". Keep the content practical, specific to the sub-industry, and suitable as a recommended content item for users browsing for inspiration. Include a clear title, brief context, key observations, why it matters, and recommended next actions. Avoid generic industry commentary and avoid deep technical mechanism explanations unless needed for clarity."
13095,091010,sub_industry_recommendation,Synthetic Biology Risk Watch: White-Space Bets for 2027 Planning,"Create a risk watch for Synthetic Biology in the Biotechnology industry, focused on which underexplored needs and weak signals could become useful product or research bets.",in_house_ip_legal,biotechnology,Biotechnology,"[""check_fto_and_design_risks"", ""explore_patent_landscapes""]",2026-09-10,"[""synthetic_biology""]",Synthetic Biology,,,biotechnology,risk_watch,Risk Watch,"[""risk_watch""]","[""synthetic biology"", ""biotechnology"", ""risk watch"", ""white space"", ""2027 planning"", ""recommendation content""]","Write a Risk Watch in English for Synthetic Biology within the Biotechnology industry. Title: Synthetic Biology Risk Watch: White-Space Bets for 2027 Planning. Use the content category ""risk_watch"". Focus on regulatory, FTO, safety, supply, reimbursement, adoption, and commercialization risks, especially which underexplored needs and weak signals could become useful product or research bets. Audience role: in_house_ip_legal. Jobs to be done: check_fto_and_design_risks, explore_patent_landscapes. Classify the article with industry ""biotechnology"", sub_industry ""synthetic_biology"", and content_category ""risk_watch"". Keep the content practical, specific to the sub-industry, and suitable as a recommended content item for users browsing for inspiration. Include a clear title, brief context, key observations, why it matters, and recommended next actions. Avoid generic industry commentary and avoid deep technical mechanism explanations unless needed for clarity.","Write a Risk Watch in English for Synthetic Biology within the Biotechnology industry. Title: Synthetic Biology Risk Watch: White-Space Bets for 2027 Planning. Use the content category ""risk_watch"". Focus on regulatory, FTO, safety, supply, reimbursement, adoption, and commercialization risks, especially which underexplored needs and weak signals could become useful product or research bets. Audience role: in_house_ip_legal. Jobs to be done: check_fto_and_design_risks, explore_patent_landscapes. Classify the article with industry ""biotechnology"", sub_industry ""synthetic_biology"", and content_category ""risk_watch"". Keep the content practical, specific to the sub-industry, and suitable as a recommended content item for users browsing for inspiration. Include a clear title, brief context, key observations, why it matters, and recommended next actions. Avoid generic industry commentary and avoid deep technical mechanism explanations unless needed for clarity."
13096,091010,sub_industry_recommendation,Diagnostics and Biomarkers Trend Brief: Adoption Signals and Buyer Pull,"Create a trend brief for Diagnostics and Biomarkers in the Biotechnology industry, focused on where demand is showing up first, which buyer pains matter most, and what adoption signals deserve attention.",innovation_product_strategy,biotechnology,Biotechnology,"[""track_technologies_and_competitors"", ""evaluate_r_and_d_directions""]",2026-09-10,"[""diagnostics_and_biomarkers""]",Diagnostics and Biomarkers,,,biotechnology,trend_brief,Trend Brief,"[""trend_brief""]","[""diagnostics and biomarkers"", ""biotechnology"", ""trend brief"", ""adoption signals"", ""buyer demand"", ""recommendation content""]","Write a Trend Brief in English for Diagnostics and Biomarkers within the Biotechnology industry. Title: Diagnostics and Biomarkers Trend Brief: Adoption Signals and Buyer Pull. Use the content category ""trend_brief"". Focus on 3-5 year direction, adoption drivers, constraints, scenarios, and strategic implications, especially where demand is showing up first, which buyer pains matter most, and what adoption signals deserve attention. Audience role: innovation_product_strategy. Jobs to be done: track_technologies_and_competitors, evaluate_r_and_d_directions. Classify the article with industry ""biotechnology"", sub_industry ""diagnostics_and_biomarkers"", and content_category ""trend_brief"". Keep the content practical, specific to the sub-industry, and suitable as a recommended content item for users browsing for inspiration. Include a clear title, brief context, key observations, why it matters, and recommended next actions. Avoid generic industry commentary and avoid deep technical mechanism explanations unless needed for clarity.","Write a Trend Brief in English for Diagnostics and Biomarkers within the Biotechnology industry. Title: Diagnostics and Biomarkers Trend Brief: Adoption Signals and Buyer Pull. Use the content category ""trend_brief"". Focus on 3-5 year direction, adoption drivers, constraints, scenarios, and strategic implications, especially where demand is showing up first, which buyer pains matter most, and what adoption signals deserve attention. Audience role: innovation_product_strategy. Jobs to be done: track_technologies_and_competitors, evaluate_r_and_d_directions. Classify the article with industry ""biotechnology"", sub_industry ""diagnostics_and_biomarkers"", and content_category ""trend_brief"". Keep the content practical, specific to the sub-industry, and suitable as a recommended content item for users browsing for inspiration. Include a clear title, brief context, key observations, why it matters, and recommended next actions. Avoid generic industry commentary and avoid deep technical mechanism explanations unless needed for clarity."
13097,091010,sub_industry_recommendation,Bio Based Materials Scout Report: Cost Pressure and Value Repositioning,"Create a scout report for Bio Based Materials in the Biotechnology industry, focused on how cost pressure is changing value propositions, purchasing criteria, and near-term product priorities.",innovation_product_strategy,biotechnology,Biotechnology,"[""track_technologies_and_competitors"", ""identify_innovation_opportunities""]",2026-09-10,"[""bio_based_materials""]",Bio Based Materials,,,biotechnology,scout_report,Scout Report,"[""scout_report""]","[""bio based materials"", ""biotechnology"", ""scout report"", ""cost pressure"", ""value proposition"", ""recommendation content""]","Write a Scout Report in English for Bio Based Materials within the Biotechnology industry. Title: Bio Based Materials Scout Report: Cost Pressure and Value Repositioning. Use the content category ""scout_report"". Focus on early market signals, notable player activity, adoption triggers, and what teams should monitor next, especially how cost pressure is changing value propositions, purchasing criteria, and near-term product priorities. Audience role: innovation_product_strategy. Jobs to be done: track_technologies_and_competitors, identify_innovation_opportunities. Classify the article with industry ""biotechnology"", sub_industry ""bio_based_materials"", and content_category ""scout_report"". Keep the content practical, specific to the sub-industry, and suitable as a recommended content item for users browsing for inspiration. Include a clear title, brief context, key observations, why it matters, and recommended next actions. Avoid generic industry commentary and avoid deep technical mechanism explanations unless needed for clarity.","Write a Scout Report in English for Bio Based Materials within the Biotechnology industry. Title: Bio Based Materials Scout Report: Cost Pressure and Value Repositioning. Use the content category ""scout_report"". Focus on early market signals, notable player activity, adoption triggers, and what teams should monitor next, especially how cost pressure is changing value propositions, purchasing criteria, and near-term product priorities. Audience role: innovation_product_strategy. Jobs to be done: track_technologies_and_competitors, identify_innovation_opportunities. Classify the article with industry ""biotechnology"", sub_industry ""bio_based_materials"", and content_category ""scout_report"". Keep the content practical, specific to the sub-industry, and suitable as a recommended content item for users browsing for inspiration. Include a clear title, brief context, key observations, why it matters, and recommended next actions. Avoid generic industry commentary and avoid deep technical mechanism explanations unless needed for clarity."
13025,091010,sub_industry_recommendation,Food Ingredients Case: Turning Market Signals into Practical Innovation,"Create a case for Food Ingredients in the Food industry, focused on a practical innovation case pattern, business context, adoption drivers, and what other teams can learn.",innovation_product_strategy,food,Food,"[""identify_innovation_opportunities"", ""evaluate_r_and_d_directions""]",2026-09-10,"[""food_ingredients""]",Food Ingredients,,,food,case,Case,"[""case""]","[""food ingredients"", ""food"", ""case"", ""innovation signals"", ""recommendation content""]","Write a Case in English for Food Ingredients within the Food industry. Use the content category ""case"". Focus on a practical innovation case pattern, business context, adoption drivers, and what other teams can learn. Audience role: innovation_product_strategy. Jobs to be done: identify_innovation_opportunities, evaluate_r_and_d_directions. Keep the content practical, specific to the sub-industry, and suitable as a recommended content item for users browsing for inspiration. Include a clear title, brief context, key observations, why it matters, and recommended next actions. Avoid generic industry commentary and avoid deep technical mechanism explanations unless needed for clarity.","Write a Case in English for Food Ingredients within the Food industry. Use the content category ""case"". Focus on a practical innovation case pattern, business context, adoption drivers, and what other teams can learn. Audience role: innovation_product_strategy. Jobs to be done: identify_innovation_opportunities, evaluate_r_and_d_directions. Keep the content practical, specific to the sub-industry, and suitable as a recommended content item for users browsing for inspiration. Include a clear title, brief context, key observations, why it matters, and recommended next actions. Avoid generic industry commentary and avoid deep technical mechanism explanations unless needed for clarity."
13026,091010,sub_industry_recommendation,"Food Formulation Market Landscape: Segments, Demand, and Growth Pockets","Create a market landscape for Food Formulation in the Food industry, focused on market segments, demand shifts, buyer priorities, growth pockets, and ecosystem structure.",innovation_product_strategy,food,Food,"[""track_technologies_and_competitors"", ""identify_innovation_opportunities""]",2026-09-10,"[""food_formulation""]",Food Formulation,,,food,market_landscape,Market Landscape,"[""market_landscape""]","[""food formulation"", ""food"", ""market landscape"", ""innovation signals"", ""recommendation content""]","Write a Market Landscape in English for Food Formulation within the Food industry. Use the content category ""market_landscape"". Focus on market segments, demand shifts, buyer priorities, growth pockets, and ecosystem structure. Audience role: innovation_product_strategy. Jobs to be done: track_technologies_and_competitors, identify_innovation_opportunities. Keep the content practical, specific to the sub-industry, and suitable as a recommended content item for users browsing for inspiration. Include a clear title, brief context, key observations, why it matters, and recommended next actions. Avoid generic industry commentary and avoid deep technical mechanism explanations unless needed for clarity.","Write a Market Landscape in English for Food Formulation within the Food industry. Use the content category ""market_landscape"". Focus on market segments, demand shifts, buyer priorities, growth pockets, and ecosystem structure. Audience role: innovation_product_strategy. Jobs to be done: track_technologies_and_competitors, identify_innovation_opportunities. Keep the content practical, specific to the sub-industry, and suitable as a recommended content item for users browsing for inspiration. Include a clear title, brief context, key observations, why it matters, and recommended next actions. Avoid generic industry commentary and avoid deep technical mechanism explanations unless needed for clarity."
13027,091010,sub_industry_recommendation,Food Processing Patent Landscape: Where IP Activity Is Concentrating,"Create a patent landscape for Food Processing in the Food industry, focused on patent activity, assignee clusters, technology white spaces, and IP strategy implications.",innovation_product_strategy,food,Food,"[""explore_patent_landscapes"", ""assess_product_ip_risks""]",2026-09-10,"[""food_processing""]",Food Processing,,,food,patent_landscape,Patent Landscape,"[""patent_landscape""]","[""food processing"", ""food"", ""patent landscape"", ""innovation signals"", ""recommendation content""]","Write a Patent Landscape in English for Food Processing within the Food industry. Use the content category ""patent_landscape"". Focus on patent activity, assignee clusters, technology white spaces, and IP strategy implications. Audience role: innovation_product_strategy. Jobs to be done: explore_patent_landscapes, assess_product_ip_risks. Keep the content practical, specific to the sub-industry, and suitable as a recommended content item for users browsing for inspiration. Include a clear title, brief context, key observations, why it matters, and recommended next actions. Avoid generic industry commentary and avoid deep technical mechanism explanations unless needed for clarity.","Write a Patent Landscape in English for Food Processing within the Food industry. Use the content category ""patent_landscape"". Focus on patent activity, assignee clusters, technology white spaces, and IP strategy implications. Audience role: innovation_product_strategy. Jobs to be done: explore_patent_landscapes, assess_product_ip_risks. Keep the content practical, specific to the sub-industry, and suitable as a recommended content item for users browsing for inspiration. Include a clear title, brief context, key observations, why it matters, and recommended next actions. Avoid generic industry commentary and avoid deep technical mechanism explanations unless needed for clarity."
13028,091010,sub_industry_recommendation,Food Packaging Competitor Analysis: Strategic Moves and Differentiation Patterns,"Create a competitor analysis for Food Packaging in the Food industry, focused on competitor moves, positioning patterns, differentiation levers, and likely next actions.",innovation_product_strategy,food,Food,"[""track_technologies_and_competitors"", ""identify_innovation_opportunities""]",2026-09-10,"[""food_packaging""]",Food Packaging,,,food,competitor_analysis,Competitor Analysis,"[""competitor_analysis""]","[""food packaging"", ""food"", ""competitor analysis"", ""innovation signals"", ""recommendation content""]","Write a Competitor Analysis in English for Food Packaging within the Food industry. Use the content category ""competitor_analysis"". Focus on competitor moves, positioning patterns, differentiation levers, and likely next actions. Audience role: innovation_product_strategy. Jobs to be done: track_technologies_and_competitors, identify_innovation_opportunities. Keep the content practical, specific to the sub-industry, and suitable as a recommended content item for users browsing for inspiration. Include a clear title, brief context, key observations, why it matters, and recommended next actions. Avoid generic industry commentary and avoid deep technical mechanism explanations unless needed for clarity.","Write a Competitor Analysis in English for Food Packaging within the Food industry. Use the content category ""competitor_analysis"". Focus on competitor moves, positioning patterns, differentiation levers, and likely next actions. Audience role: innovation_product_strategy. Jobs to be done: track_technologies_and_competitors, identify_innovation_opportunities. Keep the content practical, specific to the sub-industry, and suitable as a recommended content item for users browsing for inspiration. Include a clear title, brief context, key observations, why it matters, and recommended next actions. Avoid generic industry commentary and avoid deep technical mechanism explanations unless needed for clarity."
13098,091010,sub_industry_recommendation,"Food Ingredients Opportunity Brief: Data, AI, and Workflow Integration","Create a opportunity brief for Food Ingredients in the Food industry, focused on how data, AI, automation, and workflow integration are changing user expectations and product scope.",innovation_product_strategy,food,Food,"[""identify_innovation_opportunities"", ""evaluate_r_and_d_directions""]",2026-09-10,"[""food_ingredients""]",Food Ingredients,,,food,opportunity_brief,Opportunity Brief,"[""opportunity_brief""]","[""food ingredients"", ""food"", ""opportunity brief"", ""AI workflow"", ""data integration"", ""recommendation content""]","Write a Opportunity Brief in English for Food Ingredients within the Food industry. Title: Food Ingredients Opportunity Brief: Data, AI, and Workflow Integration. Use the content category ""opportunity_brief"". Focus on unmet needs, product opportunity spaces, timing signals, commercial fit, and practical next steps, especially how data, AI, automation, and workflow integration are changing user expectations and product scope. Audience role: innovation_product_strategy. Jobs to be done: identify_innovation_opportunities, evaluate_r_and_d_directions. Classify the article with industry ""food"", sub_industry ""food_ingredients"", and content_category ""opportunity_brief"". Keep the content practical, specific to the sub-industry, and suitable as a recommended content item for users browsing for inspiration. Include a clear title, brief context, key observations, why it matters, and recommended next actions. Avoid generic industry commentary and avoid deep technical mechanism explanations unless needed for clarity.","Write a Opportunity Brief in English for Food Ingredients within the Food industry. Title: Food Ingredients Opportunity Brief: Data, AI, and Workflow Integration. Use the content category ""opportunity_brief"". Focus on unmet needs, product opportunity spaces, timing signals, commercial fit, and practical next steps, especially how data, AI, automation, and workflow integration are changing user expectations and product scope. Audience role: innovation_product_strategy. Jobs to be done: identify_innovation_opportunities, evaluate_r_and_d_directions. Classify the article with industry ""food"", sub_industry ""food_ingredients"", and content_category ""opportunity_brief"". Keep the content practical, specific to the sub-industry, and suitable as a recommended content item for users browsing for inspiration. Include a clear title, brief context, key observations, why it matters, and recommended next actions. Avoid generic industry commentary and avoid deep technical mechanism explanations unless needed for clarity."
13099,091010,sub_industry_recommendation,"Food Formulation Risk Watch: Quality, Reliability, and Field Performance","Create a risk watch for Food Formulation in the Food industry, focused on where quality, reliability, maintenance, validation, and field evidence influence customer trust.",in_house_ip_legal,food,Food,"[""check_fto_and_design_risks"", ""explore_patent_landscapes""]",2026-09-10,"[""food_formulation""]",Food Formulation,,,food,risk_watch,Risk Watch,"[""risk_watch""]","[""food formulation"", ""food"", ""risk watch"", ""quality"", ""reliability"", ""recommendation content""]","Write a Risk Watch in English for Food Formulation within the Food industry. Title: Food Formulation Risk Watch: Quality, Reliability, and Field Performance. Use the content category ""risk_watch"". Focus on regulatory, FTO, safety, supply, reimbursement, adoption, and commercialization risks, especially where quality, reliability, maintenance, validation, and field evidence influence customer trust. Audience role: in_house_ip_legal. Jobs to be done: check_fto_and_design_risks, explore_patent_landscapes. Classify the article with industry ""food"", sub_industry ""food_formulation"", and content_category ""risk_watch"". Keep the content practical, specific to the sub-industry, and suitable as a recommended content item for users browsing for inspiration. Include a clear title, brief context, key observations, why it matters, and recommended next actions. Avoid generic industry commentary and avoid deep technical mechanism explanations unless needed for clarity.","Write a Risk Watch in English for Food Formulation within the Food industry. Title: Food Formulation Risk Watch: Quality, Reliability, and Field Performance. Use the content category ""risk_watch"". Focus on regulatory, FTO, safety, supply, reimbursement, adoption, and commercialization risks, especially where quality, reliability, maintenance, validation, and field evidence influence customer trust. Audience role: in_house_ip_legal. Jobs to be done: check_fto_and_design_risks, explore_patent_landscapes. Classify the article with industry ""food"", sub_industry ""food_formulation"", and content_category ""risk_watch"". Keep the content practical, specific to the sub-industry, and suitable as a recommended content item for users browsing for inspiration. Include a clear title, brief context, key observations, why it matters, and recommended next actions. Avoid generic industry commentary and avoid deep technical mechanism explanations unless needed for clarity."
13100,091010,sub_industry_recommendation,Food Processing Trend Brief: Sustainability and Resource Constraints,"Create a trend brief for Food Processing in the Food industry, focused on how sustainability expectations, resource limits, circularity, and efficiency pressures shape priorities.",innovation_product_strategy,food,Food,"[""track_technologies_and_competitors"", ""evaluate_r_and_d_directions""]",2026-09-10,"[""food_processing""]",Food Processing,,,food,trend_brief,Trend Brief,"[""trend_brief""]","[""food processing"", ""food"", ""trend brief"", ""sustainability"", ""resource efficiency"", ""recommendation content""]","Write a Trend Brief in English for Food Processing within the Food industry. Title: Food Processing Trend Brief: Sustainability and Resource Constraints. Use the content category ""trend_brief"". Focus on 3-5 year direction, adoption drivers, constraints, scenarios, and strategic implications, especially how sustainability expectations, resource limits, circularity, and efficiency pressures shape priorities. Audience role: innovation_product_strategy. Jobs to be done: track_technologies_and_competitors, evaluate_r_and_d_directions. Classify the article with industry ""food"", sub_industry ""food_processing"", and content_category ""trend_brief"". Keep the content practical, specific to the sub-industry, and suitable as a recommended content item for users browsing for inspiration. Include a clear title, brief context, key observations, why it matters, and recommended next actions. Avoid generic industry commentary and avoid deep technical mechanism explanations unless needed for clarity.","Write a Trend Brief in English for Food Processing within the Food industry. Title: Food Processing Trend Brief: Sustainability and Resource Constraints. Use the content category ""trend_brief"". Focus on 3-5 year direction, adoption drivers, constraints, scenarios, and strategic implications, especially how sustainability expectations, resource limits, circularity, and efficiency pressures shape priorities. Audience role: innovation_product_strategy. Jobs to be done: track_technologies_and_competitors, evaluate_r_and_d_directions. Classify the article with industry ""food"", sub_industry ""food_processing"", and content_category ""trend_brief"". Keep the content practical, specific to the sub-industry, and suitable as a recommended content item for users browsing for inspiration. Include a clear title, brief context, key observations, why it matters, and recommended next actions. Avoid generic industry commentary and avoid deep technical mechanism explanations unless needed for clarity."
13101,091010,sub_industry_recommendation,Food Packaging Scout Report: Regional Market Divergence and Localization,"Create a scout report for Food Packaging in the Food industry, focused on how regional demand, policy, pricing, and localization strategies are diverging across markets.",innovation_product_strategy,food,Food,"[""track_technologies_and_competitors"", ""identify_innovation_opportunities""]",2026-09-10,"[""food_packaging""]",Food Packaging,,,food,scout_report,Scout Report,"[""scout_report""]","[""food packaging"", ""food"", ""scout report"", ""regional markets"", ""localization"", ""recommendation content""]","Write a Scout Report in English for Food Packaging within the Food industry. Title: Food Packaging Scout Report: Regional Market Divergence and Localization. Use the content category ""scout_report"". Focus on early market signals, notable player activity, adoption triggers, and what teams should monitor next, especially how regional demand, policy, pricing, and localization strategies are diverging across markets. Audience role: innovation_product_strategy. Jobs to be done: track_technologies_and_competitors, identify_innovation_opportunities. Classify the article with industry ""food"", sub_industry ""food_packaging"", and content_category ""scout_report"". Keep the content practical, specific to the sub-industry, and suitable as a recommended content item for users browsing for inspiration. Include a clear title, brief context, key observations, why it matters, and recommended next actions. Avoid generic industry commentary and avoid deep technical mechanism explanations unless needed for clarity.","Write a Scout Report in English for Food Packaging within the Food industry. Title: Food Packaging Scout Report: Regional Market Divergence and Localization. Use the content category ""scout_report"". Focus on early market signals, notable player activity, adoption triggers, and what teams should monitor next, especially how regional demand, policy, pricing, and localization strategies are diverging across markets. Audience role: innovation_product_strategy. Jobs to be done: track_technologies_and_competitors, identify_innovation_opportunities. Classify the article with industry ""food"", sub_industry ""food_packaging"", and content_category ""scout_report"". Keep the content practical, specific to the sub-industry, and suitable as a recommended content item for users browsing for inspiration. Include a clear title, brief context, key observations, why it matters, and recommended next actions. Avoid generic industry commentary and avoid deep technical mechanism explanations unless needed for clarity."
13102,091010,sub_industry_recommendation,Food Ingredients Market Landscape: Manufacturing Scale-Up and Operational Readiness,"Create a market landscape for Food Ingredients in the Food industry, focused on what scale-up, process readiness, qualification, and operational constraints mean for commercialization.",innovation_product_strategy,food,Food,"[""track_technologies_and_competitors"", ""identify_innovation_opportunities""]",2026-09-10,"[""food_ingredients""]",Food Ingredients,,,food,market_landscape,Market Landscape,"[""market_landscape""]","[""food ingredients"", ""food"", ""market landscape"", ""manufacturing scale-up"", ""operational readiness"", ""recommendation content""]","Write a Market Landscape in English for Food Ingredients within the Food industry. Title: Food Ingredients Market Landscape: Manufacturing Scale-Up and Operational Readiness. Use the content category ""market_landscape"". Focus on segment structure, buyer demand, growth pockets, channel shifts, and ecosystem boundaries, especially what scale-up, process readiness, qualification, and operational constraints mean for commercialization. Audience role: innovation_product_strategy. Jobs to be done: track_technologies_and_competitors, identify_innovation_opportunities. Classify the article with industry ""food"", sub_industry ""food_ingredients"", and content_category ""market_landscape"". Keep the content practical, specific to the sub-industry, and suitable as a recommended content item for users browsing for inspiration. Include a clear title, brief context, key observations, why it matters, and recommended next actions. Avoid generic industry commentary and avoid deep technical mechanism explanations unless needed for clarity.","Write a Market Landscape in English for Food Ingredients within the Food industry. Title: Food Ingredients Market Landscape: Manufacturing Scale-Up and Operational Readiness. Use the content category ""market_landscape"". Focus on segment structure, buyer demand, growth pockets, channel shifts, and ecosystem boundaries, especially what scale-up, process readiness, qualification, and operational constraints mean for commercialization. Audience role: innovation_product_strategy. Jobs to be done: track_technologies_and_competitors, identify_innovation_opportunities. Classify the article with industry ""food"", sub_industry ""food_ingredients"", and content_category ""market_landscape"". Keep the content practical, specific to the sub-industry, and suitable as a recommended content item for users browsing for inspiration. Include a clear title, brief context, key observations, why it matters, and recommended next actions. Avoid generic industry commentary and avoid deep technical mechanism explanations unless needed for clarity."
13103,091010,sub_industry_recommendation,Food Formulation Patent Landscape: White-Space Bets for 2027 Planning,"Create a patent landscape for Food Formulation in the Food industry, focused on which underexplored needs and weak signals could become useful product or research bets.",innovation_product_strategy,food,Food,"[""explore_patent_landscapes"", ""assess_product_ip_risks""]",2026-09-10,"[""food_formulation""]",Food Formulation,,,food,patent_landscape,Patent Landscape,"[""patent_landscape""]","[""food formulation"", ""food"", ""patent landscape"", ""white space"", ""2027 planning"", ""recommendation content""]","Write a Patent Landscape in English for Food Formulation within the Food industry. Title: Food Formulation Patent Landscape: White-Space Bets for 2027 Planning. Use the content category ""patent_landscape"". Focus on patent activity, assignee concentration, technology clusters, white spaces, and IP strategy implications, especially which underexplored needs and weak signals could become useful product or research bets. Audience role: innovation_product_strategy. Jobs to be done: explore_patent_landscapes, assess_product_ip_risks. Classify the article with industry ""food"", sub_industry ""food_formulation"", and content_category ""patent_landscape"". Keep the content practical, specific to the sub-industry, and suitable as a recommended content item for users browsing for inspiration. Include a clear title, brief context, key observations, why it matters, and recommended next actions. Avoid generic industry commentary and avoid deep technical mechanism explanations unless needed for clarity.","Write a Patent Landscape in English for Food Formulation within the Food industry. Title: Food Formulation Patent Landscape: White-Space Bets for 2027 Planning. Use the content category ""patent_landscape"". Focus on patent activity, assignee concentration, technology clusters, white spaces, and IP strategy implications, especially which underexplored needs and weak signals could become useful product or research bets. Audience role: innovation_product_strategy. Jobs to be done: explore_patent_landscapes, assess_product_ip_risks. Classify the article with industry ""food"", sub_industry ""food_formulation"", and content_category ""patent_landscape"". Keep the content practical, specific to the sub-industry, and suitable as a recommended content item for users browsing for inspiration. Include a clear title, brief context, key observations, why it matters, and recommended next actions. Avoid generic industry commentary and avoid deep technical mechanism explanations unless needed for clarity."
13104,091010,sub_industry_recommendation,Food Processing Competitor Analysis: Adoption Signals and Buyer Pull,"Create a competitor analysis for Food Processing in the Food industry, focused on where demand is showing up first, which buyer pains matter most, and what adoption signals deserve attention.",innovation_product_strategy,food,Food,"[""track_technologies_and_competitors"", ""identify_innovation_opportunities""]",2026-09-10,"[""food_processing""]",Food Processing,,,food,competitor_analysis,Competitor Analysis,"[""competitor_analysis""]","[""food processing"", ""food"", ""competitor analysis"", ""adoption signals"", ""buyer demand"", ""recommendation content""]","Write a Competitor Analysis in English for Food Processing within the Food industry. Title: Food Processing Competitor Analysis: Adoption Signals and Buyer Pull. Use the content category ""competitor_analysis"". Focus on competitor positioning, strategic moves, differentiation levers, partnership patterns, and likely next actions, especially where demand is showing up first, which buyer pains matter most, and what adoption signals deserve attention. Audience role: innovation_product_strategy. Jobs to be done: track_technologies_and_competitors, identify_innovation_opportunities. Classify the article with industry ""food"", sub_industry ""food_processing"", and content_category ""competitor_analysis"". Keep the content practical, specific to the sub-industry, and suitable as a recommended content item for users browsing for inspiration. Include a clear title, brief context, key observations, why it matters, and recommended next actions. Avoid generic industry commentary and avoid deep technical mechanism explanations unless needed for clarity.","Write a Competitor Analysis in English for Food Processing within the Food industry. Title: Food Processing Competitor Analysis: Adoption Signals and Buyer Pull. Use the content category ""competitor_analysis"". Focus on competitor positioning, strategic moves, differentiation levers, partnership patterns, and likely next actions, especially where demand is showing up first, which buyer pains matter most, and what adoption signals deserve attention. Audience role: innovation_product_strategy. Jobs to be done: track_technologies_and_competitors, identify_innovation_opportunities. Classify the article with industry ""food"", sub_industry ""food_processing"", and content_category ""competitor_analysis"". Keep the content practical, specific to the sub-industry, and suitable as a recommended content item for users browsing for inspiration. Include a clear title, brief context, key observations, why it matters, and recommended next actions. Avoid generic industry commentary and avoid deep technical mechanism explanations unless needed for clarity."
13105,091010,sub_industry_recommendation,Food Packaging Case: Cost Pressure and Value Repositioning,"Create a case for Food Packaging in the Food industry, focused on how cost pressure is changing value propositions, purchasing criteria, and near-term product priorities.",innovation_product_strategy,food,Food,"[""identify_innovation_opportunities"", ""evaluate_r_and_d_directions""]",2026-09-10,"[""food_packaging""]",Food Packaging,,,food,case,Case,"[""case""]","[""food packaging"", ""food"", ""case"", ""cost pressure"", ""value proposition"", ""recommendation content""]","Write a Case in English for Food Packaging within the Food industry. Title: Food Packaging Case: Cost Pressure and Value Repositioning. Use the content category ""case"". Focus on a concrete adoption pattern, business context, implementation choices, and reusable lessons for similar teams, especially how cost pressure is changing value propositions, purchasing criteria, and near-term product priorities. Audience role: innovation_product_strategy. Jobs to be done: identify_innovation_opportunities, evaluate_r_and_d_directions. Classify the article with industry ""food"", sub_industry ""food_packaging"", and content_category ""case"". Keep the content practical, specific to the sub-industry, and suitable as a recommended content item for users browsing for inspiration. Include a clear title, brief context, key observations, why it matters, and recommended next actions. Avoid generic industry commentary and avoid deep technical mechanism explanations unless needed for clarity.","Write a Case in English for Food Packaging within the Food industry. Title: Food Packaging Case: Cost Pressure and Value Repositioning. Use the content category ""case"". Focus on a concrete adoption pattern, business context, implementation choices, and reusable lessons for similar teams, especially how cost pressure is changing value propositions, purchasing criteria, and near-term product priorities. Audience role: innovation_product_strategy. Jobs to be done: identify_innovation_opportunities, evaluate_r_and_d_directions. Classify the article with industry ""food"", sub_industry ""food_packaging"", and content_category ""case"". Keep the content practical, specific to the sub-industry, and suitable as a recommended content item for users browsing for inspiration. Include a clear title, brief context, key observations, why it matters, and recommended next actions. Avoid generic industry commentary and avoid deep technical mechanism explanations unless needed for clarity."
13029,091010,sub_industry_recommendation,Crop Science Opportunity Brief: White Spaces for the Next Product Bets,"Create a opportunity brief for Crop Science in the Farming Production industry, focused on unmet needs, product opportunity spaces, timing signals, and action recommendations.",innovation_product_strategy,farming_production,Farming Production,"[""identify_innovation_opportunities""]",2026-09-10,"[""crop_science""]",Crop Science,,,farming_production,opportunity_brief,Opportunity Brief,"[""opportunity_brief""]","[""crop science"", ""farming production"", ""opportunity brief"", ""innovation signals"", ""recommendation content""]","Write a Opportunity Brief in English for Crop Science within the Farming Production industry. Use the content category ""opportunity_brief"". Focus on unmet needs, product opportunity spaces, timing signals, and action recommendations. Audience role: innovation_product_strategy. Jobs to be done: identify_innovation_opportunities. Keep the content practical, specific to the sub-industry, and suitable as a recommended content item for users browsing for inspiration. Include a clear title, brief context, key observations, why it matters, and recommended next actions. Avoid generic industry commentary and avoid deep technical mechanism explanations unless needed for clarity.","Write a Opportunity Brief in English for Crop Science within the Farming Production industry. Use the content category ""opportunity_brief"". Focus on unmet needs, product opportunity spaces, timing signals, and action recommendations. Audience role: innovation_product_strategy. Jobs to be done: identify_innovation_opportunities. Keep the content practical, specific to the sub-industry, and suitable as a recommended content item for users browsing for inspiration. Include a clear title, brief context, key observations, why it matters, and recommended next actions. Avoid generic industry commentary and avoid deep technical mechanism explanations unless needed for clarity."
13030,091010,sub_industry_recommendation,Livestock and Animal Health Risk Watch: Barriers That Could Slow Adoption,"Create a risk watch for Livestock and Animal Health in the Farming Production industry, focused on regulatory, FTO, supply, adoption, reimbursement, safety, and commercialization risks.",in_house_ip_legal,farming_production,Farming Production,"[""check_fto_and_design_risks"", ""respond_to_office_actions""]",2026-09-10,"[""livestock_and_animal_health""]",Livestock and Animal Health,,,farming_production,risk_watch,Risk Watch,"[""risk_watch""]","[""livestock and animal health"", ""farming production"", ""risk watch"", ""innovation signals"", ""recommendation content""]","Write a Risk Watch in English for Livestock and Animal Health within the Farming Production industry. Use the content category ""risk_watch"". Focus on regulatory, FTO, supply, adoption, reimbursement, safety, and commercialization risks. Audience role: in_house_ip_legal. Jobs to be done: check_fto_and_design_risks, respond_to_office_actions. Keep the content practical, specific to the sub-industry, and suitable as a recommended content item for users browsing for inspiration. Include a clear title, brief context, key observations, why it matters, and recommended next actions. Avoid generic industry commentary and avoid deep technical mechanism explanations unless needed for clarity.","Write a Risk Watch in English for Livestock and Animal Health within the Farming Production industry. Use the content category ""risk_watch"". Focus on regulatory, FTO, supply, adoption, reimbursement, safety, and commercialization risks. Audience role: in_house_ip_legal. Jobs to be done: check_fto_and_design_risks, respond_to_office_actions. Keep the content practical, specific to the sub-industry, and suitable as a recommended content item for users browsing for inspiration. Include a clear title, brief context, key observations, why it matters, and recommended next actions. Avoid generic industry commentary and avoid deep technical mechanism explanations unless needed for clarity."
13031,091010,sub_industry_recommendation,Precision Agriculture Trend Brief: What Will Shape the Next 3-5 Years,"Create a trend brief for Precision Agriculture in the Farming Production industry, focused on 3-5 year trend direction, adoption drivers, constraints, scenarios, and strategy implications.",innovation_product_strategy,farming_production,Farming Production,"[""evaluate_r_and_d_directions""]",2026-09-10,"[""precision_agriculture""]",Precision Agriculture,,,farming_production,trend_brief,Trend Brief,"[""trend_brief""]","[""precision agriculture"", ""farming production"", ""trend brief"", ""innovation signals"", ""recommendation content""]","Write a Trend Brief in English for Precision Agriculture within the Farming Production industry. Use the content category ""trend_brief"". Focus on 3-5 year trend direction, adoption drivers, constraints, scenarios, and strategy implications. Audience role: innovation_product_strategy. Jobs to be done: evaluate_r_and_d_directions. Keep the content practical, specific to the sub-industry, and suitable as a recommended content item for users browsing for inspiration. Include a clear title, brief context, key observations, why it matters, and recommended next actions. Avoid generic industry commentary and avoid deep technical mechanism explanations unless needed for clarity.","Write a Trend Brief in English for Precision Agriculture within the Farming Production industry. Use the content category ""trend_brief"". Focus on 3-5 year trend direction, adoption drivers, constraints, scenarios, and strategy implications. Audience role: innovation_product_strategy. Jobs to be done: evaluate_r_and_d_directions. Keep the content practical, specific to the sub-industry, and suitable as a recommended content item for users browsing for inspiration. Include a clear title, brief context, key observations, why it matters, and recommended next actions. Avoid generic industry commentary and avoid deep technical mechanism explanations unless needed for clarity."
13032,091010,sub_industry_recommendation,Agri Inputs Scout Report: Signals Worth Watching in Farming Production,"Create a scout report for Agri Inputs in the Farming Production industry, focused on emerging signals, notable players, early adoption patterns, and strategic watch points.",innovation_product_strategy,farming_production,Farming Production,"[""track_technologies_and_competitors"", ""identify_innovation_opportunities""]",2026-09-10,"[""agri_inputs""]",Agri Inputs,,,farming_production,scout_report,Scout Report,"[""scout_report""]","[""agri inputs"", ""farming production"", ""scout report"", ""innovation signals"", ""recommendation content""]","Write a Scout Report in English for Agri Inputs within the Farming Production industry. Use the content category ""scout_report"". Focus on emerging signals, notable players, early adoption patterns, and strategic watch points. Audience role: innovation_product_strategy. Jobs to be done: track_technologies_and_competitors, identify_innovation_opportunities. Keep the content practical, specific to the sub-industry, and suitable as a recommended content item for users browsing for inspiration. Include a clear title, brief context, key observations, why it matters, and recommended next actions. Avoid generic industry commentary and avoid deep technical mechanism explanations unless needed for clarity.","Write a Scout Report in English for Agri Inputs within the Farming Production industry. Use the content category ""scout_report"". Focus on emerging signals, notable players, early adoption patterns, and strategic watch points. Audience role: innovation_product_strategy. Jobs to be done: track_technologies_and_competitors, identify_innovation_opportunities. Keep the content practical, specific to the sub-industry, and suitable as a recommended content item for users browsing for inspiration. Include a clear title, brief context, key observations, why it matters, and recommended next actions. Avoid generic industry commentary and avoid deep technical mechanism explanations unless needed for clarity."
13106,091010,sub_industry_recommendation,"Crop Science Market Landscape: Data, AI, and Workflow Integration","Create a market landscape for Crop Science in the Farming Production industry, focused on how data, AI, automation, and workflow integration are changing user expectations and product scope.",innovation_product_strategy,farming_production,Farming Production,"[""track_technologies_and_competitors"", ""identify_innovation_opportunities""]",2026-09-10,"[""crop_science""]",Crop Science,,,farming_production,market_landscape,Market Landscape,"[""market_landscape""]","[""crop science"", ""farming production"", ""market landscape"", ""AI workflow"", ""data integration"", ""recommendation content""]","Write a Market Landscape in English for Crop Science within the Farming Production industry. Title: Crop Science Market Landscape: Data, AI, and Workflow Integration. Use the content category ""market_landscape"". Focus on segment structure, buyer demand, growth pockets, channel shifts, and ecosystem boundaries, especially how data, AI, automation, and workflow integration are changing user expectations and product scope. Audience role: innovation_product_strategy. Jobs to be done: track_technologies_and_competitors, identify_innovation_opportunities. Classify the article with industry ""farming_production"", sub_industry ""crop_science"", and content_category ""market_landscape"". Keep the content practical, specific to the sub-industry, and suitable as a recommended content item for users browsing for inspiration. Include a clear title, brief context, key observations, why it matters, and recommended next actions. Avoid generic industry commentary and avoid deep technical mechanism explanations unless needed for clarity.","Write a Market Landscape in English for Crop Science within the Farming Production industry. Title: Crop Science Market Landscape: Data, AI, and Workflow Integration. Use the content category ""market_landscape"". Focus on segment structure, buyer demand, growth pockets, channel shifts, and ecosystem boundaries, especially how data, AI, automation, and workflow integration are changing user expectations and product scope. Audience role: innovation_product_strategy. Jobs to be done: track_technologies_and_competitors, identify_innovation_opportunities. Classify the article with industry ""farming_production"", sub_industry ""crop_science"", and content_category ""market_landscape"". Keep the content practical, specific to the sub-industry, and suitable as a recommended content item for users browsing for inspiration. Include a clear title, brief context, key observations, why it matters, and recommended next actions. Avoid generic industry commentary and avoid deep technical mechanism explanations unless needed for clarity."
13107,091010,sub_industry_recommendation,"Livestock and Animal Health Patent Landscape: Quality, Reliability, and Field Performance","Create a patent landscape for Livestock and Animal Health in the Farming Production industry, focused on where quality, reliability, maintenance, validation, and field evidence influence customer trust.",innovation_product_strategy,farming_production,Farming Production,"[""explore_patent_landscapes"", ""assess_product_ip_risks""]",2026-09-10,"[""livestock_and_animal_health""]",Livestock and Animal Health,,,farming_production,patent_landscape,Patent Landscape,"[""patent_landscape""]","[""livestock and animal health"", ""farming production"", ""patent landscape"", ""quality"", ""reliability"", ""recommendation content""]","Write a Patent Landscape in English for Livestock and Animal Health within the Farming Production industry. Title: Livestock and Animal Health Patent Landscape: Quality, Reliability, and Field Performance. Use the content category ""patent_landscape"". Focus on patent activity, assignee concentration, technology clusters, white spaces, and IP strategy implications, especially where quality, reliability, maintenance, validation, and field evidence influence customer trust. Audience role: innovation_product_strategy. Jobs to be done: explore_patent_landscapes, assess_product_ip_risks. Classify the article with industry ""farming_production"", sub_industry ""livestock_and_animal_health"", and content_category ""patent_landscape"". Keep the content practical, specific to the sub-industry, and suitable as a recommended content item for users browsing for inspiration. Include a clear title, brief context, key observations, why it matters, and recommended next actions. Avoid generic industry commentary and avoid deep technical mechanism explanations unless needed for clarity.","Write a Patent Landscape in English for Livestock and Animal Health within the Farming Production industry. Title: Livestock and Animal Health Patent Landscape: Quality, Reliability, and Field Performance. Use the content category ""patent_landscape"". Focus on patent activity, assignee concentration, technology clusters, white spaces, and IP strategy implications, especially where quality, reliability, maintenance, validation, and field evidence influence customer trust. Audience role: innovation_product_strategy. Jobs to be done: explore_patent_landscapes, assess_product_ip_risks. Classify the article with industry ""farming_production"", sub_industry ""livestock_and_animal_health"", and content_category ""patent_landscape"". Keep the content practical, specific to the sub-industry, and suitable as a recommended content item for users browsing for inspiration. Include a clear title, brief context, key observations, why it matters, and recommended next actions. Avoid generic industry commentary and avoid deep technical mechanism explanations unless needed for clarity."
13108,091010,sub_industry_recommendation,Precision Agriculture Competitor Analysis: Sustainability and Resource Constraints,"Create a competitor analysis for Precision Agriculture in the Farming Production industry, focused on how sustainability expectations, resource limits, circularity, and efficiency pressures shape priorities.",innovation_product_strategy,farming_production,Farming Production,"[""track_technologies_and_competitors"", ""identify_innovation_opportunities""]",2026-09-10,"[""precision_agriculture""]",Precision Agriculture,,,farming_production,competitor_analysis,Competitor Analysis,"[""competitor_analysis""]","[""precision agriculture"", ""farming production"", ""competitor analysis"", ""sustainability"", ""resource efficiency"", ""recommendation content""]","Write a Competitor Analysis in English for Precision Agriculture within the Farming Production industry. Title: Precision Agriculture Competitor Analysis: Sustainability and Resource Constraints. Use the content category ""competitor_analysis"". Focus on competitor positioning, strategic moves, differentiation levers, partnership patterns, and likely next actions, especially how sustainability expectations, resource limits, circularity, and efficiency pressures shape priorities. Audience role: innovation_product_strategy. Jobs to be done: track_technologies_and_competitors, identify_innovation_opportunities. Classify the article with industry ""farming_production"", sub_industry ""precision_agriculture"", and content_category ""competitor_analysis"". Keep the content practical, specific to the sub-industry, and suitable as a recommended content item for users browsing for inspiration. Include a clear title, brief context, key observations, why it matters, and recommended next actions. Avoid generic industry commentary and avoid deep technical mechanism explanations unless needed for clarity.","Write a Competitor Analysis in English for Precision Agriculture within the Farming Production industry. Title: Precision Agriculture Competitor Analysis: Sustainability and Resource Constraints. Use the content category ""competitor_analysis"". Focus on competitor positioning, strategic moves, differentiation levers, partnership patterns, and likely next actions, especially how sustainability expectations, resource limits, circularity, and efficiency pressures shape priorities. Audience role: innovation_product_strategy. Jobs to be done: track_technologies_and_competitors, identify_innovation_opportunities. Classify the article with industry ""farming_production"", sub_industry ""precision_agriculture"", and content_category ""competitor_analysis"". Keep the content practical, specific to the sub-industry, and suitable as a recommended content item for users browsing for inspiration. Include a clear title, brief context, key observations, why it matters, and recommended next actions. Avoid generic industry commentary and avoid deep technical mechanism explanations unless needed for clarity."
13109,091010,sub_industry_recommendation,Agri Inputs Case: Regional Market Divergence and Localization,"Create a case for Agri Inputs in the Farming Production industry, focused on how regional demand, policy, pricing, and localization strategies are diverging across markets.",innovation_product_strategy,farming_production,Farming Production,"[""identify_innovation_opportunities"", ""evaluate_r_and_d_directions""]",2026-09-10,"[""agri_inputs""]",Agri Inputs,,,farming_production,case,Case,"[""case""]","[""agri inputs"", ""farming production"", ""case"", ""regional markets"", ""localization"", ""recommendation content""]","Write a Case in English for Agri Inputs within the Farming Production industry. Title: Agri Inputs Case: Regional Market Divergence and Localization. Use the content category ""case"". Focus on a concrete adoption pattern, business context, implementation choices, and reusable lessons for similar teams, especially how regional demand, policy, pricing, and localization strategies are diverging across markets. Audience role: innovation_product_strategy. Jobs to be done: identify_innovation_opportunities, evaluate_r_and_d_directions. Classify the article with industry ""farming_production"", sub_industry ""agri_inputs"", and content_category ""case"". Keep the content practical, specific to the sub-industry, and suitable as a recommended content item for users browsing for inspiration. Include a clear title, brief context, key observations, why it matters, and recommended next actions. Avoid generic industry commentary and avoid deep technical mechanism explanations unless needed for clarity.","Write a Case in English for Agri Inputs within the Farming Production industry. Title: Agri Inputs Case: Regional Market Divergence and Localization. Use the content category ""case"". Focus on a concrete adoption pattern, business context, implementation choices, and reusable lessons for similar teams, especially how regional demand, policy, pricing, and localization strategies are diverging across markets. Audience role: innovation_product_strategy. Jobs to be done: identify_innovation_opportunities, evaluate_r_and_d_directions. Classify the article with industry ""farming_production"", sub_industry ""agri_inputs"", and content_category ""case"". Keep the content practical, specific to the sub-industry, and suitable as a recommended content item for users browsing for inspiration. Include a clear title, brief context, key observations, why it matters, and recommended next actions. Avoid generic industry commentary and avoid deep technical mechanism explanations unless needed for clarity."
13110,091010,sub_industry_recommendation,Crop Science Opportunity Brief: Manufacturing Scale-Up and Operational Readiness,"Create a opportunity brief for Crop Science in the Farming Production industry, focused on what scale-up, process readiness, qualification, and operational constraints mean for commercialization.",innovation_product_strategy,farming_production,Farming Production,"[""identify_innovation_opportunities"", ""evaluate_r_and_d_directions""]",2026-09-10,"[""crop_science""]",Crop Science,,,farming_production,opportunity_brief,Opportunity Brief,"[""opportunity_brief""]","[""crop science"", ""farming production"", ""opportunity brief"", ""manufacturing scale-up"", ""operational readiness"", ""recommendation content""]","Write a Opportunity Brief in English for Crop Science within the Farming Production industry. Title: Crop Science Opportunity Brief: Manufacturing Scale-Up and Operational Readiness. Use the content category ""opportunity_brief"". Focus on unmet needs, product opportunity spaces, timing signals, commercial fit, and practical next steps, especially what scale-up, process readiness, qualification, and operational constraints mean for commercialization. Audience role: innovation_product_strategy. Jobs to be done: identify_innovation_opportunities, evaluate_r_and_d_directions. Classify the article with industry ""farming_production"", sub_industry ""crop_science"", and content_category ""opportunity_brief"". Keep the content practical, specific to the sub-industry, and suitable as a recommended content item for users browsing for inspiration. Include a clear title, brief context, key observations, why it matters, and recommended next actions. Avoid generic industry commentary and avoid deep technical mechanism explanations unless needed for clarity.","Write a Opportunity Brief in English for Crop Science within the Farming Production industry. Title: Crop Science Opportunity Brief: Manufacturing Scale-Up and Operational Readiness. Use the content category ""opportunity_brief"". Focus on unmet needs, product opportunity spaces, timing signals, commercial fit, and practical next steps, especially what scale-up, process readiness, qualification, and operational constraints mean for commercialization. Audience role: innovation_product_strategy. Jobs to be done: identify_innovation_opportunities, evaluate_r_and_d_directions. Classify the article with industry ""farming_production"", sub_industry ""crop_science"", and content_category ""opportunity_brief"". Keep the content practical, specific to the sub-industry, and suitable as a recommended content item for users browsing for inspiration. Include a clear title, brief context, key observations, why it matters, and recommended next actions. Avoid generic industry commentary and avoid deep technical mechanism explanations unless needed for clarity."
13111,091010,sub_industry_recommendation,Livestock and Animal Health Risk Watch: White-Space Bets for 2027 Planning,"Create a risk watch for Livestock and Animal Health in the Farming Production industry, focused on which underexplored needs and weak signals could become useful product or research bets.",in_house_ip_legal,farming_production,Farming Production,"[""check_fto_and_design_risks"", ""explore_patent_landscapes""]",2026-09-10,"[""livestock_and_animal_health""]",Livestock and Animal Health,,,farming_production,risk_watch,Risk Watch,"[""risk_watch""]","[""livestock and animal health"", ""farming production"", ""risk watch"", ""white space"", ""2027 planning"", ""recommendation content""]","Write a Risk Watch in English for Livestock and Animal Health within the Farming Production industry. Title: Livestock and Animal Health Risk Watch: White-Space Bets for 2027 Planning. Use the content category ""risk_watch"". Focus on regulatory, FTO, safety, supply, reimbursement, adoption, and commercialization risks, especially which underexplored needs and weak signals could become useful product or research bets. Audience role: in_house_ip_legal. Jobs to be done: check_fto_and_design_risks, explore_patent_landscapes. Classify the article with industry ""farming_production"", sub_industry ""livestock_and_animal_health"", and content_category ""risk_watch"". Keep the content practical, specific to the sub-industry, and suitable as a recommended content item for users browsing for inspiration. Include a clear title, brief context, key observations, why it matters, and recommended next actions. Avoid generic industry commentary and avoid deep technical mechanism explanations unless needed for clarity.","Write a Risk Watch in English for Livestock and Animal Health within the Farming Production industry. Title: Livestock and Animal Health Risk Watch: White-Space Bets for 2027 Planning. Use the content category ""risk_watch"". Focus on regulatory, FTO, safety, supply, reimbursement, adoption, and commercialization risks, especially which underexplored needs and weak signals could become useful product or research bets. Audience role: in_house_ip_legal. Jobs to be done: check_fto_and_design_risks, explore_patent_landscapes. Classify the article with industry ""farming_production"", sub_industry ""livestock_and_animal_health"", and content_category ""risk_watch"". Keep the content practical, specific to the sub-industry, and suitable as a recommended content item for users browsing for inspiration. Include a clear title, brief context, key observations, why it matters, and recommended next actions. Avoid generic industry commentary and avoid deep technical mechanism explanations unless needed for clarity."
13112,091010,sub_industry_recommendation,Precision Agriculture Trend Brief: Adoption Signals and Buyer Pull,"Create a trend brief for Precision Agriculture in the Farming Production industry, focused on where demand is showing up first, which buyer pains matter most, and what adoption signals deserve attention.",innovation_product_strategy,farming_production,Farming Production,"[""track_technologies_and_competitors"", ""evaluate_r_and_d_directions""]",2026-09-10,"[""precision_agriculture""]",Precision Agriculture,,,farming_production,trend_brief,Trend Brief,"[""trend_brief""]","[""precision agriculture"", ""farming production"", ""trend brief"", ""adoption signals"", ""buyer demand"", ""recommendation content""]","Write a Trend Brief in English for Precision Agriculture within the Farming Production industry. Title: Precision Agriculture Trend Brief: Adoption Signals and Buyer Pull. Use the content category ""trend_brief"". Focus on 3-5 year direction, adoption drivers, constraints, scenarios, and strategic implications, especially where demand is showing up first, which buyer pains matter most, and what adoption signals deserve attention. Audience role: innovation_product_strategy. Jobs to be done: track_technologies_and_competitors, evaluate_r_and_d_directions. Classify the article with industry ""farming_production"", sub_industry ""precision_agriculture"", and content_category ""trend_brief"". Keep the content practical, specific to the sub-industry, and suitable as a recommended content item for users browsing for inspiration. Include a clear title, brief context, key observations, why it matters, and recommended next actions. Avoid generic industry commentary and avoid deep technical mechanism explanations unless needed for clarity.","Write a Trend Brief in English for Precision Agriculture within the Farming Production industry. Title: Precision Agriculture Trend Brief: Adoption Signals and Buyer Pull. Use the content category ""trend_brief"". Focus on 3-5 year direction, adoption drivers, constraints, scenarios, and strategic implications, especially where demand is showing up first, which buyer pains matter most, and what adoption signals deserve attention. Audience role: innovation_product_strategy. Jobs to be done: track_technologies_and_competitors, evaluate_r_and_d_directions. Classify the article with industry ""farming_production"", sub_industry ""precision_agriculture"", and content_category ""trend_brief"". Keep the content practical, specific to the sub-industry, and suitable as a recommended content item for users browsing for inspiration. Include a clear title, brief context, key observations, why it matters, and recommended next actions. Avoid generic industry commentary and avoid deep technical mechanism explanations unless needed for clarity."
13113,091010,sub_industry_recommendation,Agri Inputs Scout Report: Cost Pressure and Value Repositioning,"Create a scout report for Agri Inputs in the Farming Production industry, focused on how cost pressure is changing value propositions, purchasing criteria, and near-term product priorities.",innovation_product_strategy,farming_production,Farming Production,"[""track_technologies_and_competitors"", ""identify_innovation_opportunities""]",2026-09-10,"[""agri_inputs""]",Agri Inputs,,,farming_production,scout_report,Scout Report,"[""scout_report""]","[""agri inputs"", ""farming production"", ""scout report"", ""cost pressure"", ""value proposition"", ""recommendation content""]","Write a Scout Report in English for Agri Inputs within the Farming Production industry. Title: Agri Inputs Scout Report: Cost Pressure and Value Repositioning. Use the content category ""scout_report"". Focus on early market signals, notable player activity, adoption triggers, and what teams should monitor next, especially how cost pressure is changing value propositions, purchasing criteria, and near-term product priorities. Audience role: innovation_product_strategy. Jobs to be done: track_technologies_and_competitors, identify_innovation_opportunities. Classify the article with industry ""farming_production"", sub_industry ""agri_inputs"", and content_category ""scout_report"". Keep the content practical, specific to the sub-industry, and suitable as a recommended content item for users browsing for inspiration. Include a clear title, brief context, key observations, why it matters, and recommended next actions. Avoid generic industry commentary and avoid deep technical mechanism explanations unless needed for clarity.","Write a Scout Report in English for Agri Inputs within the Farming Production industry. Title: Agri Inputs Scout Report: Cost Pressure and Value Repositioning. Use the content category ""scout_report"". Focus on early market signals, notable player activity, adoption triggers, and what teams should monitor next, especially how cost pressure is changing value propositions, purchasing criteria, and near-term product priorities. Audience role: innovation_product_strategy. Jobs to be done: track_technologies_and_competitors, identify_innovation_opportunities. Classify the article with industry ""farming_production"", sub_industry ""agri_inputs"", and content_category ""scout_report"". Keep the content practical, specific to the sub-industry, and suitable as a recommended content item for users browsing for inspiration. Include a clear title, brief context, key observations, why it matters, and recommended next actions. Avoid generic industry commentary and avoid deep technical mechanism explanations unless needed for clarity."
13033,091010,sub_industry_recommendation,Batteries and Storage Case: Turning Market Signals into Practical Innovation,"Create a case for Batteries and Storage in the Energy industry, focused on a practical innovation case pattern, business context, adoption drivers, and what other teams can learn.",innovation_product_strategy,energy,Energy,"[""identify_innovation_opportunities"", ""evaluate_r_and_d_directions""]",2026-09-10,"[""batteries_and_storage""]",Batteries and Storage,,,energy,case,Case,"[""case""]","[""batteries and storage"", ""energy"", ""case"", ""innovation signals"", ""recommendation content""]","Write a Case in English for Batteries and Storage within the Energy industry. Use the content category ""case"". Focus on a practical innovation case pattern, business context, adoption drivers, and what other teams can learn. Audience role: innovation_product_strategy. Jobs to be done: identify_innovation_opportunities, evaluate_r_and_d_directions. Keep the content practical, specific to the sub-industry, and suitable as a recommended content item for users browsing for inspiration. Include a clear title, brief context, key observations, why it matters, and recommended next actions. Avoid generic industry commentary and avoid deep technical mechanism explanations unless needed for clarity.","Write a Case in English for Batteries and Storage within the Energy industry. Use the content category ""case"". Focus on a practical innovation case pattern, business context, adoption drivers, and what other teams can learn. Audience role: innovation_product_strategy. Jobs to be done: identify_innovation_opportunities, evaluate_r_and_d_directions. Keep the content practical, specific to the sub-industry, and suitable as a recommended content item for users browsing for inspiration. Include a clear title, brief context, key observations, why it matters, and recommended next actions. Avoid generic industry commentary and avoid deep technical mechanism explanations unless needed for clarity."
13034,091010,sub_industry_recommendation,"Hydrogen and Fuel Cells Market Landscape: Segments, Demand, and Growth Pockets","Create a market landscape for Hydrogen and Fuel Cells in the Energy industry, focused on market segments, demand shifts, buyer priorities, growth pockets, and ecosystem structure.",innovation_product_strategy,energy,Energy,"[""track_technologies_and_competitors"", ""identify_innovation_opportunities""]",2026-09-10,"[""hydrogen_and_fuel_cells""]",Hydrogen and Fuel Cells,,,energy,market_landscape,Market Landscape,"[""market_landscape""]","[""hydrogen and fuel cells"", ""energy"", ""market landscape"", ""innovation signals"", ""recommendation content""]","Write a Market Landscape in English for Hydrogen and Fuel Cells within the Energy industry. Use the content category ""market_landscape"". Focus on market segments, demand shifts, buyer priorities, growth pockets, and ecosystem structure. Audience role: innovation_product_strategy. Jobs to be done: track_technologies_and_competitors, identify_innovation_opportunities. Keep the content practical, specific to the sub-industry, and suitable as a recommended content item for users browsing for inspiration. Include a clear title, brief context, key observations, why it matters, and recommended next actions. Avoid generic industry commentary and avoid deep technical mechanism explanations unless needed for clarity.","Write a Market Landscape in English for Hydrogen and Fuel Cells within the Energy industry. Use the content category ""market_landscape"". Focus on market segments, demand shifts, buyer priorities, growth pockets, and ecosystem structure. Audience role: innovation_product_strategy. Jobs to be done: track_technologies_and_competitors, identify_innovation_opportunities. Keep the content practical, specific to the sub-industry, and suitable as a recommended content item for users browsing for inspiration. Include a clear title, brief context, key observations, why it matters, and recommended next actions. Avoid generic industry commentary and avoid deep technical mechanism explanations unless needed for clarity."
13035,091010,sub_industry_recommendation,Solar and Power Electronics Patent Landscape: Where IP Activity Is Concentrating,"Create a patent landscape for Solar and Power Electronics in the Energy industry, focused on patent activity, assignee clusters, technology white spaces, and IP strategy implications.",innovation_product_strategy,energy,Energy,"[""explore_patent_landscapes"", ""assess_product_ip_risks""]",2026-09-10,"[""solar_and_power_electronics""]",Solar and Power Electronics,,,energy,patent_landscape,Patent Landscape,"[""patent_landscape""]","[""solar and power electronics"", ""energy"", ""patent landscape"", ""innovation signals"", ""recommendation content""]","Write a Patent Landscape in English for Solar and Power Electronics within the Energy industry. Use the content category ""patent_landscape"". Focus on patent activity, assignee clusters, technology white spaces, and IP strategy implications. Audience role: innovation_product_strategy. Jobs to be done: explore_patent_landscapes, assess_product_ip_risks. Keep the content practical, specific to the sub-industry, and suitable as a recommended content item for users browsing for inspiration. Include a clear title, brief context, key observations, why it matters, and recommended next actions. Avoid generic industry commentary and avoid deep technical mechanism explanations unless needed for clarity.","Write a Patent Landscape in English for Solar and Power Electronics within the Energy industry. Use the content category ""patent_landscape"". Focus on patent activity, assignee clusters, technology white spaces, and IP strategy implications. Audience role: innovation_product_strategy. Jobs to be done: explore_patent_landscapes, assess_product_ip_risks. Keep the content practical, specific to the sub-industry, and suitable as a recommended content item for users browsing for inspiration. Include a clear title, brief context, key observations, why it matters, and recommended next actions. Avoid generic industry commentary and avoid deep technical mechanism explanations unless needed for clarity."
13036,091010,sub_industry_recommendation,Carbon and Efficiency Competitor Analysis: Strategic Moves and Differentiation Patterns,"Create a competitor analysis for Carbon and Efficiency in the Energy industry, focused on competitor moves, positioning patterns, differentiation levers, and likely next actions.",innovation_product_strategy,energy,Energy,"[""track_technologies_and_competitors"", ""identify_innovation_opportunities""]",2026-09-10,"[""carbon_and_efficiency""]",Carbon and Efficiency,,,energy,competitor_analysis,Competitor Analysis,"[""competitor_analysis""]","[""carbon and efficiency"", ""energy"", ""competitor analysis"", ""innovation signals"", ""recommendation content""]","Write a Competitor Analysis in English for Carbon and Efficiency within the Energy industry. Use the content category ""competitor_analysis"". Focus on competitor moves, positioning patterns, differentiation levers, and likely next actions. Audience role: innovation_product_strategy. Jobs to be done: track_technologies_and_competitors, identify_innovation_opportunities. Keep the content practical, specific to the sub-industry, and suitable as a recommended content item for users browsing for inspiration. Include a clear title, brief context, key observations, why it matters, and recommended next actions. Avoid generic industry commentary and avoid deep technical mechanism explanations unless needed for clarity.","Write a Competitor Analysis in English for Carbon and Efficiency within the Energy industry. Use the content category ""competitor_analysis"". Focus on competitor moves, positioning patterns, differentiation levers, and likely next actions. Audience role: innovation_product_strategy. Jobs to be done: track_technologies_and_competitors, identify_innovation_opportunities. Keep the content practical, specific to the sub-industry, and suitable as a recommended content item for users browsing for inspiration. Include a clear title, brief context, key observations, why it matters, and recommended next actions. Avoid generic industry commentary and avoid deep technical mechanism explanations unless needed for clarity."
13114,091010,sub_industry_recommendation,"Batteries and Storage Opportunity Brief: Data, AI, and Workflow Integration","Create a opportunity brief for Batteries and Storage in the Energy industry, focused on how data, AI, automation, and workflow integration are changing user expectations and product scope.",innovation_product_strategy,energy,Energy,"[""identify_innovation_opportunities"", ""evaluate_r_and_d_directions""]",2026-09-10,"[""batteries_and_storage""]",Batteries and Storage,,,energy,opportunity_brief,Opportunity Brief,"[""opportunity_brief""]","[""batteries and storage"", ""energy"", ""opportunity brief"", ""AI workflow"", ""data integration"", ""recommendation content""]","Write a Opportunity Brief in English for Batteries and Storage within the Energy industry. Title: Batteries and Storage Opportunity Brief: Data, AI, and Workflow Integration. Use the content category ""opportunity_brief"". Focus on unmet needs, product opportunity spaces, timing signals, commercial fit, and practical next steps, especially how data, AI, automation, and workflow integration are changing user expectations and product scope. Audience role: innovation_product_strategy. Jobs to be done: identify_innovation_opportunities, evaluate_r_and_d_directions. Classify the article with industry ""energy"", sub_industry ""batteries_and_storage"", and content_category ""opportunity_brief"". Keep the content practical, specific to the sub-industry, and suitable as a recommended content item for users browsing for inspiration. Include a clear title, brief context, key observations, why it matters, and recommended next actions. Avoid generic industry commentary and avoid deep technical mechanism explanations unless needed for clarity.","Write a Opportunity Brief in English for Batteries and Storage within the Energy industry. Title: Batteries and Storage Opportunity Brief: Data, AI, and Workflow Integration. Use the content category ""opportunity_brief"". Focus on unmet needs, product opportunity spaces, timing signals, commercial fit, and practical next steps, especially how data, AI, automation, and workflow integration are changing user expectations and product scope. Audience role: innovation_product_strategy. Jobs to be done: identify_innovation_opportunities, evaluate_r_and_d_directions. Classify the article with industry ""energy"", sub_industry ""batteries_and_storage"", and content_category ""opportunity_brief"". Keep the content practical, specific to the sub-industry, and suitable as a recommended content item for users browsing for inspiration. Include a clear title, brief context, key observations, why it matters, and recommended next actions. Avoid generic industry commentary and avoid deep technical mechanism explanations unless needed for clarity."
13115,091010,sub_industry_recommendation,"Hydrogen and Fuel Cells Risk Watch: Quality, Reliability, and Field Performance","Create a risk watch for Hydrogen and Fuel Cells in the Energy industry, focused on where quality, reliability, maintenance, validation, and field evidence influence customer trust.",in_house_ip_legal,energy,Energy,"[""check_fto_and_design_risks"", ""explore_patent_landscapes""]",2026-09-10,"[""hydrogen_and_fuel_cells""]",Hydrogen and Fuel Cells,,,energy,risk_watch,Risk Watch,"[""risk_watch""]","[""hydrogen and fuel cells"", ""energy"", ""risk watch"", ""quality"", ""reliability"", ""recommendation content""]","Write a Risk Watch in English for Hydrogen and Fuel Cells within the Energy industry. Title: Hydrogen and Fuel Cells Risk Watch: Quality, Reliability, and Field Performance. Use the content category ""risk_watch"". Focus on regulatory, FTO, safety, supply, reimbursement, adoption, and commercialization risks, especially where quality, reliability, maintenance, validation, and field evidence influence customer trust. Audience role: in_house_ip_legal. Jobs to be done: check_fto_and_design_risks, explore_patent_landscapes. Classify the article with industry ""energy"", sub_industry ""hydrogen_and_fuel_cells"", and content_category ""risk_watch"". Keep the content practical, specific to the sub-industry, and suitable as a recommended content item for users browsing for inspiration. Include a clear title, brief context, key observations, why it matters, and recommended next actions. Avoid generic industry commentary and avoid deep technical mechanism explanations unless needed for clarity.","Write a Risk Watch in English for Hydrogen and Fuel Cells within the Energy industry. Title: Hydrogen and Fuel Cells Risk Watch: Quality, Reliability, and Field Performance. Use the content category ""risk_watch"". Focus on regulatory, FTO, safety, supply, reimbursement, adoption, and commercialization risks, especially where quality, reliability, maintenance, validation, and field evidence influence customer trust. Audience role: in_house_ip_legal. Jobs to be done: check_fto_and_design_risks, explore_patent_landscapes. Classify the article with industry ""energy"", sub_industry ""hydrogen_and_fuel_cells"", and content_category ""risk_watch"". Keep the content practical, specific to the sub-industry, and suitable as a recommended content item for users browsing for inspiration. Include a clear title, brief context, key observations, why it matters, and recommended next actions. Avoid generic industry commentary and avoid deep technical mechanism explanations unless needed for clarity."
13116,091010,sub_industry_recommendation,Solar and Power Electronics Trend Brief: Sustainability and Resource Constraints,"Create a trend brief for Solar and Power Electronics in the Energy industry, focused on how sustainability expectations, resource limits, circularity, and efficiency pressures shape priorities.",innovation_product_strategy,energy,Energy,"[""track_technologies_and_competitors"", ""evaluate_r_and_d_directions""]",2026-09-10,"[""solar_and_power_electronics""]",Solar and Power Electronics,,,energy,trend_brief,Trend Brief,"[""trend_brief""]","[""solar and power electronics"", ""energy"", ""trend brief"", ""sustainability"", ""resource efficiency"", ""recommendation content""]","Write a Trend Brief in English for Solar and Power Electronics within the Energy industry. Title: Solar and Power Electronics Trend Brief: Sustainability and Resource Constraints. Use the content category ""trend_brief"". Focus on 3-5 year direction, adoption drivers, constraints, scenarios, and strategic implications, especially how sustainability expectations, resource limits, circularity, and efficiency pressures shape priorities. Audience role: innovation_product_strategy. Jobs to be done: track_technologies_and_competitors, evaluate_r_and_d_directions. Classify the article with industry ""energy"", sub_industry ""solar_and_power_electronics"", and content_category ""trend_brief"". Keep the content practical, specific to the sub-industry, and suitable as a recommended content item for users browsing for inspiration. Include a clear title, brief context, key observations, why it matters, and recommended next actions. Avoid generic industry commentary and avoid deep technical mechanism explanations unless needed for clarity.","Write a Trend Brief in English for Solar and Power Electronics within the Energy industry. Title: Solar and Power Electronics Trend Brief: Sustainability and Resource Constraints. Use the content category ""trend_brief"". Focus on 3-5 year direction, adoption drivers, constraints, scenarios, and strategic implications, especially how sustainability expectations, resource limits, circularity, and efficiency pressures shape priorities. Audience role: innovation_product_strategy. Jobs to be done: track_technologies_and_competitors, evaluate_r_and_d_directions. Classify the article with industry ""energy"", sub_industry ""solar_and_power_electronics"", and content_category ""trend_brief"". Keep the content practical, specific to the sub-industry, and suitable as a recommended content item for users browsing for inspiration. Include a clear title, brief context, key observations, why it matters, and recommended next actions. Avoid generic industry commentary and avoid deep technical mechanism explanations unless needed for clarity."
13117,091010,sub_industry_recommendation,Carbon and Efficiency Scout Report: Regional Market Divergence and Localization,"Create a scout report for Carbon and Efficiency in the Energy industry, focused on how regional demand, policy, pricing, and localization strategies are diverging across markets.",innovation_product_strategy,energy,Energy,"[""track_technologies_and_competitors"", ""identify_innovation_opportunities""]",2026-09-10,"[""carbon_and_efficiency""]",Carbon and Efficiency,,,energy,scout_report,Scout Report,"[""scout_report""]","[""carbon and efficiency"", ""energy"", ""scout report"", ""regional markets"", ""localization"", ""recommendation content""]","Write a Scout Report in English for Carbon and Efficiency within the Energy industry. Title: Carbon and Efficiency Scout Report: Regional Market Divergence and Localization. Use the content category ""scout_report"". Focus on early market signals, notable player activity, adoption triggers, and what teams should monitor next, especially how regional demand, policy, pricing, and localization strategies are diverging across markets. Audience role: innovation_product_strategy. Jobs to be done: track_technologies_and_competitors, identify_innovation_opportunities. Classify the article with industry ""energy"", sub_industry ""carbon_and_efficiency"", and content_category ""scout_report"". Keep the content practical, specific to the sub-industry, and suitable as a recommended content item for users browsing for inspiration. Include a clear title, brief context, key observations, why it matters, and recommended next actions. Avoid generic industry commentary and avoid deep technical mechanism explanations unless needed for clarity.","Write a Scout Report in English for Carbon and Efficiency within the Energy industry. Title: Carbon and Efficiency Scout Report: Regional Market Divergence and Localization. Use the content category ""scout_report"". Focus on early market signals, notable player activity, adoption triggers, and what teams should monitor next, especially how regional demand, policy, pricing, and localization strategies are diverging across markets. Audience role: innovation_product_strategy. Jobs to be done: track_technologies_and_competitors, identify_innovation_opportunities. Classify the article with industry ""energy"", sub_industry ""carbon_and_efficiency"", and content_category ""scout_report"". Keep the content practical, specific to the sub-industry, and suitable as a recommended content item for users browsing for inspiration. Include a clear title, brief context, key observations, why it matters, and recommended next actions. Avoid generic industry commentary and avoid deep technical mechanism explanations unless needed for clarity."
13118,091010,sub_industry_recommendation,Batteries and Storage Market Landscape: Manufacturing Scale-Up and Operational Readiness,"Create a market landscape for Batteries and Storage in the Energy industry, focused on what scale-up, process readiness, qualification, and operational constraints mean for commercialization.",innovation_product_strategy,energy,Energy,"[""track_technologies_and_competitors"", ""identify_innovation_opportunities""]",2026-09-10,"[""batteries_and_storage""]",Batteries and Storage,,,energy,market_landscape,Market Landscape,"[""market_landscape""]","[""batteries and storage"", ""energy"", ""market landscape"", ""manufacturing scale-up"", ""operational readiness"", ""recommendation content""]","Write a Market Landscape in English for Batteries and Storage within the Energy industry. Title: Batteries and Storage Market Landscape: Manufacturing Scale-Up and Operational Readiness. Use the content category ""market_landscape"". Focus on segment structure, buyer demand, growth pockets, channel shifts, and ecosystem boundaries, especially what scale-up, process readiness, qualification, and operational constraints mean for commercialization. Audience role: innovation_product_strategy. Jobs to be done: track_technologies_and_competitors, identify_innovation_opportunities. Classify the article with industry ""energy"", sub_industry ""batteries_and_storage"", and content_category ""market_landscape"". Keep the content practical, specific to the sub-industry, and suitable as a recommended content item for users browsing for inspiration. Include a clear title, brief context, key observations, why it matters, and recommended next actions. Avoid generic industry commentary and avoid deep technical mechanism explanations unless needed for clarity.","Write a Market Landscape in English for Batteries and Storage within the Energy industry. Title: Batteries and Storage Market Landscape: Manufacturing Scale-Up and Operational Readiness. Use the content category ""market_landscape"". Focus on segment structure, buyer demand, growth pockets, channel shifts, and ecosystem boundaries, especially what scale-up, process readiness, qualification, and operational constraints mean for commercialization. Audience role: innovation_product_strategy. Jobs to be done: track_technologies_and_competitors, identify_innovation_opportunities. Classify the article with industry ""energy"", sub_industry ""batteries_and_storage"", and content_category ""market_landscape"". Keep the content practical, specific to the sub-industry, and suitable as a recommended content item for users browsing for inspiration. Include a clear title, brief context, key observations, why it matters, and recommended next actions. Avoid generic industry commentary and avoid deep technical mechanism explanations unless needed for clarity."
13119,091010,sub_industry_recommendation,Hydrogen and Fuel Cells Patent Landscape: White-Space Bets for 2027 Planning,"Create a patent landscape for Hydrogen and Fuel Cells in the Energy industry, focused on which underexplored needs and weak signals could become useful product or research bets.",innovation_product_strategy,energy,Energy,"[""explore_patent_landscapes"", ""assess_product_ip_risks""]",2026-09-10,"[""hydrogen_and_fuel_cells""]",Hydrogen and Fuel Cells,,,energy,patent_landscape,Patent Landscape,"[""patent_landscape""]","[""hydrogen and fuel cells"", ""energy"", ""patent landscape"", ""white space"", ""2027 planning"", ""recommendation content""]","Write a Patent Landscape in English for Hydrogen and Fuel Cells within the Energy industry. Title: Hydrogen and Fuel Cells Patent Landscape: White-Space Bets for 2027 Planning. Use the content category ""patent_landscape"". Focus on patent activity, assignee concentration, technology clusters, white spaces, and IP strategy implications, especially which underexplored needs and weak signals could become useful product or research bets. Audience role: innovation_product_strategy. Jobs to be done: explore_patent_landscapes, assess_product_ip_risks. Classify the article with industry ""energy"", sub_industry ""hydrogen_and_fuel_cells"", and content_category ""patent_landscape"". Keep the content practical, specific to the sub-industry, and suitable as a recommended content item for users browsing for inspiration. Include a clear title, brief context, key observations, why it matters, and recommended next actions. Avoid generic industry commentary and avoid deep technical mechanism explanations unless needed for clarity.","Write a Patent Landscape in English for Hydrogen and Fuel Cells within the Energy industry. Title: Hydrogen and Fuel Cells Patent Landscape: White-Space Bets for 2027 Planning. Use the content category ""patent_landscape"". Focus on patent activity, assignee concentration, technology clusters, white spaces, and IP strategy implications, especially which underexplored needs and weak signals could become useful product or research bets. Audience role: innovation_product_strategy. Jobs to be done: explore_patent_landscapes, assess_product_ip_risks. Classify the article with industry ""energy"", sub_industry ""hydrogen_and_fuel_cells"", and content_category ""patent_landscape"". Keep the content practical, specific to the sub-industry, and suitable as a recommended content item for users browsing for inspiration. Include a clear title, brief context, key observations, why it matters, and recommended next actions. Avoid generic industry commentary and avoid deep technical mechanism explanations unless needed for clarity."
13120,091010,sub_industry_recommendation,Solar and Power Electronics Competitor Analysis: Adoption Signals and Buyer Pull,"Create a competitor analysis for Solar and Power Electronics in the Energy industry, focused on where demand is showing up first, which buyer pains matter most, and what adoption signals deserve attention.",innovation_product_strategy,energy,Energy,"[""track_technologies_and_competitors"", ""identify_innovation_opportunities""]",2026-09-10,"[""solar_and_power_electronics""]",Solar and Power Electronics,,,energy,competitor_analysis,Competitor Analysis,"[""competitor_analysis""]","[""solar and power electronics"", ""energy"", ""competitor analysis"", ""adoption signals"", ""buyer demand"", ""recommendation content""]","Write a Competitor Analysis in English for Solar and Power Electronics within the Energy industry. Title: Solar and Power Electronics Competitor Analysis: Adoption Signals and Buyer Pull. Use the content category ""competitor_analysis"". Focus on competitor positioning, strategic moves, differentiation levers, partnership patterns, and likely next actions, especially where demand is showing up first, which buyer pains matter most, and what adoption signals deserve attention. Audience role: innovation_product_strategy. Jobs to be done: track_technologies_and_competitors, identify_innovation_opportunities. Classify the article with industry ""energy"", sub_industry ""solar_and_power_electronics"", and content_category ""competitor_analysis"". Keep the content practical, specific to the sub-industry, and suitable as a recommended content item for users browsing for inspiration. Include a clear title, brief context, key observations, why it matters, and recommended next actions. Avoid generic industry commentary and avoid deep technical mechanism explanations unless needed for clarity.","Write a Competitor Analysis in English for Solar and Power Electronics within the Energy industry. Title: Solar and Power Electronics Competitor Analysis: Adoption Signals and Buyer Pull. Use the content category ""competitor_analysis"". Focus on competitor positioning, strategic moves, differentiation levers, partnership patterns, and likely next actions, especially where demand is showing up first, which buyer pains matter most, and what adoption signals deserve attention. Audience role: innovation_product_strategy. Jobs to be done: track_technologies_and_competitors, identify_innovation_opportunities. Classify the article with industry ""energy"", sub_industry ""solar_and_power_electronics"", and content_category ""competitor_analysis"". Keep the content practical, specific to the sub-industry, and suitable as a recommended content item for users browsing for inspiration. Include a clear title, brief context, key observations, why it matters, and recommended next actions. Avoid generic industry commentary and avoid deep technical mechanism explanations unless needed for clarity."
13121,091010,sub_industry_recommendation,Carbon and Efficiency Case: Cost Pressure and Value Repositioning,"Create a case for Carbon and Efficiency in the Energy industry, focused on how cost pressure is changing value propositions, purchasing criteria, and near-term product priorities.",innovation_product_strategy,energy,Energy,"[""identify_innovation_opportunities"", ""evaluate_r_and_d_directions""]",2026-09-10,"[""carbon_and_efficiency""]",Carbon and Efficiency,,,energy,case,Case,"[""case""]","[""carbon and efficiency"", ""energy"", ""case"", ""cost pressure"", ""value proposition"", ""recommendation content""]","Write a Case in English for Carbon and Efficiency within the Energy industry. Title: Carbon and Efficiency Case: Cost Pressure and Value Repositioning. Use the content category ""case"". Focus on a concrete adoption pattern, business context, implementation choices, and reusable lessons for similar teams, especially how cost pressure is changing value propositions, purchasing criteria, and near-term product priorities. Audience role: innovation_product_strategy. Jobs to be done: identify_innovation_opportunities, evaluate_r_and_d_directions. Classify the article with industry ""energy"", sub_industry ""carbon_and_efficiency"", and content_category ""case"". Keep the content practical, specific to the sub-industry, and suitable as a recommended content item for users browsing for inspiration. Include a clear title, brief context, key observations, why it matters, and recommended next actions. Avoid generic industry commentary and avoid deep technical mechanism explanations unless needed for clarity.","Write a Case in English for Carbon and Efficiency within the Energy industry. Title: Carbon and Efficiency Case: Cost Pressure and Value Repositioning. Use the content category ""case"". Focus on a concrete adoption pattern, business context, implementation choices, and reusable lessons for similar teams, especially how cost pressure is changing value propositions, purchasing criteria, and near-term product priorities. Audience role: innovation_product_strategy. Jobs to be done: identify_innovation_opportunities, evaluate_r_and_d_directions. Classify the article with industry ""energy"", sub_industry ""carbon_and_efficiency"", and content_category ""case"". Keep the content practical, specific to the sub-industry, and suitable as a recommended content item for users browsing for inspiration. Include a clear title, brief context, key observations, why it matters, and recommended next actions. Avoid generic industry commentary and avoid deep technical mechanism explanations unless needed for clarity."
13037,091010,sub_industry_recommendation,Specialty Chemicals Opportunity Brief: White Spaces for the Next Product Bets,"Create a opportunity brief for Specialty Chemicals in the Chemical industry, focused on unmet needs, product opportunity spaces, timing signals, and action recommendations.",innovation_product_strategy,chemical,Chemical,"[""identify_innovation_opportunities""]",2026-09-10,"[""specialty_chemicals""]",Specialty Chemicals,,,chemical,opportunity_brief,Opportunity Brief,"[""opportunity_brief""]","[""specialty chemicals"", ""chemical"", ""opportunity brief"", ""innovation signals"", ""recommendation content""]","Write a Opportunity Brief in English for Specialty Chemicals within the Chemical industry. Use the content category ""opportunity_brief"". Focus on unmet needs, product opportunity spaces, timing signals, and action recommendations. Audience role: innovation_product_strategy. Jobs to be done: identify_innovation_opportunities. Keep the content practical, specific to the sub-industry, and suitable as a recommended content item for users browsing for inspiration. Include a clear title, brief context, key observations, why it matters, and recommended next actions. Avoid generic industry commentary and avoid deep technical mechanism explanations unless needed for clarity.","Write a Opportunity Brief in English for Specialty Chemicals within the Chemical industry. Use the content category ""opportunity_brief"". Focus on unmet needs, product opportunity spaces, timing signals, and action recommendations. Audience role: innovation_product_strategy. Jobs to be done: identify_innovation_opportunities. Keep the content practical, specific to the sub-industry, and suitable as a recommended content item for users browsing for inspiration. Include a clear title, brief context, key observations, why it matters, and recommended next actions. Avoid generic industry commentary and avoid deep technical mechanism explanations unless needed for clarity."
13038,091010,sub_industry_recommendation,Industrial Formulations Risk Watch: Barriers That Could Slow Adoption,"Create a risk watch for Industrial Formulations in the Chemical industry, focused on regulatory, FTO, supply, adoption, reimbursement, safety, and commercialization risks.",in_house_ip_legal,chemical,Chemical,"[""check_fto_and_design_risks"", ""respond_to_office_actions""]",2026-09-10,"[""industrial_formulations""]",Industrial Formulations,,,chemical,risk_watch,Risk Watch,"[""risk_watch""]","[""industrial formulations"", ""chemical"", ""risk watch"", ""innovation signals"", ""recommendation content""]","Write a Risk Watch in English for Industrial Formulations within the Chemical industry. Use the content category ""risk_watch"". Focus on regulatory, FTO, supply, adoption, reimbursement, safety, and commercialization risks. Audience role: in_house_ip_legal. Jobs to be done: check_fto_and_design_risks, respond_to_office_actions. Keep the content practical, specific to the sub-industry, and suitable as a recommended content item for users browsing for inspiration. Include a clear title, brief context, key observations, why it matters, and recommended next actions. Avoid generic industry commentary and avoid deep technical mechanism explanations unless needed for clarity.","Write a Risk Watch in English for Industrial Formulations within the Chemical industry. Use the content category ""risk_watch"". Focus on regulatory, FTO, supply, adoption, reimbursement, safety, and commercialization risks. Audience role: in_house_ip_legal. Jobs to be done: check_fto_and_design_risks, respond_to_office_actions. Keep the content practical, specific to the sub-industry, and suitable as a recommended content item for users browsing for inspiration. Include a clear title, brief context, key observations, why it matters, and recommended next actions. Avoid generic industry commentary and avoid deep technical mechanism explanations unless needed for clarity."
13039,091010,sub_industry_recommendation,Polymers and Additives Trend Brief: What Will Shape the Next 3-5 Years,"Create a trend brief for Polymers and Additives in the Chemical industry, focused on 3-5 year trend direction, adoption drivers, constraints, scenarios, and strategy implications.",innovation_product_strategy,chemical,Chemical,"[""evaluate_r_and_d_directions""]",2026-09-10,"[""polymers_and_additives""]",Polymers and Additives,,,chemical,trend_brief,Trend Brief,"[""trend_brief""]","[""polymers and additives"", ""chemical"", ""trend brief"", ""innovation signals"", ""recommendation content""]","Write a Trend Brief in English for Polymers and Additives within the Chemical industry. Use the content category ""trend_brief"". Focus on 3-5 year trend direction, adoption drivers, constraints, scenarios, and strategy implications. Audience role: innovation_product_strategy. Jobs to be done: evaluate_r_and_d_directions. Keep the content practical, specific to the sub-industry, and suitable as a recommended content item for users browsing for inspiration. Include a clear title, brief context, key observations, why it matters, and recommended next actions. Avoid generic industry commentary and avoid deep technical mechanism explanations unless needed for clarity.","Write a Trend Brief in English for Polymers and Additives within the Chemical industry. Use the content category ""trend_brief"". Focus on 3-5 year trend direction, adoption drivers, constraints, scenarios, and strategy implications. Audience role: innovation_product_strategy. Jobs to be done: evaluate_r_and_d_directions. Keep the content practical, specific to the sub-industry, and suitable as a recommended content item for users browsing for inspiration. Include a clear title, brief context, key observations, why it matters, and recommended next actions. Avoid generic industry commentary and avoid deep technical mechanism explanations unless needed for clarity."
13040,091010,sub_industry_recommendation,Household and Personal Care Chemistry Scout Report: Signals Worth Watching in Chemical,"Create a scout report for Household and Personal Care Chemistry in the Chemical industry, focused on emerging signals, notable players, early adoption patterns, and strategic watch points.",innovation_product_strategy,chemical,Chemical,"[""track_technologies_and_competitors"", ""identify_innovation_opportunities""]",2026-09-10,"[""household_and_personal_care_chemistry""]",Household and Personal Care Chemistry,,,chemical,scout_report,Scout Report,"[""scout_report""]","[""household and personal care chemistry"", ""chemical"", ""scout report"", ""innovation signals"", ""recommendation content""]","Write a Scout Report in English for Household and Personal Care Chemistry within the Chemical industry. Use the content category ""scout_report"". Focus on emerging signals, notable players, early adoption patterns, and strategic watch points. Audience role: innovation_product_strategy. Jobs to be done: track_technologies_and_competitors, identify_innovation_opportunities. Keep the content practical, specific to the sub-industry, and suitable as a recommended content item for users browsing for inspiration. Include a clear title, brief context, key observations, why it matters, and recommended next actions. Avoid generic industry commentary and avoid deep technical mechanism explanations unless needed for clarity.","Write a Scout Report in English for Household and Personal Care Chemistry within the Chemical industry. Use the content category ""scout_report"". Focus on emerging signals, notable players, early adoption patterns, and strategic watch points. Audience role: innovation_product_strategy. Jobs to be done: track_technologies_and_competitors, identify_innovation_opportunities. Keep the content practical, specific to the sub-industry, and suitable as a recommended content item for users browsing for inspiration. Include a clear title, brief context, key observations, why it matters, and recommended next actions. Avoid generic industry commentary and avoid deep technical mechanism explanations unless needed for clarity."
13122,091010,sub_industry_recommendation,"Specialty Chemicals Market Landscape: Data, AI, and Workflow Integration","Create a market landscape for Specialty Chemicals in the Chemical industry, focused on how data, AI, automation, and workflow integration are changing user expectations and product scope.",innovation_product_strategy,chemical,Chemical,"[""track_technologies_and_competitors"", ""identify_innovation_opportunities""]",2026-09-10,"[""specialty_chemicals""]",Specialty Chemicals,,,chemical,market_landscape,Market Landscape,"[""market_landscape""]","[""specialty chemicals"", ""chemical"", ""market landscape"", ""AI workflow"", ""data integration"", ""recommendation content""]","Write a Market Landscape in English for Specialty Chemicals within the Chemical industry. Title: Specialty Chemicals Market Landscape: Data, AI, and Workflow Integration. Use the content category ""market_landscape"". Focus on segment structure, buyer demand, growth pockets, channel shifts, and ecosystem boundaries, especially how data, AI, automation, and workflow integration are changing user expectations and product scope. Audience role: innovation_product_strategy. Jobs to be done: track_technologies_and_competitors, identify_innovation_opportunities. Classify the article with industry ""chemical"", sub_industry ""specialty_chemicals"", and content_category ""market_landscape"". Keep the content practical, specific to the sub-industry, and suitable as a recommended content item for users browsing for inspiration. Include a clear title, brief context, key observations, why it matters, and recommended next actions. Avoid generic industry commentary and avoid deep technical mechanism explanations unless needed for clarity.","Write a Market Landscape in English for Specialty Chemicals within the Chemical industry. Title: Specialty Chemicals Market Landscape: Data, AI, and Workflow Integration. Use the content category ""market_landscape"". Focus on segment structure, buyer demand, growth pockets, channel shifts, and ecosystem boundaries, especially how data, AI, automation, and workflow integration are changing user expectations and product scope. Audience role: innovation_product_strategy. Jobs to be done: track_technologies_and_competitors, identify_innovation_opportunities. Classify the article with industry ""chemical"", sub_industry ""specialty_chemicals"", and content_category ""market_landscape"". Keep the content practical, specific to the sub-industry, and suitable as a recommended content item for users browsing for inspiration. Include a clear title, brief context, key observations, why it matters, and recommended next actions. Avoid generic industry commentary and avoid deep technical mechanism explanations unless needed for clarity."
13123,091010,sub_industry_recommendation,"Industrial Formulations Patent Landscape: Quality, Reliability, and Field Performance","Create a patent landscape for Industrial Formulations in the Chemical industry, focused on where quality, reliability, maintenance, validation, and field evidence influence customer trust.",innovation_product_strategy,chemical,Chemical,"[""explore_patent_landscapes"", ""assess_product_ip_risks""]",2026-09-10,"[""industrial_formulations""]",Industrial Formulations,,,chemical,patent_landscape,Patent Landscape,"[""patent_landscape""]","[""industrial formulations"", ""chemical"", ""patent landscape"", ""quality"", ""reliability"", ""recommendation content""]","Write a Patent Landscape in English for Industrial Formulations within the Chemical industry. Title: Industrial Formulations Patent Landscape: Quality, Reliability, and Field Performance. Use the content category ""patent_landscape"". Focus on patent activity, assignee concentration, technology clusters, white spaces, and IP strategy implications, especially where quality, reliability, maintenance, validation, and field evidence influence customer trust. Audience role: innovation_product_strategy. Jobs to be done: explore_patent_landscapes, assess_product_ip_risks. Classify the article with industry ""chemical"", sub_industry ""industrial_formulations"", and content_category ""patent_landscape"". Keep the content practical, specific to the sub-industry, and suitable as a recommended content item for users browsing for inspiration. Include a clear title, brief context, key observations, why it matters, and recommended next actions. Avoid generic industry commentary and avoid deep technical mechanism explanations unless needed for clarity.","Write a Patent Landscape in English for Industrial Formulations within the Chemical industry. Title: Industrial Formulations Patent Landscape: Quality, Reliability, and Field Performance. Use the content category ""patent_landscape"". Focus on patent activity, assignee concentration, technology clusters, white spaces, and IP strategy implications, especially where quality, reliability, maintenance, validation, and field evidence influence customer trust. Audience role: innovation_product_strategy. Jobs to be done: explore_patent_landscapes, assess_product_ip_risks. Classify the article with industry ""chemical"", sub_industry ""industrial_formulations"", and content_category ""patent_landscape"". Keep the content practical, specific to the sub-industry, and suitable as a recommended content item for users browsing for inspiration. Include a clear title, brief context, key observations, why it matters, and recommended next actions. Avoid generic industry commentary and avoid deep technical mechanism explanations unless needed for clarity."
13124,091010,sub_industry_recommendation,Polymers and Additives Competitor Analysis: Sustainability and Resource Constraints,"Create a competitor analysis for Polymers and Additives in the Chemical industry, focused on how sustainability expectations, resource limits, circularity, and efficiency pressures shape priorities.",innovation_product_strategy,chemical,Chemical,"[""track_technologies_and_competitors"", ""identify_innovation_opportunities""]",2026-09-10,"[""polymers_and_additives""]",Polymers and Additives,,,chemical,competitor_analysis,Competitor Analysis,"[""competitor_analysis""]","[""polymers and additives"", ""chemical"", ""competitor analysis"", ""sustainability"", ""resource efficiency"", ""recommendation content""]","Write a Competitor Analysis in English for Polymers and Additives within the Chemical industry. Title: Polymers and Additives Competitor Analysis: Sustainability and Resource Constraints. Use the content category ""competitor_analysis"". Focus on competitor positioning, strategic moves, differentiation levers, partnership patterns, and likely next actions, especially how sustainability expectations, resource limits, circularity, and efficiency pressures shape priorities. Audience role: innovation_product_strategy. Jobs to be done: track_technologies_and_competitors, identify_innovation_opportunities. Classify the article with industry ""chemical"", sub_industry ""polymers_and_additives"", and content_category ""competitor_analysis"". Keep the content practical, specific to the sub-industry, and suitable as a recommended content item for users browsing for inspiration. Include a clear title, brief context, key observations, why it matters, and recommended next actions. Avoid generic industry commentary and avoid deep technical mechanism explanations unless needed for clarity.","Write a Competitor Analysis in English for Polymers and Additives within the Chemical industry. Title: Polymers and Additives Competitor Analysis: Sustainability and Resource Constraints. Use the content category ""competitor_analysis"". Focus on competitor positioning, strategic moves, differentiation levers, partnership patterns, and likely next actions, especially how sustainability expectations, resource limits, circularity, and efficiency pressures shape priorities. Audience role: innovation_product_strategy. Jobs to be done: track_technologies_and_competitors, identify_innovation_opportunities. Classify the article with industry ""chemical"", sub_industry ""polymers_and_additives"", and content_category ""competitor_analysis"". Keep the content practical, specific to the sub-industry, and suitable as a recommended content item for users browsing for inspiration. Include a clear title, brief context, key observations, why it matters, and recommended next actions. Avoid generic industry commentary and avoid deep technical mechanism explanations unless needed for clarity."
13125,091010,sub_industry_recommendation,Household and Personal Care Chemistry Case: Regional Market Divergence and Localization,"Create a case for Household and Personal Care Chemistry in the Chemical industry, focused on how regional demand, policy, pricing, and localization strategies are diverging across markets.",innovation_product_strategy,chemical,Chemical,"[""identify_innovation_opportunities"", ""evaluate_r_and_d_directions""]",2026-09-10,"[""household_and_personal_care_chemistry""]",Household and Personal Care Chemistry,,,chemical,case,Case,"[""case""]","[""household and personal care chemistry"", ""chemical"", ""case"", ""regional markets"", ""localization"", ""recommendation content""]","Write a Case in English for Household and Personal Care Chemistry within the Chemical industry. Title: Household and Personal Care Chemistry Case: Regional Market Divergence and Localization. Use the content category ""case"". Focus on a concrete adoption pattern, business context, implementation choices, and reusable lessons for similar teams, especially how regional demand, policy, pricing, and localization strategies are diverging across markets. Audience role: innovation_product_strategy. Jobs to be done: identify_innovation_opportunities, evaluate_r_and_d_directions. Classify the article with industry ""chemical"", sub_industry ""household_and_personal_care_chemistry"", and content_category ""case"". Keep the content practical, specific to the sub-industry, and suitable as a recommended content item for users browsing for inspiration. Include a clear title, brief context, key observations, why it matters, and recommended next actions. Avoid generic industry commentary and avoid deep technical mechanism explanations unless needed for clarity.","Write a Case in English for Household and Personal Care Chemistry within the Chemical industry. Title: Household and Personal Care Chemistry Case: Regional Market Divergence and Localization. Use the content category ""case"". Focus on a concrete adoption pattern, business context, implementation choices, and reusable lessons for similar teams, especially how regional demand, policy, pricing, and localization strategies are diverging across markets. Audience role: innovation_product_strategy. Jobs to be done: identify_innovation_opportunities, evaluate_r_and_d_directions. Classify the article with industry ""chemical"", sub_industry ""household_and_personal_care_chemistry"", and content_category ""case"". Keep the content practical, specific to the sub-industry, and suitable as a recommended content item for users browsing for inspiration. Include a clear title, brief context, key observations, why it matters, and recommended next actions. Avoid generic industry commentary and avoid deep technical mechanism explanations unless needed for clarity."
13126,091010,sub_industry_recommendation,Specialty Chemicals Opportunity Brief: Manufacturing Scale-Up and Operational Readiness,"Create a opportunity brief for Specialty Chemicals in the Chemical industry, focused on what scale-up, process readiness, qualification, and operational constraints mean for commercialization.",innovation_product_strategy,chemical,Chemical,"[""identify_innovation_opportunities"", ""evaluate_r_and_d_directions""]",2026-09-10,"[""specialty_chemicals""]",Specialty Chemicals,,,chemical,opportunity_brief,Opportunity Brief,"[""opportunity_brief""]","[""specialty chemicals"", ""chemical"", ""opportunity brief"", ""manufacturing scale-up"", ""operational readiness"", ""recommendation content""]","Write a Opportunity Brief in English for Specialty Chemicals within the Chemical industry. Title: Specialty Chemicals Opportunity Brief: Manufacturing Scale-Up and Operational Readiness. Use the content category ""opportunity_brief"". Focus on unmet needs, product opportunity spaces, timing signals, commercial fit, and practical next steps, especially what scale-up, process readiness, qualification, and operational constraints mean for commercialization. Audience role: innovation_product_strategy. Jobs to be done: identify_innovation_opportunities, evaluate_r_and_d_directions. Classify the article with industry ""chemical"", sub_industry ""specialty_chemicals"", and content_category ""opportunity_brief"". Keep the content practical, specific to the sub-industry, and suitable as a recommended content item for users browsing for inspiration. Include a clear title, brief context, key observations, why it matters, and recommended next actions. Avoid generic industry commentary and avoid deep technical mechanism explanations unless needed for clarity.","Write a Opportunity Brief in English for Specialty Chemicals within the Chemical industry. Title: Specialty Chemicals Opportunity Brief: Manufacturing Scale-Up and Operational Readiness. Use the content category ""opportunity_brief"". Focus on unmet needs, product opportunity spaces, timing signals, commercial fit, and practical next steps, especially what scale-up, process readiness, qualification, and operational constraints mean for commercialization. Audience role: innovation_product_strategy. Jobs to be done: identify_innovation_opportunities, evaluate_r_and_d_directions. Classify the article with industry ""chemical"", sub_industry ""specialty_chemicals"", and content_category ""opportunity_brief"". Keep the content practical, specific to the sub-industry, and suitable as a recommended content item for users browsing for inspiration. Include a clear title, brief context, key observations, why it matters, and recommended next actions. Avoid generic industry commentary and avoid deep technical mechanism explanations unless needed for clarity."
13127,091010,sub_industry_recommendation,Industrial Formulations Risk Watch: White-Space Bets for 2027 Planning,"Create a risk watch for Industrial Formulations in the Chemical industry, focused on which underexplored needs and weak signals could become useful product or research bets.",in_house_ip_legal,chemical,Chemical,"[""check_fto_and_design_risks"", ""explore_patent_landscapes""]",2026-09-10,"[""industrial_formulations""]",Industrial Formulations,,,chemical,risk_watch,Risk Watch,"[""risk_watch""]","[""industrial formulations"", ""chemical"", ""risk watch"", ""white space"", ""2027 planning"", ""recommendation content""]","Write a Risk Watch in English for Industrial Formulations within the Chemical industry. Title: Industrial Formulations Risk Watch: White-Space Bets for 2027 Planning. Use the content category ""risk_watch"". Focus on regulatory, FTO, safety, supply, reimbursement, adoption, and commercialization risks, especially which underexplored needs and weak signals could become useful product or research bets. Audience role: in_house_ip_legal. Jobs to be done: check_fto_and_design_risks, explore_patent_landscapes. Classify the article with industry ""chemical"", sub_industry ""industrial_formulations"", and content_category ""risk_watch"". Keep the content practical, specific to the sub-industry, and suitable as a recommended content item for users browsing for inspiration. Include a clear title, brief context, key observations, why it matters, and recommended next actions. Avoid generic industry commentary and avoid deep technical mechanism explanations unless needed for clarity.","Write a Risk Watch in English for Industrial Formulations within the Chemical industry. Title: Industrial Formulations Risk Watch: White-Space Bets for 2027 Planning. Use the content category ""risk_watch"". Focus on regulatory, FTO, safety, supply, reimbursement, adoption, and commercialization risks, especially which underexplored needs and weak signals could become useful product or research bets. Audience role: in_house_ip_legal. Jobs to be done: check_fto_and_design_risks, explore_patent_landscapes. Classify the article with industry ""chemical"", sub_industry ""industrial_formulations"", and content_category ""risk_watch"". Keep the content practical, specific to the sub-industry, and suitable as a recommended content item for users browsing for inspiration. Include a clear title, brief context, key observations, why it matters, and recommended next actions. Avoid generic industry commentary and avoid deep technical mechanism explanations unless needed for clarity."
13128,091010,sub_industry_recommendation,Polymers and Additives Trend Brief: Adoption Signals and Buyer Pull,"Create a trend brief for Polymers and Additives in the Chemical industry, focused on where demand is showing up first, which buyer pains matter most, and what adoption signals deserve attention.",innovation_product_strategy,chemical,Chemical,"[""track_technologies_and_competitors"", ""evaluate_r_and_d_directions""]",2026-09-10,"[""polymers_and_additives""]",Polymers and Additives,,,chemical,trend_brief,Trend Brief,"[""trend_brief""]","[""polymers and additives"", ""chemical"", ""trend brief"", ""adoption signals"", ""buyer demand"", ""recommendation content""]","Write a Trend Brief in English for Polymers and Additives within the Chemical industry. Title: Polymers and Additives Trend Brief: Adoption Signals and Buyer Pull. Use the content category ""trend_brief"". Focus on 3-5 year direction, adoption drivers, constraints, scenarios, and strategic implications, especially where demand is showing up first, which buyer pains matter most, and what adoption signals deserve attention. Audience role: innovation_product_strategy. Jobs to be done: track_technologies_and_competitors, evaluate_r_and_d_directions. Classify the article with industry ""chemical"", sub_industry ""polymers_and_additives"", and content_category ""trend_brief"". Keep the content practical, specific to the sub-industry, and suitable as a recommended content item for users browsing for inspiration. Include a clear title, brief context, key observations, why it matters, and recommended next actions. Avoid generic industry commentary and avoid deep technical mechanism explanations unless needed for clarity.","Write a Trend Brief in English for Polymers and Additives within the Chemical industry. Title: Polymers and Additives Trend Brief: Adoption Signals and Buyer Pull. Use the content category ""trend_brief"". Focus on 3-5 year direction, adoption drivers, constraints, scenarios, and strategic implications, especially where demand is showing up first, which buyer pains matter most, and what adoption signals deserve attention. Audience role: innovation_product_strategy. Jobs to be done: track_technologies_and_competitors, evaluate_r_and_d_directions. Classify the article with industry ""chemical"", sub_industry ""polymers_and_additives"", and content_category ""trend_brief"". Keep the content practical, specific to the sub-industry, and suitable as a recommended content item for users browsing for inspiration. Include a clear title, brief context, key observations, why it matters, and recommended next actions. Avoid generic industry commentary and avoid deep technical mechanism explanations unless needed for clarity."
13129,091010,sub_industry_recommendation,Household and Personal Care Chemistry Scout Report: Cost Pressure and Value Repositioning,"Create a scout report for Household and Personal Care Chemistry in the Chemical industry, focused on how cost pressure is changing value propositions, purchasing criteria, and near-term product priorities.",innovation_product_strategy,chemical,Chemical,"[""track_technologies_and_competitors"", ""identify_innovation_opportunities""]",2026-09-10,"[""household_and_personal_care_chemistry""]",Household and Personal Care Chemistry,,,chemical,scout_report,Scout Report,"[""scout_report""]","[""household and personal care chemistry"", ""chemical"", ""scout report"", ""cost pressure"", ""value proposition"", ""recommendation content""]","Write a Scout Report in English for Household and Personal Care Chemistry within the Chemical industry. Title: Household and Personal Care Chemistry Scout Report: Cost Pressure and Value Repositioning. Use the content category ""scout_report"". Focus on early market signals, notable player activity, adoption triggers, and what teams should monitor next, especially how cost pressure is changing value propositions, purchasing criteria, and near-term product priorities. Audience role: innovation_product_strategy. Jobs to be done: track_technologies_and_competitors, identify_innovation_opportunities. Classify the article with industry ""chemical"", sub_industry ""household_and_personal_care_chemistry"", and content_category ""scout_report"". Keep the content practical, specific to the sub-industry, and suitable as a recommended content item for users browsing for inspiration. Include a clear title, brief context, key observations, why it matters, and recommended next actions. Avoid generic industry commentary and avoid deep technical mechanism explanations unless needed for clarity.","Write a Scout Report in English for Household and Personal Care Chemistry within the Chemical industry. Title: Household and Personal Care Chemistry Scout Report: Cost Pressure and Value Repositioning. Use the content category ""scout_report"". Focus on early market signals, notable player activity, adoption triggers, and what teams should monitor next, especially how cost pressure is changing value propositions, purchasing criteria, and near-term product priorities. Audience role: innovation_product_strategy. Jobs to be done: track_technologies_and_competitors, identify_innovation_opportunities. Classify the article with industry ""chemical"", sub_industry ""household_and_personal_care_chemistry"", and content_category ""scout_report"". Keep the content practical, specific to the sub-industry, and suitable as a recommended content item for users browsing for inspiration. Include a clear title, brief context, key observations, why it matters, and recommended next actions. Avoid generic industry commentary and avoid deep technical mechanism explanations unless needed for clarity."
13041,091010,sub_industry_recommendation,Building Materials Case: Turning Market Signals into Practical Innovation,"Create a case for Building Materials in the Construction industry, focused on a practical innovation case pattern, business context, adoption drivers, and what other teams can learn.",innovation_product_strategy,construction,Construction,"[""identify_innovation_opportunities"", ""evaluate_r_and_d_directions""]",2026-09-10,"[""building_materials""]",Building Materials,,,construction,case,Case,"[""case""]","[""building materials"", ""construction"", ""case"", ""innovation signals"", ""recommendation content""]","Write a Case in English for Building Materials within the Construction industry. Use the content category ""case"". Focus on a practical innovation case pattern, business context, adoption drivers, and what other teams can learn. Audience role: innovation_product_strategy. Jobs to be done: identify_innovation_opportunities, evaluate_r_and_d_directions. Keep the content practical, specific to the sub-industry, and suitable as a recommended content item for users browsing for inspiration. Include a clear title, brief context, key observations, why it matters, and recommended next actions. Avoid generic industry commentary and avoid deep technical mechanism explanations unless needed for clarity.","Write a Case in English for Building Materials within the Construction industry. Use the content category ""case"". Focus on a practical innovation case pattern, business context, adoption drivers, and what other teams can learn. Audience role: innovation_product_strategy. Jobs to be done: identify_innovation_opportunities, evaluate_r_and_d_directions. Keep the content practical, specific to the sub-industry, and suitable as a recommended content item for users browsing for inspiration. Include a clear title, brief context, key observations, why it matters, and recommended next actions. Avoid generic industry commentary and avoid deep technical mechanism explanations unless needed for clarity."
13042,091010,sub_industry_recommendation,"Infrastructure Market Landscape: Segments, Demand, and Growth Pockets","Create a market landscape for Infrastructure in the Construction industry, focused on market segments, demand shifts, buyer priorities, growth pockets, and ecosystem structure.",innovation_product_strategy,construction,Construction,"[""track_technologies_and_competitors"", ""identify_innovation_opportunities""]",2026-09-10,"[""infrastructure""]",Infrastructure,,,construction,market_landscape,Market Landscape,"[""market_landscape""]","[""infrastructure"", ""construction"", ""market landscape"", ""innovation signals"", ""recommendation content""]","Write a Market Landscape in English for Infrastructure within the Construction industry. Use the content category ""market_landscape"". Focus on market segments, demand shifts, buyer priorities, growth pockets, and ecosystem structure. Audience role: innovation_product_strategy. Jobs to be done: track_technologies_and_competitors, identify_innovation_opportunities. Keep the content practical, specific to the sub-industry, and suitable as a recommended content item for users browsing for inspiration. Include a clear title, brief context, key observations, why it matters, and recommended next actions. Avoid generic industry commentary and avoid deep technical mechanism explanations unless needed for clarity.","Write a Market Landscape in English for Infrastructure within the Construction industry. Use the content category ""market_landscape"". Focus on market segments, demand shifts, buyer priorities, growth pockets, and ecosystem structure. Audience role: innovation_product_strategy. Jobs to be done: track_technologies_and_competitors, identify_innovation_opportunities. Keep the content practical, specific to the sub-industry, and suitable as a recommended content item for users browsing for inspiration. Include a clear title, brief context, key observations, why it matters, and recommended next actions. Avoid generic industry commentary and avoid deep technical mechanism explanations unless needed for clarity."
13043,091010,sub_industry_recommendation,Construction Methods Patent Landscape: Where IP Activity Is Concentrating,"Create a patent landscape for Construction Methods in the Construction industry, focused on patent activity, assignee clusters, technology white spaces, and IP strategy implications.",innovation_product_strategy,construction,Construction,"[""explore_patent_landscapes"", ""assess_product_ip_risks""]",2026-09-10,"[""construction_methods""]",Construction Methods,,,construction,patent_landscape,Patent Landscape,"[""patent_landscape""]","[""construction methods"", ""construction"", ""patent landscape"", ""innovation signals"", ""recommendation content""]","Write a Patent Landscape in English for Construction Methods within the Construction industry. Use the content category ""patent_landscape"". Focus on patent activity, assignee clusters, technology white spaces, and IP strategy implications. Audience role: innovation_product_strategy. Jobs to be done: explore_patent_landscapes, assess_product_ip_risks. Keep the content practical, specific to the sub-industry, and suitable as a recommended content item for users browsing for inspiration. Include a clear title, brief context, key observations, why it matters, and recommended next actions. Avoid generic industry commentary and avoid deep technical mechanism explanations unless needed for clarity.","Write a Patent Landscape in English for Construction Methods within the Construction industry. Use the content category ""patent_landscape"". Focus on patent activity, assignee clusters, technology white spaces, and IP strategy implications. Audience role: innovation_product_strategy. Jobs to be done: explore_patent_landscapes, assess_product_ip_risks. Keep the content practical, specific to the sub-industry, and suitable as a recommended content item for users browsing for inspiration. Include a clear title, brief context, key observations, why it matters, and recommended next actions. Avoid generic industry commentary and avoid deep technical mechanism explanations unless needed for clarity."
13044,091010,sub_industry_recommendation,Building Systems Competitor Analysis: Strategic Moves and Differentiation Patterns,"Create a competitor analysis for Building Systems in the Construction industry, focused on competitor moves, positioning patterns, differentiation levers, and likely next actions.",innovation_product_strategy,construction,Construction,"[""track_technologies_and_competitors"", ""identify_innovation_opportunities""]",2026-09-10,"[""building_systems""]",Building Systems,,,construction,competitor_analysis,Competitor Analysis,"[""competitor_analysis""]","[""building systems"", ""construction"", ""competitor analysis"", ""innovation signals"", ""recommendation content""]","Write a Competitor Analysis in English for Building Systems within the Construction industry. Use the content category ""competitor_analysis"". Focus on competitor moves, positioning patterns, differentiation levers, and likely next actions. Audience role: innovation_product_strategy. Jobs to be done: track_technologies_and_competitors, identify_innovation_opportunities. Keep the content practical, specific to the sub-industry, and suitable as a recommended content item for users browsing for inspiration. Include a clear title, brief context, key observations, why it matters, and recommended next actions. Avoid generic industry commentary and avoid deep technical mechanism explanations unless needed for clarity.","Write a Competitor Analysis in English for Building Systems within the Construction industry. Use the content category ""competitor_analysis"". Focus on competitor moves, positioning patterns, differentiation levers, and likely next actions. Audience role: innovation_product_strategy. Jobs to be done: track_technologies_and_competitors, identify_innovation_opportunities. Keep the content practical, specific to the sub-industry, and suitable as a recommended content item for users browsing for inspiration. Include a clear title, brief context, key observations, why it matters, and recommended next actions. Avoid generic industry commentary and avoid deep technical mechanism explanations unless needed for clarity."
13130,091010,sub_industry_recommendation,"Building Materials Opportunity Brief: Data, AI, and Workflow Integration","Create a opportunity brief for Building Materials in the Construction industry, focused on how data, AI, automation, and workflow integration are changing user expectations and product scope.",innovation_product_strategy,construction,Construction,"[""identify_innovation_opportunities"", ""evaluate_r_and_d_directions""]",2026-09-10,"[""building_materials""]",Building Materials,,,construction,opportunity_brief,Opportunity Brief,"[""opportunity_brief""]","[""building materials"", ""construction"", ""opportunity brief"", ""AI workflow"", ""data integration"", ""recommendation content""]","Write a Opportunity Brief in English for Building Materials within the Construction industry. Title: Building Materials Opportunity Brief: Data, AI, and Workflow Integration. Use the content category ""opportunity_brief"". Focus on unmet needs, product opportunity spaces, timing signals, commercial fit, and practical next steps, especially how data, AI, automation, and workflow integration are changing user expectations and product scope. Audience role: innovation_product_strategy. Jobs to be done: identify_innovation_opportunities, evaluate_r_and_d_directions. Classify the article with industry ""construction"", sub_industry ""building_materials"", and content_category ""opportunity_brief"". Keep the content practical, specific to the sub-industry, and suitable as a recommended content item for users browsing for inspiration. Include a clear title, brief context, key observations, why it matters, and recommended next actions. Avoid generic industry commentary and avoid deep technical mechanism explanations unless needed for clarity.","Write a Opportunity Brief in English for Building Materials within the Construction industry. Title: Building Materials Opportunity Brief: Data, AI, and Workflow Integration. Use the content category ""opportunity_brief"". Focus on unmet needs, product opportunity spaces, timing signals, commercial fit, and practical next steps, especially how data, AI, automation, and workflow integration are changing user expectations and product scope. Audience role: innovation_product_strategy. Jobs to be done: identify_innovation_opportunities, evaluate_r_and_d_directions. Classify the article with industry ""construction"", sub_industry ""building_materials"", and content_category ""opportunity_brief"". Keep the content practical, specific to the sub-industry, and suitable as a recommended content item for users browsing for inspiration. Include a clear title, brief context, key observations, why it matters, and recommended next actions. Avoid generic industry commentary and avoid deep technical mechanism explanations unless needed for clarity."
13131,091010,sub_industry_recommendation,"Infrastructure Risk Watch: Quality, Reliability, and Field Performance","Create a risk watch for Infrastructure in the Construction industry, focused on where quality, reliability, maintenance, validation, and field evidence influence customer trust.",in_house_ip_legal,construction,Construction,"[""check_fto_and_design_risks"", ""explore_patent_landscapes""]",2026-09-10,"[""infrastructure""]",Infrastructure,,,construction,risk_watch,Risk Watch,"[""risk_watch""]","[""infrastructure"", ""construction"", ""risk watch"", ""quality"", ""reliability"", ""recommendation content""]","Write a Risk Watch in English for Infrastructure within the Construction industry. Title: Infrastructure Risk Watch: Quality, Reliability, and Field Performance. Use the content category ""risk_watch"". Focus on regulatory, FTO, safety, supply, reimbursement, adoption, and commercialization risks, especially where quality, reliability, maintenance, validation, and field evidence influence customer trust. Audience role: in_house_ip_legal. Jobs to be done: check_fto_and_design_risks, explore_patent_landscapes. Classify the article with industry ""construction"", sub_industry ""infrastructure"", and content_category ""risk_watch"". Keep the content practical, specific to the sub-industry, and suitable as a recommended content item for users browsing for inspiration. Include a clear title, brief context, key observations, why it matters, and recommended next actions. Avoid generic industry commentary and avoid deep technical mechanism explanations unless needed for clarity.","Write a Risk Watch in English for Infrastructure within the Construction industry. Title: Infrastructure Risk Watch: Quality, Reliability, and Field Performance. Use the content category ""risk_watch"". Focus on regulatory, FTO, safety, supply, reimbursement, adoption, and commercialization risks, especially where quality, reliability, maintenance, validation, and field evidence influence customer trust. Audience role: in_house_ip_legal. Jobs to be done: check_fto_and_design_risks, explore_patent_landscapes. Classify the article with industry ""construction"", sub_industry ""infrastructure"", and content_category ""risk_watch"". Keep the content practical, specific to the sub-industry, and suitable as a recommended content item for users browsing for inspiration. Include a clear title, brief context, key observations, why it matters, and recommended next actions. Avoid generic industry commentary and avoid deep technical mechanism explanations unless needed for clarity."
13132,091010,sub_industry_recommendation,Construction Methods Trend Brief: Sustainability and Resource Constraints,"Create a trend brief for Construction Methods in the Construction industry, focused on how sustainability expectations, resource limits, circularity, and efficiency pressures shape priorities.",innovation_product_strategy,construction,Construction,"[""track_technologies_and_competitors"", ""evaluate_r_and_d_directions""]",2026-09-10,"[""construction_methods""]",Construction Methods,,,construction,trend_brief,Trend Brief,"[""trend_brief""]","[""construction methods"", ""construction"", ""trend brief"", ""sustainability"", ""resource efficiency"", ""recommendation content""]","Write a Trend Brief in English for Construction Methods within the Construction industry. Title: Construction Methods Trend Brief: Sustainability and Resource Constraints. Use the content category ""trend_brief"". Focus on 3-5 year direction, adoption drivers, constraints, scenarios, and strategic implications, especially how sustainability expectations, resource limits, circularity, and efficiency pressures shape priorities. Audience role: innovation_product_strategy. Jobs to be done: track_technologies_and_competitors, evaluate_r_and_d_directions. Classify the article with industry ""construction"", sub_industry ""construction_methods"", and content_category ""trend_brief"". Keep the content practical, specific to the sub-industry, and suitable as a recommended content item for users browsing for inspiration. Include a clear title, brief context, key observations, why it matters, and recommended next actions. Avoid generic industry commentary and avoid deep technical mechanism explanations unless needed for clarity.","Write a Trend Brief in English for Construction Methods within the Construction industry. Title: Construction Methods Trend Brief: Sustainability and Resource Constraints. Use the content category ""trend_brief"". Focus on 3-5 year direction, adoption drivers, constraints, scenarios, and strategic implications, especially how sustainability expectations, resource limits, circularity, and efficiency pressures shape priorities. Audience role: innovation_product_strategy. Jobs to be done: track_technologies_and_competitors, evaluate_r_and_d_directions. Classify the article with industry ""construction"", sub_industry ""construction_methods"", and content_category ""trend_brief"". Keep the content practical, specific to the sub-industry, and suitable as a recommended content item for users browsing for inspiration. Include a clear title, brief context, key observations, why it matters, and recommended next actions. Avoid generic industry commentary and avoid deep technical mechanism explanations unless needed for clarity."
13133,091010,sub_industry_recommendation,Building Systems Scout Report: Regional Market Divergence and Localization,"Create a scout report for Building Systems in the Construction industry, focused on how regional demand, policy, pricing, and localization strategies are diverging across markets.",innovation_product_strategy,construction,Construction,"[""track_technologies_and_competitors"", ""identify_innovation_opportunities""]",2026-09-10,"[""building_systems""]",Building Systems,,,construction,scout_report,Scout Report,"[""scout_report""]","[""building systems"", ""construction"", ""scout report"", ""regional markets"", ""localization"", ""recommendation content""]","Write a Scout Report in English for Building Systems within the Construction industry. Title: Building Systems Scout Report: Regional Market Divergence and Localization. Use the content category ""scout_report"". Focus on early market signals, notable player activity, adoption triggers, and what teams should monitor next, especially how regional demand, policy, pricing, and localization strategies are diverging across markets. Audience role: innovation_product_strategy. Jobs to be done: track_technologies_and_competitors, identify_innovation_opportunities. Classify the article with industry ""construction"", sub_industry ""building_systems"", and content_category ""scout_report"". Keep the content practical, specific to the sub-industry, and suitable as a recommended content item for users browsing for inspiration. Include a clear title, brief context, key observations, why it matters, and recommended next actions. Avoid generic industry commentary and avoid deep technical mechanism explanations unless needed for clarity.","Write a Scout Report in English for Building Systems within the Construction industry. Title: Building Systems Scout Report: Regional Market Divergence and Localization. Use the content category ""scout_report"". Focus on early market signals, notable player activity, adoption triggers, and what teams should monitor next, especially how regional demand, policy, pricing, and localization strategies are diverging across markets. Audience role: innovation_product_strategy. Jobs to be done: track_technologies_and_competitors, identify_innovation_opportunities. Classify the article with industry ""construction"", sub_industry ""building_systems"", and content_category ""scout_report"". Keep the content practical, specific to the sub-industry, and suitable as a recommended content item for users browsing for inspiration. Include a clear title, brief context, key observations, why it matters, and recommended next actions. Avoid generic industry commentary and avoid deep technical mechanism explanations unless needed for clarity."
13134,091010,sub_industry_recommendation,Building Materials Market Landscape: Manufacturing Scale-Up and Operational Readiness,"Create a market landscape for Building Materials in the Construction industry, focused on what scale-up, process readiness, qualification, and operational constraints mean for commercialization.",innovation_product_strategy,construction,Construction,"[""track_technologies_and_competitors"", ""identify_innovation_opportunities""]",2026-09-10,"[""building_materials""]",Building Materials,,,construction,market_landscape,Market Landscape,"[""market_landscape""]","[""building materials"", ""construction"", ""market landscape"", ""manufacturing scale-up"", ""operational readiness"", ""recommendation content""]","Write a Market Landscape in English for Building Materials within the Construction industry. Title: Building Materials Market Landscape: Manufacturing Scale-Up and Operational Readiness. Use the content category ""market_landscape"". Focus on segment structure, buyer demand, growth pockets, channel shifts, and ecosystem boundaries, especially what scale-up, process readiness, qualification, and operational constraints mean for commercialization. Audience role: innovation_product_strategy. Jobs to be done: track_technologies_and_competitors, identify_innovation_opportunities. Classify the article with industry ""construction"", sub_industry ""building_materials"", and content_category ""market_landscape"". Keep the content practical, specific to the sub-industry, and suitable as a recommended content item for users browsing for inspiration. Include a clear title, brief context, key observations, why it matters, and recommended next actions. Avoid generic industry commentary and avoid deep technical mechanism explanations unless needed for clarity.","Write a Market Landscape in English for Building Materials within the Construction industry. Title: Building Materials Market Landscape: Manufacturing Scale-Up and Operational Readiness. Use the content category ""market_landscape"". Focus on segment structure, buyer demand, growth pockets, channel shifts, and ecosystem boundaries, especially what scale-up, process readiness, qualification, and operational constraints mean for commercialization. Audience role: innovation_product_strategy. Jobs to be done: track_technologies_and_competitors, identify_innovation_opportunities. Classify the article with industry ""construction"", sub_industry ""building_materials"", and content_category ""market_landscape"". Keep the content practical, specific to the sub-industry, and suitable as a recommended content item for users browsing for inspiration. Include a clear title, brief context, key observations, why it matters, and recommended next actions. Avoid generic industry commentary and avoid deep technical mechanism explanations unless needed for clarity."
13135,091010,sub_industry_recommendation,Infrastructure Patent Landscape: White-Space Bets for 2027 Planning,"Create a patent landscape for Infrastructure in the Construction industry, focused on which underexplored needs and weak signals could become useful product or research bets.",innovation_product_strategy,construction,Construction,"[""explore_patent_landscapes"", ""assess_product_ip_risks""]",2026-09-10,"[""infrastructure""]",Infrastructure,,,construction,patent_landscape,Patent Landscape,"[""patent_landscape""]","[""infrastructure"", ""construction"", ""patent landscape"", ""white space"", ""2027 planning"", ""recommendation content""]","Write a Patent Landscape in English for Infrastructure within the Construction industry. Title: Infrastructure Patent Landscape: White-Space Bets for 2027 Planning. Use the content category ""patent_landscape"". Focus on patent activity, assignee concentration, technology clusters, white spaces, and IP strategy implications, especially which underexplored needs and weak signals could become useful product or research bets. Audience role: innovation_product_strategy. Jobs to be done: explore_patent_landscapes, assess_product_ip_risks. Classify the article with industry ""construction"", sub_industry ""infrastructure"", and content_category ""patent_landscape"". Keep the content practical, specific to the sub-industry, and suitable as a recommended content item for users browsing for inspiration. Include a clear title, brief context, key observations, why it matters, and recommended next actions. Avoid generic industry commentary and avoid deep technical mechanism explanations unless needed for clarity.","Write a Patent Landscape in English for Infrastructure within the Construction industry. Title: Infrastructure Patent Landscape: White-Space Bets for 2027 Planning. Use the content category ""patent_landscape"". Focus on patent activity, assignee concentration, technology clusters, white spaces, and IP strategy implications, especially which underexplored needs and weak signals could become useful product or research bets. Audience role: innovation_product_strategy. Jobs to be done: explore_patent_landscapes, assess_product_ip_risks. Classify the article with industry ""construction"", sub_industry ""infrastructure"", and content_category ""patent_landscape"". Keep the content practical, specific to the sub-industry, and suitable as a recommended content item for users browsing for inspiration. Include a clear title, brief context, key observations, why it matters, and recommended next actions. Avoid generic industry commentary and avoid deep technical mechanism explanations unless needed for clarity."
13136,091010,sub_industry_recommendation,Construction Methods Competitor Analysis: Adoption Signals and Buyer Pull,"Create a competitor analysis for Construction Methods in the Construction industry, focused on where demand is showing up first, which buyer pains matter most, and what adoption signals deserve attention.",innovation_product_strategy,construction,Construction,"[""track_technologies_and_competitors"", ""identify_innovation_opportunities""]",2026-09-10,"[""construction_methods""]",Construction Methods,,,construction,competitor_analysis,Competitor Analysis,"[""competitor_analysis""]","[""construction methods"", ""construction"", ""competitor analysis"", ""adoption signals"", ""buyer demand"", ""recommendation content""]","Write a Competitor Analysis in English for Construction Methods within the Construction industry. Title: Construction Methods Competitor Analysis: Adoption Signals and Buyer Pull. Use the content category ""competitor_analysis"". Focus on competitor positioning, strategic moves, differentiation levers, partnership patterns, and likely next actions, especially where demand is showing up first, which buyer pains matter most, and what adoption signals deserve attention. Audience role: innovation_product_strategy. Jobs to be done: track_technologies_and_competitors, identify_innovation_opportunities. Classify the article with industry ""construction"", sub_industry ""construction_methods"", and content_category ""competitor_analysis"". Keep the content practical, specific to the sub-industry, and suitable as a recommended content item for users browsing for inspiration. Include a clear title, brief context, key observations, why it matters, and recommended next actions. Avoid generic industry commentary and avoid deep technical mechanism explanations unless needed for clarity.","Write a Competitor Analysis in English for Construction Methods within the Construction industry. Title: Construction Methods Competitor Analysis: Adoption Signals and Buyer Pull. Use the content category ""competitor_analysis"". Focus on competitor positioning, strategic moves, differentiation levers, partnership patterns, and likely next actions, especially where demand is showing up first, which buyer pains matter most, and what adoption signals deserve attention. Audience role: innovation_product_strategy. Jobs to be done: track_technologies_and_competitors, identify_innovation_opportunities. Classify the article with industry ""construction"", sub_industry ""construction_methods"", and content_category ""competitor_analysis"". Keep the content practical, specific to the sub-industry, and suitable as a recommended content item for users browsing for inspiration. Include a clear title, brief context, key observations, why it matters, and recommended next actions. Avoid generic industry commentary and avoid deep technical mechanism explanations unless needed for clarity."
13137,091010,sub_industry_recommendation,Building Systems Case: Cost Pressure and Value Repositioning,"Create a case for Building Systems in the Construction industry, focused on how cost pressure is changing value propositions, purchasing criteria, and near-term product priorities.",innovation_product_strategy,construction,Construction,"[""identify_innovation_opportunities"", ""evaluate_r_and_d_directions""]",2026-09-10,"[""building_systems""]",Building Systems,,,construction,case,Case,"[""case""]","[""building systems"", ""construction"", ""case"", ""cost pressure"", ""value proposition"", ""recommendation content""]","Write a Case in English for Building Systems within the Construction industry. Title: Building Systems Case: Cost Pressure and Value Repositioning. Use the content category ""case"". Focus on a concrete adoption pattern, business context, implementation choices, and reusable lessons for similar teams, especially how cost pressure is changing value propositions, purchasing criteria, and near-term product priorities. Audience role: innovation_product_strategy. Jobs to be done: identify_innovation_opportunities, evaluate_r_and_d_directions. Classify the article with industry ""construction"", sub_industry ""building_systems"", and content_category ""case"". Keep the content practical, specific to the sub-industry, and suitable as a recommended content item for users browsing for inspiration. Include a clear title, brief context, key observations, why it matters, and recommended next actions. Avoid generic industry commentary and avoid deep technical mechanism explanations unless needed for clarity.","Write a Case in English for Building Systems within the Construction industry. Title: Building Systems Case: Cost Pressure and Value Repositioning. Use the content category ""case"". Focus on a concrete adoption pattern, business context, implementation choices, and reusable lessons for similar teams, especially how cost pressure is changing value propositions, purchasing criteria, and near-term product priorities. Audience role: innovation_product_strategy. Jobs to be done: identify_innovation_opportunities, evaluate_r_and_d_directions. Classify the article with industry ""construction"", sub_industry ""building_systems"", and content_category ""case"". Keep the content practical, specific to the sub-industry, and suitable as a recommended content item for users browsing for inspiration. Include a clear title, brief context, key observations, why it matters, and recommended next actions. Avoid generic industry commentary and avoid deep technical mechanism explanations unless needed for clarity."
13045,091010,sub_industry_recommendation,Home Appliance Opportunity Brief: White Spaces for the Next Product Bets,"Create a opportunity brief for Home Appliance in the Other industry, focused on unmet needs, product opportunity spaces, timing signals, and action recommendations.",innovation_product_strategy,other,Other,"[""identify_innovation_opportunities""]",2026-09-10,"[""home_appliance""]",Home Appliance,consumer_products,Consumer Products,other,opportunity_brief,Opportunity Brief,"[""opportunity_brief""]","[""home appliance"", ""other"", ""opportunity brief"", ""innovation signals"", ""recommendation content""]","Write a Opportunity Brief in English for Home Appliance within the Other industry. Use the content category ""opportunity_brief"". Focus on unmet needs, product opportunity spaces, timing signals, and action recommendations. Audience role: innovation_product_strategy. Jobs to be done: identify_innovation_opportunities. Keep the content practical, specific to the sub-industry, and suitable as a recommended content item for users browsing for inspiration. Include a clear title, brief context, key observations, why it matters, and recommended next actions. Avoid generic industry commentary and avoid deep technical mechanism explanations unless needed for clarity.","Write a Opportunity Brief in English for Home Appliance within the Other industry. Use the content category ""opportunity_brief"". Focus on unmet needs, product opportunity spaces, timing signals, and action recommendations. Audience role: innovation_product_strategy. Jobs to be done: identify_innovation_opportunities. Keep the content practical, specific to the sub-industry, and suitable as a recommended content item for users browsing for inspiration. Include a clear title, brief context, key observations, why it matters, and recommended next actions. Avoid generic industry commentary and avoid deep technical mechanism explanations unless needed for clarity."
13046,091010,sub_industry_recommendation,Personal Care Devices Risk Watch: Barriers That Could Slow Adoption,"Create a risk watch for Personal Care Devices in the Other industry, focused on regulatory, FTO, supply, adoption, reimbursement, safety, and commercialization risks.",in_house_ip_legal,other,Other,"[""check_fto_and_design_risks"", ""respond_to_office_actions""]",2026-09-10,"[""personal_care_devices""]",Personal Care Devices,consumer_products,Consumer Products,other,risk_watch,Risk Watch,"[""risk_watch""]","[""personal care devices"", ""other"", ""risk watch"", ""innovation signals"", ""recommendation content""]","Write a Risk Watch in English for Personal Care Devices within the Other industry. Use the content category ""risk_watch"". Focus on regulatory, FTO, supply, adoption, reimbursement, safety, and commercialization risks. Audience role: in_house_ip_legal. Jobs to be done: check_fto_and_design_risks, respond_to_office_actions. Keep the content practical, specific to the sub-industry, and suitable as a recommended content item for users browsing for inspiration. Include a clear title, brief context, key observations, why it matters, and recommended next actions. Avoid generic industry commentary and avoid deep technical mechanism explanations unless needed for clarity.","Write a Risk Watch in English for Personal Care Devices within the Other industry. Use the content category ""risk_watch"". Focus on regulatory, FTO, supply, adoption, reimbursement, safety, and commercialization risks. Audience role: in_house_ip_legal. Jobs to be done: check_fto_and_design_risks, respond_to_office_actions. Keep the content practical, specific to the sub-industry, and suitable as a recommended content item for users browsing for inspiration. Include a clear title, brief context, key observations, why it matters, and recommended next actions. Avoid generic industry commentary and avoid deep technical mechanism explanations unless needed for clarity."
13047,091010,sub_industry_recommendation,Household Care Products Trend Brief: What Will Shape the Next 3-5 Years,"Create a trend brief for Household Care Products in the Other industry, focused on 3-5 year trend direction, adoption drivers, constraints, scenarios, and strategy implications.",innovation_product_strategy,other,Other,"[""evaluate_r_and_d_directions""]",2026-09-10,"[""household_care_products""]",Household Care Products,consumer_products,Consumer Products,other,trend_brief,Trend Brief,"[""trend_brief""]","[""household care products"", ""other"", ""trend brief"", ""innovation signals"", ""recommendation content""]","Write a Trend Brief in English for Household Care Products within the Other industry. Use the content category ""trend_brief"". Focus on 3-5 year trend direction, adoption drivers, constraints, scenarios, and strategy implications. Audience role: innovation_product_strategy. Jobs to be done: evaluate_r_and_d_directions. Keep the content practical, specific to the sub-industry, and suitable as a recommended content item for users browsing for inspiration. Include a clear title, brief context, key observations, why it matters, and recommended next actions. Avoid generic industry commentary and avoid deep technical mechanism explanations unless needed for clarity.","Write a Trend Brief in English for Household Care Products within the Other industry. Use the content category ""trend_brief"". Focus on 3-5 year trend direction, adoption drivers, constraints, scenarios, and strategy implications. Audience role: innovation_product_strategy. Jobs to be done: evaluate_r_and_d_directions. Keep the content practical, specific to the sub-industry, and suitable as a recommended content item for users browsing for inspiration. Include a clear title, brief context, key observations, why it matters, and recommended next actions. Avoid generic industry commentary and avoid deep technical mechanism explanations unless needed for clarity."
13048,091010,sub_industry_recommendation,Consumer Packaging Scout Report: Signals Worth Watching in Other,"Create a scout report for Consumer Packaging in the Other industry, focused on emerging signals, notable players, early adoption patterns, and strategic watch points.",innovation_product_strategy,other,Other,"[""track_technologies_and_competitors"", ""identify_innovation_opportunities""]",2026-09-10,"[""consumer_packaging""]",Consumer Packaging,packaging_and_retail,Packaging and Retail,other,scout_report,Scout Report,"[""scout_report""]","[""consumer packaging"", ""other"", ""scout report"", ""innovation signals"", ""recommendation content""]","Write a Scout Report in English for Consumer Packaging within the Other industry. Use the content category ""scout_report"". Focus on emerging signals, notable players, early adoption patterns, and strategic watch points. Audience role: innovation_product_strategy. Jobs to be done: track_technologies_and_competitors, identify_innovation_opportunities. Keep the content practical, specific to the sub-industry, and suitable as a recommended content item for users browsing for inspiration. Include a clear title, brief context, key observations, why it matters, and recommended next actions. Avoid generic industry commentary and avoid deep technical mechanism explanations unless needed for clarity.","Write a Scout Report in English for Consumer Packaging within the Other industry. Use the content category ""scout_report"". Focus on emerging signals, notable players, early adoption patterns, and strategic watch points. Audience role: innovation_product_strategy. Jobs to be done: track_technologies_and_competitors, identify_innovation_opportunities. Keep the content practical, specific to the sub-industry, and suitable as a recommended content item for users browsing for inspiration. Include a clear title, brief context, key observations, why it matters, and recommended next actions. Avoid generic industry commentary and avoid deep technical mechanism explanations unless needed for clarity."
13049,091010,sub_industry_recommendation,Retail and Ecommerce Case: Turning Market Signals into Practical Innovation,"Create a case for Retail and Ecommerce in the Other industry, focused on a practical innovation case pattern, business context, adoption drivers, and what other teams can learn.",innovation_product_strategy,other,Other,"[""identify_innovation_opportunities"", ""evaluate_r_and_d_directions""]",2026-09-10,"[""retail_and_ecommerce""]",Retail and Ecommerce,packaging_and_retail,Packaging and Retail,other,case,Case,"[""case""]","[""retail and ecommerce"", ""other"", ""case"", ""innovation signals"", ""recommendation content""]","Write a Case in English for Retail and Ecommerce within the Other industry. Use the content category ""case"". Focus on a practical innovation case pattern, business context, adoption drivers, and what other teams can learn. Audience role: innovation_product_strategy. Jobs to be done: identify_innovation_opportunities, evaluate_r_and_d_directions. Keep the content practical, specific to the sub-industry, and suitable as a recommended content item for users browsing for inspiration. Include a clear title, brief context, key observations, why it matters, and recommended next actions. Avoid generic industry commentary and avoid deep technical mechanism explanations unless needed for clarity.","Write a Case in English for Retail and Ecommerce within the Other industry. Use the content category ""case"". Focus on a practical innovation case pattern, business context, adoption drivers, and what other teams can learn. Audience role: innovation_product_strategy. Jobs to be done: identify_innovation_opportunities, evaluate_r_and_d_directions. Keep the content practical, specific to the sub-industry, and suitable as a recommended content item for users browsing for inspiration. Include a clear title, brief context, key observations, why it matters, and recommended next actions. Avoid generic industry commentary and avoid deep technical mechanism explanations unless needed for clarity."
13050,091010,sub_industry_recommendation,"Market Research Market Landscape: Segments, Demand, and Growth Pockets","Create a market landscape for Market Research in the Other industry, focused on market segments, demand shifts, buyer priorities, growth pockets, and ecosystem structure.",innovation_product_strategy,other,Other,"[""track_technologies_and_competitors"", ""identify_innovation_opportunities""]",2026-09-10,"[""market_research""]",Market Research,general_strategy,General Strategy,other,market_landscape,Market Landscape,"[""market_landscape""]","[""market research"", ""other"", ""market landscape"", ""innovation signals"", ""recommendation content""]","Write a Market Landscape in English for Market Research within the Other industry. Use the content category ""market_landscape"". Focus on market segments, demand shifts, buyer priorities, growth pockets, and ecosystem structure. Audience role: innovation_product_strategy. Jobs to be done: track_technologies_and_competitors, identify_innovation_opportunities. Keep the content practical, specific to the sub-industry, and suitable as a recommended content item for users browsing for inspiration. Include a clear title, brief context, key observations, why it matters, and recommended next actions. Avoid generic industry commentary and avoid deep technical mechanism explanations unless needed for clarity.","Write a Market Landscape in English for Market Research within the Other industry. Use the content category ""market_landscape"". Focus on market segments, demand shifts, buyer priorities, growth pockets, and ecosystem structure. Audience role: innovation_product_strategy. Jobs to be done: track_technologies_and_competitors, identify_innovation_opportunities. Keep the content practical, specific to the sub-industry, and suitable as a recommended content item for users browsing for inspiration. Include a clear title, brief context, key observations, why it matters, and recommended next actions. Avoid generic industry commentary and avoid deep technical mechanism explanations unless needed for clarity."
13138,091010,sub_industry_recommendation,Home Appliance Patent Landscape: Sustainability and Resource Constraints,"Create a patent landscape for Home Appliance in the Other industry, focused on how sustainability expectations, resource limits, circularity, and efficiency pressures shape priorities.",innovation_product_strategy,other,Other,"[""explore_patent_landscapes"", ""assess_product_ip_risks""]",2026-09-10,"[""home_appliance""]",Home Appliance,consumer_products,Consumer Products,other,patent_landscape,Patent Landscape,"[""patent_landscape""]","[""home appliance"", ""other"", ""patent landscape"", ""sustainability"", ""resource efficiency"", ""recommendation content""]","Write a Patent Landscape in English for Home Appliance within the Other industry. Title: Home Appliance Patent Landscape: Sustainability and Resource Constraints. Use the content category ""patent_landscape"". Focus on patent activity, assignee concentration, technology clusters, white spaces, and IP strategy implications, especially how sustainability expectations, resource limits, circularity, and efficiency pressures shape priorities. Audience role: innovation_product_strategy. Jobs to be done: explore_patent_landscapes, assess_product_ip_risks. Classify the article with industry ""other"", sub_industry ""home_appliance"", and content_category ""patent_landscape"". Keep the content practical, specific to the sub-industry, and suitable as a recommended content item for users browsing for inspiration. Include a clear title, brief context, key observations, why it matters, and recommended next actions. Avoid generic industry commentary and avoid deep technical mechanism explanations unless needed for clarity.","Write a Patent Landscape in English for Home Appliance within the Other industry. Title: Home Appliance Patent Landscape: Sustainability and Resource Constraints. Use the content category ""patent_landscape"". Focus on patent activity, assignee concentration, technology clusters, white spaces, and IP strategy implications, especially how sustainability expectations, resource limits, circularity, and efficiency pressures shape priorities. Audience role: innovation_product_strategy. Jobs to be done: explore_patent_landscapes, assess_product_ip_risks. Classify the article with industry ""other"", sub_industry ""home_appliance"", and content_category ""patent_landscape"". Keep the content practical, specific to the sub-industry, and suitable as a recommended content item for users browsing for inspiration. Include a clear title, brief context, key observations, why it matters, and recommended next actions. Avoid generic industry commentary and avoid deep technical mechanism explanations unless needed for clarity."
13139,091010,sub_industry_recommendation,Personal Care Devices Competitor Analysis: Regional Market Divergence and Localization,"Create a competitor analysis for Personal Care Devices in the Other industry, focused on how regional demand, policy, pricing, and localization strategies are diverging across markets.",innovation_product_strategy,other,Other,"[""track_technologies_and_competitors"", ""identify_innovation_opportunities""]",2026-09-10,"[""personal_care_devices""]",Personal Care Devices,consumer_products,Consumer Products,other,competitor_analysis,Competitor Analysis,"[""competitor_analysis""]","[""personal care devices"", ""other"", ""competitor analysis"", ""regional markets"", ""localization"", ""recommendation content""]","Write a Competitor Analysis in English for Personal Care Devices within the Other industry. Title: Personal Care Devices Competitor Analysis: Regional Market Divergence and Localization. Use the content category ""competitor_analysis"". Focus on competitor positioning, strategic moves, differentiation levers, partnership patterns, and likely next actions, especially how regional demand, policy, pricing, and localization strategies are diverging across markets. Audience role: innovation_product_strategy. Jobs to be done: track_technologies_and_competitors, identify_innovation_opportunities. Classify the article with industry ""other"", sub_industry ""personal_care_devices"", and content_category ""competitor_analysis"". Keep the content practical, specific to the sub-industry, and suitable as a recommended content item for users browsing for inspiration. Include a clear title, brief context, key observations, why it matters, and recommended next actions. Avoid generic industry commentary and avoid deep technical mechanism explanations unless needed for clarity.","Write a Competitor Analysis in English for Personal Care Devices within the Other industry. Title: Personal Care Devices Competitor Analysis: Regional Market Divergence and Localization. Use the content category ""competitor_analysis"". Focus on competitor positioning, strategic moves, differentiation levers, partnership patterns, and likely next actions, especially how regional demand, policy, pricing, and localization strategies are diverging across markets. Audience role: innovation_product_strategy. Jobs to be done: track_technologies_and_competitors, identify_innovation_opportunities. Classify the article with industry ""other"", sub_industry ""personal_care_devices"", and content_category ""competitor_analysis"". Keep the content practical, specific to the sub-industry, and suitable as a recommended content item for users browsing for inspiration. Include a clear title, brief context, key observations, why it matters, and recommended next actions. Avoid generic industry commentary and avoid deep technical mechanism explanations unless needed for clarity."
13140,091010,sub_industry_recommendation,Household Care Products Market Landscape: Commercial Models and Procurement Shifts,"Create a market landscape for Household Care Products in the Other industry, focused on how procurement, reimbursement, service models, subscriptions, and purchasing committees are evolving.",innovation_product_strategy,other,Other,"[""track_technologies_and_competitors"", ""identify_innovation_opportunities""]",2026-09-10,"[""household_care_products""]",Household Care Products,consumer_products,Consumer Products,other,market_landscape,Market Landscape,"[""market_landscape""]","[""household care products"", ""other"", ""market landscape"", ""commercial model"", ""procurement"", ""recommendation content""]","Write a Market Landscape in English for Household Care Products within the Other industry. Title: Household Care Products Market Landscape: Commercial Models and Procurement Shifts. Use the content category ""market_landscape"". Focus on segment structure, buyer demand, growth pockets, channel shifts, and ecosystem boundaries, especially how procurement, reimbursement, service models, subscriptions, and purchasing committees are evolving. Audience role: innovation_product_strategy. Jobs to be done: track_technologies_and_competitors, identify_innovation_opportunities. Classify the article with industry ""other"", sub_industry ""household_care_products"", and content_category ""market_landscape"". Keep the content practical, specific to the sub-industry, and suitable as a recommended content item for users browsing for inspiration. Include a clear title, brief context, key observations, why it matters, and recommended next actions. Avoid generic industry commentary and avoid deep technical mechanism explanations unless needed for clarity.","Write a Market Landscape in English for Household Care Products within the Other industry. Title: Household Care Products Market Landscape: Commercial Models and Procurement Shifts. Use the content category ""market_landscape"". Focus on segment structure, buyer demand, growth pockets, channel shifts, and ecosystem boundaries, especially how procurement, reimbursement, service models, subscriptions, and purchasing committees are evolving. Audience role: innovation_product_strategy. Jobs to be done: track_technologies_and_competitors, identify_innovation_opportunities. Classify the article with industry ""other"", sub_industry ""household_care_products"", and content_category ""market_landscape"". Keep the content practical, specific to the sub-industry, and suitable as a recommended content item for users browsing for inspiration. Include a clear title, brief context, key observations, why it matters, and recommended next actions. Avoid generic industry commentary and avoid deep technical mechanism explanations unless needed for clarity."
13141,091010,sub_industry_recommendation,Consumer Packaging Opportunity Brief: Manufacturing Scale-Up and Operational Readiness,"Create a opportunity brief for Consumer Packaging in the Other industry, focused on what scale-up, process readiness, qualification, and operational constraints mean for commercialization.",innovation_product_strategy,other,Other,"[""identify_innovation_opportunities"", ""evaluate_r_and_d_directions""]",2026-09-10,"[""consumer_packaging""]",Consumer Packaging,packaging_and_retail,Packaging and Retail,other,opportunity_brief,Opportunity Brief,"[""opportunity_brief""]","[""consumer packaging"", ""other"", ""opportunity brief"", ""manufacturing scale-up"", ""operational readiness"", ""recommendation content""]","Write a Opportunity Brief in English for Consumer Packaging within the Other industry. Title: Consumer Packaging Opportunity Brief: Manufacturing Scale-Up and Operational Readiness. Use the content category ""opportunity_brief"". Focus on unmet needs, product opportunity spaces, timing signals, commercial fit, and practical next steps, especially what scale-up, process readiness, qualification, and operational constraints mean for commercialization. Audience role: innovation_product_strategy. Jobs to be done: identify_innovation_opportunities, evaluate_r_and_d_directions. Classify the article with industry ""other"", sub_industry ""consumer_packaging"", and content_category ""opportunity_brief"". Keep the content practical, specific to the sub-industry, and suitable as a recommended content item for users browsing for inspiration. Include a clear title, brief context, key observations, why it matters, and recommended next actions. Avoid generic industry commentary and avoid deep technical mechanism explanations unless needed for clarity.","Write a Opportunity Brief in English for Consumer Packaging within the Other industry. Title: Consumer Packaging Opportunity Brief: Manufacturing Scale-Up and Operational Readiness. Use the content category ""opportunity_brief"". Focus on unmet needs, product opportunity spaces, timing signals, commercial fit, and practical next steps, especially what scale-up, process readiness, qualification, and operational constraints mean for commercialization. Audience role: innovation_product_strategy. Jobs to be done: identify_innovation_opportunities, evaluate_r_and_d_directions. Classify the article with industry ""other"", sub_industry ""consumer_packaging"", and content_category ""opportunity_brief"". Keep the content practical, specific to the sub-industry, and suitable as a recommended content item for users browsing for inspiration. Include a clear title, brief context, key observations, why it matters, and recommended next actions. Avoid generic industry commentary and avoid deep technical mechanism explanations unless needed for clarity."
13142,091010,sub_industry_recommendation,Retail and Ecommerce Risk Watch: White-Space Bets for 2027 Planning,"Create a risk watch for Retail and Ecommerce in the Other industry, focused on which underexplored needs and weak signals could become useful product or research bets.",in_house_ip_legal,other,Other,"[""check_fto_and_design_risks"", ""explore_patent_landscapes""]",2026-09-10,"[""retail_and_ecommerce""]",Retail and Ecommerce,packaging_and_retail,Packaging and Retail,other,risk_watch,Risk Watch,"[""risk_watch""]","[""retail and ecommerce"", ""other"", ""risk watch"", ""white space"", ""2027 planning"", ""recommendation content""]","Write a Risk Watch in English for Retail and Ecommerce within the Other industry. Title: Retail and Ecommerce Risk Watch: White-Space Bets for 2027 Planning. Use the content category ""risk_watch"". Focus on regulatory, FTO, safety, supply, reimbursement, adoption, and commercialization risks, especially which underexplored needs and weak signals could become useful product or research bets. Audience role: in_house_ip_legal. Jobs to be done: check_fto_and_design_risks, explore_patent_landscapes. Classify the article with industry ""other"", sub_industry ""retail_and_ecommerce"", and content_category ""risk_watch"". Keep the content practical, specific to the sub-industry, and suitable as a recommended content item for users browsing for inspiration. Include a clear title, brief context, key observations, why it matters, and recommended next actions. Avoid generic industry commentary and avoid deep technical mechanism explanations unless needed for clarity.","Write a Risk Watch in English for Retail and Ecommerce within the Other industry. Title: Retail and Ecommerce Risk Watch: White-Space Bets for 2027 Planning. Use the content category ""risk_watch"". Focus on regulatory, FTO, safety, supply, reimbursement, adoption, and commercialization risks, especially which underexplored needs and weak signals could become useful product or research bets. Audience role: in_house_ip_legal. Jobs to be done: check_fto_and_design_risks, explore_patent_landscapes. Classify the article with industry ""other"", sub_industry ""retail_and_ecommerce"", and content_category ""risk_watch"". Keep the content practical, specific to the sub-industry, and suitable as a recommended content item for users browsing for inspiration. Include a clear title, brief context, key observations, why it matters, and recommended next actions. Avoid generic industry commentary and avoid deep technical mechanism explanations unless needed for clarity."
13143,091010,sub_industry_recommendation,Market Research Trend Brief: Adoption Signals and Buyer Pull,"Create a trend brief for Market Research in the Other industry, focused on where demand is showing up first, which buyer pains matter most, and what adoption signals deserve attention.",innovation_product_strategy,other,Other,"[""track_technologies_and_competitors"", ""evaluate_r_and_d_directions""]",2026-09-10,"[""market_research""]",Market Research,general_strategy,General Strategy,other,trend_brief,Trend Brief,"[""trend_brief""]","[""market research"", ""other"", ""trend brief"", ""adoption signals"", ""buyer demand"", ""recommendation content""]","Write a Trend Brief in English for Market Research within the Other industry. Title: Market Research Trend Brief: Adoption Signals and Buyer Pull. Use the content category ""trend_brief"". Focus on 3-5 year direction, adoption drivers, constraints, scenarios, and strategic implications, especially where demand is showing up first, which buyer pains matter most, and what adoption signals deserve attention. Audience role: innovation_product_strategy. Jobs to be done: track_technologies_and_competitors, evaluate_r_and_d_directions. Classify the article with industry ""other"", sub_industry ""market_research"", and content_category ""trend_brief"". Keep the content practical, specific to the sub-industry, and suitable as a recommended content item for users browsing for inspiration. Include a clear title, brief context, key observations, why it matters, and recommended next actions. Avoid generic industry commentary and avoid deep technical mechanism explanations unless needed for clarity.","Write a Trend Brief in English for Market Research within the Other industry. Title: Market Research Trend Brief: Adoption Signals and Buyer Pull. Use the content category ""trend_brief"". Focus on 3-5 year direction, adoption drivers, constraints, scenarios, and strategic implications, especially where demand is showing up first, which buyer pains matter most, and what adoption signals deserve attention. Audience role: innovation_product_strategy. Jobs to be done: track_technologies_and_competitors, evaluate_r_and_d_directions. Classify the article with industry ""other"", sub_industry ""market_research"", and content_category ""trend_brief"". Keep the content practical, specific to the sub-industry, and suitable as a recommended content item for users browsing for inspiration. Include a clear title, brief context, key observations, why it matters, and recommended next actions. Avoid generic industry commentary and avoid deep technical mechanism explanations unless needed for clarity."
