2026-09-12T12:41:08.033845+00:00 call_curl_task: selected=3960 already_satisfied=0 scheduled=3960 remaining_after_limit=0 workers=1 wait_for_completion=false
2026-09-12T12:41:08.058641+00:00 task_update brief_id=368a1fda-a283-4d1c-b920-170a0e1502b7 status=prepared share_status=pending completion_status= polls=0
2026-09-12T12:42:43.577394+00:00 task_update brief_id=368a1fda-a283-4d1c-b920-170a0e1502b7 status=needs_auth share_status=pending completion_status= polls=0
2026-09-12T12:42:43.581403+00:00 [1/3960 |   0.0%] completed_this_run=1 attention=1 elapsed=01:35 eta=105:04:29 brief_id=368a1fda-a283-4d1c-b920-170a0e1502b7 status=needs_auth title="Which disclosure-support checks should determine whether automotive technical m…" | Eureka authorization is missing or expired.
2026-09-12T12:42:43.582876+00:00 task_update brief_id=b43742b8-7ce8-4f15-85c9-c3605c8bf4fe status=prepared share_status=pending completion_status= polls=0
2026-09-12T12:44:01.951026+00:00 task_update brief_id=b43742b8-7ce8-4f15-85c9-c3605c8bf4fe status=needs_auth share_status=pending completion_status= polls=0
2026-09-12T12:44:01.955287+00:00 [2/3960 |   0.1%] completed_this_run=2 attention=2 elapsed=02:53 eta=95:36:29 brief_id=b43742b8-7ce8-4f15-85c9-c3605c8bf4fe status=needs_auth title="How should claim-category choices be evaluated when preparing patent applicatio…" | Eureka authorization is missing or expired.
2026-09-12T12:44:01.957055+00:00 task_update brief_id=ab1fee49-7a6b-43ba-a9b6-ffcbb5ed02a4 status=prepared share_status=pending completion_status= polls=0
2026-09-12T12:45:16.253804+00:00 task_update brief_id=ab1fee49-7a6b-43ba-a9b6-ffcbb5ed02a4 status=needs_auth share_status=pending completion_status= polls=0
2026-09-12T12:45:16.258503+00:00 [3/3960 |   0.1%] completed_this_run=3 attention=3 elapsed=04:08 eta=90:56:47 brief_id=ab1fee49-7a6b-43ba-a9b6-ffcbb5ed02a4 status=needs_auth title="Which factors should guide the selection of independent-claim scope in automoti…" | Eureka authorization is missing or expired.
2026-09-12T12:45:16.260071+00:00 task_update brief_id=5ee48590-f7df-4951-b9e2-00efa0b7f2f0 status=prepared share_status=pending completion_status= polls=0
2026-09-12T12:45:37.350805+00:00 task_update brief_id=5ee48590-f7df-4951-b9e2-00efa0b7f2f0 status=needs_auth share_status=pending completion_status= polls=0
2026-09-12T12:45:37.356092+00:00 [4/3960 |   0.1%] completed_this_run=4 attention=4 elapsed=04:29 eta=73:59:19 brief_id=5ee48590-f7df-4951-b9e2-00efa0b7f2f0 status=needs_auth title="How should fallback positions be prioritized in patent application drafts cover…" | Eureka authorization is missing or expired.
2026-09-12T12:45:37.358256+00:00 task_update brief_id=5146d4e6-62e3-4162-b6b3-4b839929564d status=prepared share_status=pending completion_status= polls=0
2026-09-12T12:46:01.439915+00:00 task_update brief_id=5146d4e6-62e3-4162-b6b3-4b839929564d status=needs_auth share_status=pending completion_status= polls=0
2026-09-12T12:46:01.442413+00:00 [5/3960 |   0.1%] completed_this_run=5 attention=5 elapsed=04:53 eta=64:28:05 brief_id=5146d4e6-62e3-4162-b6b3-4b839929564d status=needs_auth title="Which embodiment-planning criteria best support robust automotive patent applic…" | Eureka authorization is missing or expired.
2026-09-12T12:46:01.443865+00:00 task_update brief_id=dd6fbfaa-4b95-4a2c-8dee-8037002db2ad status=prepared share_status=pending completion_status= polls=0
2026-09-12T12:47:23.680529+00:00 task_update brief_id=dd6fbfaa-4b95-4a2c-8dee-8037002db2ad status=needs_auth share_status=pending completion_status= polls=0
2026-09-12T12:47:23.684455+00:00 [6/3960 |   0.2%] completed_this_run=6 attention=6 elapsed=06:15 eta=68:45:53 brief_id=dd6fbfaa-4b95-4a2c-8dee-8037002db2ad status=needs_auth title="How should terminology and definition choices be assessed in automotive patent …" | Eureka authorization is missing or expired.
2026-09-12T12:47:23.686222+00:00 task_update brief_id=e0879608-2697-4dda-8dd4-b3649bec4c61 status=prepared share_status=pending completion_status= polls=0
2026-09-12T12:47:49.215846+00:00 task_update brief_id=e0879608-2697-4dda-8dd4-b3649bec4c61 status=needs_auth share_status=pending completion_status= polls=0
2026-09-12T12:47:49.221193+00:00 [7/3960 |   0.2%] completed_this_run=7 attention=7 elapsed=06:41 eta=62:55:55 brief_id=e0879608-2697-4dda-8dd4-b3649bec4c61 status=needs_auth title="Which drawing and description relationships should guide drafting decisions for…" | Eureka authorization is missing or expired.
2026-09-12T12:47:49.223178+00:00 task_update brief_id=93d8d815-12e2-4ca4-b92c-fd8d1a32bc5c status=prepared share_status=pending completion_status= polls=0
2026-09-12T12:48:15.998073+00:00 task_update brief_id=93d8d815-12e2-4ca4-b92c-fd8d1a32bc5c status=needs_auth share_status=pending completion_status= polls=0
2026-09-12T12:48:16.006345+00:00 [8/3960 |   0.2%] completed_this_run=8 attention=8 elapsed=07:07 eta=58:43:38 brief_id=93d8d815-12e2-4ca4-b92c-fd8d1a32bc5c status=needs_auth title="How should known technology and inventive distinctions be framed when drafting …" | Eureka authorization is missing or expired.
2026-09-12T12:48:16.008871+00:00 task_update brief_id=327b1ce8-0c86-4f91-ada5-7e8a8e181859 status=prepared share_status=pending completion_status= polls=0
2026-09-12T12:48:35.694956+00:00 task_update brief_id=327b1ce8-0c86-4f91-ada5-7e8a8e181859 status=needs_auth share_status=pending completion_status= polls=0
2026-09-12T12:48:35.699690+00:00 [9/3960 |   0.2%] completed_this_run=9 attention=9 elapsed=07:27 eta=54:35:25 brief_id=327b1ce8-0c86-4f91-ada5-7e8a8e181859 status=needs_auth title="Which enablement and written-description risks should influence automotive pate…" | Eureka authorization is missing or expired.
2026-09-12T12:48:35.701839+00:00 task_update brief_id=08cd7d84-963d-44f8-893f-b5c2ded0ffd4 status=prepared share_status=pending completion_status= polls=0
2026-09-12T12:49:54.249066+00:00 task_update brief_id=08cd7d84-963d-44f8-893f-b5c2ded0ffd4 status=needs_auth share_status=pending completion_status= polls=0
2026-09-12T12:49:54.253813+00:00 [10/3960 |   0.3%] completed_this_run=10 attention=10 elapsed=08:46 eta=57:44:16 brief_id=08cd7d84-963d-44f8-893f-b5c2ded0ffd4 status=needs_auth title="How should future prosecution flexibility be weighed when structuring automotiv…" | Eureka authorization is missing or expired.
2026-09-12T12:49:54.255836+00:00 task_update brief_id=ba57a72c-141f-4f85-9727-bc036d956483 status=prepared share_status=pending completion_status= polls=0
2026-09-12T12:51:03.677944+00:00 task_update brief_id=ba57a72c-141f-4f85-9727-bc036d956483 status=needs_auth share_status=pending completion_status= polls=0
2026-09-12T12:51:03.682642+00:00 [11/3960 |   0.3%] completed_this_run=11 attention=11 elapsed=09:55 eta=59:23:57 brief_id=ba57a72c-141f-4f85-9727-bc036d956483 status=needs_auth title="Which automotive technology fields present the most significant freedom-to-oper…" | Eureka authorization is missing or expired.
2026-09-12T12:51:03.684873+00:00 task_update brief_id=a74447e0-7a34-41b3-bdca-5b05b84dec61 status=prepared share_status=pending completion_status= polls=0
2026-09-12T12:52:25.578136+00:00 task_update brief_id=a74447e0-7a34-41b3-bdca-5b05b84dec61 status=needs_auth share_status=pending completion_status= polls=0
2026-09-12T12:52:25.584173+00:00 [12/3960 |   0.3%] completed_this_run=12 attention=12 elapsed=11:17 eta=61:55:13 brief_id=a74447e0-7a34-41b3-bdca-5b05b84dec61 status=needs_auth title="Where are patent-claim concentrations creating emerging freedom-to-operate risk…" | Eureka authorization is missing or expired.
2026-09-12T12:52:25.587082+00:00 task_update brief_id=5f83ab29-0d88-45b2-a263-c090280c3b0c status=prepared share_status=pending completion_status= polls=0
2026-09-12T12:52:25.603885+00:00 task_update brief_id=5f83ab29-0d88-45b2-a263-c090280c3b0c status=needs_auth share_status=pending completion_status= polls=0
2026-09-12T12:52:25.606596+00:00 [13/3960 |   0.3%] completed_this_run=13 attention=13 elapsed=11:17 eta=57:08:41 brief_id=5f83ab29-0d88-45b2-a263-c090280c3b0c status=needs_auth title="What freedom-to-operate risks arise from active patent claims covering connecte…" | Eureka authorization is missing or expired.
2026-09-12T12:52:25.608444+00:00 task_update brief_id=dc5d8402-9d81-4487-8b2f-81dc310064c0 status=prepared share_status=pending completion_status= polls=0
2026-09-12T12:52:25.618825+00:00 task_update brief_id=dc5d8402-9d81-4487-8b2f-81dc310064c0 status=needs_auth share_status=pending completion_status= polls=0
2026-09-12T12:52:25.621366+00:00 [14/3960 |   0.4%] completed_this_run=14 attention=14 elapsed=11:17 eta=53:03:02 brief_id=dc5d8402-9d81-4487-8b2f-81dc310064c0 status=needs_auth title="Which patent families create material freedom-to-operate risks in automotive dr…" | Eureka authorization is missing or expired.
2026-09-12T12:52:25.623540+00:00 task_update brief_id=972f8c8c-0052-4f0c-8051-ed6899dace5a status=prepared share_status=pending completion_status= polls=0
2026-09-12T12:52:25.634078+00:00 task_update brief_id=972f8c8c-0052-4f0c-8051-ed6899dace5a status=needs_auth share_status=pending completion_status= polls=0
2026-09-12T12:52:25.637387+00:00 [15/3960 |   0.4%] completed_this_run=15 attention=15 elapsed=11:17 eta=49:30:09 brief_id=972f8c8c-0052-4f0c-8051-ed6899dace5a status=needs_auth title="How do ownership changes and patent-family transactions affect freedom-to-opera…" | Eureka authorization is missing or expired.
2026-09-12T12:52:25.639502+00:00 task_update brief_id=3a127cdb-e013-4306-9f33-eb83e39e7b8d status=prepared share_status=pending completion_status= polls=0
2026-09-12T12:52:25.648264+00:00 task_update brief_id=3a127cdb-e013-4306-9f33-eb83e39e7b8d status=needs_auth share_status=pending completion_status= polls=0
2026-09-12T12:52:25.650363+00:00 [16/3960 |   0.4%] completed_this_run=16 attention=16 elapsed=11:17 eta=46:23:52 brief_id=3a127cdb-e013-4306-9f33-eb83e39e7b8d status=needs_auth title="Which expiring, lapsed, pending, or newly granted automotive patent rights most…" | Eureka authorization is missing or expired.
2026-09-12T12:52:25.651807+00:00 task_update brief_id=a336a496-49d8-4062-8030-be527d4a619d status=prepared share_status=pending completion_status= polls=0
2026-09-12T12:52:25.660886+00:00 task_update brief_id=a336a496-49d8-4062-8030-be527d4a619d status=needs_auth share_status=pending completion_status= polls=0
2026-09-12T12:52:25.663739+00:00 [17/3960 |   0.4%] completed_this_run=17 attention=17 elapsed=11:17 eta=43:39:30 brief_id=a336a496-49d8-4062-8030-be527d4a619d status=needs_auth title="What freedom-to-operate risks emerge where automotive technologies overlap with…" | Eureka authorization is missing or expired.
2026-09-12T12:52:25.665126+00:00 task_update brief_id=c9018616-1a4b-423e-86ac-6fbd16d11625 status=prepared share_status=pending completion_status= polls=0
2026-09-12T12:52:25.675977+00:00 task_update brief_id=c9018616-1a4b-423e-86ac-6fbd16d11625 status=needs_auth share_status=pending completion_status= polls=0
2026-09-12T12:52:25.678845+00:00 [18/3960 |   0.5%] completed_this_run=18 attention=18 elapsed=11:17 eta=41:13:24 brief_id=c9018616-1a4b-423e-86ac-6fbd16d11625 status=needs_auth title="Which stages of the automotive value chain face the greatest freedom-to-operate…" | Eureka authorization is missing or expired.
2026-09-12T12:52:25.680520+00:00 task_update brief_id=08a87b15-ee02-4269-86d4-95afd6a36405 status=prepared share_status=pending completion_status= polls=0
2026-09-12T12:52:25.689324+00:00 task_update brief_id=08a87b15-ee02-4269-86d4-95afd6a36405 status=needs_auth share_status=pending completion_status= polls=0
2026-09-12T12:52:25.691317+00:00 [19/3960 |   0.5%] completed_this_run=19 attention=19 elapsed=11:17 eta=39:02:40 brief_id=08a87b15-ee02-4269-86d4-95afd6a36405 status=needs_auth title="Where could overlapping claim scope among automotive patent families create cum…" | Eureka authorization is missing or expired.
2026-09-12T12:52:25.692607+00:00 task_update brief_id=db045061-11e9-40a9-ab8e-146cc73bba52 status=prepared share_status=pending completion_status= polls=0
2026-09-12T12:52:25.700250+00:00 task_update brief_id=db045061-11e9-40a9-ab8e-146cc73bba52 status=needs_auth share_status=pending completion_status= polls=0
2026-09-12T12:52:25.701930+00:00 [20/3960 |   0.5%] completed_this_run=20 attention=20 elapsed=11:17 eta=37:05:00 brief_id=db045061-11e9-40a9-ab8e-146cc73bba52 status=needs_auth title="Which emerging automotive research areas show early patent signals that may bec…" | Eureka authorization is missing or expired.
2026-09-12T12:52:25.703302+00:00 task_update brief_id=31ea36c8-d78d-46e1-9749-75dbabcefad8 status=prepared share_status=pending completion_status= polls=0
2026-09-12T12:52:25.710879+00:00 task_update brief_id=31ea36c8-d78d-46e1-9749-75dbabcefad8 status=needs_auth share_status=pending completion_status= polls=0
2026-09-12T12:52:25.712544+00:00 [21/3960 |   0.5%] completed_this_run=21 attention=21 elapsed=11:17 eta=35:18:33 brief_id=31ea36c8-d78d-46e1-9749-75dbabcefad8 status=needs_auth title="Which evidence should guide a decision on responding to novelty objections in a…" | Eureka authorization is missing or expired.
2026-09-12T12:52:25.713939+00:00 task_update brief_id=e2555480-64b7-480b-9e2f-2c22b7c77fb7 status=prepared share_status=pending completion_status= polls=0
2026-09-12T12:52:25.720629+00:00 task_update brief_id=e2555480-64b7-480b-9e2f-2c22b7c77fb7 status=needs_auth share_status=pending completion_status= polls=0
2026-09-12T12:52:25.722651+00:00 [22/3960 |   0.6%] completed_this_run=22 attention=22 elapsed=11:17 eta=33:41:46 brief_id=e2555480-64b7-480b-9e2f-2c22b7c77fb7 status=needs_auth title="How should evidence be organized to evaluate inventive-step or obviousness obje…" | Eureka authorization is missing or expired.
2026-09-12T12:52:25.724663+00:00 task_update brief_id=135ff5bd-a4c5-45c5-960a-7cd08af97c2c status=prepared share_status=pending completion_status= polls=0
2026-09-12T12:52:25.732050+00:00 task_update brief_id=135ff5bd-a4c5-45c5-960a-7cd08af97c2c status=needs_auth share_status=pending completion_status= polls=0
2026-09-12T12:52:25.733828+00:00 [23/3960 |   0.6%] completed_this_run=23 attention=23 elapsed=11:17 eta=32:13:24 brief_id=135ff5bd-a4c5-45c5-960a-7cd08af97c2c status=needs_auth title="What evidence should support a decision between argument and claim amendment af…" | Eureka authorization is missing or expired.
2026-09-12T12:52:25.735151+00:00 task_update brief_id=f76712fb-dd3d-4645-b24b-9ff331ac3970 status=prepared share_status=pending completion_status= polls=0
2026-09-12T12:52:25.742788+00:00 task_update brief_id=f76712fb-dd3d-4645-b24b-9ff331ac3970 status=needs_auth share_status=pending completion_status= polls=0
2026-09-12T12:52:25.745433+00:00 [24/3960 |   0.6%] completed_this_run=24 attention=24 elapsed=11:17 eta=30:52:24 brief_id=f76712fb-dd3d-4645-b24b-9ff331ac3970 status=needs_auth title="Which application passages can support potential automotive claim amendments wi…" | Eureka authorization is missing or expired.
2026-09-12T12:52:25.747033+00:00 task_update brief_id=692ce76d-13b4-4af8-a0de-422f4f08c98a status=prepared share_status=pending completion_status= polls=0
2026-09-12T12:52:25.754404+00:00 task_update brief_id=692ce76d-13b4-4af8-a0de-422f4f08c98a status=needs_auth share_status=pending completion_status= polls=0
2026-09-12T12:52:25.758738+00:00 [25/3960 |   0.6%] completed_this_run=25 attention=25 elapsed=11:17 eta=29:37:53 brief_id=692ce76d-13b4-4af8-a0de-422f4f08c98a status=needs_auth title="How can evidence support decisions on clarity or definiteness objections to aut…" | Eureka authorization is missing or expired.
2026-09-12T12:52:25.761411+00:00 task_update brief_id=9bc9bb93-888b-4243-8ce8-b72fd0127d3e status=prepared share_status=pending completion_status= polls=0
2026-09-12T12:52:25.768882+00:00 task_update brief_id=9bc9bb93-888b-4243-8ce8-b72fd0127d3e status=needs_auth share_status=pending completion_status= polls=0
2026-09-12T12:52:25.771931+00:00 [26/3960 |   0.7%] completed_this_run=26 attention=26 elapsed=11:17 eta=28:29:06 brief_id=9bc9bb93-888b-4243-8ce8-b72fd0127d3e status=needs_auth title="What evidence should guide a response to enablement or sufficiency objections i…" | Eureka authorization is missing or expired.
2026-09-12T12:52:25.773372+00:00 task_update brief_id=81aba0ea-602d-43c3-be46-c5a527df3142 status=prepared share_status=pending completion_status= polls=0
2026-09-12T12:52:25.781218+00:00 task_update brief_id=81aba0ea-602d-43c3-be46-c5a527df3142 status=needs_auth share_status=pending completion_status= polls=0
2026-09-12T12:52:25.783158+00:00 [27/3960 |   0.7%] completed_this_run=27 attention=27 elapsed=11:17 eta=27:25:25 brief_id=81aba0ea-602d-43c3-be46-c5a527df3142 status=needs_auth title="How should cited-reference evidence be mapped when an automotive office action …" | Eureka authorization is missing or expired.
2026-09-12T12:52:25.784639+00:00 task_update brief_id=3d407c6a-5cbe-4753-a163-4180ccd7d174 status=prepared share_status=pending completion_status= polls=0
2026-09-12T12:52:25.793678+00:00 task_update brief_id=3d407c6a-5cbe-4753-a163-4180ccd7d174 status=needs_auth share_status=pending completion_status= polls=0
2026-09-12T12:52:25.795442+00:00 [28/3960 |   0.7%] completed_this_run=28 attention=28 elapsed=11:17 eta=26:26:17 brief_id=3d407c6a-5cbe-4753-a163-4180ccd7d174 status=needs_auth title="Which dependent claims offer evidence-backed fallback positions after an automo…" | Eureka authorization is missing or expired.
2026-09-12T12:52:25.797005+00:00 task_update brief_id=27c44e52-fe65-4380-b724-1b4cb81ec60c status=prepared share_status=pending completion_status= polls=0
2026-09-12T12:52:25.806869+00:00 task_update brief_id=27c44e52-fe65-4380-b724-1b4cb81ec60c status=needs_auth share_status=pending completion_status= polls=0
2026-09-12T12:52:25.808607+00:00 [29/3960 |   0.7%] completed_this_run=29 attention=29 elapsed=11:17 eta=25:31:13 brief_id=27c44e52-fe65-4380-b724-1b4cb81ec60c status=needs_auth title="What prosecution-record evidence should guide a response when an automotive off…" | Eureka authorization is missing or expired.
2026-09-12T12:52:25.809935+00:00 task_update brief_id=486dd3dc-9f2d-4816-b15a-caf71db46cab status=prepared share_status=pending completion_status= polls=0
2026-09-12T12:52:25.817777+00:00 task_update brief_id=486dd3dc-9f2d-4816-b15a-caf71db46cab status=needs_auth share_status=pending completion_status= polls=0
2026-09-12T12:52:25.819897+00:00 [30/3960 |   0.8%] completed_this_run=30 attention=30 elapsed=11:17 eta=24:39:49 brief_id=486dd3dc-9f2d-4816-b15a-caf71db46cab status=needs_auth title="How can evidence prioritize response issues when an automotive office action ra…" | Eureka authorization is missing or expired.
2026-09-12T12:52:25.821580+00:00 task_update brief_id=517393d8-f1d8-4697-9104-6d1bc2f08784 status=prepared share_status=pending completion_status= polls=0
2026-09-12T12:52:25.828912+00:00 task_update brief_id=517393d8-f1d8-4697-9104-6d1bc2f08784 status=needs_auth share_status=pending completion_status= polls=0
2026-09-12T12:52:25.831434+00:00 [31/3960 |   0.8%] completed_this_run=31 attention=31 elapsed=11:17 eta=23:51:45 brief_id=517393d8-f1d8-4697-9104-6d1bc2f08784 status=needs_auth title="Which research tasks should be considered for scanning shifts across the automo…" | Eureka authorization is missing or expired.
2026-09-12T12:52:25.832805+00:00 task_update brief_id=e4d00870-ea34-43db-bf8b-c541573ada24 status=prepared share_status=pending completion_status= polls=0
2026-09-12T12:52:25.840478+00:00 task_update brief_id=e4d00870-ea34-43db-bf8b-c541573ada24 status=needs_auth share_status=pending completion_status= polls=0
2026-09-12T12:52:25.842520+00:00 [32/3960 |   0.8%] completed_this_run=32 attention=32 elapsed=11:17 eta=23:06:40 brief_id=e4d00870-ea34-43db-bf8b-c541573ada24 status=needs_auth title="What task menu would support a trend scan of changing vehicle system architectu…" | Eureka authorization is missing or expired.
2026-09-12T12:52:25.844091+00:00 task_update brief_id=932490dc-c9c6-4720-a44b-26ae96898bbf status=prepared share_status=pending completion_status= polls=0
2026-09-12T12:52:25.851647+00:00 task_update brief_id=932490dc-c9c6-4720-a44b-26ae96898bbf status=needs_auth share_status=pending completion_status= polls=0
2026-09-12T12:52:25.853878+00:00 [33/3960 |   0.8%] completed_this_run=33 attention=33 elapsed=11:17 eta=22:24:20 brief_id=932490dc-c9c6-4720-a44b-26ae96898bbf status=needs_auth title="Which possible research tasks can reveal how automotive propulsion and energy t…" | Eureka authorization is missing or expired.
2026-09-12T12:52:25.855121+00:00 task_update brief_id=de391992-4167-4280-8f2e-2c740dcf5f0d status=prepared share_status=pending completion_status= polls=0
2026-09-12T12:52:25.863307+00:00 task_update brief_id=de391992-4167-4280-8f2e-2c740dcf5f0d status=needs_auth share_status=pending completion_status= polls=0
2026-09-12T12:52:25.866145+00:00 [34/3960 |   0.9%] completed_this_run=34 attention=34 elapsed=11:17 eta=21:44:29 brief_id=de391992-4167-4280-8f2e-2c740dcf5f0d status=needs_auth title="What research tasks and deliverables could be used to scan automotive software,…" | Eureka authorization is missing or expired.
2026-09-12T12:52:25.868218+00:00 task_update brief_id=56dd7bec-fb3d-4d50-bf56-6630877efa21 status=prepared share_status=pending completion_status= polls=0
2026-09-12T12:52:25.878532+00:00 task_update brief_id=56dd7bec-fb3d-4d50-bf56-6630877efa21 status=needs_auth share_status=pending completion_status= polls=0
2026-09-12T12:52:25.880320+00:00 [35/3960 |   0.9%] completed_this_run=35 attention=35 elapsed=11:17 eta=21:06:55 brief_id=56dd7bec-fb3d-4d50-bf56-6630877efa21 status=needs_auth title="Which task options would support an industry-wide scan of trends in automotive …" | Eureka authorization is missing or expired.
2026-09-12T12:52:25.881784+00:00 task_update brief_id=96a12dfb-5a30-4b97-8795-82810886c3de status=prepared share_status=pending completion_status= polls=0
2026-09-12T12:52:25.890341+00:00 task_update brief_id=96a12dfb-5a30-4b97-8795-82810886c3de status=needs_auth share_status=pending completion_status= polls=0
2026-09-12T12:52:25.892074+00:00 [36/3960 |   0.9%] completed_this_run=36 attention=36 elapsed=11:17 eta=20:31:26 brief_id=96a12dfb-5a30-4b97-8795-82810886c3de status=needs_auth title="What task menu could clarify how to scan changes in automotive manufacturing an…" | Eureka authorization is missing or expired.
2026-09-12T12:52:25.893721+00:00 task_update brief_id=c79ca4ba-f801-4748-8265-eb4c600389eb status=prepared share_status=pending completion_status= polls=0
2026-09-12T12:52:25.901562+00:00 task_update brief_id=c79ca4ba-f801-4748-8265-eb4c600389eb status=needs_auth share_status=pending completion_status= polls=0
2026-09-12T12:52:25.904580+00:00 [37/3960 |   0.9%] completed_this_run=37 attention=37 elapsed=11:17 eta=19:57:52 brief_id=c79ca4ba-f801-4748-8265-eb4c600389eb status=needs_auth title="Which research task choices can map emerging sustainability and circularity tre…" | Eureka authorization is missing or expired.
2026-09-12T12:52:25.906263+00:00 task_update brief_id=12db89ac-d170-4f35-b0ba-459cd7177564 status=prepared share_status=pending completion_status= polls=0
2026-09-12T12:52:25.914311+00:00 task_update brief_id=12db89ac-d170-4f35-b0ba-459cd7177564 status=needs_auth share_status=pending completion_status= polls=0
2026-09-12T12:52:25.916561+00:00 [38/3960 |   1.0%] completed_this_run=38 attention=38 elapsed=11:17 eta=19:26:04 brief_id=12db89ac-d170-4f35-b0ba-459cd7177564 status=needs_auth title="What research tasks could distinguish mature, scaling, and emerging technology …" | Eureka authorization is missing or expired.
2026-09-12T12:52:25.917973+00:00 task_update brief_id=c9b5bdb0-6f61-4170-8608-0256ef3d4b58 status=prepared share_status=pending completion_status= polls=0
2026-09-12T12:52:25.925346+00:00 task_update brief_id=c9b5bdb0-6f61-4170-8608-0256ef3d4b58 status=needs_auth share_status=pending completion_status= polls=0
2026-09-12T12:52:25.927673+00:00 [39/3960 |   1.0%] completed_this_run=39 attention=39 elapsed=11:17 eta=18:55:54 brief_id=c9b5bdb0-6f61-4170-8608-0256ef3d4b58 status=needs_auth title="Which task menu would support a scan of convergence among mechanical, electrica…" | Eureka authorization is missing or expired.
2026-09-12T12:52:25.929250+00:00 task_update brief_id=c8ef8b05-4d8e-44f1-ad32-be820ae44f59 status=prepared share_status=pending completion_status= polls=0
2026-09-12T12:52:25.937131+00:00 task_update brief_id=c8ef8b05-4d8e-44f1-ad32-be820ae44f59 status=needs_auth share_status=pending completion_status= polls=0
2026-09-12T12:52:25.940119+00:00 [40/3960 |   1.0%] completed_this_run=40 attention=40 elapsed=11:17 eta=18:27:14 brief_id=c8ef8b05-4d8e-44f1-ad32-be820ae44f59 status=needs_auth title="What research task options could track shifts in the evidence used to understan…" | Eureka authorization is missing or expired.
2026-09-12T12:52:25.943681+00:00 task_update brief_id=3e75d963-3ce7-47fb-9718-38660854f3ae status=prepared share_status=pending completion_status= polls=0
2026-09-12T12:52:25.951656+00:00 task_update brief_id=3e75d963-3ce7-47fb-9718-38660854f3ae status=needs_auth share_status=pending completion_status= polls=0
2026-09-12T12:52:25.953332+00:00 [41/3960 |   1.0%] completed_this_run=41 attention=41 elapsed=11:17 eta=17:59:59 brief_id=3e75d963-3ce7-47fb-9718-38660854f3ae status=needs_auth title="How are automotive electrification patent landscapes evolving across major tech…" | Eureka authorization is missing or expired.
2026-09-12T12:52:25.954776+00:00 task_update brief_id=082feeac-daa9-4959-9ca7-7887dc3b6308 status=prepared share_status=pending completion_status= polls=0
2026-09-12T12:52:25.964618+00:00 task_update brief_id=082feeac-daa9-4959-9ca7-7887dc3b6308 status=needs_auth share_status=pending completion_status= polls=0
2026-09-12T12:52:25.966700+00:00 [42/3960 |   1.1%] completed_this_run=42 attention=42 elapsed=11:17 eta=17:34:01 brief_id=082feeac-daa9-4959-9ca7-7887dc3b6308 status=needs_auth title="Which patent-filing trends are reshaping the automotive landscape for automated…" | Eureka authorization is missing or expired.
2026-09-12T12:52:25.968863+00:00 task_update brief_id=d81debad-acf0-4767-9423-5046610ee281 status=prepared share_status=pending completion_status= polls=0
2026-09-12T12:52:25.976043+00:00 task_update brief_id=d81debad-acf0-4767-9423-5046610ee281 status=needs_auth share_status=pending completion_status= polls=0
2026-09-12T12:52:25.977968+00:00 [43/3960 |   1.1%] completed_this_run=43 attention=43 elapsed=11:17 eta=17:09:15 brief_id=d81debad-acf0-4767-9423-5046610ee281 status=needs_auth title="How is the patent landscape for software-defined and connected vehicles changin…" | Eureka authorization is missing or expired.
2026-09-12T12:52:25.979315+00:00 task_update brief_id=7b92f393-aea3-4235-ac33-3a09c209b675 status=prepared share_status=pending completion_status= polls=0
2026-09-12T12:52:25.986403+00:00 task_update brief_id=7b92f393-aea3-4235-ac33-3a09c209b675 status=needs_auth share_status=pending completion_status= polls=0
2026-09-12T12:52:25.988575+00:00 [44/3960 |   1.1%] completed_this_run=44 attention=44 elapsed=11:17 eta=16:45:37 brief_id=7b92f393-aea3-4235-ac33-3a09c209b675 status=needs_auth title="What emerging directions are visible in the automotive cybersecurity patent lan…" | Eureka authorization is missing or expired.
2026-09-12T12:52:25.990111+00:00 task_update brief_id=ec9fe881-b2bc-4a07-a530-ae3c46d436b4 status=prepared share_status=pending completion_status= polls=0
2026-09-12T12:52:25.998067+00:00 task_update brief_id=ec9fe881-b2bc-4a07-a530-ae3c46d436b4 status=needs_auth share_status=pending completion_status= polls=0
2026-09-12T12:52:25.999743+00:00 [45/3960 |   1.1%] completed_this_run=45 attention=45 elapsed=11:17 eta=16:23:03 brief_id=ec9fe881-b2bc-4a07-a530-ae3c46d436b4 status=needs_auth title="How are patent activity and portfolio positions shifting in automotive charging…" | Eureka authorization is missing or expired.
2026-09-12T12:52:26.001664+00:00 task_update brief_id=5eef8c65-6ada-4513-aaf1-073892333eaa status=prepared share_status=pending completion_status= polls=0
2026-09-12T12:52:26.009145+00:00 task_update brief_id=5eef8c65-6ada-4513-aaf1-073892333eaa status=needs_auth share_status=pending completion_status= polls=0
2026-09-12T12:52:26.010937+00:00 [46/3960 |   1.2%] completed_this_run=46 attention=46 elapsed=11:17 eta=16:01:26 brief_id=5eef8c65-6ada-4513-aaf1-073892333eaa status=needs_auth title="Which technology clusters are gaining prominence in the automotive thermal-mana…" | Eureka authorization is missing or expired.
2026-09-12T12:52:26.012592+00:00 task_update brief_id=3c6234fe-2a2c-4085-aca5-1354fd896f55 status=prepared share_status=pending completion_status= polls=0
2026-09-12T12:52:26.020337+00:00 task_update brief_id=3c6234fe-2a2c-4085-aca5-1354fd896f55 status=needs_auth share_status=pending completion_status= polls=0
2026-09-12T12:52:26.022119+00:00 [47/3960 |   1.2%] completed_this_run=47 attention=47 elapsed=11:17 eta=15:40:46 brief_id=3c6234fe-2a2c-4085-aca5-1354fd896f55 status=needs_auth title="How is the automotive manufacturing patent landscape evolving through digitaliz…" | Eureka authorization is missing or expired.
2026-09-12T12:52:26.023636+00:00 task_update brief_id=f0e581f8-1fbc-4932-b95d-20c233459f88 status=prepared share_status=pending completion_status= polls=0
2026-09-12T12:52:26.035297+00:00 task_update brief_id=f0e581f8-1fbc-4932-b95d-20c233459f88 status=needs_auth share_status=pending completion_status= polls=0
2026-09-12T12:52:26.042414+00:00 [48/3960 |   1.2%] completed_this_run=48 attention=48 elapsed=11:18 eta=15:20:57 brief_id=f0e581f8-1fbc-4932-b95d-20c233459f88 status=needs_auth title="What patent trends are emerging in automotive circularity, reuse, remanufacturi…" | Eureka authorization is missing or expired.
2026-09-12T12:52:26.043742+00:00 task_update brief_id=b1b3c4a9-f1ce-4060-9bd2-d1e05d5bfd40 status=prepared share_status=pending completion_status= polls=0
2026-09-12T12:52:26.051343+00:00 task_update brief_id=b1b3c4a9-f1ce-4060-9bd2-d1e05d5bfd40 status=needs_auth share_status=pending completion_status= polls=0
2026-09-12T12:52:26.053139+00:00 [49/3960 |   1.2%] completed_this_run=49 attention=49 elapsed=11:18 eta=15:01:56 brief_id=b1b3c4a9-f1ce-4060-9bd2-d1e05d5bfd40 status=needs_auth title="How are human-machine interaction patent trends developing across automotive sa…" | Eureka authorization is missing or expired.
2026-09-12T12:52:26.054651+00:00 task_update brief_id=f97474a7-a6cc-442e-8ed8-6fc83d1b9fe4 status=prepared share_status=pending completion_status= polls=0
2026-09-12T12:52:26.062440+00:00 task_update brief_id=f97474a7-a6cc-442e-8ed8-6fc83d1b9fe4 status=needs_auth share_status=pending completion_status= polls=0
2026-09-12T12:52:26.068633+00:00 [50/3960 |   1.3%] completed_this_run=50 attention=50 elapsed=11:18 eta=14:43:42 brief_id=f97474a7-a6cc-442e-8ed8-6fc83d1b9fe4 status=needs_auth title="Which emerging automotive technology fields show the strongest expansion and co…" | Eureka authorization is missing or expired.
2026-09-12T12:52:26.072215+00:00 task_update brief_id=3313c719-ec70-4f34-9968-68d76ff62034 status=prepared share_status=pending completion_status= polls=0
2026-09-12T12:52:26.082013+00:00 task_update brief_id=3313c719-ec70-4f34-9968-68d76ff62034 status=needs_auth share_status=pending completion_status= polls=0
2026-09-12T12:52:26.084758+00:00 [51/3960 |   1.3%] completed_this_run=51 attention=51 elapsed=11:18 eta=14:26:10 brief_id=3313c719-ec70-4f34-9968-68d76ff62034 status=needs_auth title="What prior art signals the greatest patent risks across automotive electrificat…" | Eureka authorization is missing or expired.
2026-09-12T12:52:26.087440+00:00 task_update brief_id=8a2dbbee-a256-4e9c-82e6-68bdb240f174 status=prepared share_status=pending completion_status= polls=0
2026-09-12T12:52:26.095883+00:00 task_update brief_id=8a2dbbee-a256-4e9c-82e6-68bdb240f174 status=needs_auth share_status=pending completion_status= polls=0
2026-09-12T12:52:26.097938+00:00 [52/3960 |   1.3%] completed_this_run=52 attention=52 elapsed=11:18 eta=14:09:19 brief_id=8a2dbbee-a256-4e9c-82e6-68bdb240f174 status=needs_auth title="Where does prior art indicate elevated patent risk in automotive driver-assista…" | Eureka authorization is missing or expired.
2026-09-12T12:52:26.099645+00:00 task_update brief_id=5550fbe9-edfb-4c8b-9cd9-0158c3f085ac status=prepared share_status=pending completion_status= polls=0
2026-09-12T12:52:26.108604+00:00 task_update brief_id=5550fbe9-edfb-4c8b-9cd9-0158c3f085ac status=needs_auth share_status=pending completion_status= polls=0
2026-09-12T12:52:26.110481+00:00 [53/3960 |   1.3%] completed_this_run=53 attention=53 elapsed=11:18 eta=13:53:05 brief_id=5550fbe9-edfb-4c8b-9cd9-0158c3f085ac status=needs_auth title="What earlier public evidence reveals patent risks across connected and cooperat…" | Eureka authorization is missing or expired.
2026-09-12T12:52:26.111981+00:00 task_update brief_id=ce98f261-f9e4-4c9e-963d-f9ad05c8d580 status=prepared share_status=pending completion_status= polls=0
2026-09-12T12:52:26.120418+00:00 task_update brief_id=ce98f261-f9e4-4c9e-963d-f9ad05c8d580 status=needs_auth share_status=pending completion_status= polls=0
2026-09-12T12:52:26.123140+00:00 [54/3960 |   1.4%] completed_this_run=54 attention=54 elapsed=11:18 eta=13:37:28 brief_id=ce98f261-f9e4-4c9e-963d-f9ad05c8d580 status=needs_auth title="Which prior-art fields create the most significant patent risks for software-de…" | Eureka authorization is missing or expired.
2026-09-12T12:52:26.124812+00:00 task_update brief_id=85867c05-509e-46d2-b939-5dcc7403fb55 status=prepared share_status=pending completion_status= polls=0
2026-09-12T12:52:26.133091+00:00 task_update brief_id=85867c05-509e-46d2-b939-5dcc7403fb55 status=needs_auth share_status=pending completion_status= polls=0
2026-09-12T12:52:26.135313+00:00 [55/3960 |   1.4%] completed_this_run=55 attention=55 elapsed=11:18 eta=13:22:25 brief_id=85867c05-509e-46d2-b939-5dcc7403fb55 status=needs_auth title="What prior art exposes patent risks in automotive cybersecurity and vehicle dat…" | Eureka authorization is missing or expired.
2026-09-12T12:52:26.136755+00:00 task_update brief_id=1f05b3d0-6f66-4fd0-9f48-3dc97ac74abd status=prepared share_status=pending completion_status= polls=0
2026-09-12T12:52:26.146033+00:00 task_update brief_id=1f05b3d0-6f66-4fd0-9f48-3dc97ac74abd status=needs_auth share_status=pending completion_status= polls=0
2026-09-12T12:52:26.148471+00:00 [56/3960 |   1.4%] completed_this_run=56 attention=56 elapsed=11:18 eta=13:07:54 brief_id=1f05b3d0-6f66-4fd0-9f48-3dc97ac74abd status=needs_auth title="Where does earlier public evidence indicate patent risk in automotive charging …" | Eureka authorization is missing or expired.
2026-09-12T12:52:26.149976+00:00 task_update brief_id=3bcb1686-8fdd-4afb-8cb8-472d1ae8629a status=prepared share_status=pending completion_status= polls=0
2026-09-12T12:52:26.158523+00:00 task_update brief_id=3bcb1686-8fdd-4afb-8cb8-472d1ae8629a status=needs_auth share_status=pending completion_status= polls=0
2026-09-12T12:52:26.160656+00:00 [57/3960 |   1.4%] completed_this_run=57 attention=57 elapsed=11:18 eta=12:53:53 brief_id=3bcb1686-8fdd-4afb-8cb8-472d1ae8629a status=needs_auth title="What prior art indicates patent-risk concentrations in automotive thermal-manag…" | Eureka authorization is missing or expired.
2026-09-12T12:52:26.162198+00:00 task_update brief_id=169fec20-09d9-4448-aa2b-a3277ad20468 status=prepared share_status=pending completion_status= polls=0
2026-09-12T12:52:26.170728+00:00 task_update brief_id=169fec20-09d9-4448-aa2b-a3277ad20468 status=needs_auth share_status=pending completion_status= polls=0
2026-09-12T12:52:26.172818+00:00 [58/3960 |   1.5%] completed_this_run=58 attention=58 elapsed=11:18 eta=12:40:22 brief_id=169fec20-09d9-4448-aa2b-a3277ad20468 status=needs_auth title="Which earlier disclosures present patent risks for lightweighting and sustainab…" | Eureka authorization is missing or expired.
2026-09-12T12:52:26.174322+00:00 task_update brief_id=3b66e0d0-8b52-4bd2-98c7-cc0e07757d51 status=prepared share_status=pending completion_status= polls=0
2026-09-12T12:52:26.182566+00:00 task_update brief_id=3b66e0d0-8b52-4bd2-98c7-cc0e07757d51 status=needs_auth share_status=pending completion_status= polls=0
2026-09-12T12:52:26.184397+00:00 [59/3960 |   1.5%] completed_this_run=59 attention=59 elapsed=11:18 eta=12:27:18 brief_id=3b66e0d0-8b52-4bd2-98c7-cc0e07757d51 status=needs_auth title="What prior art reveals patent risks in automotive manufacturing, assembly, and …" | Eureka authorization is missing or expired.
2026-09-12T12:52:26.185981+00:00 task_update brief_id=e0ea9e0c-0cd4-406f-81f1-e7bd86be0446 status=prepared share_status=pending completion_status= polls=0
2026-09-12T12:52:26.199120+00:00 task_update brief_id=e0ea9e0c-0cd4-406f-81f1-e7bd86be0446 status=needs_auth share_status=pending completion_status= polls=0
2026-09-12T12:52:26.202001+00:00 [60/3960 |   1.5%] completed_this_run=60 attention=60 elapsed=11:18 eta=12:14:40 brief_id=e0ea9e0c-0cd4-406f-81f1-e7bd86be0446 status=needs_auth title="Where does prior art signal emerging patent risks in automotive human-machine i…" | Eureka authorization is missing or expired.
2026-09-12T12:52:26.204021+00:00 task_update brief_id=d4a1da3d-d37b-473e-b79f-e6b742c3f720 status=prepared share_status=pending completion_status= polls=0
2026-09-12T12:52:26.214295+00:00 task_update brief_id=d4a1da3d-d37b-473e-b79f-e6b742c3f720 status=needs_auth share_status=pending completion_status= polls=0
2026-09-12T12:52:26.216011+00:00 [61/3960 |   1.5%] completed_this_run=61 attention=61 elapsed=11:18 eta=12:02:28 brief_id=d4a1da3d-d37b-473e-b79f-e6b742c3f720 status=needs_auth title="How should biotechnology disclosure completeness be assessed before drafting a …" | Eureka authorization is missing or expired.
2026-09-12T12:52:26.217392+00:00 task_update brief_id=321efdcf-ef5d-47f5-9b4f-bff37bcbee07 status=prepared share_status=pending completion_status= polls=0
2026-09-12T12:52:26.225077+00:00 task_update brief_id=321efdcf-ef5d-47f5-9b4f-bff37bcbee07 status=needs_auth share_status=pending completion_status= polls=0
2026-09-12T12:52:26.227256+00:00 [62/3960 |   1.6%] completed_this_run=62 attention=62 elapsed=11:18 eta=11:50:38 brief_id=321efdcf-ef5d-47f5-9b4f-bff37bcbee07 status=needs_auth title="Which claim categories should be prioritized when structuring a biotechnology p…" | Eureka authorization is missing or expired.
2026-09-12T12:52:26.228828+00:00 task_update brief_id=2c251daa-69c6-4ef6-9bd1-d0abf57ad44a status=prepared share_status=pending completion_status= polls=0
2026-09-12T12:52:26.236401+00:00 task_update brief_id=2c251daa-69c6-4ef6-9bd1-d0abf57ad44a status=needs_auth share_status=pending completion_status= polls=0
2026-09-12T12:52:26.238255+00:00 [63/3960 |   1.6%] completed_this_run=63 attention=63 elapsed=11:18 eta=11:39:11 brief_id=2c251daa-69c6-4ef6-9bd1-d0abf57ad44a status=needs_auth title="How should independent and dependent claims be organized to preserve fallback p…" | Eureka authorization is missing or expired.
2026-09-12T12:52:26.240240+00:00 task_update brief_id=dd54c577-8eed-468d-84c1-260534737b80 status=prepared share_status=pending completion_status= polls=0
2026-09-12T12:52:26.249091+00:00 task_update brief_id=dd54c577-8eed-468d-84c1-260534737b80 status=needs_auth share_status=pending completion_status= polls=0
2026-09-12T12:52:26.250788+00:00 [64/3960 |   1.6%] completed_this_run=64 attention=64 elapsed=11:18 eta=11:28:06 brief_id=dd54c577-8eed-468d-84c1-260534737b80 status=needs_auth title="What level of experimental and predictive support should be incorporated into a…" | Eureka authorization is missing or expired.
2026-09-12T12:52:26.252268+00:00 task_update brief_id=eddfa0a4-f1d0-47e1-979c-da8c492a7eee status=prepared share_status=pending completion_status= polls=0
2026-09-12T12:52:26.259755+00:00 task_update brief_id=eddfa0a4-f1d0-47e1-979c-da8c492a7eee status=needs_auth share_status=pending completion_status= polls=0
2026-09-12T12:52:26.261590+00:00 [65/3960 |   1.6%] completed_this_run=65 attention=65 elapsed=11:18 eta=11:17:21 brief_id=eddfa0a4-f1d0-47e1-979c-da8c492a7eee status=needs_auth title="How should biotechnology embodiments be selected and described to support meani…" | Eureka authorization is missing or expired.
2026-09-12T12:52:26.263278+00:00 task_update brief_id=10c79144-36a7-4725-b261-67278a101db3 status=prepared share_status=pending completion_status= polls=0
2026-09-12T12:52:26.269658+00:00 task_update brief_id=10c79144-36a7-4725-b261-67278a101db3 status=needs_auth share_status=pending completion_status= polls=0
2026-09-12T12:52:26.271440+00:00 [66/3960 |   1.7%] completed_this_run=66 attention=66 elapsed=11:18 eta=11:06:56 brief_id=10c79144-36a7-4725-b261-67278a101db3 status=needs_auth title="Which terminology and definition choices best reduce ambiguity in biotechnology…" | Eureka authorization is missing or expired.
2026-09-12T12:52:26.273175+00:00 task_update brief_id=ce4442aa-1b65-45d5-98b3-dae0a2f34fe6 status=prepared share_status=pending completion_status= polls=0
2026-09-12T12:52:26.281320+00:00 task_update brief_id=ce4442aa-1b65-45d5-98b3-dae0a2f34fe6 status=needs_auth share_status=pending completion_status= polls=0
2026-09-12T12:52:26.283123+00:00 [67/3960 |   1.7%] completed_this_run=67 attention=67 elapsed=11:18 eta=10:56:49 brief_id=ce4442aa-1b65-45d5-98b3-dae0a2f34fe6 status=needs_auth title="How should sequence-related disclosures be organized when they are relevant to …" | Eureka authorization is missing or expired.
2026-09-12T12:52:26.284393+00:00 task_update brief_id=43d8adb7-32ae-46ad-981c-17518a3cdcce status=prepared share_status=pending completion_status= polls=0
2026-09-12T12:52:26.294938+00:00 task_update brief_id=43d8adb7-32ae-46ad-981c-17518a3cdcce status=needs_auth share_status=pending completion_status= polls=0
2026-09-12T12:52:26.296747+00:00 [68/3960 |   1.7%] completed_this_run=68 attention=68 elapsed=11:18 eta=10:47:00 brief_id=43d8adb7-32ae-46ad-981c-17518a3cdcce status=needs_auth title="How should priority support be mapped across the sections and claims of a biote…" | Eureka authorization is missing or expired.
2026-09-12T12:52:26.298443+00:00 task_update brief_id=17e36e61-171f-491f-9b4b-4bc0a5c9a2b1 status=prepared share_status=pending completion_status= polls=0
2026-09-12T12:52:26.306451+00:00 task_update brief_id=17e36e61-171f-491f-9b4b-4bc0a5c9a2b1 status=needs_auth share_status=pending completion_status= polls=0
2026-09-12T12:52:26.308331+00:00 [69/3960 |   1.7%] completed_this_run=69 attention=69 elapsed=11:18 eta=10:37:28 brief_id=17e36e61-171f-491f-9b4b-4bc0a5c9a2b1 status=needs_auth title="Which specification sections require the strongest support mapping to prepare f…" | Eureka authorization is missing or expired.
2026-09-12T12:52:26.309831+00:00 task_update brief_id=80635225-0365-40bd-997f-49b7205cdd09 status=prepared share_status=pending completion_status= polls=0
2026-09-12T12:52:26.317785+00:00 task_update brief_id=80635225-0365-40bd-997f-49b7205cdd09 status=needs_auth share_status=pending completion_status= polls=0
2026-09-12T12:52:26.319529+00:00 [70/3960 |   1.8%] completed_this_run=70 attention=70 elapsed=11:18 eta=10:28:13 brief_id=80635225-0365-40bd-997f-49b7205cdd09 status=needs_auth title="How should drafting trade-offs between claim breadth, disclosure support, and p…" | Eureka authorization is missing or expired.
2026-09-12T12:52:26.320891+00:00 task_update brief_id=44b5f52d-9dca-441e-b771-162e1795b98c status=prepared share_status=pending completion_status= polls=0
2026-09-12T12:52:26.328924+00:00 task_update brief_id=44b5f52d-9dca-441e-b771-162e1795b98c status=needs_auth share_status=pending completion_status= polls=0
2026-09-12T12:52:26.330818+00:00 [71/3960 |   1.8%] completed_this_run=71 attention=71 elapsed=11:18 eta=10:19:13 brief_id=44b5f52d-9dca-441e-b771-162e1795b98c status=needs_auth title="Which patent claim and legal-status signals indicate the most significant freed…" | Eureka authorization is missing or expired.
2026-09-12T12:52:26.332264+00:00 task_update brief_id=2db24a31-9fa5-4907-ae18-18e3d90ba9c3 status=prepared share_status=pending completion_status= polls=0
2026-09-12T12:52:26.340168+00:00 task_update brief_id=2db24a31-9fa5-4907-ae18-18e3d90ba9c3 status=needs_auth share_status=pending completion_status= polls=0
2026-09-12T12:52:26.342034+00:00 [72/3960 |   1.8%] completed_this_run=72 attention=72 elapsed=11:18 eta=10:10:28 brief_id=2db24a31-9fa5-4907-ae18-18e3d90ba9c3 status=needs_auth title="How do pending patent applications create future freedom-to-operate uncertainty…" | Eureka authorization is missing or expired.
2026-09-12T12:52:26.343554+00:00 task_update brief_id=9898d08b-3ce8-4f3b-83ad-9e65bd93d930 status=prepared share_status=pending completion_status= polls=0
2026-09-12T12:52:26.386913+00:00 task_update brief_id=9898d08b-3ce8-4f3b-83ad-9e65bd93d930 status=needs_auth share_status=pending completion_status= polls=0
2026-09-12T12:52:26.391029+00:00 [73/3960 |   1.8%] completed_this_run=73 attention=73 elapsed=11:18 eta=10:02:00 brief_id=9898d08b-3ce8-4f3b-83ad-9e65bd93d930 status=needs_auth title="Where can jurisdictional differences in patent scope and status create freedom-…" | Eureka authorization is missing or expired.
2026-09-12T12:52:26.394060+00:00 task_update brief_id=1bcd2541-8ad9-4fde-8f7b-50fc109723c6 status=prepared share_status=pending completion_status= polls=0
2026-09-12T12:52:26.403296+00:00 task_update brief_id=1bcd2541-8ad9-4fde-8f7b-50fc109723c6 status=needs_auth share_status=pending completion_status= polls=0
2026-09-12T12:52:26.405331+00:00 [74/3960 |   1.9%] completed_this_run=74 attention=74 elapsed=11:18 eta=9:53:43 brief_id=1bcd2541-8ad9-4fde-8f7b-50fc109723c6 status=needs_auth title="How do patent-family and continuity relationships affect freedom-to-operate ris…" | Eureka authorization is missing or expired.
2026-09-12T12:52:26.407093+00:00 task_update brief_id=7556890b-be70-4bcf-b05c-06422021f771 status=prepared share_status=pending completion_status= polls=0
2026-09-12T12:52:26.416159+00:00 task_update brief_id=7556890b-be70-4bcf-b05c-06422021f771 status=needs_auth share_status=pending completion_status= polls=0
2026-09-12T12:52:26.424559+00:00 [75/3960 |   1.9%] completed_this_run=75 attention=75 elapsed=11:18 eta=9:45:40 brief_id=7556890b-be70-4bcf-b05c-06422021f771 status=needs_auth title="Which ownership, assignment, and licensing signals are material to freedom-to-o…" | Eureka authorization is missing or expired.
2026-09-12T12:52:26.428604+00:00 task_update brief_id=2da4c292-ddbb-479c-ac88-9fd6253bbc32 status=prepared share_status=pending completion_status= polls=0
2026-09-12T12:52:26.436807+00:00 task_update brief_id=2da4c292-ddbb-479c-ac88-9fd6253bbc32 status=needs_auth share_status=pending completion_status= polls=0
2026-09-12T12:52:26.439306+00:00 [76/3960 |   1.9%] completed_this_run=76 attention=76 elapsed=11:18 eta=9:37:50 brief_id=2da4c292-ddbb-479c-ac88-9fd6253bbc32 status=needs_auth title="How can claim-element mapping reveal freedom-to-operate risks across common bio…" | Eureka authorization is missing or expired.
2026-09-12T12:52:26.441813+00:00 task_update brief_id=c28b05e3-b059-4c27-9320-fde464ac22b2 status=prepared share_status=pending completion_status= polls=0
2026-09-12T12:52:26.451924+00:00 task_update brief_id=c28b05e3-b059-4c27-9320-fde464ac22b2 status=needs_auth share_status=pending completion_status= polls=0
2026-09-12T12:52:26.454345+00:00 [77/3960 |   1.9%] completed_this_run=77 attention=77 elapsed=11:18 eta=9:30:11 brief_id=c28b05e3-b059-4c27-9320-fde464ac22b2 status=needs_auth title="Which patent-term events could change freedom-to-operate risk over time across …" | Eureka authorization is missing or expired.
2026-09-12T12:52:26.456392+00:00 task_update brief_id=f64fca31-e308-4299-903a-233ac54bf515 status=prepared share_status=pending completion_status= polls=0
2026-09-12T12:52:26.465578+00:00 task_update brief_id=f64fca31-e308-4299-903a-233ac54bf515 status=needs_auth share_status=pending completion_status= polls=0
2026-09-12T12:52:26.467731+00:00 [78/3960 |   2.0%] completed_this_run=78 attention=78 elapsed=11:18 eta=9:22:45 brief_id=f64fca31-e308-4299-903a-233ac54bf515 status=needs_auth title="How do oppositions, reexaminations, revocations, and patent disputes affect fre…" | Eureka authorization is missing or expired.
2026-09-12T12:52:26.469558+00:00 task_update brief_id=f4270392-5fac-49e2-b6d5-e8417018e3d3 status=prepared share_status=pending completion_status= polls=0
2026-09-12T12:52:26.478844+00:00 task_update brief_id=f4270392-5fac-49e2-b6d5-e8417018e3d3 status=needs_auth share_status=pending completion_status= polls=0
2026-09-12T12:52:26.480921+00:00 [79/3960 |   2.0%] completed_this_run=79 attention=79 elapsed=11:18 eta=9:15:29 brief_id=f4270392-5fac-49e2-b6d5-e8417018e3d3 status=needs_auth title="At which biotechnology value-chain stages can third-party patent rights create …" | Eureka authorization is missing or expired.
2026-09-12T12:52:26.482312+00:00 task_update brief_id=0147825b-335b-4bd2-b413-753d5df397fd status=prepared share_status=pending completion_status= polls=0
2026-09-12T12:52:26.492343+00:00 task_update brief_id=0147825b-335b-4bd2-b413-753d5df397fd status=needs_auth share_status=pending completion_status= polls=0
2026-09-12T12:52:26.494454+00:00 [80/3960 |   2.0%] completed_this_run=80 attention=80 elapsed=11:18 eta=9:08:25 brief_id=0147825b-335b-4bd2-b413-753d5df397fd status=needs_auth title="Which evidence gaps most limit confidence in industry-wide biotechnology freedo…" | Eureka authorization is missing or expired.
2026-09-12T12:52:26.496240+00:00 task_update brief_id=e4853c24-925e-46d6-beb9-3fc4c0fb6534 status=prepared share_status=pending completion_status= polls=0
2026-09-12T12:52:26.505854+00:00 task_update brief_id=e4853c24-925e-46d6-beb9-3fc4c0fb6534 status=needs_auth share_status=pending completion_status= polls=0
2026-09-12T12:52:26.508350+00:00 [81/3960 |   2.0%] completed_this_run=81 attention=81 elapsed=11:18 eta=9:01:31 brief_id=e4853c24-925e-46d6-beb9-3fc4c0fb6534 status=needs_auth title="How should biotech novelty objections be mapped to claim limitations and cited-…" | Eureka authorization is missing or expired.
2026-09-12T12:52:26.510079+00:00 task_update brief_id=266c2ac7-2672-4b2b-a7ba-f4b1547eba14 status=prepared share_status=pending completion_status= polls=0
2026-09-12T12:52:26.518026+00:00 task_update brief_id=266c2ac7-2672-4b2b-a7ba-f4b1547eba14 status=needs_auth share_status=pending completion_status= polls=0
2026-09-12T12:52:26.519984+00:00 [82/3960 |   2.1%] completed_this_run=82 attention=82 elapsed=11:18 eta=8:54:47 brief_id=266c2ac7-2672-4b2b-a7ba-f4b1547eba14 status=needs_auth title="What evidence should be compared when assessing inventive-step or obviousness o…" | Eureka authorization is missing or expired.
2026-09-12T12:52:26.521420+00:00 task_update brief_id=9d4099db-ad92-4f69-abd5-af05b763d04a status=prepared share_status=pending completion_status= polls=0
2026-09-12T12:52:26.531201+00:00 task_update brief_id=9d4099db-ad92-4f69-abd5-af05b763d04a status=needs_auth share_status=pending completion_status= polls=0
2026-09-12T12:52:26.534416+00:00 [83/3960 |   2.1%] completed_this_run=83 attention=83 elapsed=11:18 eta=8:48:13 brief_id=9d4099db-ad92-4f69-abd5-af05b763d04a status=needs_auth title="How can written-description or support objections in biotech prosecution be tra…" | Eureka authorization is missing or expired.
2026-09-12T12:52:26.536660+00:00 task_update brief_id=ac95b9a2-9c8b-42ed-98c4-c1c3e513f560 status=prepared share_status=pending completion_status= polls=0
2026-09-12T12:52:26.551216+00:00 task_update brief_id=ac95b9a2-9c8b-42ed-98c4-c1c3e513f560 status=needs_auth share_status=pending completion_status= polls=0
2026-09-12T12:52:26.553639+00:00 [84/3960 |   2.1%] completed_this_run=84 attention=84 elapsed=11:18 eta=8:41:48 brief_id=ac95b9a2-9c8b-42ed-98c4-c1c3e513f560 status=needs_auth title="What application evidence is relevant to evaluating enablement or sufficiency o…" | Eureka authorization is missing or expired.
2026-09-12T12:52:26.555688+00:00 task_update brief_id=4faad807-faa0-4f8f-963c-75b8272d51f9 status=prepared share_status=pending completion_status= polls=0
2026-09-12T12:52:26.563910+00:00 task_update brief_id=4faad807-faa0-4f8f-963c-75b8272d51f9 status=needs_auth share_status=pending completion_status= polls=0
2026-09-12T12:52:26.566218+00:00 [85/3960 |   2.1%] completed_this_run=85 attention=85 elapsed=11:18 eta=8:35:33 brief_id=4faad807-faa0-4f8f-963c-75b8272d51f9 status=needs_auth title="How should clarity, definiteness, or claim-construction objections in biotech o…" | Eureka authorization is missing or expired.
2026-09-12T12:52:26.568406+00:00 task_update brief_id=ba751ee2-84b9-42db-8d92-136049d2c7bb status=prepared share_status=pending completion_status= polls=0
2026-09-12T12:52:26.577830+00:00 task_update brief_id=ba751ee2-84b9-42db-8d92-136049d2c7bb status=needs_auth share_status=pending completion_status= polls=0
2026-09-12T12:52:26.580205+00:00 [86/3960 |   2.2%] completed_this_run=86 attention=86 elapsed=11:18 eta=8:29:26 brief_id=ba751ee2-84b9-42db-8d92-136049d2c7bb status=needs_auth title="How can proposed biotech claim amendments be checked against office-action obje…" | Eureka authorization is missing or expired.
2026-09-12T12:52:26.581854+00:00 task_update brief_id=d117a08a-5fb9-46fd-be4a-1fe2f36826d0 status=prepared share_status=pending completion_status= polls=0
2026-09-12T12:52:26.592052+00:00 task_update brief_id=d117a08a-5fb9-46fd-be4a-1fe2f36826d0 status=needs_auth share_status=pending completion_status= polls=0
2026-09-12T12:52:26.594339+00:00 [87/3960 |   2.2%] completed_this_run=87 attention=87 elapsed=11:18 eta=8:23:27 brief_id=d117a08a-5fb9-46fd-be4a-1fe2f36826d0 status=needs_auth title="What evidence is needed to assess whether cited references qualify and apply as…" | Eureka authorization is missing or expired.
2026-09-12T12:52:26.596042+00:00 task_update brief_id=19332e1a-f727-4a05-960a-a8f6ee9a397f status=prepared share_status=pending completion_status= polls=0
2026-09-12T12:52:26.607400+00:00 task_update brief_id=19332e1a-f727-4a05-960a-a8f6ee9a397f status=needs_auth share_status=pending completion_status= polls=0
2026-09-12T12:52:26.609685+00:00 [88/3960 |   2.2%] completed_this_run=88 attention=88 elapsed=11:18 eta=8:17:37 brief_id=19332e1a-f727-4a05-960a-a8f6ee9a397f status=needs_auth title="How should unity-of-invention, restriction, or election requirements in biotech…" | Eureka authorization is missing or expired.
2026-09-12T12:52:26.611038+00:00 task_update brief_id=92d35991-1fcf-40bd-8c2b-81aa9aa1b19c status=prepared share_status=pending completion_status= polls=0
2026-09-12T12:52:26.619618+00:00 task_update brief_id=92d35991-1fcf-40bd-8c2b-81aa9aa1b19c status=needs_auth share_status=pending completion_status= polls=0
2026-09-12T12:52:26.621749+00:00 [89/3960 |   2.2%] completed_this_run=89 attention=89 elapsed=11:18 eta=8:11:54 brief_id=92d35991-1fcf-40bd-8c2b-81aa9aa1b19c status=needs_auth title="How can multiple objections in a biotech office action be prioritized using evi…" | Eureka authorization is missing or expired.
2026-09-12T12:52:26.623670+00:00 task_update brief_id=409cb50f-39cf-4611-9f94-558df9ac25e2 status=prepared share_status=pending completion_status= polls=0
2026-09-12T12:52:26.632880+00:00 task_update brief_id=409cb50f-39cf-4611-9f94-558df9ac25e2 status=needs_auth share_status=pending completion_status= polls=0
2026-09-12T12:52:26.634932+00:00 [90/3960 |   2.3%] completed_this_run=90 attention=90 elapsed=11:18 eta=8:06:19 brief_id=409cb50f-39cf-4611-9f94-558df9ac25e2 status=needs_auth title="What prosecution-record evidence should be assembled to compare response option…" | Eureka authorization is missing or expired.
2026-09-12T12:52:26.636785+00:00 task_update brief_id=240afbbe-7498-4004-a0e9-83d9bc60e8a7 status=prepared share_status=pending completion_status= polls=0
2026-09-12T12:52:26.653587+00:00 task_update brief_id=240afbbe-7498-4004-a0e9-83d9bc60e8a7 status=needs_auth share_status=pending completion_status= polls=0
2026-09-12T12:52:26.672724+00:00 [91/3960 |   2.3%] completed_this_run=91 attention=91 elapsed=11:18 eta=8:00:53 brief_id=240afbbe-7498-4004-a0e9-83d9bc60e8a7 status=needs_auth title="Which research tasks would help clarify how the balance among major biotechnolo…" | Eureka authorization is missing or expired.
2026-09-12T12:52:26.674592+00:00 task_update brief_id=a78f1660-c224-46d3-b507-d34df8d8ef08 status=prepared share_status=pending completion_status= polls=0
2026-09-12T12:52:26.683970+00:00 task_update brief_id=a78f1660-c224-46d3-b507-d34df8d8ef08 status=needs_auth share_status=pending completion_status= polls=0
2026-09-12T12:52:26.686928+00:00 [92/3960 |   2.3%] completed_this_run=92 attention=92 elapsed=11:18 eta=7:55:32 brief_id=a78f1660-c224-46d3-b507-d34df8d8ef08 status=needs_auth title="What research options could help distinguish emerging biotechnology directions …" | Eureka authorization is missing or expired.
2026-09-12T12:52:26.688537+00:00 task_update brief_id=b950b75b-acfb-486e-8fff-858443019829 status=prepared share_status=pending completion_status= polls=0
2026-09-12T12:52:26.697520+00:00 task_update brief_id=b950b75b-acfb-486e-8fff-858443019829 status=needs_auth share_status=pending completion_status= polls=0
2026-09-12T12:52:26.700115+00:00 [93/3960 |   2.3%] completed_this_run=93 attention=93 elapsed=11:18 eta=7:50:19 brief_id=b950b75b-acfb-486e-8fff-858443019829 status=needs_auth title="Which tasks could reveal whether biotechnology fields are converging into new r…" | Eureka authorization is missing or expired.
2026-09-12T12:52:26.702100+00:00 task_update brief_id=2695f019-3c9a-4039-98bd-225138ca5850 status=prepared share_status=pending completion_status= polls=0
2026-09-12T12:52:26.711561+00:00 task_update brief_id=2695f019-3c9a-4039-98bd-225138ca5850 status=needs_auth share_status=pending completion_status= polls=0
2026-09-12T12:52:26.714017+00:00 [94/3960 |   2.4%] completed_this_run=94 attention=94 elapsed=11:18 eta=7:45:12 brief_id=2695f019-3c9a-4039-98bd-225138ca5850 status=needs_auth title="What research tasks would help assess how biotechnology's major application are…" | Eureka authorization is missing or expired.
2026-09-12T12:52:26.715663+00:00 task_update brief_id=49392863-2ce2-4aa0-a463-6a0ea9da2af0 status=prepared share_status=pending completion_status= polls=0
2026-09-12T12:52:26.724587+00:00 task_update brief_id=49392863-2ce2-4aa0-a463-6a0ea9da2af0 status=needs_auth share_status=pending completion_status= polls=0
2026-09-12T12:52:26.727962+00:00 [95/3960 |   2.4%] completed_this_run=95 attention=95 elapsed=11:18 eta=7:40:12 brief_id=49392863-2ce2-4aa0-a463-6a0ea9da2af0 status=needs_auth title="Which research options could clarify changing barriers between biotechnology di…" | Eureka authorization is missing or expired.
2026-09-12T12:52:26.730608+00:00 task_update brief_id=c986fc6e-4c83-4fb1-874d-5fe6f2ff2ecb status=prepared share_status=pending completion_status= polls=0
2026-09-12T12:52:26.740736+00:00 task_update brief_id=c986fc6e-4c83-4fb1-874d-5fe6f2ff2ecb status=needs_auth share_status=pending completion_status= polls=0
2026-09-12T12:52:26.742789+00:00 [96/3960 |   2.4%] completed_this_run=96 attention=96 elapsed=11:18 eta=7:35:18 brief_id=c986fc6e-4c83-4fb1-874d-5fe6f2ff2ecb status=needs_auth title="What tasks could help assess how enabling research tools are reshaping the biot…" | Eureka authorization is missing or expired.
2026-09-12T12:52:26.744248+00:00 task_update brief_id=1cf38d84-092e-4c6b-889a-5628ddc158d4 status=prepared share_status=pending completion_status= polls=0
2026-09-12T12:52:26.753033+00:00 task_update brief_id=1cf38d84-092e-4c6b-889a-5628ddc158d4 status=needs_auth share_status=pending completion_status= polls=0
2026-09-12T12:52:26.755275+00:00 [97/3960 |   2.4%] completed_this_run=97 attention=97 elapsed=11:18 eta=7:30:29 brief_id=1cf38d84-092e-4c6b-889a-5628ddc158d4 status=needs_auth title="Which research tasks could clarify trends in validation and reproducibility acr…" | Eureka authorization is missing or expired.
2026-09-12T12:52:26.756922+00:00 task_update brief_id=24fa26cd-2f32-46dd-a721-efcb5b4d133c status=prepared share_status=pending completion_status= polls=0
2026-09-12T12:52:26.765514+00:00 task_update brief_id=24fa26cd-2f32-46dd-a721-efcb5b4d133c status=needs_auth share_status=pending completion_status= polls=0
2026-09-12T12:52:26.767575+00:00 [98/3960 |   2.5%] completed_this_run=98 attention=98 elapsed=11:18 eta=7:25:47 brief_id=24fa26cd-2f32-46dd-a721-efcb5b4d133c status=needs_auth title="What research options could show how collaboration patterns are changing biotec…" | Eureka authorization is missing or expired.
2026-09-12T12:52:26.769191+00:00 task_update brief_id=fcfb9679-332c-43e2-9cf4-682e38de5c70 status=prepared share_status=pending completion_status= polls=0
2026-09-12T12:52:26.778434+00:00 task_update brief_id=fcfb9679-332c-43e2-9cf4-682e38de5c70 status=needs_auth share_status=pending completion_status= polls=0
2026-09-12T12:52:26.780541+00:00 [99/3960 |   2.5%] completed_this_run=99 attention=99 elapsed=11:18 eta=7:21:11 brief_id=fcfb9679-332c-43e2-9cf4-682e38de5c70 status=needs_auth title="Which tasks could help distinguish sustained biotechnology research trends from…" | Eureka authorization is missing or expired.
2026-09-12T12:52:26.782004+00:00 task_update brief_id=4329f2fe-9cf5-46e5-9b75-b930a81b7e61 status=prepared share_status=pending completion_status= polls=0
2026-09-12T12:52:26.790372+00:00 task_update brief_id=4329f2fe-9cf5-46e5-9b75-b930a81b7e61 status=needs_auth share_status=pending completion_status= polls=0
2026-09-12T12:52:26.801150+00:00 [100/3960 |   2.5%] completed_this_run=100 attention=100 elapsed=11:18 eta=7:16:40 brief_id=4329f2fe-9cf5-46e5-9b75-b930a81b7e61 status=needs_auth title="What horizon-scanning tasks could help identify early signals of the next major…" | Eureka authorization is missing or expired.
2026-09-12T12:52:26.802509+00:00 task_update brief_id=5fbc0a78-6201-42a3-955e-f8902faca529 status=prepared share_status=pending completion_status= polls=0
2026-09-12T12:52:26.810726+00:00 task_update brief_id=5fbc0a78-6201-42a3-955e-f8902faca529 status=needs_auth share_status=pending completion_status= polls=0
2026-09-12T12:52:26.812727+00:00 [101/3960 |   2.6%] completed_this_run=101 attention=101 elapsed=11:18 eta=7:12:14 brief_id=5fbc0a78-6201-42a3-955e-f8902faca529 status=needs_auth title="How are the major technology clusters in the biotechnology patent landscape cha…" | Eureka authorization is missing or expired.
2026-09-12T12:52:26.814481+00:00 task_update brief_id=904943d3-fc5f-4506-a7d4-ee1cd333c16f status=prepared share_status=pending completion_status= polls=0
2026-09-12T12:52:26.822577+00:00 task_update brief_id=904943d3-fc5f-4506-a7d4-ee1cd333c16f status=needs_auth share_status=pending completion_status= polls=0
2026-09-12T12:52:26.824796+00:00 [102/3960 |   2.6%] completed_this_run=102 attention=102 elapsed=11:18 eta=7:07:54 brief_id=904943d3-fc5f-4506-a7d4-ee1cd333c16f status=needs_auth title="Which biotechnology application fields are gaining or losing patent-filing mome…" | Eureka authorization is missing or expired.
2026-09-12T12:52:26.826703+00:00 task_update brief_id=6803bccf-ea1c-4486-872b-531396deb617 status=prepared share_status=pending completion_status= polls=0
2026-09-12T12:52:26.835635+00:00 task_update brief_id=6803bccf-ea1c-4486-872b-531396deb617 status=needs_auth share_status=pending completion_status= polls=0
2026-09-12T12:52:26.837841+00:00 [103/3960 |   2.6%] completed_this_run=103 attention=103 elapsed=11:18 eta=7:03:38 brief_id=6803bccf-ea1c-4486-872b-531396deb617 status=needs_auth title="How is the concentration of major biotechnology patent holders shifting across …" | Eureka authorization is missing or expired.
2026-09-12T12:52:26.840804+00:00 task_update brief_id=c394ed23-bb95-4808-a1cf-0a139edb0a1c status=prepared share_status=pending completion_status= polls=0
2026-09-12T12:52:26.848598+00:00 task_update brief_id=c394ed23-bb95-4808-a1cf-0a139edb0a1c status=needs_auth share_status=pending completion_status= polls=0
2026-09-12T12:52:26.851017+00:00 [104/3960 |   2.6%] completed_this_run=104 attention=104 elapsed=11:18 eta=6:59:28 brief_id=c394ed23-bb95-4808-a1cf-0a139edb0a1c status=needs_auth title="What geographic shifts are reshaping the global biotechnology patent landscape?" | Eureka authorization is missing or expired.
2026-09-12T12:52:26.852884+00:00 task_update brief_id=d1095377-15e2-4a33-ab7c-b7b38078fd14 status=prepared share_status=pending completion_status= polls=0
2026-09-12T12:52:26.861309+00:00 task_update brief_id=d1095377-15e2-4a33-ab7c-b7b38078fd14 status=needs_auth share_status=pending completion_status= polls=0
2026-09-12T12:52:26.863452+00:00 [105/3960 |   2.7%] completed_this_run=105 attention=105 elapsed=11:18 eta=6:55:22 brief_id=d1095377-15e2-4a33-ab7c-b7b38078fd14 status=needs_auth title="How is biotechnology patent activity evolving across research, development, pro…" | Eureka authorization is missing or expired.
2026-09-12T12:52:26.865493+00:00 task_update brief_id=ee0cf957-2f6e-4135-99e9-3ebb4468b84a status=prepared share_status=pending completion_status= polls=0
2026-09-12T12:52:26.874059+00:00 task_update brief_id=ee0cf957-2f6e-4135-99e9-3ebb4468b84a status=needs_auth share_status=pending completion_status= polls=0
2026-09-12T12:52:26.876119+00:00 [106/3960 |   2.7%] completed_this_run=106 attention=106 elapsed=11:18 eta=6:51:21 brief_id=ee0cf957-2f6e-4135-99e9-3ebb4468b84a status=needs_auth title="Where are converging technology domains creating new clusters in the biotechnol…" | Eureka authorization is missing or expired.
2026-09-12T12:52:26.877763+00:00 task_update brief_id=e1a28e62-13cd-43b1-bd64-a2196e0a0dad status=prepared share_status=pending completion_status= polls=0
2026-09-12T12:52:26.887630+00:00 task_update brief_id=e1a28e62-13cd-43b1-bd64-a2196e0a0dad status=needs_auth share_status=pending completion_status= polls=0
2026-09-12T12:52:26.889680+00:00 [107/3960 |   2.7%] completed_this_run=107 attention=107 elapsed=11:18 eta=6:47:25 brief_id=e1a28e62-13cd-43b1-bd64-a2196e0a0dad status=needs_auth title="Which areas of the biotechnology patent landscape appear mature, emerging, or c…" | Eureka authorization is missing or expired.
2026-09-12T12:52:26.891723+00:00 task_update brief_id=ff1e895e-10f4-485a-81cf-8c0105c9195f status=prepared share_status=pending completion_status= polls=0
2026-09-12T12:52:26.901632+00:00 task_update brief_id=ff1e895e-10f4-485a-81cf-8c0105c9195f status=needs_auth share_status=pending completion_status= polls=0
2026-09-12T12:52:26.903791+00:00 [108/3960 |   2.7%] completed_this_run=108 attention=108 elapsed=11:18 eta=6:43:33 brief_id=ff1e895e-10f4-485a-81cf-8c0105c9195f status=needs_auth title="How are biotechnology patent-family formation and international extension patte…" | Eureka authorization is missing or expired.
2026-09-12T12:52:26.905536+00:00 task_update brief_id=e469c787-49cd-4e9e-b5a6-c1189e05ff47 status=prepared share_status=pending completion_status= polls=0
2026-09-12T12:52:26.915114+00:00 task_update brief_id=e469c787-49cd-4e9e-b5a6-c1189e05ff47 status=needs_auth share_status=pending completion_status= polls=0
2026-09-12T12:52:26.918875+00:00 [109/3960 |   2.8%] completed_this_run=109 attention=109 elapsed=11:18 eta=6:39:45 brief_id=e469c787-49cd-4e9e-b5a6-c1189e05ff47 status=needs_auth title="How are collaboration and co-ownership networks changing among biotechnology pa…" | Eureka authorization is missing or expired.
2026-09-12T12:52:26.922212+00:00 task_update brief_id=89f8e3ff-fe4a-46dc-a2bc-c7fb6d82d283 status=prepared share_status=pending completion_status= polls=0
2026-09-12T12:52:26.935665+00:00 task_update brief_id=89f8e3ff-fe4a-46dc-a2bc-c7fb6d82d283 status=needs_auth share_status=pending completion_status= polls=0
2026-09-12T12:52:26.937909+00:00 [110/3960 |   2.8%] completed_this_run=110 attention=110 elapsed=11:18 eta=6:36:01 brief_id=89f8e3ff-fe4a-46dc-a2bc-c7fb6d82d283 status=needs_auth title="Which biotechnology patent clusters are attracting a broader mix of established…" | Eureka authorization is missing or expired.
2026-09-12T12:52:26.942894+00:00 task_update brief_id=8a24e912-4de7-4ea6-bfd1-d184361dd5bb status=prepared share_status=pending completion_status= polls=0
2026-09-12T12:52:26.956022+00:00 task_update brief_id=8a24e912-4de7-4ea6-bfd1-d184361dd5bb status=needs_auth share_status=pending completion_status= polls=0
2026-09-12T12:52:26.958243+00:00 [111/3960 |   2.8%] completed_this_run=111 attention=111 elapsed=11:18 eta=6:32:22 brief_id=8a24e912-4de7-4ea6-bfd1-d184361dd5bb status=needs_auth title="Which biotechnology application areas present the greatest prior-art density an…" | Eureka authorization is missing or expired.
2026-09-12T12:52:26.959600+00:00 task_update brief_id=174ff228-5eb9-4b3f-9573-a55f92551c30 status=prepared share_status=pending completion_status= polls=0
2026-09-12T12:52:26.968508+00:00 task_update brief_id=174ff228-5eb9-4b3f-9573-a55f92551c30 status=needs_auth share_status=pending completion_status= polls=0
2026-09-12T12:52:26.970765+00:00 [112/3960 |   2.8%] completed_this_run=112 attention=112 elapsed=11:18 eta=6:28:46 brief_id=174ff228-5eb9-4b3f-9573-a55f92551c30 status=needs_auth title="Where do foundational biotechnology platform technologies face the broadest pri…" | Eureka authorization is missing or expired.
2026-09-12T12:52:26.972706+00:00 task_update brief_id=35264591-ba14-4c83-ab4e-0ea5f1a2ed83 status=prepared share_status=pending completion_status= polls=0
2026-09-12T12:52:26.981056+00:00 task_update brief_id=35264591-ba14-4c83-ab4e-0ea5f1a2ed83 status=needs_auth share_status=pending completion_status= polls=0
2026-09-12T12:52:26.988635+00:00 [113/3960 |   2.9%] completed_this_run=113 attention=113 elapsed=11:18 eta=6:25:14 brief_id=35264591-ba14-4c83-ab4e-0ea5f1a2ed83 status=needs_auth title="Which enabling biotechnology research tools are most exposed to earlier public …" | Eureka authorization is missing or expired.
2026-09-12T12:52:26.990363+00:00 task_update brief_id=28aeeccf-f230-438f-b4d9-22aac0faf7d5 status=prepared share_status=pending completion_status= polls=0
2026-09-12T12:52:26.998301+00:00 task_update brief_id=28aeeccf-f230-438f-b4d9-22aac0faf7d5 status=needs_auth share_status=pending completion_status= polls=0
2026-09-12T12:52:27.000291+00:00 [114/3960 |   2.9%] completed_this_run=114 attention=114 elapsed=11:18 eta=6:21:46 brief_id=28aeeccf-f230-438f-b4d9-22aac0faf7d5 status=needs_auth title="What prior-art risks arise where established biotechnology fields converge or c…" | Eureka authorization is missing or expired.
2026-09-12T12:52:27.001847+00:00 task_update brief_id=166e0659-267b-4488-89db-38fbfe9954e8 status=prepared share_status=pending completion_status= polls=0
2026-09-12T12:52:27.010753+00:00 task_update brief_id=166e0659-267b-4488-89db-38fbfe9954e8 status=needs_auth share_status=pending completion_status= polls=0
2026-09-12T12:52:27.016347+00:00 [115/3960 |   2.9%] completed_this_run=115 attention=115 elapsed=11:18 eta=6:18:21 brief_id=166e0659-267b-4488-89db-38fbfe9954e8 status=needs_auth title="Which non-patent biotechnology publications create the most significant potenti…" | Eureka authorization is missing or expired.
2026-09-12T12:52:27.018920+00:00 task_update brief_id=9ad07d84-0d0c-4270-9310-b69f17de905e status=prepared share_status=pending completion_status= polls=0
2026-09-12T12:52:27.028689+00:00 task_update brief_id=9ad07d84-0d0c-4270-9310-b69f17de905e status=needs_auth share_status=pending completion_status= polls=0
2026-09-12T12:52:27.030701+00:00 [116/3960 |   2.9%] completed_this_run=116 attention=116 elapsed=11:18 eta=6:15:00 brief_id=9ad07d84-0d0c-4270-9310-b69f17de905e status=needs_auth title="How do publication chronology and patent-family records affect prior-art risk a…" | Eureka authorization is missing or expired.
2026-09-12T12:52:27.032440+00:00 task_update brief_id=8d1f353a-0c03-44ae-9539-71c76bf687b1 status=prepared share_status=pending completion_status= polls=0
2026-09-12T12:52:27.043348+00:00 task_update brief_id=8d1f353a-0c03-44ae-9539-71c76bf687b1 status=needs_auth share_status=pending completion_status= polls=0
2026-09-12T12:52:27.045515+00:00 [117/3960 |   3.0%] completed_this_run=117 attention=117 elapsed=11:19 eta=6:11:42 brief_id=8d1f353a-0c03-44ae-9539-71c76bf687b1 status=needs_auth title="Where can evolving biotechnology terminology cause prior-art searches to miss r…" | Eureka authorization is missing or expired.
2026-09-12T12:52:27.047141+00:00 task_update brief_id=36ad9cd3-abe0-40ef-90da-a742b9d92493 status=prepared share_status=pending completion_status= polls=0
2026-09-12T12:52:27.059313+00:00 task_update brief_id=36ad9cd3-abe0-40ef-90da-a742b9d92493 status=needs_auth share_status=pending completion_status= polls=0
2026-09-12T12:52:27.061613+00:00 [118/3960 |   3.0%] completed_this_run=118 attention=118 elapsed=11:19 eta=6:08:28 brief_id=36ad9cd3-abe0-40ef-90da-a742b9d92493 status=needs_auth title="Which geographic and language coverage gaps create the greatest risk of overloo…" | Eureka authorization is missing or expired.
2026-09-12T12:52:27.069126+00:00 task_update brief_id=4aaeed81-3cdf-4175-b5ef-d62b971b587a status=prepared share_status=pending completion_status= polls=0
2026-09-12T12:52:27.079801+00:00 task_update brief_id=4aaeed81-3cdf-4175-b5ef-d62b971b587a status=needs_auth share_status=pending completion_status= polls=0
2026-09-12T12:52:27.081933+00:00 [119/3960 |   3.0%] completed_this_run=119 attention=119 elapsed=11:19 eta=6:05:17 brief_id=4aaeed81-3cdf-4175-b5ef-d62b971b587a status=needs_auth title="What patent risks are revealed by public biotechnology sequence, structure, and…" | Eureka authorization is missing or expired.
2026-09-12T12:52:27.083565+00:00 task_update brief_id=0ca767aa-e4bf-43a9-aa2d-6eb5dbb96113 status=prepared share_status=pending completion_status= polls=0
2026-09-12T12:52:27.092091+00:00 task_update brief_id=0ca767aa-e4bf-43a9-aa2d-6eb5dbb96113 status=needs_auth share_status=pending completion_status= polls=0
2026-09-12T12:52:27.094128+00:00 [120/3960 |   3.0%] completed_this_run=120 attention=120 elapsed=11:19 eta=6:02:09 brief_id=0ca767aa-e4bf-43a9-aa2d-6eb5dbb96113 status=needs_auth title="Which emerging biotechnology research areas face the highest risk from rapidly …" | Eureka authorization is missing or expired.
2026-09-12T12:52:27.097118+00:00 task_update brief_id=47ef7aa9-c1f4-495c-b489-d75c4f5bdbba status=prepared share_status=pending completion_status= polls=0
2026-09-12T12:52:27.108490+00:00 task_update brief_id=47ef7aa9-c1f4-495c-b489-d75c4f5bdbba status=needs_auth share_status=pending completion_status= polls=0
2026-09-12T12:52:27.110310+00:00 [121/3960 |   3.1%] completed_this_run=121 attention=121 elapsed=11:19 eta=5:59:05 brief_id=47ef7aa9-c1f4-495c-b489-d75c4f5bdbba status=needs_auth title="How should specification sections be prioritized when structuring a chemical pa…" | Eureka authorization is missing or expired.
2026-09-12T12:52:27.111561+00:00 task_update brief_id=0fa6cb3a-cbe4-419a-b9be-8e8814db4d44 status=prepared share_status=pending completion_status= polls=0
2026-09-12T12:52:27.125515+00:00 task_update brief_id=0fa6cb3a-cbe4-419a-b9be-8e8814db4d44 status=needs_auth share_status=pending completion_status= polls=0
2026-09-12T12:52:27.127403+00:00 [122/3960 |   3.1%] completed_this_run=122 attention=122 elapsed=11:19 eta=5:56:03 brief_id=0fa6cb3a-cbe4-419a-b9be-8e8814db4d44 status=needs_auth title="Which claim categories should be considered when preparing a chemical patent ap…" | Eureka authorization is missing or expired.
2026-09-12T12:52:27.128698+00:00 task_update brief_id=776a376a-a56f-43e3-bdb2-bc1008f3d685 status=prepared share_status=pending completion_status= polls=0
2026-09-12T12:52:27.141431+00:00 task_update brief_id=776a376a-a56f-43e3-bdb2-bc1008f3d685 status=needs_auth share_status=pending completion_status= polls=0
2026-09-12T12:52:27.143577+00:00 [123/3960 |   3.1%] completed_this_run=123 attention=123 elapsed=11:19 eta=5:53:04 brief_id=776a376a-a56f-43e3-bdb2-bc1008f3d685 status=needs_auth title="How should claim limitations be mapped to specification support in a chemical p…" | Eureka authorization is missing or expired.
2026-09-12T12:52:27.145439+00:00 task_update brief_id=ea5306e6-0961-4bd7-98af-d40c6db168b4 status=prepared share_status=pending completion_status= polls=0
2026-09-12T12:52:27.153928+00:00 task_update brief_id=ea5306e6-0961-4bd7-98af-d40c6db168b4 status=needs_auth share_status=pending completion_status= polls=0
2026-09-12T12:52:27.155799+00:00 [124/3960 |   3.1%] completed_this_run=124 attention=124 elapsed=11:19 eta=5:50:08 brief_id=ea5306e6-0961-4bd7-98af-d40c6db168b4 status=needs_auth title="What terminology and definition decisions should be documented in a chemical pa…" | Eureka authorization is missing or expired.
2026-09-12T12:52:27.157459+00:00 task_update brief_id=58e2baa5-e04c-4e76-85fe-7b9153ce0573 status=prepared share_status=pending completion_status= polls=0
2026-09-12T12:52:27.172680+00:00 task_update brief_id=58e2baa5-e04c-4e76-85fe-7b9153ce0573 status=needs_auth share_status=pending completion_status= polls=0
2026-09-12T12:52:27.182575+00:00 [125/3960 |   3.2%] completed_this_run=125 attention=125 elapsed=11:19 eta=5:47:16 brief_id=58e2baa5-e04c-4e76-85fe-7b9153ce0573 status=needs_auth title="How should working examples and prophetic embodiments be distinguished in a che…" | Eureka authorization is missing or expired.
2026-09-12T12:52:27.186010+00:00 task_update brief_id=31d1396c-ea1a-44ef-809b-17254f683488 status=prepared share_status=pending completion_status= polls=0
2026-09-12T12:52:27.197092+00:00 task_update brief_id=31d1396c-ea1a-44ef-809b-17254f683488 status=needs_auth share_status=pending completion_status= polls=0
2026-09-12T12:52:27.199080+00:00 [126/3960 |   3.2%] completed_this_run=126 attention=126 elapsed=11:19 eta=5:44:26 brief_id=31d1396c-ea1a-44ef-809b-17254f683488 status=needs_auth title="How should ranges, alternatives, and grouped options be organized in a chemical…" | Eureka authorization is missing or expired.
2026-09-12T12:52:27.211782+00:00 task_update brief_id=926d18e4-f600-4033-be00-124f4de92218 status=prepared share_status=pending completion_status= polls=0
2026-09-12T12:52:27.220001+00:00 task_update brief_id=926d18e4-f600-4033-be00-124f4de92218 status=needs_auth share_status=pending completion_status= polls=0
2026-09-12T12:52:27.222031+00:00 [127/3960 |   3.2%] completed_this_run=127 attention=127 elapsed=11:19 eta=5:41:38 brief_id=926d18e4-f600-4033-be00-124f4de92218 status=needs_auth title="Which enablement and written-description risks should shape a chemical patent a…" | Eureka authorization is missing or expired.
2026-09-12T12:52:27.223834+00:00 task_update brief_id=6c418540-15c4-46c6-a9b5-ba4fdf58028d status=prepared share_status=pending completion_status= polls=0
2026-09-12T12:52:27.232173+00:00 task_update brief_id=6c418540-15c4-46c6-a9b5-ba4fdf58028d status=needs_auth share_status=pending completion_status= polls=0
2026-09-12T12:52:27.234094+00:00 [128/3960 |   3.2%] completed_this_run=128 attention=128 elapsed=11:19 eta=5:38:53 brief_id=6c418540-15c4-46c6-a9b5-ba4fdf58028d status=needs_auth title="How should fallback positions and claim dependencies be planned in a chemical p…" | Eureka authorization is missing or expired.
2026-09-12T12:52:27.235905+00:00 task_update brief_id=11718e7e-24b1-45b5-bdfe-d810e2395b50 status=prepared share_status=pending completion_status= polls=0
2026-09-12T12:52:27.251919+00:00 task_update brief_id=11718e7e-24b1-45b5-bdfe-d810e2395b50 status=needs_auth share_status=pending completion_status= polls=0
2026-09-12T12:52:27.253941+00:00 [129/3960 |   3.3%] completed_this_run=129 attention=129 elapsed=11:19 eta=5:36:11 brief_id=11718e7e-24b1-45b5-bdfe-d810e2395b50 status=needs_auth title="What measurement and characterization details should be captured in a chemical …" | Eureka authorization is missing or expired.
2026-09-12T12:52:27.255455+00:00 task_update brief_id=ff574b0a-75eb-4e8e-b235-96fb682ee17f status=prepared share_status=pending completion_status= polls=0
2026-09-12T12:52:27.292161+00:00 task_update brief_id=ff574b0a-75eb-4e8e-b235-96fb682ee17f status=needs_auth share_status=pending completion_status= polls=0
2026-09-12T12:52:27.335686+00:00 [130/3960 |   3.3%] completed_this_run=130 attention=130 elapsed=11:19 eta=5:33:33 brief_id=ff574b0a-75eb-4e8e-b235-96fb682ee17f status=needs_auth title="Which consistency checks should determine whether a chemical patent application…" | Eureka authorization is missing or expired.
2026-09-12T12:52:27.349649+00:00 task_update brief_id=d8258362-b897-48ba-8ba7-585372910c7b status=prepared share_status=pending completion_status= polls=0
2026-09-12T12:52:27.386545+00:00 task_update brief_id=d8258362-b897-48ba-8ba7-585372910c7b status=needs_auth share_status=pending completion_status= polls=0
2026-09-12T12:52:27.388737+00:00 [131/3960 |   3.3%] completed_this_run=131 attention=131 elapsed=11:19 eta=5:30:56 brief_id=d8258362-b897-48ba-8ba7-585372910c7b status=needs_auth title="Which major chemical industry application fields present the greatest potential…" | Eureka authorization is missing or expired.
2026-09-12T12:52:27.390330+00:00 task_update brief_id=4c42829e-1e7c-4eeb-88fc-4854911c628f status=prepared share_status=pending completion_status= polls=0
2026-09-12T12:52:27.398767+00:00 task_update brief_id=4c42829e-1e7c-4eeb-88fc-4854911c628f status=needs_auth share_status=pending completion_status= polls=0
2026-09-12T12:52:27.400939+00:00 [132/3960 |   3.3%] completed_this_run=132 attention=132 elapsed=11:19 eta=5:28:21 brief_id=4c42829e-1e7c-4eeb-88fc-4854911c628f status=needs_auth title="At which stages of the chemical industry value chain do patent claims create si…" | Eureka authorization is missing or expired.
2026-09-12T12:52:27.402670+00:00 task_update brief_id=7e64d1e2-10d7-458b-8bef-09844e5d4061 status=prepared share_status=pending completion_status= polls=0
2026-09-12T12:52:27.413510+00:00 task_update brief_id=7e64d1e2-10d7-458b-8bef-09844e5d4061 status=needs_auth share_status=pending completion_status= polls=0
2026-09-12T12:52:27.416211+00:00 [133/3960 |   3.4%] completed_this_run=133 attention=133 elapsed=11:19 eta=5:25:48 brief_id=7e64d1e2-10d7-458b-8bef-09844e5d4061 status=needs_auth title="How do composition, process, and use claims differ in the FTO risks they create…" | Eureka authorization is missing or expired.
2026-09-12T12:52:27.417610+00:00 task_update brief_id=f977434b-c037-460a-9093-bfe4fb682bfd status=prepared share_status=pending completion_status= polls=0
2026-09-12T12:52:27.433360+00:00 task_update brief_id=f977434b-c037-460a-9093-bfe4fb682bfd status=needs_auth share_status=pending completion_status= polls=0
2026-09-12T12:52:27.435716+00:00 [134/3960 |   3.4%] completed_this_run=134 attention=134 elapsed=11:19 eta=5:23:18 brief_id=f977434b-c037-460a-9093-bfe4fb682bfd status=needs_auth title="Which patent-family and legal-status signals are most important when assessing …" | Eureka authorization is missing or expired.
2026-09-12T12:52:27.438832+00:00 task_update brief_id=f989ce32-a200-4eea-a34e-b2f4a8a87320 status=prepared share_status=pending completion_status= polls=0
2026-09-12T12:52:27.449667+00:00 task_update brief_id=f989ce32-a200-4eea-a34e-b2f4a8a87320 status=needs_auth share_status=pending completion_status= polls=0
2026-09-12T12:52:27.451762+00:00 [135/3960 |   3.4%] completed_this_run=135 attention=135 elapsed=11:19 eta=5:20:50 brief_id=f989ce32-a200-4eea-a34e-b2f4a8a87320 status=needs_auth title="How can pending applications and continuing prosecution create future FTO risks…" | Eureka authorization is missing or expired.
2026-09-12T12:52:27.453417+00:00 task_update brief_id=4e8e43f2-0096-49ca-b1be-4b019aaf0dc0 status=prepared share_status=pending completion_status= polls=0
2026-09-12T12:52:27.463674+00:00 task_update brief_id=4e8e43f2-0096-49ca-b1be-4b019aaf0dc0 status=needs_auth share_status=pending completion_status= polls=0
2026-09-12T12:52:27.465775+00:00 [136/3960 |   3.4%] completed_this_run=136 attention=136 elapsed=11:19 eta=5:18:24 brief_id=4e8e43f2-0096-49ca-b1be-4b019aaf0dc0 status=needs_auth title="How does geographic patent coverage affect FTO risk across the chemical industr…" | Eureka authorization is missing or expired.
2026-09-12T12:52:27.467241+00:00 task_update brief_id=f3b7d672-e312-4f4d-b5c8-345b2659496a status=prepared share_status=pending completion_status= polls=0
2026-09-12T12:52:27.479110+00:00 task_update brief_id=f3b7d672-e312-4f4d-b5c8-345b2659496a status=needs_auth share_status=pending completion_status= polls=0
2026-09-12T12:52:27.481101+00:00 [137/3960 |   3.5%] completed_this_run=137 attention=137 elapsed=11:19 eta=5:16:00 brief_id=f3b7d672-e312-4f4d-b5c8-345b2659496a status=needs_auth title="Which patent-term events can materially change FTO risk across the chemical ind…" | Eureka authorization is missing or expired.
2026-09-12T12:52:27.482541+00:00 task_update brief_id=eeb4bdf3-3e60-4e5f-88aa-744bcebdecbd status=prepared share_status=pending completion_status= polls=0
2026-09-12T12:52:27.490875+00:00 task_update brief_id=eeb4bdf3-3e60-4e5f-88aa-744bcebdecbd status=needs_auth share_status=pending completion_status= polls=0
2026-09-12T12:52:27.492719+00:00 [138/3960 |   3.5%] completed_this_run=138 attention=138 elapsed=11:19 eta=5:13:38 brief_id=eeb4bdf3-3e60-4e5f-88aa-744bcebdecbd status=needs_auth title="How can patent ownership and licensing records reveal FTO risks across the chem…" | Eureka authorization is missing or expired.
2026-09-12T12:52:27.494046+00:00 task_update brief_id=f817fa11-799a-4172-addd-e0287fec0ad9 status=prepared share_status=pending completion_status= polls=0
2026-09-12T12:52:27.504308+00:00 task_update brief_id=f817fa11-799a-4172-addd-e0287fec0ad9 status=needs_auth share_status=pending completion_status= polls=0
2026-09-12T12:52:27.507630+00:00 [139/3960 |   3.5%] completed_this_run=139 attention=139 elapsed=11:19 eta=5:11:18 brief_id=f817fa11-799a-4172-addd-e0287fec0ad9 status=needs_auth title="Which claim features most often constrain design-around options across the chem…" | Eureka authorization is missing or expired.
2026-09-12T12:52:27.510312+00:00 task_update brief_id=40b08f47-4afe-4853-be3b-3d49a26223be status=prepared share_status=pending completion_status= polls=0
2026-09-12T12:52:27.518504+00:00 task_update brief_id=40b08f47-4afe-4853-be3b-3d49a26223be status=needs_auth share_status=pending completion_status= polls=0
2026-09-12T12:52:27.520458+00:00 [140/3960 |   3.5%] completed_this_run=140 attention=140 elapsed=11:19 eta=5:09:00 brief_id=40b08f47-4afe-4853-be3b-3d49a26223be status=needs_auth title="Which emerging chemical technology areas warrant heightened FTO risk monitoring?" | Eureka authorization is missing or expired.
2026-09-12T12:52:27.522164+00:00 task_update brief_id=363d391f-4e66-4b76-b701-b633e982268a status=prepared share_status=pending completion_status= polls=0
2026-09-12T12:52:27.531205+00:00 task_update brief_id=363d391f-4e66-4b76-b701-b633e982268a status=needs_auth share_status=pending completion_status= polls=0
2026-09-12T12:52:27.533348+00:00 [141/3960 |   3.6%] completed_this_run=141 attention=141 elapsed=11:19 eta=5:06:44 brief_id=363d391f-4e66-4b76-b701-b633e982268a status=needs_auth title="How should claim elements be mapped to office-action objections to support resp…" | Eureka authorization is missing or expired.
2026-09-12T12:52:27.534918+00:00 task_update brief_id=4d51a211-0f28-449c-bb2d-d0ff92d798b0 status=prepared share_status=pending completion_status= polls=0
2026-09-12T12:52:27.543127+00:00 task_update brief_id=4d51a211-0f28-449c-bb2d-d0ff92d798b0 status=needs_auth share_status=pending completion_status= polls=0
2026-09-12T12:52:27.545013+00:00 [142/3960 |   3.6%] completed_this_run=142 attention=142 elapsed=11:19 eta=5:04:30 brief_id=4d51a211-0f28-449c-bb2d-d0ff92d798b0 status=needs_auth title="How can cited-reference disclosures be compared with chemical patent claims to …" | Eureka authorization is missing or expired.
2026-09-12T12:52:27.546286+00:00 task_update brief_id=52542044-40d3-4aac-bb31-ac20755eb3b2 status=prepared share_status=pending completion_status= polls=0
2026-09-12T12:52:27.555176+00:00 task_update brief_id=52542044-40d3-4aac-bb31-ac20755eb3b2 status=needs_auth share_status=pending completion_status= polls=0
2026-09-12T12:52:27.559262+00:00 [143/3960 |   3.6%] completed_this_run=143 attention=143 elapsed=11:19 eta=5:02:18 brief_id=52542044-40d3-4aac-bb31-ac20755eb3b2 status=needs_auth title="What evidence should be mapped when deciding how to address novelty objections …" | Eureka authorization is missing or expired.
2026-09-12T12:52:27.561776+00:00 task_update brief_id=e4741ce3-86fa-48bb-bd76-cef73ab7502c status=prepared share_status=pending completion_status= polls=0
2026-09-12T12:52:27.571303+00:00 task_update brief_id=e4741ce3-86fa-48bb-bd76-cef73ab7502c status=needs_auth share_status=pending completion_status= polls=0
2026-09-12T12:52:27.573795+00:00 [144/3960 |   3.6%] completed_this_run=144 attention=144 elapsed=11:19 eta=5:00:07 brief_id=e4741ce3-86fa-48bb-bd76-cef73ab7502c status=needs_auth title="What evidence should be organized to evaluate inventive-step or obviousness obj…" | Eureka authorization is missing or expired.
2026-09-12T12:52:27.575256+00:00 task_update brief_id=50d461b7-13fe-4df2-90c4-c206d655418b status=prepared share_status=pending completion_status= polls=0
2026-09-12T12:52:27.583359+00:00 task_update brief_id=50d461b7-13fe-4df2-90c4-c206d655418b status=needs_auth share_status=pending completion_status= polls=0
2026-09-12T12:52:27.585285+00:00 [145/3960 |   3.7%] completed_this_run=145 attention=145 elapsed=11:19 eta=4:57:59 brief_id=50d461b7-13fe-4df2-90c4-c206d655418b status=needs_auth title="How should written-description or added-matter objections be assessed to suppor…" | Eureka authorization is missing or expired.
2026-09-12T12:52:27.586809+00:00 task_update brief_id=6b56b895-a2a2-4d77-b12c-6e54097251ff status=prepared share_status=pending completion_status= polls=0
2026-09-12T12:52:27.595393+00:00 task_update brief_id=6b56b895-a2a2-4d77-b12c-6e54097251ff status=needs_auth share_status=pending completion_status= polls=0
2026-09-12T12:52:27.597507+00:00 [146/3960 |   3.7%] completed_this_run=146 attention=146 elapsed=11:19 eta=4:55:52 brief_id=6b56b895-a2a2-4d77-b12c-6e54097251ff status=needs_auth title="How can enablement or sufficiency objections be mapped to the disclosure in che…" | Eureka authorization is missing or expired.
2026-09-12T12:52:27.599218+00:00 task_update brief_id=9988a48d-6100-4d7d-a19f-be2065f918b9 status=prepared share_status=pending completion_status= polls=0
2026-09-12T12:52:27.609604+00:00 task_update brief_id=9988a48d-6100-4d7d-a19f-be2065f918b9 status=needs_auth share_status=pending completion_status= polls=0
2026-09-12T12:52:27.611402+00:00 [147/3960 |   3.7%] completed_this_run=147 attention=147 elapsed=11:19 eta=4:53:47 brief_id=9988a48d-6100-4d7d-a19f-be2065f918b9 status=needs_auth title="What evidence should be reviewed when deciding how to respond to clarity or def…" | Eureka authorization is missing or expired.
2026-09-12T12:52:27.613469+00:00 task_update brief_id=a7d7a008-ee3c-4374-9cbb-456b5a67172a status=prepared share_status=pending completion_status= polls=0
2026-09-12T12:52:27.622194+00:00 task_update brief_id=a7d7a008-ee3c-4374-9cbb-456b5a67172a status=needs_auth share_status=pending completion_status= polls=0
2026-09-12T12:52:27.624345+00:00 [148/3960 |   3.7%] completed_this_run=148 attention=148 elapsed=11:19 eta=4:51:44 brief_id=a7d7a008-ee3c-4374-9cbb-456b5a67172a status=needs_auth title="How should proposed claim amendments be evaluated against office-action issues …" | Eureka authorization is missing or expired.
2026-09-12T12:52:27.625800+00:00 task_update brief_id=12a81bdf-63d8-4e83-96eb-7766c9b02352 status=prepared share_status=pending completion_status= polls=0
2026-09-12T12:52:27.633483+00:00 task_update brief_id=12a81bdf-63d8-4e83-96eb-7766c9b02352 status=needs_auth share_status=pending completion_status= polls=0
2026-09-12T12:52:27.635651+00:00 [149/3960 |   3.8%] completed_this_run=149 attention=149 elapsed=11:19 eta=4:49:42 brief_id=12a81bdf-63d8-4e83-96eb-7766c9b02352 status=needs_auth title="How can independent and dependent claims be compared to prioritize office-actio…" | Eureka authorization is missing or expired.
2026-09-12T12:52:27.637134+00:00 task_update brief_id=43ce6fdd-5fbc-413e-af12-eef827818cb3 status=prepared share_status=pending completion_status= polls=0
2026-09-12T12:52:27.644975+00:00 task_update brief_id=43ce6fdd-5fbc-413e-af12-eef827818cb3 status=needs_auth share_status=pending completion_status= polls=0
2026-09-12T12:52:27.655507+00:00 [150/3960 |   3.8%] completed_this_run=150 attention=150 elapsed=11:19 eta=4:47:42 brief_id=43ce6fdd-5fbc-413e-af12-eef827818cb3 status=needs_auth title="What evidence gaps and unresolved risks should be identified before selecting a…" | Eureka authorization is missing or expired.
2026-09-12T12:52:27.658654+00:00 task_update brief_id=a0695800-c02f-4f7b-81cd-2f0901281475 status=prepared share_status=pending completion_status= polls=0
2026-09-12T12:52:27.666622+00:00 task_update brief_id=a0695800-c02f-4f7b-81cd-2f0901281475 status=needs_auth share_status=pending completion_status= polls=0
2026-09-12T12:52:27.668523+00:00 [151/3960 |   3.8%] completed_this_run=151 attention=151 elapsed=11:19 eta=4:45:43 brief_id=a0695800-c02f-4f7b-81cd-2f0901281475 status=needs_auth title="How could shifts in the chemical industry's major technology areas guide the ch…" | Eureka authorization is missing or expired.
2026-09-12T12:52:27.670493+00:00 task_update brief_id=8b62b87b-95bf-45ac-8b01-5c09c1edbd2e status=prepared share_status=pending completion_status= polls=0
2026-09-12T12:52:27.678591+00:00 task_update brief_id=8b62b87b-95bf-45ac-8b01-5c09c1edbd2e status=needs_auth share_status=pending completion_status= polls=0
2026-09-12T12:52:27.680377+00:00 [152/3960 |   3.8%] completed_this_run=152 attention=152 elapsed=11:19 eta=4:43:46 brief_id=8b62b87b-95bf-45ac-8b01-5c09c1edbd2e status=needs_auth title="Which research tasks could help distinguish emerging chemical-industry technolo…" | Eureka authorization is missing or expired.
2026-09-12T12:52:27.682454+00:00 task_update brief_id=d9cc24c7-ade1-40cf-9abb-f9584518bb85 status=prepared share_status=pending completion_status= polls=0
2026-09-12T12:52:27.690368+00:00 task_update brief_id=d9cc24c7-ade1-40cf-9abb-f9584518bb85 status=needs_auth share_status=pending completion_status= polls=0
2026-09-12T12:52:27.692347+00:00 [153/3960 |   3.9%] completed_this_run=153 attention=153 elapsed=11:19 eta=4:41:51 brief_id=d9cc24c7-ade1-40cf-9abb-f9584518bb85 status=needs_auth title="What research tasks could clarify how technology maturity is changing across th…" | Eureka authorization is missing or expired.
2026-09-12T12:52:27.694025+00:00 task_update brief_id=06bdaa75-e4a6-41ae-8c0b-db716814a795 status=prepared share_status=pending completion_status= polls=0
2026-09-12T12:52:27.701554+00:00 task_update brief_id=06bdaa75-e4a6-41ae-8c0b-db716814a795 status=needs_auth share_status=pending completion_status= polls=0
2026-09-12T12:52:27.703654+00:00 [154/3960 |   3.9%] completed_this_run=154 attention=154 elapsed=11:19 eta=4:39:57 brief_id=06bdaa75-e4a6-41ae-8c0b-db716814a795 status=needs_auth title="How could signs of convergence between chemical-industry technology fields shap…" | Eureka authorization is missing or expired.
2026-09-12T12:52:27.705418+00:00 task_update brief_id=64fc7fba-ebde-459b-9cb3-588be7ae2133 status=prepared share_status=pending completion_status= polls=0
2026-09-12T12:52:27.714165+00:00 task_update brief_id=64fc7fba-ebde-459b-9cb3-588be7ae2133 status=needs_auth share_status=pending completion_status= polls=0
2026-09-12T12:52:27.716415+00:00 [155/3960 |   3.9%] completed_this_run=155 attention=155 elapsed=11:19 eta=4:38:05 brief_id=64fc7fba-ebde-459b-9cb3-588be7ae2133 status=needs_auth title="Which research tasks could track changing technical bottlenecks and improvement…" | Eureka authorization is missing or expired.
2026-09-12T12:52:27.719553+00:00 task_update brief_id=220d4de5-8623-49f6-85d4-3a34bb30ec09 status=prepared share_status=pending completion_status= polls=0
2026-09-12T12:52:27.726951+00:00 task_update brief_id=220d4de5-8623-49f6-85d4-3a34bb30ec09 status=needs_auth share_status=pending completion_status= polls=0
2026-09-12T12:52:27.729076+00:00 [156/3960 |   3.9%] completed_this_run=156 attention=156 elapsed=11:19 eta=4:36:14 brief_id=220d4de5-8623-49f6-85d4-3a34bb30ec09 status=needs_auth title="What research tasks could examine changing gaps between laboratory research and…" | Eureka authorization is missing or expired.
2026-09-12T12:52:27.730663+00:00 task_update brief_id=ef47cbdb-0e2a-4369-8789-0cdd0875a08b status=prepared share_status=pending completion_status= polls=0
2026-09-12T12:52:27.738462+00:00 task_update brief_id=ef47cbdb-0e2a-4369-8789-0cdd0875a08b status=needs_auth share_status=pending completion_status= polls=0
2026-09-12T12:52:27.740676+00:00 [157/3960 |   4.0%] completed_this_run=157 attention=157 elapsed=11:19 eta=4:34:24 brief_id=ef47cbdb-0e2a-4369-8789-0cdd0875a08b status=needs_auth title="Which research tasks could explore how changing application needs relate to tec…" | Eureka authorization is missing or expired.
2026-09-12T12:52:27.742331+00:00 task_update brief_id=b750a7c1-ca80-4b9e-b499-3979b2b75845 status=prepared share_status=pending completion_status= polls=0
2026-09-12T12:52:27.749749+00:00 task_update brief_id=b750a7c1-ca80-4b9e-b499-3979b2b75845 status=needs_auth share_status=pending completion_status= polls=0
2026-09-12T12:52:27.751794+00:00 [158/3960 |   4.0%] completed_this_run=158 attention=158 elapsed=11:19 eta=4:32:36 brief_id=b750a7c1-ca80-4b9e-b499-3979b2b75845 status=needs_auth title="How could an in-house IP and legal team choose research tasks on sustainability…" | Eureka authorization is missing or expired.
2026-09-12T12:52:27.753356+00:00 task_update brief_id=0f2a64c3-7166-477f-b9a9-ee519809c5a0 status=prepared share_status=pending completion_status= polls=0
2026-09-12T12:52:27.762308+00:00 task_update brief_id=0f2a64c3-7166-477f-b9a9-ee519809c5a0 status=needs_auth share_status=pending completion_status= polls=0
2026-09-12T12:52:27.764395+00:00 [159/3960 |   4.0%] completed_this_run=159 attention=159 elapsed=11:19 eta=4:30:49 brief_id=0f2a64c3-7166-477f-b9a9-ee519809c5a0 status=needs_auth title="Which research tasks could test whether patent and scientific-publication signa…" | Eureka authorization is missing or expired.
2026-09-12T12:52:27.766125+00:00 task_update brief_id=5da91045-a623-471b-8197-550fff163552 status=prepared share_status=pending completion_status= polls=0
2026-09-12T12:52:27.774310+00:00 task_update brief_id=5da91045-a623-471b-8197-550fff163552 status=needs_auth share_status=pending completion_status= polls=0
2026-09-12T12:52:27.776153+00:00 [160/3960 |   4.0%] completed_this_run=160 attention=160 elapsed=11:19 eta=4:29:03 brief_id=5da91045-a623-471b-8197-550fff163552 status=needs_auth title="What research tasks could reveal changes in who contributes to major technology…" | Eureka authorization is missing or expired.
2026-09-12T12:52:27.777557+00:00 task_update brief_id=271bc6bc-02ad-462c-9035-7a562a72413b status=prepared share_status=pending completion_status= polls=0
2026-09-12T12:52:27.785346+00:00 task_update brief_id=271bc6bc-02ad-462c-9035-7a562a72413b status=needs_auth share_status=pending completion_status= polls=0
2026-09-12T12:52:27.787478+00:00 [161/3960 |   4.1%] completed_this_run=161 attention=161 elapsed=11:19 eta=4:27:19 brief_id=271bc6bc-02ad-462c-9035-7a562a72413b status=needs_auth title="Which chemical technology clusters show the strongest recent growth in patent a…" | Eureka authorization is missing or expired.
2026-09-12T12:52:27.789119+00:00 task_update brief_id=f1c9bddf-9c03-48ea-b665-c2460eb93cff status=prepared share_status=pending completion_status= polls=0
2026-09-12T12:52:27.796911+00:00 task_update brief_id=f1c9bddf-9c03-48ea-b665-c2460eb93cff status=needs_auth share_status=pending completion_status= polls=0
2026-09-12T12:52:27.799563+00:00 [162/3960 |   4.1%] completed_this_run=162 attention=162 elapsed=11:19 eta=4:25:36 brief_id=f1c9bddf-9c03-48ea-b665-c2460eb93cff status=needs_auth title="How is patent ownership concentration changing across the chemical industry’s m…" | Eureka authorization is missing or expired.
2026-09-12T12:52:27.801211+00:00 task_update brief_id=109ab116-026e-4bd8-826b-1da6b854b484 status=prepared share_status=pending completion_status= polls=0
2026-09-12T12:52:27.808988+00:00 task_update brief_id=109ab116-026e-4bd8-826b-1da6b854b484 status=needs_auth share_status=pending completion_status= polls=0
2026-09-12T12:52:27.811046+00:00 [163/3960 |   4.1%] completed_this_run=163 attention=163 elapsed=11:19 eta=4:23:55 brief_id=109ab116-026e-4bd8-826b-1da6b854b484 status=needs_auth title="Where are the most significant geographic shifts in chemical patent filing acti…" | Eureka authorization is missing or expired.
2026-09-12T12:52:27.812282+00:00 task_update brief_id=494dec41-a675-4c46-8457-e24c6655de46 status=prepared share_status=pending completion_status= polls=0
2026-09-12T12:52:27.820378+00:00 task_update brief_id=494dec41-a675-4c46-8457-e24c6655de46 status=needs_auth share_status=pending completion_status= polls=0
2026-09-12T12:52:27.823184+00:00 [164/3960 |   4.1%] completed_this_run=164 attention=164 elapsed=11:19 eta=4:22:14 brief_id=494dec41-a675-4c46-8457-e24c6655de46 status=needs_auth title="Which chemical patent clusters appear to be emerging, maturing, or declining ba…" | Eureka authorization is missing or expired.
2026-09-12T12:52:27.824890+00:00 task_update brief_id=7f030e63-32bc-4b9d-b128-10683009eaf6 status=prepared share_status=pending completion_status= polls=0
2026-09-12T12:52:27.832711+00:00 task_update brief_id=7f030e63-32bc-4b9d-b128-10683009eaf6 status=needs_auth share_status=pending completion_status= polls=0
2026-09-12T12:52:27.834643+00:00 [165/3960 |   4.2%] completed_this_run=165 attention=165 elapsed=11:19 eta=4:20:35 brief_id=7f030e63-32bc-4b9d-b128-10683009eaf6 status=needs_auth title="How are patent filings revealing convergence among previously separate chemical…" | Eureka authorization is missing or expired.
2026-09-12T12:52:27.836490+00:00 task_update brief_id=91b4aa62-749b-4e75-858e-59c1ad1eba28 status=prepared share_status=pending completion_status= polls=0
2026-09-12T12:52:27.846530+00:00 task_update brief_id=91b4aa62-749b-4e75-858e-59c1ad1eba28 status=needs_auth share_status=pending completion_status= polls=0
2026-09-12T12:52:27.848972+00:00 [166/3960 |   4.2%] completed_this_run=166 attention=166 elapsed=11:19 eta=4:18:57 brief_id=91b4aa62-749b-4e75-858e-59c1ad1eba28 status=needs_auth title="Which sustainability-related directions are reshaping the chemical industry pat…" | Eureka authorization is missing or expired.
2026-09-12T12:52:27.850794+00:00 task_update brief_id=270303b2-0e23-49c5-9fd4-538127e9bef6 status=prepared share_status=pending completion_status= polls=0
2026-09-12T12:52:27.858830+00:00 task_update brief_id=270303b2-0e23-49c5-9fd4-538127e9bef6 status=needs_auth share_status=pending completion_status= polls=0
2026-09-12T12:52:27.861099+00:00 [167/3960 |   4.2%] completed_this_run=167 attention=167 elapsed=11:19 eta=4:17:20 brief_id=270303b2-0e23-49c5-9fd4-538127e9bef6 status=needs_auth title="How is the balance of composition, process, and application-oriented patenting …" | Eureka authorization is missing or expired.
2026-09-12T12:52:27.862931+00:00 task_update brief_id=0909b34c-1489-48f1-83a9-d3af69131077 status=prepared share_status=pending completion_status= polls=0
2026-09-12T12:52:27.870862+00:00 task_update brief_id=0909b34c-1489-48f1-83a9-d3af69131077 status=needs_auth share_status=pending completion_status= polls=0
2026-09-12T12:52:27.874298+00:00 [168/3960 |   4.2%] completed_this_run=168 attention=168 elapsed=11:19 eta=4:15:44 brief_id=0909b34c-1489-48f1-83a9-d3af69131077 status=needs_auth title="Which application domains are gaining or losing share of chemical patent-family…" | Eureka authorization is missing or expired.
2026-09-12T12:52:27.876352+00:00 task_update brief_id=ac8bb5c5-6c05-4df6-a9d6-4cc88d07ffc6 status=prepared share_status=pending completion_status= polls=0
2026-09-12T12:52:27.884977+00:00 task_update brief_id=ac8bb5c5-6c05-4df6-a9d6-4cc88d07ffc6 status=needs_auth share_status=pending completion_status= polls=0
2026-09-12T12:52:27.887238+00:00 [169/3960 |   4.3%] completed_this_run=169 attention=169 elapsed=11:19 eta=4:14:10 brief_id=ac8bb5c5-6c05-4df6-a9d6-4cc88d07ffc6 status=needs_auth title="Which emerging chemical technology areas are moving from sparse patent coverage…" | Eureka authorization is missing or expired.
2026-09-12T12:52:27.888753+00:00 task_update brief_id=f9e656dc-36b6-40d6-9c33-b61a4daa73a3 status=prepared share_status=pending completion_status= polls=0
2026-09-12T12:52:27.897096+00:00 task_update brief_id=f9e656dc-36b6-40d6-9c33-b61a4daa73a3 status=needs_auth share_status=pending completion_status= polls=0
2026-09-12T12:52:27.899349+00:00 [170/3960 |   4.3%] completed_this_run=170 attention=170 elapsed=11:19 eta=4:12:36 brief_id=f9e656dc-36b6-40d6-9c33-b61a4daa73a3 status=needs_auth title="How are collaboration and ownership networks evolving in the chemical patent la…" | Eureka authorization is missing or expired.
2026-09-12T12:52:27.900934+00:00 task_update brief_id=af520acb-7476-4de5-9597-859f23733144 status=prepared share_status=pending completion_status= polls=0
2026-09-12T12:52:27.909093+00:00 task_update brief_id=af520acb-7476-4de5-9597-859f23733144 status=needs_auth share_status=pending completion_status= polls=0
2026-09-12T12:52:27.911376+00:00 [171/3960 |   4.3%] completed_this_run=171 attention=171 elapsed=11:19 eta=4:11:04 brief_id=af520acb-7476-4de5-9597-859f23733144 status=needs_auth title="Which prior-art disclosures indicate potential patentability risks for chemical…" | Eureka authorization is missing or expired.
2026-09-12T12:52:27.912964+00:00 task_update brief_id=4ecab030-a71a-4350-952b-0a3d52c0eff9 status=prepared share_status=pending completion_status= polls=0
2026-09-12T12:52:27.921298+00:00 task_update brief_id=4ecab030-a71a-4350-952b-0a3d52c0eff9 status=needs_auth share_status=pending completion_status= polls=0
2026-09-12T12:52:27.923842+00:00 [172/3960 |   4.3%] completed_this_run=172 attention=172 elapsed=11:19 eta=4:09:33 brief_id=4ecab030-a71a-4350-952b-0a3d52c0eff9 status=needs_auth title="Which earlier public disclosures reveal potential patentability risks for chemi…" | Eureka authorization is missing or expired.
2026-09-12T12:52:27.925538+00:00 task_update brief_id=85025eb5-0b01-4af7-98cd-230fab8cfefc status=prepared share_status=pending completion_status= polls=0
2026-09-12T12:52:27.934242+00:00 task_update brief_id=85025eb5-0b01-4af7-98cd-230fab8cfefc status=needs_auth share_status=pending completion_status= polls=0
2026-09-12T12:52:27.936574+00:00 [173/3960 |   4.4%] completed_this_run=173 attention=173 elapsed=11:19 eta=4:08:03 brief_id=85025eb5-0b01-4af7-98cd-230fab8cfefc status=needs_auth title="Which prior-art sources indicate potential patentability risks for catalytic te…" | Eureka authorization is missing or expired.
2026-09-12T12:52:27.938676+00:00 task_update brief_id=e5283397-c8a1-464c-b536-8cc74cdf678f status=prepared share_status=pending completion_status= polls=0
2026-09-12T12:52:27.946830+00:00 task_update brief_id=e5283397-c8a1-464c-b536-8cc74cdf678f status=needs_auth share_status=pending completion_status= polls=0
2026-09-12T12:52:27.949686+00:00 [174/3960 |   4.4%] completed_this_run=174 attention=174 elapsed=11:19 eta=4:06:34 brief_id=e5283397-c8a1-464c-b536-8cc74cdf678f status=needs_auth title="Which earlier disclosures indicate potential patentability risks for separation…" | Eureka authorization is missing or expired.
2026-09-12T12:52:27.952070+00:00 task_update brief_id=9c43191c-6ae1-4e2a-aca3-c4fba577f5ad status=prepared share_status=pending completion_status= polls=0
2026-09-12T12:52:27.963378+00:00 task_update brief_id=9c43191c-6ae1-4e2a-aca3-c4fba577f5ad status=needs_auth share_status=pending completion_status= polls=0
2026-09-12T12:52:27.981360+00:00 [175/3960 |   4.4%] completed_this_run=175 attention=175 elapsed=11:19 eta=4:05:06 brief_id=9c43191c-6ae1-4e2a-aca3-c4fba577f5ad status=needs_auth title="Which prior-art disclosures indicate potential patentability risks for process …" | Eureka authorization is missing or expired.
2026-09-12T12:52:27.984159+00:00 task_update brief_id=40b6b7f2-f7cb-4efd-9e41-ff86a74d7038 status=prepared share_status=pending completion_status= polls=0
2026-09-12T12:52:27.993724+00:00 task_update brief_id=40b6b7f2-f7cb-4efd-9e41-ff86a74d7038 status=needs_auth share_status=pending completion_status= polls=0
2026-09-12T12:52:27.995981+00:00 [176/3960 |   4.4%] completed_this_run=176 attention=176 elapsed=11:19 eta=4:03:39 brief_id=40b6b7f2-f7cb-4efd-9e41-ff86a74d7038 status=needs_auth title="Which earlier public disclosures reveal potential patentability risks for conti…" | Eureka authorization is missing or expired.
2026-09-12T12:52:27.997565+00:00 task_update brief_id=5c863cfd-ddc5-479d-ad3a-1a8147178075 status=prepared share_status=pending completion_status= polls=0
2026-09-12T12:52:28.005766+00:00 task_update brief_id=5c863cfd-ddc5-479d-ad3a-1a8147178075 status=needs_auth share_status=pending completion_status= polls=0
2026-09-12T12:52:28.008267+00:00 [177/3960 |   4.5%] completed_this_run=177 attention=177 elapsed=11:19 eta=4:02:13 brief_id=5c863cfd-ddc5-479d-ad3a-1a8147178075 status=needs_auth title="Which prior-art sources indicate potential patentability risks for sustainable …" | Eureka authorization is missing or expired.
2026-09-12T12:52:28.010000+00:00 task_update brief_id=e2dfe81b-6a18-4fa2-bc7b-7a329a04d10c status=prepared share_status=pending completion_status= polls=0
2026-09-12T12:52:28.019290+00:00 task_update brief_id=e2dfe81b-6a18-4fa2-bc7b-7a329a04d10c status=needs_auth share_status=pending completion_status= polls=0
2026-09-12T12:52:28.021568+00:00 [178/3960 |   4.5%] completed_this_run=178 attention=178 elapsed=11:19 eta=4:00:47 brief_id=e2dfe81b-6a18-4fa2-bc7b-7a329a04d10c status=needs_auth title="Which earlier disclosures indicate potential patentability risks for chemical-p…" | Eureka authorization is missing or expired.
2026-09-12T12:52:28.023314+00:00 task_update brief_id=ad0869e4-32d5-4aa8-a858-76c444ccccc7 status=prepared share_status=pending completion_status= polls=0
2026-09-12T12:52:28.031966+00:00 task_update brief_id=ad0869e4-32d5-4aa8-a858-76c444ccccc7 status=needs_auth share_status=pending completion_status= polls=0
2026-09-12T12:52:28.034386+00:00 [179/3960 |   4.5%] completed_this_run=179 attention=179 elapsed=11:20 eta=3:59:23 brief_id=ad0869e4-32d5-4aa8-a858-76c444ccccc7 status=needs_auth title="Which prior-art disclosures reveal potential patentability risks for chemical a…" | Eureka authorization is missing or expired.
2026-09-12T12:52:28.035911+00:00 task_update brief_id=3474b87b-91ef-4269-ab59-fe81319655b8 status=prepared share_status=pending completion_status= polls=0
2026-09-12T12:52:28.047098+00:00 task_update brief_id=3474b87b-91ef-4269-ab59-fe81319655b8 status=needs_auth share_status=pending completion_status= polls=0
2026-09-12T12:52:28.049994+00:00 [180/3960 |   4.5%] completed_this_run=180 attention=180 elapsed=11:20 eta=3:58:00 brief_id=3474b87b-91ef-4269-ab59-fe81319655b8 status=needs_auth title="Which earlier public disclosures indicate potential patentability risks for per…" | Eureka authorization is missing or expired.
2026-09-12T12:52:28.052312+00:00 task_update brief_id=7c81124b-3eff-4147-85a9-5e98b4f40033 status=prepared share_status=pending completion_status= polls=0
2026-09-12T12:52:28.062784+00:00 task_update brief_id=7c81124b-3eff-4147-85a9-5e98b4f40033 status=needs_auth share_status=pending completion_status= polls=0
2026-09-12T12:52:28.065018+00:00 [181/3960 |   4.6%] completed_this_run=181 attention=181 elapsed=11:20 eta=3:56:37 brief_id=7c81124b-3eff-4147-85a9-5e98b4f40033 status=needs_auth title="What disclosure-support evidence should guide the scope of a construction-indus…" | Eureka authorization is missing or expired.
2026-09-12T12:52:28.066768+00:00 task_update brief_id=fdf652cf-5afa-443c-be9c-c668739a746f status=prepared share_status=pending completion_status= polls=0
2026-09-12T12:52:28.080090+00:00 task_update brief_id=fdf652cf-5afa-443c-be9c-c668739a746f status=needs_auth share_status=pending completion_status= polls=0
2026-09-12T12:52:28.082316+00:00 [182/3960 |   4.6%] completed_this_run=182 attention=182 elapsed=11:20 eta=3:55:16 brief_id=fdf652cf-5afa-443c-be9c-c668739a746f status=needs_auth title="How should supported claim categories be selected when drafting patent applicat…" | Eureka authorization is missing or expired.
2026-09-12T12:52:28.084045+00:00 task_update brief_id=553a5787-4e86-4fcb-b7cc-bfbae822a397 status=prepared share_status=pending completion_status= polls=0
2026-09-12T12:52:28.092099+00:00 task_update brief_id=553a5787-4e86-4fcb-b7cc-bfbae822a397 status=needs_auth share_status=pending completion_status= polls=0
2026-09-12T12:52:28.095579+00:00 [183/3960 |   4.6%] completed_this_run=183 attention=183 elapsed=11:20 eta=3:53:56 brief_id=553a5787-4e86-4fcb-b7cc-bfbae822a397 status=needs_auth title="What terminology and definition decisions should govern a construction-industry…" | Eureka authorization is missing or expired.
2026-09-12T12:52:28.097618+00:00 task_update brief_id=9825d23f-502e-429d-9aa3-20d341261cfd status=prepared share_status=pending completion_status= polls=0
2026-09-12T12:52:28.107000+00:00 task_update brief_id=9825d23f-502e-429d-9aa3-20d341261cfd status=needs_auth share_status=pending completion_status= polls=0
2026-09-12T12:52:28.109196+00:00 [184/3960 |   4.6%] completed_this_run=184 attention=184 elapsed=11:20 eta=3:52:36 brief_id=9825d23f-502e-429d-9aa3-20d341261cfd status=needs_auth title="How should disclosed embodiments be organized to support drafting decisions for…" | Eureka authorization is missing or expired.
2026-09-12T12:52:28.110815+00:00 task_update brief_id=257efec7-815e-47cb-b129-a7ed69c6abba status=prepared share_status=pending completion_status= polls=0
2026-09-12T12:52:28.120246+00:00 task_update brief_id=257efec7-815e-47cb-b129-a7ed69c6abba status=needs_auth share_status=pending completion_status= polls=0
2026-09-12T12:52:28.122676+00:00 [185/3960 |   4.7%] completed_this_run=185 attention=185 elapsed=11:20 eta=3:51:17 brief_id=257efec7-815e-47cb-b129-a7ed69c6abba status=needs_auth title="What drawing-to-text support framework should inform a construction-industry pa…" | Eureka authorization is missing or expired.
2026-09-12T12:52:28.124389+00:00 task_update brief_id=66699a7f-bcfb-40ff-a62b-38b58bcdc803 status=prepared share_status=pending completion_status= polls=0
2026-09-12T12:52:28.132874+00:00 task_update brief_id=66699a7f-bcfb-40ff-a62b-38b58bcdc803 status=needs_auth share_status=pending completion_status= polls=0
2026-09-12T12:52:28.134984+00:00 [186/3960 |   4.7%] completed_this_run=186 attention=186 elapsed=11:20 eta=3:49:59 brief_id=66699a7f-bcfb-40ff-a62b-38b58bcdc803 status=needs_auth title="How should fallback positions be identified and supported in construction-indus…" | Eureka authorization is missing or expired.
2026-09-12T12:52:28.136484+00:00 task_update brief_id=c430e897-3e12-41c8-9883-feaf42232c8f status=prepared share_status=pending completion_status= polls=0
2026-09-12T12:52:28.145106+00:00 task_update brief_id=c430e897-3e12-41c8-9883-feaf42232c8f status=needs_auth share_status=pending completion_status= polls=0
2026-09-12T12:52:28.147186+00:00 [187/3960 |   4.7%] completed_this_run=187 attention=187 elapsed=11:20 eta=3:48:42 brief_id=c430e897-3e12-41c8-9883-feaf42232c8f status=needs_auth title="What enablement and written-description checks should shape a construction-indu…" | Eureka authorization is missing or expired.
2026-09-12T12:52:28.148770+00:00 task_update brief_id=3c8f41a8-c0ee-4958-90fb-9d26639e8cd8 status=prepared share_status=pending completion_status= polls=0
2026-09-12T12:52:28.157342+00:00 task_update brief_id=3c8f41a8-c0ee-4958-90fb-9d26639e8cd8 status=needs_auth share_status=pending completion_status= polls=0
2026-09-12T12:52:28.159613+00:00 [188/3960 |   4.7%] completed_this_run=188 attention=188 elapsed=11:20 eta=3:47:25 brief_id=3c8f41a8-c0ee-4958-90fb-9d26639e8cd8 status=needs_auth title="How should background and prior-art statements be framed in a construction-indu…" | Eureka authorization is missing or expired.
2026-09-12T12:52:28.161156+00:00 task_update brief_id=968b568b-04fe-4b67-a59a-79d4b874eff0 status=prepared share_status=pending completion_status= polls=0
2026-09-12T12:52:28.170497+00:00 task_update brief_id=968b568b-04fe-4b67-a59a-79d4b874eff0 status=needs_auth share_status=pending completion_status= polls=0
2026-09-12T12:52:28.172955+00:00 [189/3960 |   4.8%] completed_this_run=189 attention=189 elapsed=11:20 eta=3:46:10 brief_id=968b568b-04fe-4b67-a59a-79d4b874eff0 status=needs_auth title="What disclosure and unity considerations should guide whether related construct…" | Eureka authorization is missing or expired.
2026-09-12T12:52:28.174967+00:00 task_update brief_id=e58f97dc-a9ce-4d3a-ba18-1719e5218415 status=prepared share_status=pending completion_status= polls=0
2026-09-12T12:52:28.185019+00:00 task_update brief_id=e58f97dc-a9ce-4d3a-ba18-1719e5218415 status=needs_auth share_status=pending completion_status= polls=0
2026-09-12T12:52:28.187185+00:00 [190/3960 |   4.8%] completed_this_run=190 attention=190 elapsed=11:20 eta=3:44:55 brief_id=e58f97dc-a9ce-4d3a-ba18-1719e5218415 status=needs_auth title="What support-traceability review should determine whether a construction-indust…" | Eureka authorization is missing or expired.
2026-09-12T12:52:28.188811+00:00 task_update brief_id=42f13bd7-7ac6-46a0-a8c8-274c07f7059d status=prepared share_status=pending completion_status= polls=0
2026-09-12T12:52:28.197897+00:00 task_update brief_id=42f13bd7-7ac6-46a0-a8c8-274c07f7059d status=needs_auth share_status=pending completion_status= polls=0
2026-09-12T12:52:28.200071+00:00 [191/3960 |   4.8%] completed_this_run=191 attention=191 elapsed=11:20 eta=3:43:41 brief_id=42f13bd7-7ac6-46a0-a8c8-274c07f7059d status=needs_auth title="Which construction technology fields present the most significant potential fre…" | Eureka authorization is missing or expired.
2026-09-12T12:52:28.201608+00:00 task_update brief_id=fc4731ad-a7a3-4eca-b062-2a086d7e99a0 status=prepared share_status=pending completion_status= polls=0
2026-09-12T12:52:28.215581+00:00 task_update brief_id=fc4731ad-a7a3-4eca-b062-2a086d7e99a0 status=needs_auth share_status=pending completion_status= polls=0
2026-09-12T12:52:28.218047+00:00 [192/3960 |   4.8%] completed_this_run=192 attention=192 elapsed=11:20 eta=3:42:28 brief_id=fc4731ad-a7a3-4eca-b062-2a086d7e99a0 status=needs_auth title="At which stages of the construction lifecycle do patent claims create the great…" | Eureka authorization is missing or expired.
2026-09-12T12:52:28.219797+00:00 task_update brief_id=84bae3f2-d9cf-4a86-99cf-8f08e31e4476 status=prepared share_status=pending completion_status= polls=0
2026-09-12T12:52:28.230117+00:00 task_update brief_id=84bae3f2-d9cf-4a86-99cf-8f08e31e4476 status=needs_auth share_status=pending completion_status= polls=0
2026-09-12T12:52:28.232215+00:00 [193/3960 |   4.9%] completed_this_run=193 attention=193 elapsed=11:20 eta=3:41:16 brief_id=84bae3f2-d9cf-4a86-99cf-8f08e31e4476 status=needs_auth title="What patent risks accompany the construction industry’s adoption of digital and…" | Eureka authorization is missing or expired.
2026-09-12T12:52:28.233746+00:00 task_update brief_id=1ae11821-5cac-4274-9cb8-ef77a5807554 status=prepared share_status=pending completion_status= polls=0
2026-09-12T12:52:28.241788+00:00 task_update brief_id=1ae11821-5cac-4274-9cb8-ef77a5807554 status=needs_auth share_status=pending completion_status= polls=0
2026-09-12T12:52:28.244094+00:00 [194/3960 |   4.9%] completed_this_run=194 attention=194 elapsed=11:20 eta=3:40:04 brief_id=1ae11821-5cac-4274-9cb8-ef77a5807554 status=needs_auth title="Which patent-claim risks affect low-carbon and circular construction approaches…" | Eureka authorization is missing or expired.
2026-09-12T12:52:28.245596+00:00 task_update brief_id=8a7877d7-1e4d-4126-bf02-46c85eb562aa status=prepared share_status=pending completion_status= polls=0
2026-09-12T12:52:28.253439+00:00 task_update brief_id=8a7877d7-1e4d-4126-bf02-46c85eb562aa status=needs_auth share_status=pending completion_status= polls=0
2026-09-12T12:52:28.256335+00:00 [195/3960 |   4.9%] completed_this_run=195 attention=195 elapsed=11:20 eta=3:38:53 brief_id=8a7877d7-1e4d-4126-bf02-46c85eb562aa status=needs_auth title="Where do freedom-to-operate risks arise in industrialized and off-site construc…" | Eureka authorization is missing or expired.
2026-09-12T12:52:28.258058+00:00 task_update brief_id=5d89dcc5-53a1-43f6-a45a-f00ba617d290 status=prepared share_status=pending completion_status= polls=0
2026-09-12T12:52:28.266108+00:00 task_update brief_id=5d89dcc5-53a1-43f6-a45a-f00ba617d290 status=needs_auth share_status=pending completion_status= polls=0
2026-09-12T12:52:28.268302+00:00 [196/3960 |   4.9%] completed_this_run=196 attention=196 elapsed=11:20 eta=3:37:43 brief_id=5d89dcc5-53a1-43f6-a45a-f00ba617d290 status=needs_auth title="What freedom-to-operate risks are associated with connected monitoring and safe…" | Eureka authorization is missing or expired.
2026-09-12T12:52:28.270160+00:00 task_update brief_id=621417d5-6721-4cbf-904a-c0b309e597fd status=prepared share_status=pending completion_status= polls=0
2026-09-12T12:52:28.278774+00:00 task_update brief_id=621417d5-6721-4cbf-904a-c0b309e597fd status=needs_auth share_status=pending completion_status= polls=0
2026-09-12T12:52:28.281076+00:00 [197/3960 |   5.0%] completed_this_run=197 attention=197 elapsed=11:20 eta=3:36:33 brief_id=621417d5-6721-4cbf-904a-c0b309e597fd status=needs_auth title="Which patent risks emerge when construction systems integrate equipment, softwa…" | Eureka authorization is missing or expired.
2026-09-12T12:52:28.282651+00:00 task_update brief_id=ff783d14-98f9-4d7d-a4ab-8e879ce18654 status=prepared share_status=pending completion_status= polls=0
2026-09-12T12:52:28.291488+00:00 task_update brief_id=ff783d14-98f9-4d7d-a4ab-8e879ce18654 status=needs_auth share_status=pending completion_status= polls=0
2026-09-12T12:52:28.293552+00:00 [198/3960 |   5.0%] completed_this_run=198 attention=198 elapsed=11:20 eta=3:35:24 brief_id=ff783d14-98f9-4d7d-a4ab-8e879ce18654 status=needs_auth title="How can patent evidence reveal freedom-to-operate risks created by technology s…" | Eureka authorization is missing or expired.
2026-09-12T12:52:28.295223+00:00 task_update brief_id=2a29d3d8-b5ac-465a-bd4a-a20092550f04 status=prepared share_status=pending completion_status= polls=0
2026-09-12T12:52:28.304053+00:00 task_update brief_id=2a29d3d8-b5ac-465a-bd4a-a20092550f04 status=needs_auth share_status=pending completion_status= polls=0
2026-09-12T12:52:28.306473+00:00 [199/3960 |   5.0%] completed_this_run=199 attention=199 elapsed=11:20 eta=3:34:16 brief_id=2a29d3d8-b5ac-465a-bd4a-a20092550f04 status=needs_auth title="Which active patent families could create cross-jurisdictional freedom-to-opera…" | Eureka authorization is missing or expired.
2026-09-12T12:52:28.308045+00:00 task_update brief_id=573cb5ec-c7f2-4144-8d4c-fdcf7169507c status=prepared share_status=pending completion_status= polls=0
2026-09-12T12:52:28.316818+00:00 task_update brief_id=573cb5ec-c7f2-4144-8d4c-fdcf7169507c status=needs_auth share_status=pending completion_status= polls=0
2026-09-12T12:52:28.329834+00:00 [200/3960 |   5.1%] completed_this_run=200 attention=200 elapsed=11:20 eta=3:33:09 brief_id=573cb5ec-c7f2-4144-8d4c-fdcf7169507c status=needs_auth title="What claim patterns indicate potential freedom-to-operate risks in emerging con…" | Eureka authorization is missing or expired.
2026-09-12T12:52:28.332263+00:00 task_update brief_id=d4eae6c1-9560-49fc-9a3c-1bfc5f4e64ff status=prepared share_status=pending completion_status= polls=0
2026-09-12T12:52:28.340311+00:00 task_update brief_id=d4eae6c1-9560-49fc-9a3c-1bfc5f4e64ff status=needs_auth share_status=pending completion_status= polls=0
2026-09-12T12:52:28.342244+00:00 [201/3960 |   5.1%] completed_this_run=201 attention=201 elapsed=11:20 eta=3:32:02 brief_id=d4eae6c1-9560-49fc-9a3c-1bfc5f4e64ff status=needs_auth title="Which claim limitations require the strongest evidence mapping before respondin…" | Eureka authorization is missing or expired.
2026-09-12T12:52:28.343713+00:00 task_update brief_id=96ccd837-3dd4-4bae-b0ff-a19f8a6af4c7 status=prepared share_status=pending completion_status= polls=0
2026-09-12T12:52:28.351808+00:00 task_update brief_id=96ccd837-3dd4-4bae-b0ff-a19f8a6af4c7 status=needs_auth share_status=pending completion_status= polls=0
2026-09-12T12:52:28.353796+00:00 [202/3960 |   5.1%] completed_this_run=202 attention=202 elapsed=11:20 eta=3:30:56 brief_id=96ccd837-3dd4-4bae-b0ff-a19f8a6af4c7 status=needs_auth title="Where are the principal evidence gaps in novelty objections raised against cons…" | Eureka authorization is missing or expired.
2026-09-12T12:52:28.355187+00:00 task_update brief_id=63bb8740-193a-4f35-ba08-da79b231dcde status=prepared share_status=pending completion_status= polls=0
2026-09-12T12:52:28.364087+00:00 task_update brief_id=63bb8740-193a-4f35-ba08-da79b231dcde status=needs_auth share_status=pending completion_status= polls=0
2026-09-12T12:52:28.366177+00:00 [203/3960 |   5.1%] completed_this_run=203 attention=203 elapsed=11:20 eta=3:29:51 brief_id=63bb8740-193a-4f35-ba08-da79b231dcde status=needs_auth title="How should evidence for combined-reference obviousness objections be organized …" | Eureka authorization is missing or expired.
2026-09-12T12:52:28.367495+00:00 task_update brief_id=9e8e731b-4253-4079-b2a6-b0b270584ca4 status=prepared share_status=pending completion_status= polls=0
2026-09-12T12:52:28.375783+00:00 task_update brief_id=9e8e731b-4253-4079-b2a6-b0b270584ca4 status=needs_auth share_status=pending completion_status= polls=0
2026-09-12T12:52:28.378086+00:00 [204/3960 |   5.2%] completed_this_run=204 attention=204 elapsed=11:20 eta=3:28:46 brief_id=9e8e731b-4253-4079-b2a6-b0b270584ca4 status=needs_auth title="What application support should be mapped to written-description and enablement…" | Eureka authorization is missing or expired.
2026-09-12T12:52:28.379661+00:00 task_update brief_id=0934c8fe-3300-4e80-b0b7-2b218e170a0d status=prepared share_status=pending completion_status= polls=0
2026-09-12T12:52:28.387841+00:00 task_update brief_id=0934c8fe-3300-4e80-b0b7-2b218e170a0d status=needs_auth share_status=pending completion_status= polls=0
2026-09-12T12:52:28.390317+00:00 [205/3960 |   5.2%] completed_this_run=205 attention=205 elapsed=11:20 eta=3:27:42 brief_id=0934c8fe-3300-4e80-b0b7-2b218e170a0d status=needs_auth title="Which intrinsic-record evidence is most relevant to resolving clarity or defini…" | Eureka authorization is missing or expired.
2026-09-12T12:52:28.391677+00:00 task_update brief_id=0a65ad09-e538-44b8-9729-f6f478417d7d status=prepared share_status=pending completion_status= polls=0
2026-09-12T12:52:28.399015+00:00 task_update brief_id=0a65ad09-e538-44b8-9729-f6f478417d7d status=needs_auth share_status=pending completion_status= polls=0
2026-09-12T12:52:28.401307+00:00 [206/3960 |   5.2%] completed_this_run=206 attention=206 elapsed=11:20 eta=3:26:38 brief_id=0a65ad09-e538-44b8-9729-f6f478417d7d status=needs_auth title="What evidence should inform a choice between argument and claim amendment when …" | Eureka authorization is missing or expired.
2026-09-12T12:52:28.402925+00:00 task_update brief_id=73a15dc0-743d-4762-8183-bd8ac43b8e75 status=prepared share_status=pending completion_status= polls=0
2026-09-12T12:52:28.411007+00:00 task_update brief_id=73a15dc0-743d-4762-8183-bd8ac43b8e75 status=needs_auth share_status=pending completion_status= polls=0
2026-09-12T12:52:28.413273+00:00 [207/3960 |   5.2%] completed_this_run=207 attention=207 elapsed=11:20 eta=3:25:35 brief_id=73a15dc0-743d-4762-8183-bd8ac43b8e75 status=needs_auth title="Which dependent claims provide evidence-supported fallback positions for respon…" | Eureka authorization is missing or expired.
2026-09-12T12:52:28.414575+00:00 task_update brief_id=a113fa6d-1fda-4ae7-9e9f-0354924c8a39 status=prepared share_status=pending completion_status= polls=0
2026-09-12T12:52:28.422338+00:00 task_update brief_id=a113fa6d-1fda-4ae7-9e9f-0354924c8a39 status=needs_auth share_status=pending completion_status= polls=0
2026-09-12T12:52:28.425382+00:00 [208/3960 |   5.3%] completed_this_run=208 attention=208 elapsed=11:20 eta=3:24:33 brief_id=a113fa6d-1fda-4ae7-9e9f-0354924c8a39 status=needs_auth title="How can cited-reference disclosure dates and legal status be mapped for a const…" | Eureka authorization is missing or expired.
2026-09-12T12:52:28.426727+00:00 task_update brief_id=1008f6d9-0064-4980-9f4a-0fac39d7acfd status=prepared share_status=pending completion_status= polls=0
2026-09-12T12:52:28.435702+00:00 task_update brief_id=1008f6d9-0064-4980-9f4a-0fac39d7acfd status=needs_auth share_status=pending completion_status= polls=0
2026-09-12T12:52:28.439818+00:00 [209/3960 |   5.3%] completed_this_run=209 attention=209 elapsed=11:20 eta=3:23:31 brief_id=1008f6d9-0064-4980-9f4a-0fac39d7acfd status=needs_auth title="Which office-action objections should be prioritized based on evidentiary stren…" | Eureka authorization is missing or expired.
2026-09-12T12:52:28.442455+00:00 task_update brief_id=ca2bf850-33c4-4e7a-880e-6cbba2036948 status=prepared share_status=pending completion_status= polls=0
2026-09-12T12:52:28.450618+00:00 task_update brief_id=ca2bf850-33c4-4e7a-880e-6cbba2036948 status=needs_auth share_status=pending completion_status= polls=0
2026-09-12T12:52:28.452487+00:00 [210/3960 |   5.3%] completed_this_run=210 attention=210 elapsed=11:20 eta=3:22:30 brief_id=ca2bf850-33c4-4e7a-880e-6cbba2036948 status=needs_auth title="What prosecution-record inconsistencies should be flagged before finalizing a c…" | Eureka authorization is missing or expired.
2026-09-12T12:52:28.454008+00:00 task_update brief_id=cf2ba122-1f46-430d-9f70-597b3b39f78a status=prepared share_status=pending completion_status= polls=0
2026-09-12T12:52:28.462645+00:00 task_update brief_id=cf2ba122-1f46-430d-9f70-597b3b39f78a status=needs_auth share_status=pending completion_status= polls=0
2026-09-12T12:52:28.465040+00:00 [211/3960 |   5.3%] completed_this_run=211 attention=211 elapsed=11:20 eta=3:21:29 brief_id=cf2ba122-1f46-430d-9f70-597b3b39f78a status=needs_auth title="Which shifts in construction’s major technology fields could guide the choice o…" | Eureka authorization is missing or expired.
2026-09-12T12:52:28.466963+00:00 task_update brief_id=3d831e91-53b2-4a92-805c-dada898b3ee5 status=prepared share_status=pending completion_status= polls=0
2026-09-12T12:52:28.476280+00:00 task_update brief_id=3d831e91-53b2-4a92-805c-dada898b3ee5 status=needs_auth share_status=pending completion_status= polls=0
2026-09-12T12:52:28.478480+00:00 [212/3960 |   5.4%] completed_this_run=212 attention=212 elapsed=11:20 eta=3:20:29 brief_id=3d831e91-53b2-4a92-805c-dada898b3ee5 status=needs_auth title="Which emerging construction research areas warrant horizon scanning rather than…" | Eureka authorization is missing or expired.
2026-09-12T12:52:28.480184+00:00 task_update brief_id=50b014dd-a50e-4503-9623-4f6eea8009fc status=prepared share_status=pending completion_status= polls=0
2026-09-12T12:52:28.488829+00:00 task_update brief_id=50b014dd-a50e-4503-9623-4f6eea8009fc status=needs_auth share_status=pending completion_status= polls=0
2026-09-12T12:52:28.491115+00:00 [213/3960 |   5.4%] completed_this_run=213 attention=213 elapsed=11:20 eta=3:19:30 brief_id=50b014dd-a50e-4503-9623-4f6eea8009fc status=needs_auth title="How could changes in technology maturity across construction guide the depth of…" | Eureka authorization is missing or expired.
2026-09-12T12:52:28.493344+00:00 task_update brief_id=81a5d495-8781-4799-af0b-7ea7fe0eacdb status=prepared share_status=pending completion_status= polls=0
2026-09-12T12:52:28.504244+00:00 task_update brief_id=81a5d495-8781-4799-af0b-7ea7fe0eacdb status=needs_auth share_status=pending completion_status= polls=0
2026-09-12T12:52:28.507892+00:00 [214/3960 |   5.4%] completed_this_run=214 attention=214 elapsed=11:20 eta=3:18:31 brief_id=81a5d495-8781-4799-af0b-7ea7fe0eacdb status=needs_auth title="Where are construction technology fields converging, and which cross-field rese…" | Eureka authorization is missing or expired.
2026-09-12T12:52:28.509585+00:00 task_update brief_id=db5986e0-92ff-466b-b2b4-12e7bdb945a5 status=prepared share_status=pending completion_status= polls=0
2026-09-12T12:52:28.521178+00:00 task_update brief_id=db5986e0-92ff-466b-b2b4-12e7bdb945a5 status=needs_auth share_status=pending completion_status= polls=0
2026-09-12T12:52:28.524972+00:00 [215/3960 |   5.4%] completed_this_run=215 attention=215 elapsed=11:20 eta=3:17:33 brief_id=db5986e0-92ff-466b-b2b4-12e7bdb945a5 status=needs_auth title="How is construction research attention shifting across lifecycle stages, and wh…" | Eureka authorization is missing or expired.
2026-09-12T12:52:28.527131+00:00 task_update brief_id=b9f787f7-e0c4-4499-95f8-d67bb6203a5c status=prepared share_status=pending completion_status= polls=0
2026-09-12T12:52:28.534976+00:00 task_update brief_id=b9f787f7-e0c4-4499-95f8-d67bb6203a5c status=needs_auth share_status=pending completion_status= polls=0
2026-09-12T12:52:28.537159+00:00 [216/3960 |   5.5%] completed_this_run=216 attention=216 elapsed=11:20 eta=3:16:35 brief_id=b9f787f7-e0c4-4499-95f8-d67bb6203a5c status=needs_auth title="Which evolving technical challenges in construction could justify a challenge-f…" | Eureka authorization is missing or expired.
2026-09-12T12:52:28.538633+00:00 task_update brief_id=8fc01f25-a9f1-466d-92ee-dc4c0ac283c1 status=prepared share_status=pending completion_status= polls=0
2026-09-12T12:52:28.550239+00:00 task_update brief_id=8fc01f25-a9f1-466d-92ee-dc4c0ac283c1 status=needs_auth share_status=pending completion_status= polls=0
2026-09-12T12:52:28.552435+00:00 [217/3960 |   5.5%] completed_this_run=217 attention=217 elapsed=11:20 eta=3:15:38 brief_id=8fc01f25-a9f1-466d-92ee-dc4c0ac283c1 status=needs_auth title="How are research participation and collaboration changing across construction’s…" | Eureka authorization is missing or expired.
2026-09-12T12:52:28.553832+00:00 task_update brief_id=d2dce2d9-7d69-4359-928a-a2dbc62e75ad status=prepared share_status=pending completion_status= polls=0
2026-09-12T12:52:28.563242+00:00 task_update brief_id=d2dce2d9-7d69-4359-928a-a2dbc62e75ad status=needs_auth share_status=pending completion_status= polls=0
2026-09-12T12:52:28.565379+00:00 [218/3960 |   5.5%] completed_this_run=218 attention=218 elapsed=11:20 eta=3:14:41 brief_id=d2dce2d9-7d69-4359-928a-a2dbc62e75ad status=needs_auth title="What trends in the movement from construction research to practical use could g…" | Eureka authorization is missing or expired.
2026-09-12T12:52:28.568854+00:00 task_update brief_id=90564fb0-f0d0-4042-8b23-bdb0ce64ac8c status=prepared share_status=pending completion_status= polls=0
2026-09-12T12:52:28.579759+00:00 task_update brief_id=90564fb0-f0d0-4042-8b23-bdb0ce64ac8c status=needs_auth share_status=pending completion_status= polls=0
2026-09-12T12:52:28.581873+00:00 [219/3960 |   5.5%] completed_this_run=219 attention=219 elapsed=11:20 eta=3:13:45 brief_id=90564fb0-f0d0-4042-8b23-bdb0ce64ac8c status=needs_auth title="How do patent and non-patent sources differ in signaling construction technolog…" | Eureka authorization is missing or expired.
2026-09-12T12:52:28.583450+00:00 task_update brief_id=34436706-b2cf-4e1a-aee7-c404c136cd94 status=prepared share_status=pending completion_status= polls=0
2026-09-12T12:52:28.595444+00:00 task_update brief_id=34436706-b2cf-4e1a-aee7-c404c136cd94 status=needs_auth share_status=pending completion_status= polls=0
2026-09-12T12:52:28.598208+00:00 [220/3960 |   5.6%] completed_this_run=220 attention=220 elapsed=11:20 eta=3:12:49 brief_id=34436706-b2cf-4e1a-aee7-c404c136cd94 status=needs_auth title="Which uncertainties about construction’s next technology directions could guide…" | Eureka authorization is missing or expired.
2026-09-12T12:52:28.599933+00:00 task_update brief_id=d3afd1ae-3aeb-42e7-a3ad-281c3c6a0cf1 status=prepared share_status=pending completion_status= polls=0
2026-09-12T12:52:28.608119+00:00 task_update brief_id=d3afd1ae-3aeb-42e7-a3ad-281c3c6a0cf1 status=needs_auth share_status=pending completion_status= polls=0
2026-09-12T12:52:28.611544+00:00 [221/3960 |   5.6%] completed_this_run=221 attention=221 elapsed=11:20 eta=3:11:54 brief_id=d3afd1ae-3aeb-42e7-a3ad-281c3c6a0cf1 status=needs_auth title="Which construction technology fields show the strongest shifts in patent activi…" | Eureka authorization is missing or expired.
2026-09-12T12:52:28.622772+00:00 task_update brief_id=afd50594-0e23-4176-a259-a6be284db3e2 status=prepared share_status=pending completion_status= polls=0
2026-09-12T12:52:28.631418+00:00 task_update brief_id=afd50594-0e23-4176-a259-a6be284db3e2 status=needs_auth share_status=pending completion_status= polls=0
2026-09-12T12:52:28.633537+00:00 [222/3960 |   5.6%] completed_this_run=222 attention=222 elapsed=11:20 eta=3:10:59 brief_id=afd50594-0e23-4176-a259-a6be284db3e2 status=needs_auth title="How are patent filing trends changing across stages of the construction value c…" | Eureka authorization is missing or expired.
2026-09-12T12:52:28.635087+00:00 task_update brief_id=84fc691a-4cd1-4a5f-bf09-71534961aca8 status=prepared share_status=pending completion_status= polls=0
2026-09-12T12:52:28.643228+00:00 task_update brief_id=84fc691a-4cd1-4a5f-bf09-71534961aca8 status=needs_auth share_status=pending completion_status= polls=0
2026-09-12T12:52:28.645278+00:00 [223/3960 |   5.6%] completed_this_run=223 attention=223 elapsed=11:20 eta=3:10:05 brief_id=84fc691a-4cd1-4a5f-bf09-71534961aca8 status=needs_auth title="Where are digital and physical construction technology patent clusters convergi…" | Eureka authorization is missing or expired.
2026-09-12T12:52:28.647200+00:00 task_update brief_id=fc337172-5575-45fd-90ae-f8249b29a97a status=prepared share_status=pending completion_status= polls=0
2026-09-12T12:52:28.655281+00:00 task_update brief_id=fc337172-5575-45fd-90ae-f8249b29a97a status=needs_auth share_status=pending completion_status= polls=0
2026-09-12T12:52:28.657343+00:00 [224/3960 |   5.7%] completed_this_run=224 attention=224 elapsed=11:20 eta=3:09:11 brief_id=fc337172-5575-45fd-90ae-f8249b29a97a status=needs_auth title="How are major patent holders changing their positions across the construction i…" | Eureka authorization is missing or expired.
2026-09-12T12:52:28.658908+00:00 task_update brief_id=15d87c25-191e-4ab0-8dea-a1427cf0899c status=prepared share_status=pending completion_status= polls=0
2026-09-12T12:52:28.667169+00:00 task_update brief_id=15d87c25-191e-4ab0-8dea-a1427cf0899c status=needs_auth share_status=pending completion_status= polls=0
2026-09-12T12:52:28.680343+00:00 [225/3960 |   5.7%] completed_this_run=225 attention=225 elapsed=11:20 eta=3:08:18 brief_id=15d87c25-191e-4ab0-8dea-a1427cf0899c status=needs_auth title="How are geographic patterns of construction patent filing and protection changi…" | Eureka authorization is missing or expired.
2026-09-12T12:52:28.682929+00:00 task_update brief_id=226358a4-7911-4e12-ad89-473ecf04b0c2 status=prepared share_status=pending completion_status= polls=0
2026-09-12T12:52:28.691525+00:00 task_update brief_id=226358a4-7911-4e12-ad89-473ecf04b0c2 status=needs_auth share_status=pending completion_status= polls=0
2026-09-12T12:52:28.693738+00:00 [226/3960 |   5.7%] completed_this_run=226 attention=226 elapsed=11:20 eta=3:07:25 brief_id=226358a4-7911-4e12-ad89-473ecf04b0c2 status=needs_auth title="Which construction patent clusters are emerging, maturing, consolidating, or de…" | Eureka authorization is missing or expired.
2026-09-12T12:52:28.695178+00:00 task_update brief_id=ae55428f-a785-42ec-93ba-397d4aa36a73 status=prepared share_status=pending completion_status= polls=0
2026-09-12T12:52:28.703131+00:00 task_update brief_id=ae55428f-a785-42ec-93ba-397d4aa36a73 status=needs_auth share_status=pending completion_status= polls=0
2026-09-12T12:52:28.705411+00:00 [227/3960 |   5.7%] completed_this_run=227 attention=227 elapsed=11:20 eta=3:06:33 brief_id=ae55428f-a785-42ec-93ba-397d4aa36a73 status=needs_auth title="How is sustainability-oriented patent activity evolving across the construction…" | Eureka authorization is missing or expired.
2026-09-12T12:52:28.706807+00:00 task_update brief_id=c3bf132b-8eb2-4f19-83a4-876bef1b0b41 status=prepared share_status=pending completion_status= polls=0
2026-09-12T12:52:28.714656+00:00 task_update brief_id=c3bf132b-8eb2-4f19-83a4-876bef1b0b41 status=needs_auth share_status=pending completion_status= polls=0
2026-09-12T12:52:28.716805+00:00 [228/3960 |   5.8%] completed_this_run=228 attention=228 elapsed=11:20 eta=3:05:41 brief_id=c3bf132b-8eb2-4f19-83a4-876bef1b0b41 status=needs_auth title="Which construction-industry challenges are attracting the fastest-changing pate…" | Eureka authorization is missing or expired.
2026-09-12T12:52:28.718246+00:00 task_update brief_id=7dbff91e-741a-4ff6-bc75-883989ac76e6 status=prepared share_status=pending completion_status= polls=0
2026-09-12T12:52:28.725328+00:00 task_update brief_id=7dbff91e-741a-4ff6-bc75-883989ac76e6 status=needs_auth share_status=pending completion_status= polls=0
2026-09-12T12:52:28.727213+00:00 [229/3960 |   5.8%] completed_this_run=229 attention=229 elapsed=11:20 eta=3:04:50 brief_id=7dbff91e-741a-4ff6-bc75-883989ac76e6 status=needs_auth title="How is participation by established construction firms, technology companies, a…" | Eureka authorization is missing or expired.
2026-09-12T12:52:28.728813+00:00 task_update brief_id=a5e1132f-5726-4d6b-85a0-28528985e086 status=prepared share_status=pending completion_status= polls=0
2026-09-12T12:52:28.736380+00:00 task_update brief_id=a5e1132f-5726-4d6b-85a0-28528985e086 status=needs_auth share_status=pending completion_status= polls=0
2026-09-12T12:52:28.738187+00:00 [230/3960 |   5.8%] completed_this_run=230 attention=230 elapsed=11:20 eta=3:03:59 brief_id=a5e1132f-5726-4d6b-85a0-28528985e086 status=needs_auth title="What do shifts in patent-family growth, citations, and grants reveal about cons…" | Eureka authorization is missing or expired.
2026-09-12T12:52:28.739765+00:00 task_update brief_id=38261914-6c4f-43b6-8156-cfb34f047aff status=prepared share_status=pending completion_status= polls=0
2026-09-12T12:52:28.747768+00:00 task_update brief_id=38261914-6c4f-43b6-8156-cfb34f047aff status=needs_auth share_status=pending completion_status= polls=0
2026-09-12T12:52:28.749718+00:00 [231/3960 |   5.8%] completed_this_run=231 attention=231 elapsed=11:20 eta=3:03:08 brief_id=38261914-6c4f-43b6-8156-cfb34f047aff status=needs_auth title="Which prior-art clusters indicate the greatest IP risks for digital design, coo…" | Eureka authorization is missing or expired.
2026-09-12T12:52:28.751206+00:00 task_update brief_id=18298054-cfe0-40b1-bb8b-b136fab5d1d0 status=prepared share_status=pending completion_status= polls=0
2026-09-12T12:52:28.759958+00:00 task_update brief_id=18298054-cfe0-40b1-bb8b-b136fab5d1d0 status=needs_auth share_status=pending completion_status= polls=0
2026-09-12T12:52:28.761762+00:00 [232/3960 |   5.9%] completed_this_run=232 attention=232 elapsed=11:20 eta=3:02:18 brief_id=18298054-cfe0-40b1-bb8b-b136fab5d1d0 status=needs_auth title="Where does earlier public evidence create the most significant IP risk for cons…" | Eureka authorization is missing or expired.
2026-09-12T12:52:28.763202+00:00 task_update brief_id=67653c61-fa6b-4553-90df-3970fef641ed status=prepared share_status=pending completion_status= polls=0
2026-09-12T12:52:28.773143+00:00 task_update brief_id=67653c61-fa6b-4553-90df-3970fef641ed status=needs_auth share_status=pending completion_status= polls=0
2026-09-12T12:52:28.775670+00:00 [233/3960 |   5.9%] completed_this_run=233 attention=233 elapsed=11:20 eta=3:01:28 brief_id=67653c61-fa6b-4553-90df-3970fef641ed status=needs_auth title="Which prior-art fields present the highest IP risks for off-site fabrication, p…" | Eureka authorization is missing or expired.
2026-09-12T12:52:28.777031+00:00 task_update brief_id=c34120bc-90d2-46c3-ab8b-467b713d7521 status=prepared share_status=pending completion_status= polls=0
2026-09-12T12:52:28.784975+00:00 task_update brief_id=c34120bc-90d2-46c3-ab8b-467b713d7521 status=needs_auth share_status=pending completion_status= polls=0
2026-09-12T12:52:28.786978+00:00 [234/3960 |   5.9%] completed_this_run=234 attention=234 elapsed=11:20 eta=3:00:39 brief_id=c34120bc-90d2-46c3-ab8b-467b713d7521 status=needs_auth title="How does prior art shape IP risk across emerging construction-material technolo…" | Eureka authorization is missing or expired.
2026-09-12T12:52:28.788568+00:00 task_update brief_id=313edd63-3f16-43fc-b167-f04f2d5fab96 status=prepared share_status=pending completion_status= polls=0
2026-09-12T12:52:28.797805+00:00 task_update brief_id=313edd63-3f16-43fc-b167-f04f2d5fab96 status=needs_auth share_status=pending completion_status= polls=0
2026-09-12T12:52:28.800174+00:00 [235/3960 |   5.9%] completed_this_run=235 attention=235 elapsed=11:20 eta=2:59:50 brief_id=313edd63-3f16-43fc-b167-f04f2d5fab96 status=needs_auth title="Which earlier disclosures create material IP risks for additive manufacturing m…" | Eureka authorization is missing or expired.
2026-09-12T12:52:28.801741+00:00 task_update brief_id=b7aa91c8-a756-4d5f-af3b-8b9d2f402af0 status=prepared share_status=pending completion_status= polls=0
2026-09-12T12:52:28.814291+00:00 task_update brief_id=b7aa91c8-a756-4d5f-af3b-8b9d2f402af0 status=needs_auth share_status=pending completion_status= polls=0
2026-09-12T12:52:28.816930+00:00 [236/3960 |   6.0%] completed_this_run=236 attention=236 elapsed=11:20 eta=2:59:02 brief_id=b7aa91c8-a756-4d5f-af3b-8b9d2f402af0 status=needs_auth title="Where are the principal prior-art risks in construction sensing, monitoring, an…" | Eureka authorization is missing or expired.
2026-09-12T12:52:28.818528+00:00 task_update brief_id=71d1658a-ac0f-4c95-8d7e-fda7079b371b status=prepared share_status=pending completion_status= polls=0
2026-09-12T12:52:28.826931+00:00 task_update brief_id=71d1658a-ac0f-4c95-8d7e-fda7079b371b status=needs_auth share_status=pending completion_status= polls=0
2026-09-12T12:52:28.828809+00:00 [237/3960 |   6.0%] completed_this_run=237 attention=237 elapsed=11:20 eta=2:58:14 brief_id=71d1658a-ac0f-4c95-8d7e-fda7079b371b status=needs_auth title="Which prior-art areas pose the greatest IP risks for technology-enabled constru…" | Eureka authorization is missing or expired.
2026-09-12T12:52:28.830291+00:00 task_update brief_id=801fcf7e-3d50-4c10-a300-010d47314c45 status=prepared share_status=pending completion_status= polls=0
2026-09-12T12:52:28.838260+00:00 task_update brief_id=801fcf7e-3d50-4c10-a300-010d47314c45 status=needs_auth share_status=pending completion_status= polls=0
2026-09-12T12:52:28.840078+00:00 [238/3960 |   6.0%] completed_this_run=238 attention=238 elapsed=11:20 eta=2:57:26 brief_id=801fcf7e-3d50-4c10-a300-010d47314c45 status=needs_auth title="How does earlier public evidence affect IP risk for energy-efficiency technolog…" | Eureka authorization is missing or expired.
2026-09-12T12:52:28.841365+00:00 task_update brief_id=13520109-3d6c-4f85-9ec5-f159116fc33d status=prepared share_status=pending completion_status= polls=0
2026-09-12T12:52:28.849208+00:00 task_update brief_id=13520109-3d6c-4f85-9ec5-f159116fc33d status=needs_auth share_status=pending completion_status= polls=0
2026-09-12T12:52:28.851174+00:00 [239/3960 |   6.0%] completed_this_run=239 attention=239 elapsed=11:20 eta=2:56:39 brief_id=13520109-3d6c-4f85-9ec5-f159116fc33d status=needs_auth title="Which prior-art trends signal rising IP risks for climate-resilient constructio…" | Eureka authorization is missing or expired.
2026-09-12T12:52:28.852848+00:00 task_update brief_id=ab3c420a-5135-4372-a8d1-b62ae558b062 status=prepared share_status=pending completion_status= polls=0
2026-09-12T12:52:28.860831+00:00 task_update brief_id=ab3c420a-5135-4372-a8d1-b62ae558b062 status=needs_auth share_status=pending completion_status= polls=0
2026-09-12T12:52:28.863223+00:00 [240/3960 |   6.1%] completed_this_run=240 attention=240 elapsed=11:20 eta=2:55:52 brief_id=ab3c420a-5135-4372-a8d1-b62ae558b062 status=needs_auth title="Where does prior art create IP risk for circular construction, deconstruction, …" | Eureka authorization is missing or expired.
2026-09-12T12:52:28.864744+00:00 task_update brief_id=d4134a6a-0f8e-4a1a-afbb-d534cfbdc269 status=prepared share_status=pending completion_status= polls=0
2026-09-12T12:52:28.872435+00:00 task_update brief_id=d4134a6a-0f8e-4a1a-afbb-d534cfbdc269 status=needs_auth share_status=pending completion_status= polls=0
2026-09-12T12:52:28.874810+00:00 [241/3960 |   6.1%] completed_this_run=241 attention=241 elapsed=11:20 eta=2:55:06 brief_id=d4134a6a-0f8e-4a1a-afbb-d534cfbdc269 status=needs_auth title="How should disclosure-readiness gaps be evaluated before drafting patent applic…" | Eureka authorization is missing or expired.
2026-09-12T12:52:28.876292+00:00 task_update brief_id=40c579d5-97c1-4c6d-95c9-822441140f14 status=prepared share_status=pending completion_status= polls=0
2026-09-12T12:52:28.884144+00:00 task_update brief_id=40c579d5-97c1-4c6d-95c9-822441140f14 status=needs_auth share_status=pending completion_status= polls=0
2026-09-12T12:52:28.886889+00:00 [242/3960 |   6.1%] completed_this_run=242 attention=242 elapsed=11:20 eta=2:54:20 brief_id=40c579d5-97c1-4c6d-95c9-822441140f14 status=needs_auth title="How should supported claim categories and scope be selected when drafting elect…" | Eureka authorization is missing or expired.
2026-09-12T12:52:28.888890+00:00 task_update brief_id=c5691d6f-5a79-4920-b84c-040a9416ca2c status=prepared share_status=pending completion_status= polls=0
2026-09-12T12:52:28.897073+00:00 task_update brief_id=c5691d6f-5a79-4920-b84c-040a9416ca2c status=needs_auth share_status=pending completion_status= polls=0
2026-09-12T12:52:28.899041+00:00 [243/3960 |   6.1%] completed_this_run=243 attention=243 elapsed=11:20 eta=2:53:34 brief_id=c5691d6f-5a79-4920-b84c-040a9416ca2c status=needs_auth title="How should a specification be structured to preserve clear support relationship…" | Eureka authorization is missing or expired.
2026-09-12T12:52:28.900516+00:00 task_update brief_id=de638a44-c04e-44b2-adc8-df1f36fd72ed status=prepared share_status=pending completion_status= polls=0
2026-09-12T12:52:28.907732+00:00 task_update brief_id=de638a44-c04e-44b2-adc8-df1f36fd72ed status=needs_auth share_status=pending completion_status= polls=0
2026-09-12T12:52:28.909583+00:00 [244/3960 |   6.2%] completed_this_run=244 attention=244 elapsed=11:20 eta=2:52:49 brief_id=de638a44-c04e-44b2-adc8-df1f36fd72ed status=needs_auth title="How should disclosed embodiments and alternatives be prioritized in an electron…" | Eureka authorization is missing or expired.
2026-09-12T12:52:28.911225+00:00 task_update brief_id=79ae720e-1950-4c2e-b4ec-71e96e05f501 status=prepared share_status=pending completion_status= polls=0
2026-09-12T12:52:28.920490+00:00 task_update brief_id=79ae720e-1950-4c2e-b4ec-71e96e05f501 status=needs_auth share_status=pending completion_status= polls=0
2026-09-12T12:52:28.922241+00:00 [245/3960 |   6.2%] completed_this_run=245 attention=245 elapsed=11:20 eta=2:52:04 brief_id=79ae720e-1950-4c2e-b4ec-71e96e05f501 status=needs_auth title="How should technical terminology and definitions be standardized in electronics…" | Eureka authorization is missing or expired.
2026-09-12T12:52:28.923627+00:00 task_update brief_id=a7334569-8b0e-4039-991f-f7340d72a6b3 status=prepared share_status=pending completion_status= polls=0
2026-09-12T12:52:28.953914+00:00 task_update brief_id=a7334569-8b0e-4039-991f-f7340d72a6b3 status=needs_auth share_status=pending completion_status= polls=0
2026-09-12T12:52:28.960481+00:00 [246/3960 |   6.2%] completed_this_run=246 attention=246 elapsed=11:20 eta=2:51:20 brief_id=a7334569-8b0e-4039-991f-f7340d72a6b3 status=needs_auth title="How should drawing content be selected to support an electronics manufacturing …" | Eureka authorization is missing or expired.
2026-09-12T12:52:28.962509+00:00 task_update brief_id=fb2c420c-9fbc-4d56-9acb-c2b1abe72706 status=prepared share_status=pending completion_status= polls=0
2026-09-12T12:52:28.970206+00:00 task_update brief_id=fb2c420c-9fbc-4d56-9acb-c2b1abe72706 status=needs_auth share_status=pending completion_status= polls=0
2026-09-12T12:52:28.974231+00:00 [247/3960 |   6.2%] completed_this_run=247 attention=247 elapsed=11:20 eta=2:50:36 brief_id=fb2c420c-9fbc-4d56-9acb-c2b1abe72706 status=needs_auth title="How should relevant prior-art findings influence drafting choices for electroni…" | Eureka authorization is missing or expired.
2026-09-12T12:52:28.975965+00:00 task_update brief_id=8c9ff7a8-5e57-4442-a04e-890a315a0dfd status=prepared share_status=pending completion_status= polls=0
2026-09-12T12:52:28.984191+00:00 task_update brief_id=8c9ff7a8-5e57-4442-a04e-890a315a0dfd status=needs_auth share_status=pending completion_status= polls=0
2026-09-12T12:52:28.986501+00:00 [248/3960 |   6.3%] completed_this_run=248 attention=248 elapsed=11:20 eta=2:49:52 brief_id=8c9ff7a8-5e57-4442-a04e-890a315a0dfd status=needs_auth title="How should fallback positions be designed into claims and the specification for…" | Eureka authorization is missing or expired.
2026-09-12T12:52:28.988070+00:00 task_update brief_id=e6b4443f-1cdb-4501-a724-82a17575ddb6 status=prepared share_status=pending completion_status= polls=0
2026-09-12T12:52:28.996983+00:00 task_update brief_id=e6b4443f-1cdb-4501-a724-82a17575ddb6 status=needs_auth share_status=pending completion_status= polls=0
2026-09-12T12:52:29.000588+00:00 [249/3960 |   6.3%] completed_this_run=249 attention=249 elapsed=11:20 eta=2:49:08 brief_id=e6b4443f-1cdb-4501-a724-82a17575ddb6 status=needs_auth title="How should enablement and written-description risks be assessed during electron…" | Eureka authorization is missing or expired.
2026-09-12T12:52:29.002274+00:00 task_update brief_id=73649abf-c9ed-43df-8d79-eb5775c4c0a6 status=prepared share_status=pending completion_status= polls=0
2026-09-12T12:52:29.010542+00:00 task_update brief_id=73649abf-c9ed-43df-8d79-eb5775c4c0a6 status=needs_auth share_status=pending completion_status= polls=0
2026-09-12T12:52:29.038172+00:00 [250/3960 |   6.3%] completed_this_run=250 attention=250 elapsed=11:21 eta=2:48:26 brief_id=73649abf-c9ed-43df-8d79-eb5775c4c0a6 status=needs_auth title="Which jurisdiction-sensitive drafting choices should be resolved before finaliz…" | Eureka authorization is missing or expired.
2026-09-12T12:52:29.048754+00:00 task_update brief_id=1125d612-f87c-410b-a335-8a1a99120989 status=prepared share_status=pending completion_status= polls=0
2026-09-12T12:52:29.057983+00:00 task_update brief_id=1125d612-f87c-410b-a335-8a1a99120989 status=needs_auth share_status=pending completion_status= polls=0
2026-09-12T12:52:29.061989+00:00 [251/3960 |   6.3%] completed_this_run=251 attention=251 elapsed=11:21 eta=2:47:43 brief_id=1125d612-f87c-410b-a335-8a1a99120989 status=needs_auth title="Which major technology fields create the greatest patent-related freedom-to-ope…" | Eureka authorization is missing or expired.
2026-09-12T12:52:29.063651+00:00 task_update brief_id=7c0650ca-a123-4f54-9e4c-6966ab809319 status=prepared share_status=pending completion_status= polls=0
2026-09-12T12:52:29.071384+00:00 task_update brief_id=7c0650ca-a123-4f54-9e4c-6966ab809319 status=needs_auth share_status=pending completion_status= polls=0
2026-09-12T12:52:29.073634+00:00 [252/3960 |   6.4%] completed_this_run=252 attention=252 elapsed=11:21 eta=2:47:01 brief_id=7c0650ca-a123-4f54-9e4c-6966ab809319 status=needs_auth title="Where are emerging technologies increasing freedom-to-operate risk across the e…" | Eureka authorization is missing or expired.
2026-09-12T12:52:29.075015+00:00 task_update brief_id=13e608e5-cb89-41e1-a1dc-a20784e9473d status=prepared share_status=pending completion_status= polls=0
2026-09-12T12:52:29.083384+00:00 task_update brief_id=13e608e5-cb89-41e1-a1dc-a20784e9473d status=needs_auth share_status=pending completion_status= polls=0
2026-09-12T12:52:29.086629+00:00 [253/3960 |   6.4%] completed_this_run=253 attention=253 elapsed=11:21 eta=2:46:18 brief_id=13e608e5-cb89-41e1-a1dc-a20784e9473d status=needs_auth title="Which stages of electronics manufacturing present the most significant patent c…" | Eureka authorization is missing or expired.
2026-09-12T12:52:29.087961+00:00 task_update brief_id=4c442c47-4055-4a38-b5f8-a79011df38d8 status=prepared share_status=pending completion_status= polls=0
2026-09-12T12:52:29.100516+00:00 task_update brief_id=4c442c47-4055-4a38-b5f8-a79011df38d8 status=needs_auth share_status=pending completion_status= polls=0
2026-09-12T12:52:29.103337+00:00 [254/3960 |   6.4%] completed_this_run=254 attention=254 elapsed=11:21 eta=2:45:37 brief_id=4c442c47-4055-4a38-b5f8-a79011df38d8 status=needs_auth title="How do supply-chain roles affect freedom-to-operate risk in electronics manufac…" | Eureka authorization is missing or expired.
2026-09-12T12:52:29.104861+00:00 task_update brief_id=98ea9c69-d580-4c53-aab6-4122455f6c87 status=prepared share_status=pending completion_status= polls=0
2026-09-12T12:52:29.115223+00:00 task_update brief_id=98ea9c69-d580-4c53-aab6-4122455f6c87 status=needs_auth share_status=pending completion_status= polls=0
2026-09-12T12:52:29.117705+00:00 [255/3960 |   6.4%] completed_this_run=255 attention=255 elapsed=11:21 eta=2:44:55 brief_id=98ea9c69-d580-4c53-aab6-4122455f6c87 status=needs_auth title="How does jurisdictional variation change patent risk across the electronics man…" | Eureka authorization is missing or expired.
2026-09-12T12:52:29.122569+00:00 task_update brief_id=ad91b630-a290-4265-b06a-92c2d2bea021 status=prepared share_status=pending completion_status= polls=0
2026-09-12T12:52:29.134364+00:00 task_update brief_id=ad91b630-a290-4265-b06a-92c2d2bea021 status=needs_auth share_status=pending completion_status= polls=0
2026-09-12T12:52:29.136490+00:00 [256/3960 |   6.5%] completed_this_run=256 attention=256 elapsed=11:21 eta=2:44:14 brief_id=ad91b630-a290-4265-b06a-92c2d2bea021 status=needs_auth title="Which recurring technical functions in electronics manufacturing are most dense…" | Eureka authorization is missing or expired.
2026-09-12T12:52:29.137977+00:00 task_update brief_id=eade914b-9944-44a3-8879-ae8e1bb19ee9 status=prepared share_status=pending completion_status= polls=0
2026-09-12T12:52:29.153452+00:00 task_update brief_id=eade914b-9944-44a3-8879-ae8e1bb19ee9 status=needs_auth share_status=pending completion_status= polls=0
2026-09-12T12:52:29.156729+00:00 [257/3960 |   6.5%] completed_this_run=257 attention=257 elapsed=11:21 eta=2:43:33 brief_id=eade914b-9944-44a3-8879-ae8e1bb19ee9 status=needs_auth title="What ownership and licensing signals indicate elevated freedom-to-operate risk …" | Eureka authorization is missing or expired.
2026-09-12T12:52:29.158127+00:00 task_update brief_id=659024cd-75e1-448d-a30a-f15e440ca928 status=prepared share_status=pending completion_status= polls=0
2026-09-12T12:52:29.165578+00:00 task_update brief_id=659024cd-75e1-448d-a30a-f15e440ca928 status=needs_auth share_status=pending completion_status= polls=0
2026-09-12T12:52:29.167647+00:00 [258/3960 |   6.5%] completed_this_run=258 attention=258 elapsed=11:21 eta=2:42:53 brief_id=659024cd-75e1-448d-a30a-f15e440ca928 status=needs_auth title="Where can standards-related patent claims create freedom-to-operate risks acros…" | Eureka authorization is missing or expired.
2026-09-12T12:52:29.168990+00:00 task_update brief_id=fe4695b9-9ae4-4828-9756-100dd6668227 status=prepared share_status=pending completion_status= polls=0
2026-09-12T12:52:29.177458+00:00 task_update brief_id=fe4695b9-9ae4-4828-9756-100dd6668227 status=needs_auth share_status=pending completion_status= polls=0
2026-09-12T12:52:29.179635+00:00 [259/3960 |   6.5%] completed_this_run=259 attention=259 elapsed=11:21 eta=2:42:13 brief_id=fe4695b9-9ae4-4828-9756-100dd6668227 status=needs_auth title="Which patent-family and prosecution-history signals most affect freedom-to-oper…" | Eureka authorization is missing or expired.
2026-09-12T12:52:29.182123+00:00 task_update brief_id=3f2568ad-faa0-4def-be2e-a5c73a0b4f58 status=prepared share_status=pending completion_status= polls=0
2026-09-12T12:52:29.191334+00:00 task_update brief_id=3f2568ad-faa0-4def-be2e-a5c73a0b4f58 status=needs_auth share_status=pending completion_status= polls=0
2026-09-12T12:52:29.193382+00:00 [260/3960 |   6.6%] completed_this_run=260 attention=260 elapsed=11:21 eta=2:41:33 brief_id=3f2568ad-faa0-4def-be2e-a5c73a0b4f58 status=needs_auth title="What patent evidence can reveal design-around constraints across the electronic…" | Eureka authorization is missing or expired.
2026-09-12T12:52:29.194877+00:00 task_update brief_id=3305aea1-3927-4fb3-9e2e-61c4b3931a5f status=prepared share_status=pending completion_status= polls=0
2026-09-12T12:52:29.203331+00:00 task_update brief_id=3305aea1-3927-4fb3-9e2e-61c4b3931a5f status=needs_auth share_status=pending completion_status= polls=0
2026-09-12T12:52:29.205877+00:00 [261/3960 |   6.6%] completed_this_run=261 attention=261 elapsed=11:21 eta=2:40:53 brief_id=3305aea1-3927-4fb3-9e2e-61c4b3931a5f status=needs_auth title="How should cited prior art be mapped to claim limitations to support a decision…" | Eureka authorization is missing or expired.
2026-09-12T12:52:29.207351+00:00 task_update brief_id=f9f3269f-8a54-4b76-a5db-c343bd4227a0 status=prepared share_status=pending completion_status= polls=0
2026-09-12T12:52:29.218643+00:00 task_update brief_id=f9f3269f-8a54-4b76-a5db-c343bd4227a0 status=needs_auth share_status=pending completion_status= polls=0
2026-09-12T12:52:29.221367+00:00 [262/3960 |   6.6%] completed_this_run=262 attention=262 elapsed=11:21 eta=2:40:14 brief_id=f9f3269f-8a54-4b76-a5db-c343bd4227a0 status=needs_auth title="Which claim elements remain unsupported by each reference cited in a novelty ob…" | Eureka authorization is missing or expired.
2026-09-12T12:52:29.222873+00:00 task_update brief_id=68788907-d6cc-446a-be3d-71b1a475a0b7 status=prepared share_status=pending completion_status= polls=0
2026-09-12T12:52:29.231223+00:00 task_update brief_id=68788907-d6cc-446a-be3d-71b1a475a0b7 status=needs_auth share_status=pending completion_status= polls=0
2026-09-12T12:52:29.233423+00:00 [263/3960 |   6.6%] completed_this_run=263 attention=263 elapsed=11:21 eta=2:39:35 brief_id=68788907-d6cc-446a-be3d-71b1a475a0b7 status=needs_auth title="How should evidence for and against an obviousness combination be organized bef…" | Eureka authorization is missing or expired.
2026-09-12T12:52:29.234850+00:00 task_update brief_id=4e9a09df-392b-40e7-8a98-884b0d69c139 status=prepared share_status=pending completion_status= polls=0
2026-09-12T12:52:29.242102+00:00 task_update brief_id=4e9a09df-392b-40e7-8a98-884b0d69c139 status=needs_auth share_status=pending completion_status= polls=0
2026-09-12T12:52:29.245780+00:00 [264/3960 |   6.7%] completed_this_run=264 attention=264 elapsed=11:21 eta=2:38:56 brief_id=4e9a09df-392b-40e7-8a98-884b0d69c139 status=needs_auth title="Which parts of the application support potential claim amendments without creat…" | Eureka authorization is missing or expired.
2026-09-12T12:52:29.248101+00:00 task_update brief_id=b568f849-c44a-4fdc-bfc4-57e0cdd19f86 status=prepared share_status=pending completion_status= polls=0
2026-09-12T12:52:29.256435+00:00 task_update brief_id=b568f849-c44a-4fdc-bfc4-57e0cdd19f86 status=needs_auth share_status=pending completion_status= polls=0
2026-09-12T12:52:29.258724+00:00 [265/3960 |   6.7%] completed_this_run=265 attention=265 elapsed=11:21 eta=2:38:18 brief_id=b568f849-c44a-4fdc-bfc4-57e0cdd19f86 status=needs_auth title="How can written-description and enablement objections be traced to the applicat…" | Eureka authorization is missing or expired.
2026-09-12T12:52:29.260284+00:00 task_update brief_id=16431767-e32c-4830-8d12-f9108a7927c0 status=prepared share_status=pending completion_status= polls=0
2026-09-12T12:52:29.269142+00:00 task_update brief_id=16431767-e32c-4830-8d12-f9108a7927c0 status=needs_auth share_status=pending completion_status= polls=0
2026-09-12T12:52:29.271281+00:00 [266/3960 |   6.7%] completed_this_run=266 attention=266 elapsed=11:21 eta=2:37:40 brief_id=16431767-e32c-4830-8d12-f9108a7927c0 status=needs_auth title="Which disputed claim terms require clarification to address indefiniteness or c…" | Eureka authorization is missing or expired.
2026-09-12T12:52:29.272903+00:00 task_update brief_id=97c26665-688e-4cd4-b768-2b176e752f50 status=prepared share_status=pending completion_status= polls=0
2026-09-12T12:52:29.281894+00:00 task_update brief_id=97c26665-688e-4cd4-b768-2b176e752f50 status=needs_auth share_status=pending completion_status= polls=0
2026-09-12T12:52:29.284868+00:00 [267/3960 |   6.7%] completed_this_run=267 attention=267 elapsed=11:21 eta=2:37:02 brief_id=97c26665-688e-4cd4-b768-2b176e752f50 status=needs_auth title="Which dependent claims provide evidence-supported fallback positions in respons…" | Eureka authorization is missing or expired.
2026-09-12T12:52:29.288406+00:00 task_update brief_id=4777f3e8-2cc6-4c9c-9aa2-2110c8d1d475 status=prepared share_status=pending completion_status= polls=0
2026-09-12T12:52:29.297364+00:00 task_update brief_id=4777f3e8-2cc6-4c9c-9aa2-2110c8d1d475 status=needs_auth share_status=pending completion_status= polls=0
2026-09-12T12:52:29.300006+00:00 [268/3960 |   6.8%] completed_this_run=268 attention=268 elapsed=11:21 eta=2:36:25 brief_id=4777f3e8-2cc6-4c9c-9aa2-2110c8d1d475 status=needs_auth title="How should inconsistencies between examiner assertions and the cited record be …" | Eureka authorization is missing or expired.
2026-09-12T12:52:29.301615+00:00 task_update brief_id=7b1e2a1d-530c-40ed-922e-6706c3be59c1 status=prepared share_status=pending completion_status= polls=0
2026-09-12T12:52:29.309376+00:00 task_update brief_id=7b1e2a1d-530c-40ed-922e-6706c3be59c1 status=needs_auth share_status=pending completion_status= polls=0
2026-09-12T12:52:29.311572+00:00 [269/3960 |   6.8%] completed_this_run=269 attention=269 elapsed=11:21 eta=2:35:47 brief_id=7b1e2a1d-530c-40ed-922e-6706c3be59c1 status=needs_auth title="Which office-action issues could create prosecution-history risk under alternat…" | Eureka authorization is missing or expired.
2026-09-12T12:52:29.313115+00:00 task_update brief_id=859e08ef-5086-4b1a-a50f-3312cecf49ab status=prepared share_status=pending completion_status= polls=0
2026-09-12T12:52:29.321940+00:00 task_update brief_id=859e08ef-5086-4b1a-a50f-3312cecf49ab status=needs_auth share_status=pending completion_status= polls=0
2026-09-12T12:52:29.324229+00:00 [270/3960 |   6.8%] completed_this_run=270 attention=270 elapsed=11:21 eta=2:35:10 brief_id=859e08ef-5086-4b1a-a50f-3312cecf49ab status=needs_auth title="What evidence gaps should be resolved before deciding whether to request an exa…" | Eureka authorization is missing or expired.
2026-09-12T12:52:29.325859+00:00 task_update brief_id=5984b63c-99e8-4f17-9eb2-71164d982349 status=prepared share_status=pending completion_status= polls=0
2026-09-12T12:52:29.334842+00:00 task_update brief_id=5984b63c-99e8-4f17-9eb2-71164d982349 status=needs_auth share_status=pending completion_status= polls=0
2026-09-12T12:52:29.337165+00:00 [271/3960 |   6.8%] completed_this_run=271 attention=271 elapsed=11:21 eta=2:34:34 brief_id=5984b63c-99e8-4f17-9eb2-71164d982349 status=needs_auth title="Which research tasks could help track shifts in the major technology fields acr…" | Eureka authorization is missing or expired.
2026-09-12T12:52:29.338914+00:00 task_update brief_id=4c30cee9-67fa-4910-8431-74c788603020 status=prepared share_status=pending completion_status= polls=0
2026-09-12T12:52:29.348005+00:00 task_update brief_id=4c30cee9-67fa-4910-8431-74c788603020 status=needs_auth share_status=pending completion_status= polls=0
2026-09-12T12:52:29.350208+00:00 [272/3960 |   6.9%] completed_this_run=272 attention=272 elapsed=11:21 eta=2:33:57 brief_id=4c30cee9-67fa-4910-8431-74c788603020 status=needs_auth title="How could we choose a research task to distinguish emerging from maturing techn…" | Eureka authorization is missing or expired.
2026-09-12T12:52:29.351809+00:00 task_update brief_id=343e5ca6-7e2c-463f-9700-d18dd9343cf8 status=prepared share_status=pending completion_status= polls=0
2026-09-12T12:52:29.360358+00:00 task_update brief_id=343e5ca6-7e2c-463f-9700-d18dd9343cf8 status=needs_auth share_status=pending completion_status= polls=0
2026-09-12T12:52:29.362481+00:00 [273/3960 |   6.9%] completed_this_run=273 attention=273 elapsed=11:21 eta=2:33:21 brief_id=343e5ca6-7e2c-463f-9700-d18dd9343cf8 status=needs_auth title="What research options could reveal increasing convergence between technology fi…" | Eureka authorization is missing or expired.
2026-09-12T12:52:29.364066+00:00 task_update brief_id=b5783297-5258-4db5-a801-878a2b5629f5 status=prepared share_status=pending completion_status= polls=0
2026-09-12T12:52:29.371787+00:00 task_update brief_id=b5783297-5258-4db5-a801-878a2b5629f5 status=needs_auth share_status=pending completion_status= polls=0
2026-09-12T12:52:29.374519+00:00 [274/3960 |   6.9%] completed_this_run=274 attention=274 elapsed=11:21 eta=2:32:45 brief_id=b5783297-5258-4db5-a801-878a2b5629f5 status=needs_auth title="Which research tasks could examine how technologies move from research into ind…" | Eureka authorization is missing or expired.
2026-09-12T12:52:29.375772+00:00 task_update brief_id=e6db9b4c-eef2-48aa-9b33-0b7d9a114b6e status=prepared share_status=pending completion_status= polls=0
2026-09-12T12:52:29.383709+00:00 task_update brief_id=e6db9b4c-eef2-48aa-9b33-0b7d9a114b6e status=needs_auth share_status=pending completion_status= polls=0
2026-09-12T12:52:29.401343+00:00 [275/3960 |   6.9%] completed_this_run=275 attention=275 elapsed=11:21 eta=2:32:10 brief_id=e6db9b4c-eef2-48aa-9b33-0b7d9a114b6e status=needs_auth title="How could we select a research task to track changing technical bottlenecks acr…" | Eureka authorization is missing or expired.
2026-09-12T12:52:29.403537+00:00 task_update brief_id=9e4bac88-13e7-488b-b277-bb7be1ddb562 status=prepared share_status=pending completion_status= polls=0
2026-09-12T12:52:29.412066+00:00 task_update brief_id=9e4bac88-13e7-488b-b277-bb7be1ddb562 status=needs_auth share_status=pending completion_status= polls=0
2026-09-12T12:52:29.414169+00:00 [276/3960 |   7.0%] completed_this_run=276 attention=276 elapsed=11:21 eta=2:31:34 brief_id=9e4bac88-13e7-488b-b277-bb7be1ddb562 status=needs_auth title="What research options could help identify early signals of new technology direc…" | Eureka authorization is missing or expired.
2026-09-12T12:52:29.415559+00:00 task_update brief_id=1381f60e-6b38-479f-97aa-23e913a70442 status=prepared share_status=pending completion_status= polls=0
2026-09-12T12:52:29.423613+00:00 task_update brief_id=1381f60e-6b38-479f-97aa-23e913a70442 status=needs_auth share_status=pending completion_status= polls=0
2026-09-12T12:52:29.425959+00:00 [277/3960 |   7.0%] completed_this_run=277 attention=277 elapsed=11:21 eta=2:30:59 brief_id=1381f60e-6b38-479f-97aa-23e913a70442 status=needs_auth title="Which research tasks could assess the changing role of shared enabling technolo…" | Eureka authorization is missing or expired.
2026-09-12T12:52:29.427404+00:00 task_update brief_id=374613d4-9102-41e3-be8c-dc67bda51dd7 status=prepared share_status=pending completion_status= polls=0
2026-09-12T12:52:29.437279+00:00 task_update brief_id=374613d4-9102-41e3-be8c-dc67bda51dd7 status=needs_auth share_status=pending completion_status= polls=0
2026-09-12T12:52:29.440227+00:00 [278/3960 |   7.0%] completed_this_run=278 attention=278 elapsed=11:21 eta=2:30:24 brief_id=374613d4-9102-41e3-be8c-dc67bda51dd7 status=needs_auth title="How could we choose a research task to track shifts in technology emphasis acro…" | Eureka authorization is missing or expired.
2026-09-12T12:52:29.441936+00:00 task_update brief_id=5809a461-73f2-4112-9d45-c4f990707afc status=prepared share_status=pending completion_status= polls=0
2026-09-12T12:52:29.451326+00:00 task_update brief_id=5809a461-73f2-4112-9d45-c4f990707afc status=needs_auth share_status=pending completion_status= polls=0
2026-09-12T12:52:29.453568+00:00 [279/3960 |   7.0%] completed_this_run=279 attention=279 elapsed=11:21 eta=2:29:50 brief_id=5809a461-73f2-4112-9d45-c4f990707afc status=needs_auth title="What research options could track evolving interoperability challenges across t…" | Eureka authorization is missing or expired.
2026-09-12T12:52:29.455519+00:00 task_update brief_id=b30be116-7b8c-448a-80fb-95d50e88bacd status=prepared share_status=pending completion_status= polls=0
2026-09-12T12:52:29.464335+00:00 task_update brief_id=b30be116-7b8c-448a-80fb-95d50e88bacd status=needs_auth share_status=pending completion_status= polls=0
2026-09-12T12:52:29.466626+00:00 [280/3960 |   7.1%] completed_this_run=280 attention=280 elapsed=11:21 eta=2:29:15 brief_id=b30be116-7b8c-448a-80fb-95d50e88bacd status=needs_auth title="Which research tasks could explore how resource-efficiency goals are influencin…" | Eureka authorization is missing or expired.
2026-09-12T12:52:29.468428+00:00 task_update brief_id=9718c7ef-8939-4a50-8f7c-961de15bdea0 status=prepared share_status=pending completion_status= polls=0
2026-09-12T12:52:29.476453+00:00 task_update brief_id=9718c7ef-8939-4a50-8f7c-961de15bdea0 status=needs_auth share_status=pending completion_status= polls=0
2026-09-12T12:52:29.478712+00:00 [281/3960 |   7.1%] completed_this_run=281 attention=281 elapsed=11:21 eta=2:28:41 brief_id=9718c7ef-8939-4a50-8f7c-961de15bdea0 status=needs_auth title="How are major technology clusters and filing trajectories reshaping the patent …" | Eureka authorization is missing or expired.
2026-09-12T12:52:29.480699+00:00 task_update brief_id=f00de6bd-5f37-4676-bc43-4e1daefeb275 status=prepared share_status=pending completion_status= polls=0
2026-09-12T12:52:29.488370+00:00 task_update brief_id=f00de6bd-5f37-4676-bc43-4e1daefeb275 status=needs_auth share_status=pending completion_status= polls=0
2026-09-12T12:52:29.490465+00:00 [282/3960 |   7.1%] completed_this_run=282 attention=282 elapsed=11:21 eta=2:28:07 brief_id=f00de6bd-5f37-4676-bc43-4e1daefeb275 status=needs_auth title="Which electronics manufacturing application fields are experiencing the stronge…" | Eureka authorization is missing or expired.
2026-09-12T12:52:29.492175+00:00 task_update brief_id=f631294d-7449-4986-8353-539969c6264b status=prepared share_status=pending completion_status= polls=0
2026-09-12T12:52:29.500587+00:00 task_update brief_id=f631294d-7449-4986-8353-539969c6264b status=needs_auth share_status=pending completion_status= polls=0
2026-09-12T12:52:29.503018+00:00 [283/3960 |   7.1%] completed_this_run=283 attention=283 elapsed=11:21 eta=2:27:34 brief_id=f631294d-7449-4986-8353-539969c6264b status=needs_auth title="How is the distribution of patent activity among major rights holders changing …" | Eureka authorization is missing or expired.
2026-09-12T12:52:29.504615+00:00 task_update brief_id=a3c248a5-122d-4254-98b0-c5a0ab9ef7c8 status=prepared share_status=pending completion_status= polls=0
2026-09-12T12:52:29.512790+00:00 task_update brief_id=a3c248a5-122d-4254-98b0-c5a0ab9ef7c8 status=needs_auth share_status=pending completion_status= polls=0
2026-09-12T12:52:29.514991+00:00 [284/3960 |   7.2%] completed_this_run=284 attention=284 elapsed=11:21 eta=2:27:00 brief_id=a3c248a5-122d-4254-98b0-c5a0ab9ef7c8 status=needs_auth title="What geographic shifts are emerging in the electronics manufacturing patent lan…" | Eureka authorization is missing or expired.
2026-09-12T12:52:29.516713+00:00 task_update brief_id=faf7dfdf-3b8b-4298-b140-fc27cf31ac64 status=prepared share_status=pending completion_status= polls=0
2026-09-12T12:52:29.525090+00:00 task_update brief_id=faf7dfdf-3b8b-4298-b140-fc27cf31ac64 status=needs_auth share_status=pending completion_status= polls=0
2026-09-12T12:52:29.527685+00:00 [285/3960 |   7.2%] completed_this_run=285 attention=285 elapsed=11:21 eta=2:26:27 brief_id=faf7dfdf-3b8b-4298-b140-fc27cf31ac64 status=needs_auth title="Where are technology-convergence patterns creating new patent clusters in elect…" | Eureka authorization is missing or expired.
2026-09-12T12:52:29.530224+00:00 task_update brief_id=60be0c3d-a4d2-4470-93c4-2d22f611dd11 status=prepared share_status=pending completion_status= polls=0
2026-09-12T12:52:29.538779+00:00 task_update brief_id=60be0c3d-a4d2-4470-93c4-2d22f611dd11 status=needs_auth share_status=pending completion_status= polls=0
2026-09-12T12:52:29.540871+00:00 [286/3960 |   7.2%] completed_this_run=286 attention=286 elapsed=11:21 eta=2:25:54 brief_id=60be0c3d-a4d2-4470-93c4-2d22f611dd11 status=needs_auth title="How are patenting trends changing across the design, fabrication, assembly, tes…" | Eureka authorization is missing or expired.
2026-09-12T12:52:29.542274+00:00 task_update brief_id=f11f4bd2-f0c8-4149-8e01-1511b21fbe17 status=prepared share_status=pending completion_status= polls=0
2026-09-12T12:52:29.551741+00:00 task_update brief_id=f11f4bd2-f0c8-4149-8e01-1511b21fbe17 status=needs_auth share_status=pending completion_status= polls=0
2026-09-12T12:52:29.553895+00:00 [287/3960 |   7.2%] completed_this_run=287 attention=287 elapsed=11:21 eta=2:25:22 brief_id=f11f4bd2-f0c8-4149-8e01-1511b21fbe17 status=needs_auth title="Which sustainability-related technology areas are gaining patent momentum acros…" | Eureka authorization is missing or expired.
2026-09-12T12:52:29.555662+00:00 task_update brief_id=ac86df0a-deb1-4161-ac3d-2f51eb6b5315 status=prepared share_status=pending completion_status= polls=0
2026-09-12T12:52:29.563844+00:00 task_update brief_id=ac86df0a-deb1-4161-ac3d-2f51eb6b5315 status=needs_auth share_status=pending completion_status= polls=0
2026-09-12T12:52:29.565690+00:00 [288/3960 |   7.3%] completed_this_run=288 attention=288 elapsed=11:21 eta=2:24:49 brief_id=ac86df0a-deb1-4161-ac3d-2f51eb6b5315 status=needs_auth title="How are collaboration and ownership patterns changing the structure of the elec…" | Eureka authorization is missing or expired.
2026-09-12T12:52:29.567254+00:00 task_update brief_id=47d48f94-cad5-4f0c-bbee-863a8b89aaa6 status=prepared share_status=pending completion_status= polls=0
2026-09-12T12:52:29.575473+00:00 task_update brief_id=47d48f94-cad5-4f0c-bbee-863a8b89aaa6 status=needs_auth share_status=pending completion_status= polls=0
2026-09-12T12:52:29.580248+00:00 [289/3960 |   7.3%] completed_this_run=289 attention=289 elapsed=11:21 eta=2:24:17 brief_id=47d48f94-cad5-4f0c-bbee-863a8b89aaa6 status=needs_auth title="Which electronics manufacturing patent clusters are approaching maturity, and w…" | Eureka authorization is missing or expired.
2026-09-12T12:52:29.581680+00:00 task_update brief_id=fb72e75f-14e4-4de5-bff4-bbb70e7635be status=prepared share_status=pending completion_status= polls=0
2026-09-12T12:52:29.590249+00:00 task_update brief_id=fb72e75f-14e4-4de5-bff4-bbb70e7635be status=needs_auth share_status=pending completion_status= polls=0
2026-09-12T12:52:29.592186+00:00 [290/3960 |   7.3%] completed_this_run=290 attention=290 elapsed=11:21 eta=2:23:45 brief_id=fb72e75f-14e4-4de5-bff4-bbb70e7635be status=needs_auth title="What changes in patent-family growth and citation connectivity signal emerging …" | Eureka authorization is missing or expired.
2026-09-12T12:52:29.593573+00:00 task_update brief_id=914f5136-252e-4bec-beb8-a659a766330b status=prepared share_status=pending completion_status= polls=0
2026-09-12T12:52:29.602041+00:00 task_update brief_id=914f5136-252e-4bec-beb8-a659a766330b status=needs_auth share_status=pending completion_status= polls=0
2026-09-12T12:52:29.604180+00:00 [291/3960 |   7.3%] completed_this_run=291 attention=291 elapsed=11:21 eta=2:23:13 brief_id=914f5136-252e-4bec-beb8-a659a766330b status=needs_auth title="Which prior art presents the most significant IP risks for advanced electronics…" | Eureka authorization is missing or expired.
2026-09-12T12:52:29.605687+00:00 task_update brief_id=c3205a3e-e481-43c9-a97f-0563e553b5b5 status=prepared share_status=pending completion_status= polls=0
2026-09-12T12:52:29.613870+00:00 task_update brief_id=c3205a3e-e481-43c9-a97f-0563e553b5b5 status=needs_auth share_status=pending completion_status= polls=0
2026-09-12T12:52:29.615843+00:00 [292/3960 |   7.4%] completed_this_run=292 attention=292 elapsed=11:21 eta=2:22:41 brief_id=c3205a3e-e481-43c9-a97f-0563e553b5b5 status=needs_auth title="What earlier disclosures create IP risks for automated assembly technologies in…" | Eureka authorization is missing or expired.
2026-09-12T12:52:29.617293+00:00 task_update brief_id=4a4cf932-99d6-4fad-b6a4-c4418a26d92e status=prepared share_status=pending completion_status= polls=0
2026-09-12T12:52:29.624614+00:00 task_update brief_id=4a4cf932-99d6-4fad-b6a4-c4418a26d92e status=needs_auth share_status=pending completion_status= polls=0
2026-09-12T12:52:29.626900+00:00 [293/3960 |   7.4%] completed_this_run=293 attention=293 elapsed=11:21 eta=2:22:10 brief_id=4a4cf932-99d6-4fad-b6a4-c4418a26d92e status=needs_auth title="Which prior art indicates IP risks in electronics manufacturing inspection and …" | Eureka authorization is missing or expired.
2026-09-12T12:52:29.628340+00:00 task_update brief_id=d1c9ed0d-4a3d-42b5-ab6a-b690f7229356 status=prepared share_status=pending completion_status= polls=0
2026-09-12T12:52:29.636181+00:00 task_update brief_id=d1c9ed0d-4a3d-42b5-ab6a-b690f7229356 status=needs_auth share_status=pending completion_status= polls=0
2026-09-12T12:52:29.638311+00:00 [294/3960 |   7.4%] completed_this_run=294 attention=294 elapsed=11:21 eta=2:21:39 brief_id=d1c9ed0d-4a3d-42b5-ab6a-b690f7229356 status=needs_auth title="What prior art raises IP risks for AI-enabled process control in electronics ma…" | Eureka authorization is missing or expired.
2026-09-12T12:52:29.639898+00:00 task_update brief_id=f75e5eb8-51ac-4b0e-85d2-a40ca9d84e91 status=prepared share_status=pending completion_status= polls=0
2026-09-12T12:52:29.648193+00:00 task_update brief_id=f75e5eb8-51ac-4b0e-85d2-a40ca9d84e91 status=needs_auth share_status=pending completion_status= polls=0
2026-09-12T12:52:29.650237+00:00 [295/3960 |   7.4%] completed_this_run=295 attention=295 elapsed=11:21 eta=2:21:08 brief_id=f75e5eb8-51ac-4b0e-85d2-a40ca9d84e91 status=needs_auth title="Which earlier disclosures reveal IP risks for digital-twin applications in elec…" | Eureka authorization is missing or expired.
2026-09-12T12:52:29.651710+00:00 task_update brief_id=4911566e-41d8-4771-be77-bfc8cf72d79b status=prepared share_status=pending completion_status= polls=0
2026-09-12T12:52:29.659560+00:00 task_update brief_id=4911566e-41d8-4771-be77-bfc8cf72d79b status=needs_auth share_status=pending completion_status= polls=0
2026-09-12T12:52:29.662785+00:00 [296/3960 |   7.5%] completed_this_run=296 attention=296 elapsed=11:21 eta=2:20:37 brief_id=4911566e-41d8-4771-be77-bfc8cf72d79b status=needs_auth title="What prior art creates IP risks around traceability technologies used across el…" | Eureka authorization is missing or expired.
2026-09-12T12:52:29.665023+00:00 task_update brief_id=a534b1a5-a5c4-4c45-bb01-d70e70fca8f7 status=prepared share_status=pending completion_status= polls=0
2026-09-12T12:52:29.673398+00:00 task_update brief_id=a534b1a5-a5c4-4c45-bb01-d70e70fca8f7 status=needs_auth share_status=pending completion_status= polls=0
2026-09-12T12:52:29.675648+00:00 [297/3960 |   7.5%] completed_this_run=297 attention=297 elapsed=11:21 eta=2:20:06 brief_id=a534b1a5-a5c4-4c45-bb01-d70e70fca8f7 status=needs_auth title="Which prior art signals IP risks in additive and printed electronics manufactur…" | Eureka authorization is missing or expired.
2026-09-12T12:52:29.677353+00:00 task_update brief_id=f536db40-a922-4790-9d5f-fc9628c1b734 status=prepared share_status=pending completion_status= polls=0
2026-09-12T12:52:29.685569+00:00 task_update brief_id=f536db40-a922-4790-9d5f-fc9628c1b734 status=needs_auth share_status=pending completion_status= polls=0
2026-09-12T12:52:29.687477+00:00 [298/3960 |   7.5%] completed_this_run=298 attention=298 elapsed=11:21 eta=2:19:36 brief_id=f536db40-a922-4790-9d5f-fc9628c1b734 status=needs_auth title="What earlier evidence indicates IP risks for sustainable and circular electroni…" | Eureka authorization is missing or expired.
2026-09-12T12:52:29.689459+00:00 task_update brief_id=91492898-fa7c-4854-94be-8306cd6f2795 status=prepared share_status=pending completion_status= polls=0
2026-09-12T12:52:29.697010+00:00 task_update brief_id=91492898-fa7c-4854-94be-8306cd6f2795 status=needs_auth share_status=pending completion_status= polls=0
2026-09-12T12:52:29.699439+00:00 [299/3960 |   7.6%] completed_this_run=299 attention=299 elapsed=11:21 eta=2:19:06 brief_id=91492898-fa7c-4854-94be-8306cd6f2795 status=needs_auth title="Which prior art presents IP risks for flexible and wearable electronics manufac…" | Eureka authorization is missing or expired.
2026-09-12T12:52:29.701029+00:00 task_update brief_id=6de030d9-6e3b-44fe-9ae3-7a6e2e414931 status=prepared share_status=pending completion_status= polls=0
2026-09-12T12:52:29.708536+00:00 task_update brief_id=6de030d9-6e3b-44fe-9ae3-7a6e2e414931 status=needs_auth share_status=pending completion_status= polls=0
2026-09-12T12:52:29.726079+00:00 [300/3960 |   7.6%] completed_this_run=300 attention=300 elapsed=11:21 eta=2:18:36 brief_id=6de030d9-6e3b-44fe-9ae3-7a6e2e414931 status=needs_auth title="What prior art exposes IP risks in energy-efficient electronics manufacturing p…" | Eureka authorization is missing or expired.
2026-09-12T12:52:29.727675+00:00 task_update brief_id=b7229b7a-0f01-421e-b7b0-682cbc6c8899 status=prepared share_status=pending completion_status= polls=0
2026-09-12T12:52:29.735804+00:00 task_update brief_id=b7229b7a-0f01-421e-b7b0-682cbc6c8899 status=needs_auth share_status=pending completion_status= polls=0
2026-09-12T12:52:29.737779+00:00 [301/3960 |   7.6%] completed_this_run=301 attention=301 elapsed=11:21 eta=2:18:06 brief_id=b7229b7a-0f01-421e-b7b0-682cbc6c8899 status=needs_auth title="How should disclosure sufficiency be assessed before drafting a patent applicat…" | Eureka authorization is missing or expired.
2026-09-12T12:52:29.739437+00:00 task_update brief_id=f7db9df8-4682-4698-ab39-c81cbc0315b7 status=prepared share_status=pending completion_status= polls=0
2026-09-12T12:52:29.747549+00:00 task_update brief_id=f7db9df8-4682-4698-ab39-c81cbc0315b7 status=needs_auth share_status=pending completion_status= polls=0
2026-09-12T12:52:29.749708+00:00 [302/3960 |   7.6%] completed_this_run=302 attention=302 elapsed=11:21 eta=2:17:37 brief_id=f7db9df8-4682-4698-ab39-c81cbc0315b7 status=needs_auth title="What claim hierarchy should guide an application draft for inventions across th…" | Eureka authorization is missing or expired.
2026-09-12T12:52:29.751111+00:00 task_update brief_id=9299343c-50ae-4172-a1fa-1be6e1745ba8 status=prepared share_status=pending completion_status= polls=0
2026-09-12T12:52:29.758926+00:00 task_update brief_id=9299343c-50ae-4172-a1fa-1be6e1745ba8 status=needs_auth share_status=pending completion_status= polls=0
2026-09-12T12:52:29.761061+00:00 [303/3960 |   7.7%] completed_this_run=303 attention=303 elapsed=11:21 eta=2:17:07 brief_id=9299343c-50ae-4172-a1fa-1be6e1745ba8 status=needs_auth title="How should embodiments be selected and organized to support drafting an energy-…" | Eureka authorization is missing or expired.
2026-09-12T12:52:29.762414+00:00 task_update brief_id=68b05906-92d7-49a3-bfb7-0c9296297be6 status=prepared share_status=pending completion_status= polls=0
2026-09-12T12:52:29.770503+00:00 task_update brief_id=68b05906-92d7-49a3-bfb7-0c9296297be6 status=needs_auth share_status=pending completion_status= polls=0
2026-09-12T12:52:29.772484+00:00 [304/3960 |   7.7%] completed_this_run=304 attention=304 elapsed=11:21 eta=2:16:38 brief_id=68b05906-92d7-49a3-bfb7-0c9296297be6 status=needs_auth title="Which terminology controls should be applied when drafting patent applications …" | Eureka authorization is missing or expired.
2026-09-12T12:52:29.774039+00:00 task_update brief_id=6770ecde-4768-4f04-b66d-3113852a2943 status=prepared share_status=pending completion_status= polls=0
2026-09-12T12:52:29.782254+00:00 task_update brief_id=6770ecde-4768-4f04-b66d-3113852a2943 status=needs_auth share_status=pending completion_status= polls=0
2026-09-12T12:52:29.784078+00:00 [305/3960 |   7.7%] completed_this_run=305 attention=305 elapsed=11:21 eta=2:16:09 brief_id=6770ecde-4768-4f04-b66d-3113852a2943 status=needs_auth title="How should disclosed alternatives be prioritized for inclusion in an energy-ind…" | Eureka authorization is missing or expired.
2026-09-12T12:52:29.785478+00:00 task_update brief_id=1316ad7c-fb97-4d82-9c0b-a9f1e5d7bb6a status=prepared share_status=pending completion_status= polls=0
2026-09-12T12:52:29.792941+00:00 task_update brief_id=1316ad7c-fb97-4d82-9c0b-a9f1e5d7bb6a status=needs_auth share_status=pending completion_status= polls=0
2026-09-12T12:52:29.796272+00:00 [306/3960 |   7.7%] completed_this_run=306 attention=306 elapsed=11:21 eta=2:15:41 brief_id=1316ad7c-fb97-4d82-9c0b-a9f1e5d7bb6a status=needs_auth title="How should prior-art findings influence drafting decisions for patent applicati…" | Eureka authorization is missing or expired.
2026-09-12T12:52:29.797728+00:00 task_update brief_id=39a36491-206e-4537-aa2f-99d17814f002 status=prepared share_status=pending completion_status= polls=0
2026-09-12T12:52:29.806085+00:00 task_update brief_id=39a36491-206e-4537-aa2f-99d17814f002 status=needs_auth share_status=pending completion_status= polls=0
2026-09-12T12:52:29.807995+00:00 [307/3960 |   7.8%] completed_this_run=307 attention=307 elapsed=11:21 eta=2:15:12 brief_id=39a36491-206e-4537-aa2f-99d17814f002 status=needs_auth title="What evidence should be considered when deciding how much technical detail to i…" | Eureka authorization is missing or expired.
2026-09-12T12:52:29.809261+00:00 task_update brief_id=9890a8e1-50da-4971-86f0-b6891e8e7786 status=prepared share_status=pending completion_status= polls=0
2026-09-12T12:52:29.816866+00:00 task_update brief_id=9890a8e1-50da-4971-86f0-b6891e8e7786 status=needs_auth share_status=pending completion_status= polls=0
2026-09-12T12:52:29.818903+00:00 [308/3960 |   7.8%] completed_this_run=308 attention=308 elapsed=11:21 eta=2:14:44 brief_id=9890a8e1-50da-4971-86f0-b6891e8e7786 status=needs_auth title="How should inventor input and technical records be reconciled before finalizing…" | Eureka authorization is missing or expired.
2026-09-12T12:52:29.820255+00:00 task_update brief_id=768f2c63-7c9e-4f80-b630-97755d80da42 status=prepared share_status=pending completion_status= polls=0
2026-09-12T12:52:29.828509+00:00 task_update brief_id=768f2c63-7c9e-4f80-b630-97755d80da42 status=needs_auth share_status=pending completion_status= polls=0
2026-09-12T12:52:29.830698+00:00 [309/3960 |   7.8%] completed_this_run=309 attention=309 elapsed=11:21 eta=2:14:15 brief_id=768f2c63-7c9e-4f80-b630-97755d80da42 status=needs_auth title="How should application sections be cross-checked for consistent support when dr…" | Eureka authorization is missing or expired.
2026-09-12T12:52:29.832467+00:00 task_update brief_id=c24f0eff-944b-4390-a021-ad22508aac74 status=prepared share_status=pending completion_status= polls=0
2026-09-12T12:52:29.840605+00:00 task_update brief_id=c24f0eff-944b-4390-a021-ad22508aac74 status=needs_auth share_status=pending completion_status= polls=0
2026-09-12T12:52:29.843052+00:00 [310/3960 |   7.8%] completed_this_run=310 attention=310 elapsed=11:21 eta=2:13:47 brief_id=c24f0eff-944b-4390-a021-ad22508aac74 status=needs_auth title="What review gates should determine whether an energy-industry patent applicatio…" | Eureka authorization is missing or expired.
2026-09-12T12:52:29.844693+00:00 task_update brief_id=3e2c862b-946b-4991-9885-e9e9a1a1bc8b status=prepared share_status=pending completion_status= polls=0
2026-09-12T12:52:29.853007+00:00 task_update brief_id=3e2c862b-946b-4991-9885-e9e9a1a1bc8b status=needs_auth share_status=pending completion_status= polls=0
2026-09-12T12:52:29.854960+00:00 [311/3960 |   7.9%] completed_this_run=311 attention=311 elapsed=11:21 eta=2:13:19 brief_id=3e2c862b-946b-4991-9885-e9e9a1a1bc8b status=needs_auth title="Which major application areas across the energy industry present the strongest …" | Eureka authorization is missing or expired.
2026-09-12T12:52:29.856876+00:00 task_update brief_id=0710a2a7-ba7a-49a4-b202-e40768ebca48 status=prepared share_status=pending completion_status= polls=0
2026-09-12T12:52:29.864298+00:00 task_update brief_id=0710a2a7-ba7a-49a4-b202-e40768ebca48 status=needs_auth share_status=pending completion_status= polls=0
2026-09-12T12:52:29.866236+00:00 [312/3960 |   7.9%] completed_this_run=312 attention=312 elapsed=11:21 eta=2:12:52 brief_id=0710a2a7-ba7a-49a4-b202-e40768ebca48 status=needs_auth title="Where in the energy-industry value chain are active patent claims most likely t…" | Eureka authorization is missing or expired.
2026-09-12T12:52:29.867903+00:00 task_update brief_id=51c5a3ac-2354-447b-a6b8-1eca61e3bc3d status=prepared share_status=pending completion_status= polls=0
2026-09-12T12:52:29.875427+00:00 task_update brief_id=51c5a3ac-2354-447b-a6b8-1eca61e3bc3d status=needs_auth share_status=pending completion_status= polls=0
2026-09-12T12:52:29.877265+00:00 [313/3960 |   7.9%] completed_this_run=313 attention=313 elapsed=11:21 eta=2:12:24 brief_id=51c5a3ac-2354-447b-a6b8-1eca61e3bc3d status=needs_auth title="Which cross-cutting technology fields in the energy industry show the greatest …" | Eureka authorization is missing or expired.
2026-09-12T12:52:29.878606+00:00 task_update brief_id=02b3904d-b389-4233-9d29-377174867c31 status=prepared share_status=pending completion_status= polls=0
2026-09-12T12:52:29.887002+00:00 task_update brief_id=02b3904d-b389-4233-9d29-377174867c31 status=needs_auth share_status=pending completion_status= polls=0
2026-09-12T12:52:29.889011+00:00 [314/3960 |   7.9%] completed_this_run=314 attention=314 elapsed=11:21 eta=2:11:57 brief_id=02b3904d-b389-4233-9d29-377174867c31 status=needs_auth title="Which emerging energy-industry technology areas warrant heightened FTO review b…" | Eureka authorization is missing or expired.
2026-09-12T12:52:29.890510+00:00 task_update brief_id=29c7c04c-9b7d-4788-ad8b-b202cb91cbd9 status=prepared share_status=pending completion_status= polls=0
2026-09-12T12:52:29.899180+00:00 task_update brief_id=29c7c04c-9b7d-4788-ad8b-b202cb91cbd9 status=needs_auth share_status=pending completion_status= polls=0
2026-09-12T12:52:29.901253+00:00 [315/3960 |   8.0%] completed_this_run=315 attention=315 elapsed=11:21 eta=2:11:30 brief_id=29c7c04c-9b7d-4788-ad8b-b202cb91cbd9 status=needs_auth title="What recurring claim-coverage patterns create the most important FTO risks acro…" | Eureka authorization is missing or expired.
2026-09-12T12:52:29.902757+00:00 task_update brief_id=ad45828c-8e18-483a-95f4-12aa827999d0 status=prepared share_status=pending completion_status= polls=0
2026-09-12T12:52:29.911296+00:00 task_update brief_id=ad45828c-8e18-483a-95f4-12aa827999d0 status=needs_auth share_status=pending completion_status= polls=0
2026-09-12T12:52:29.913275+00:00 [316/3960 |   8.0%] completed_this_run=316 attention=316 elapsed=11:21 eta=2:11:03 brief_id=ad45828c-8e18-483a-95f4-12aa827999d0 status=needs_auth title="Which legal-status uncertainties in energy-industry patent records are most lik…" | Eureka authorization is missing or expired.
2026-09-12T12:52:29.914698+00:00 task_update brief_id=01cbb15f-44c8-4561-8244-6c7eae698970 status=prepared share_status=pending completion_status= polls=0
2026-09-12T12:52:29.922423+00:00 task_update brief_id=01cbb15f-44c8-4561-8244-6c7eae698970 status=needs_auth share_status=pending completion_status= polls=0
2026-09-12T12:52:29.924462+00:00 [317/3960 |   8.0%] completed_this_run=317 attention=317 elapsed=11:21 eta=2:10:36 brief_id=01cbb15f-44c8-4561-8244-6c7eae698970 status=needs_auth title="How do jurisdictional differences in patent scope and status affect FTO risk ac…" | Eureka authorization is missing or expired.
2026-09-12T12:52:29.925778+00:00 task_update brief_id=9a232f4f-131c-42da-b23c-43665ca7ac05 status=prepared share_status=pending completion_status= polls=0
2026-09-12T12:52:29.933278+00:00 task_update brief_id=9a232f4f-131c-42da-b23c-43665ca7ac05 status=needs_auth share_status=pending completion_status= polls=0
2026-09-12T12:52:29.935281+00:00 [318/3960 |   8.0%] completed_this_run=318 attention=318 elapsed=11:21 eta=2:10:09 brief_id=9a232f4f-131c-42da-b23c-43665ca7ac05 status=needs_auth title="Where does patent ownership concentration create potential licensing or enforce…" | Eureka authorization is missing or expired.
2026-09-12T12:52:29.937549+00:00 task_update brief_id=c667c8d6-5070-42ab-94d3-0be69c5c9367 status=prepared share_status=pending completion_status= polls=0
2026-09-12T12:52:29.944795+00:00 task_update brief_id=c667c8d6-5070-42ab-94d3-0be69c5c9367 status=needs_auth share_status=pending completion_status= polls=0
2026-09-12T12:52:29.946813+00:00 [319/3960 |   8.1%] completed_this_run=319 attention=319 elapsed=11:21 eta=2:09:43 brief_id=c667c8d6-5070-42ab-94d3-0be69c5c9367 status=needs_auth title="Which interfaces between energy technologies are most exposed to overlapping pa…" | Eureka authorization is missing or expired.
2026-09-12T12:52:29.948372+00:00 task_update brief_id=8aa46bce-c03f-4f77-a412-67772956cdf7 status=prepared share_status=pending completion_status= polls=0
2026-09-12T12:52:29.956188+00:00 task_update brief_id=8aa46bce-c03f-4f77-a412-67772956cdf7 status=needs_auth share_status=pending completion_status= polls=0
2026-09-12T12:52:29.958470+00:00 [320/3960 |   8.1%] completed_this_run=320 attention=320 elapsed=11:21 eta=2:09:16 brief_id=8aa46bce-c03f-4f77-a412-67772956cdf7 status=needs_auth title="Which stages of energy-technology commercialization carry the greatest evidence…" | Eureka authorization is missing or expired.
2026-09-12T12:52:29.959727+00:00 task_update brief_id=4b729b60-caae-44fd-b494-e3f6bd94e1ff status=prepared share_status=pending completion_status= polls=0
2026-09-12T12:52:29.967917+00:00 task_update brief_id=4b729b60-caae-44fd-b494-e3f6bd94e1ff status=needs_auth share_status=pending completion_status= polls=0
2026-09-12T12:52:29.970214+00:00 [321/3960 |   8.1%] completed_this_run=321 attention=321 elapsed=11:21 eta=2:08:50 brief_id=4b729b60-caae-44fd-b494-e3f6bd94e1ff status=needs_auth title="How should office-action objections be mapped to claim elements, cited referenc…" | Eureka authorization is missing or expired.
2026-09-12T12:52:29.972074+00:00 task_update brief_id=c2229e02-76f9-4d09-b8dd-04626dcaeff8 status=prepared share_status=pending completion_status= polls=0
2026-09-12T12:52:29.980445+00:00 task_update brief_id=c2229e02-76f9-4d09-b8dd-04626dcaeff8 status=needs_auth share_status=pending completion_status= polls=0
2026-09-12T12:52:29.982700+00:00 [322/3960 |   8.1%] completed_this_run=322 attention=322 elapsed=11:21 eta=2:08:24 brief_id=c2229e02-76f9-4d09-b8dd-04626dcaeff8 status=needs_auth title="What evidence should be compared to decide whether cited references disclose ev…" | Eureka authorization is missing or expired.
2026-09-12T12:52:29.984276+00:00 task_update brief_id=ac5464a5-ea8a-4829-823a-e0b82a838c48 status=prepared share_status=pending completion_status= polls=0
2026-09-12T12:52:29.992374+00:00 task_update brief_id=ac5464a5-ea8a-4829-823a-e0b82a838c48 status=needs_auth share_status=pending completion_status= polls=0
2026-09-12T12:52:29.994789+00:00 [323/3960 |   8.2%] completed_this_run=323 attention=323 elapsed=11:21 eta=2:07:58 brief_id=ac5464a5-ea8a-4829-823a-e0b82a838c48 status=needs_auth title="How can specification support and scope-change risks be compared when consideri…" | Eureka authorization is missing or expired.
2026-09-12T12:52:29.996387+00:00 task_update brief_id=da00d56e-c661-4b93-8698-1411ef5e3b02 status=prepared share_status=pending completion_status= polls=0
2026-09-12T12:52:30.003533+00:00 task_update brief_id=da00d56e-c661-4b93-8698-1411ef5e3b02 status=needs_auth share_status=pending completion_status= polls=0
2026-09-12T12:52:30.006040+00:00 [324/3960 |   8.2%] completed_this_run=324 attention=324 elapsed=11:21 eta=2:07:33 brief_id=da00d56e-c661-4b93-8698-1411ef5e3b02 status=needs_auth title="What application evidence should be organized to assess written-description and…" | Eureka authorization is missing or expired.
2026-09-12T12:52:30.007493+00:00 task_update brief_id=0e338bed-6bc6-40a8-9fc5-0b5fea5bd100 status=prepared share_status=pending completion_status= polls=0
2026-09-12T12:52:30.015594+00:00 task_update brief_id=0e338bed-6bc6-40a8-9fc5-0b5fea5bd100 status=needs_auth share_status=pending completion_status= polls=0
2026-09-12T12:52:30.034185+00:00 [325/3960 |   8.2%] completed_this_run=325 attention=325 elapsed=11:22 eta=2:07:07 brief_id=0e338bed-6bc6-40a8-9fc5-0b5fea5bd100 status=needs_auth title="How should evidence for and against an obviousness or inventive-step combinatio…" | Eureka authorization is missing or expired.
2026-09-12T12:52:30.035386+00:00 task_update brief_id=b1fbfd64-7be0-435f-895d-38c677cfd56b status=prepared share_status=pending completion_status= polls=0
2026-09-12T12:52:30.047710+00:00 task_update brief_id=b1fbfd64-7be0-435f-895d-38c677cfd56b status=needs_auth share_status=pending completion_status= polls=0
2026-09-12T12:52:30.049965+00:00 [326/3960 |   8.2%] completed_this_run=326 attention=326 elapsed=11:22 eta=2:06:42 brief_id=b1fbfd64-7be0-435f-895d-38c677cfd56b status=needs_auth title="What evidence is needed to choose between argument and amendment when an energy…" | Eureka authorization is missing or expired.
2026-09-12T12:52:30.051467+00:00 task_update brief_id=6ae4a5ec-0b06-4704-bf42-0eb65405effe status=prepared share_status=pending completion_status= polls=0
2026-09-12T12:52:30.060974+00:00 task_update brief_id=6ae4a5ec-0b06-4704-bf42-0eb65405effe status=needs_auth share_status=pending completion_status= polls=0
2026-09-12T12:52:30.063117+00:00 [327/3960 |   8.3%] completed_this_run=327 attention=327 elapsed=11:22 eta=2:06:17 brief_id=6ae4a5ec-0b06-4704-bf42-0eb65405effe status=needs_auth title="How can dependent claims and fallback positions be evaluated as response option…" | Eureka authorization is missing or expired.
2026-09-12T12:52:30.064617+00:00 task_update brief_id=cdfa48ee-92b9-4eb3-ac20-b399d8c3bd45 status=prepared share_status=pending completion_status= polls=0
2026-09-12T12:52:30.073438+00:00 task_update brief_id=cdfa48ee-92b9-4eb3-ac20-b399d8c3bd45 status=needs_auth share_status=pending completion_status= polls=0
2026-09-12T12:52:30.075338+00:00 [328/3960 |   8.3%] completed_this_run=328 attention=328 elapsed=11:22 eta=2:05:52 brief_id=cdfa48ee-92b9-4eb3-ac20-b399d8c3bd45 status=needs_auth title="What evidence should guide the prioritization of substantive and procedural iss…" | Eureka authorization is missing or expired.
2026-09-12T12:52:30.076656+00:00 task_update brief_id=7d73779e-94f8-48db-808c-b860f7bc085f status=prepared share_status=pending completion_status= polls=0
2026-09-12T12:52:30.085129+00:00 task_update brief_id=7d73779e-94f8-48db-808c-b860f7bc085f status=needs_auth share_status=pending completion_status= polls=0
2026-09-12T12:52:30.087303+00:00 [329/3960 |   8.3%] completed_this_run=329 attention=329 elapsed=11:22 eta=2:05:27 brief_id=7d73779e-94f8-48db-808c-b860f7bc085f status=needs_auth title="How should prosecution-history statements be assessed for scope and consistency…" | Eureka authorization is missing or expired.
2026-09-12T12:52:30.088915+00:00 task_update brief_id=f56dc02f-9d3b-4da8-a2f3-f15a3fb9db67 status=prepared share_status=pending completion_status= polls=0
2026-09-12T12:52:30.097101+00:00 task_update brief_id=f56dc02f-9d3b-4da8-a2f3-f15a3fb9db67 status=needs_auth share_status=pending completion_status= polls=0
2026-09-12T12:52:30.099272+00:00 [330/3960 |   8.3%] completed_this_run=330 attention=330 elapsed=11:22 eta=2:05:02 brief_id=f56dc02f-9d3b-4da8-a2f3-f15a3fb9db67 status=needs_auth title="What evidence should support a decision among continued examination, appeal, or…" | Eureka authorization is missing or expired.
2026-09-12T12:52:30.100618+00:00 task_update brief_id=ba51c886-1179-453c-b856-d1f9c84b7230 status=prepared share_status=pending completion_status= polls=0
2026-09-12T12:52:30.111914+00:00 task_update brief_id=ba51c886-1179-453c-b856-d1f9c84b7230 status=needs_auth share_status=pending completion_status= polls=0
2026-09-12T12:52:30.114087+00:00 [331/3960 |   8.4%] completed_this_run=331 attention=331 elapsed=11:22 eta=2:04:38 brief_id=ba51c886-1179-453c-b856-d1f9c84b7230 status=needs_auth title="Which research tasks could help clarify how major technology priorities are shi…" | Eureka authorization is missing or expired.
2026-09-12T12:52:30.115388+00:00 task_update brief_id=dad639d2-8cb4-42d7-82ac-2e8487267a7d status=prepared share_status=pending completion_status= polls=0
2026-09-12T12:52:30.127408+00:00 task_update brief_id=dad639d2-8cb4-42d7-82ac-2e8487267a7d status=needs_auth share_status=pending completion_status= polls=0
2026-09-12T12:52:30.129880+00:00 [332/3960 |   8.4%] completed_this_run=332 attention=332 elapsed=11:22 eta=2:04:13 brief_id=dad639d2-8cb4-42d7-82ac-2e8487267a7d status=needs_auth title="What research options could help distinguish emerging energy technology fields …" | Eureka authorization is missing or expired.
2026-09-12T12:52:30.131834+00:00 task_update brief_id=0b319a31-acf1-41cf-880d-0483990b91ad status=prepared share_status=pending completion_status= polls=0
2026-09-12T12:52:30.140446+00:00 task_update brief_id=0b319a31-acf1-41cf-880d-0483990b91ad status=needs_auth share_status=pending completion_status= polls=0
2026-09-12T12:52:30.142441+00:00 [333/3960 |   8.4%] completed_this_run=333 attention=333 elapsed=11:22 eta=2:03:49 brief_id=0b319a31-acf1-41cf-880d-0483990b91ad status=needs_auth title="Which research tasks could compare how technology maturity is evolving across t…" | Eureka authorization is missing or expired.
2026-09-12T12:52:30.143937+00:00 task_update brief_id=0194d8bb-b1ec-46de-8b67-8aa4d79c8572 status=prepared share_status=pending completion_status= polls=0
2026-09-12T12:52:30.152833+00:00 task_update brief_id=0194d8bb-b1ec-46de-8b67-8aa4d79c8572 status=needs_auth share_status=pending completion_status= polls=0
2026-09-12T12:52:30.155563+00:00 [334/3960 |   8.4%] completed_this_run=334 attention=334 elapsed=11:22 eta=2:03:25 brief_id=0194d8bb-b1ec-46de-8b67-8aa4d79c8572 status=needs_auth title="What research options could reveal whether energy technology fields are converg…" | Eureka authorization is missing or expired.
2026-09-12T12:52:30.157099+00:00 task_update brief_id=c88bca0c-d1f5-48b9-87e4-e5185405e26a status=prepared share_status=pending completion_status= polls=0
2026-09-12T12:52:30.165277+00:00 task_update brief_id=c88bca0c-d1f5-48b9-87e4-e5185405e26a status=needs_auth share_status=pending completion_status= polls=0
2026-09-12T12:52:30.167531+00:00 [335/3960 |   8.5%] completed_this_run=335 attention=335 elapsed=11:22 eta=2:03:01 brief_id=c88bca0c-d1f5-48b9-87e4-e5185405e26a status=needs_auth title="Which research tasks could track changes in the technical challenges shaping en…" | Eureka authorization is missing or expired.
2026-09-12T12:52:30.169081+00:00 task_update brief_id=c4c94f80-2215-4ff6-b68e-6da6d1c325b7 status=prepared share_status=pending completion_status= polls=0
2026-09-12T12:52:30.184189+00:00 task_update brief_id=c4c94f80-2215-4ff6-b68e-6da6d1c325b7 status=needs_auth share_status=pending completion_status= polls=0
2026-09-12T12:52:30.186460+00:00 [336/3960 |   8.5%] completed_this_run=336 attention=336 elapsed=11:22 eta=2:02:37 brief_id=c4c94f80-2215-4ff6-b68e-6da6d1c325b7 status=needs_auth title="What research options could compare shifts in energy research activity with shi…" | Eureka authorization is missing or expired.
2026-09-12T12:52:30.187747+00:00 task_update brief_id=73e0786c-edba-4eb3-9bab-fe49ec6041c3 status=prepared share_status=pending completion_status= polls=0
2026-09-12T12:52:30.197134+00:00 task_update brief_id=73e0786c-edba-4eb3-9bab-fe49ec6041c3 status=needs_auth share_status=pending completion_status= polls=0
2026-09-12T12:52:30.199247+00:00 [337/3960 |   8.5%] completed_this_run=337 attention=337 elapsed=11:22 eta=2:02:13 brief_id=73e0786c-edba-4eb3-9bab-fe49ec6041c3 status=needs_auth title="Which research tasks could clarify how system integration priorities are changi…" | Eureka authorization is missing or expired.
2026-09-12T12:52:30.200849+00:00 task_update brief_id=45eedf08-26cf-4fa7-90ad-547a56f82b81 status=prepared share_status=pending completion_status= polls=0
2026-09-12T12:52:30.219592+00:00 task_update brief_id=45eedf08-26cf-4fa7-90ad-547a56f82b81 status=needs_auth share_status=pending completion_status= polls=0
2026-09-12T12:52:30.223017+00:00 [338/3960 |   8.5%] completed_this_run=338 attention=338 elapsed=11:22 eta=2:01:50 brief_id=45eedf08-26cf-4fa7-90ad-547a56f82b81 status=needs_auth title="What research options could track changes in lifecycle-related technology resea…" | Eureka authorization is missing or expired.
2026-09-12T12:52:30.225650+00:00 task_update brief_id=c10c926f-761f-4532-8240-2ddb49943d9b status=prepared share_status=pending completion_status= polls=0
2026-09-12T12:52:30.233309+00:00 task_update brief_id=c10c926f-761f-4532-8240-2ddb49943d9b status=needs_auth share_status=pending completion_status= polls=0
2026-09-12T12:52:30.235489+00:00 [339/3960 |   8.6%] completed_this_run=339 attention=339 elapsed=11:22 eta=2:01:26 brief_id=c10c926f-761f-4532-8240-2ddb49943d9b status=needs_auth title="Which research tasks could examine how collaboration patterns are shaping energ…" | Eureka authorization is missing or expired.
2026-09-12T12:52:30.236857+00:00 task_update brief_id=066813d9-bac6-4a49-9b6a-afba88cb2275 status=prepared share_status=pending completion_status= polls=0
2026-09-12T12:52:30.251605+00:00 task_update brief_id=066813d9-bac6-4a49-9b6a-afba88cb2275 status=needs_auth share_status=pending completion_status= polls=0
2026-09-12T12:52:30.254054+00:00 [340/3960 |   8.6%] completed_this_run=340 attention=340 elapsed=11:22 eta=2:01:03 brief_id=066813d9-bac6-4a49-9b6a-afba88cb2275 status=needs_auth title="What research options could test whether different evidence sources show consis…" | Eureka authorization is missing or expired.
2026-09-12T12:52:30.256050+00:00 task_update brief_id=5ee6db7d-eeb6-4c03-9e46-abe23308c5ba status=prepared share_status=pending completion_status= polls=0
2026-09-12T12:52:30.264895+00:00 task_update brief_id=5ee6db7d-eeb6-4c03-9e46-abe23308c5ba status=needs_auth share_status=pending completion_status= polls=0
2026-09-12T12:52:30.267131+00:00 [341/3960 |   8.6%] completed_this_run=341 attention=341 elapsed=11:22 eta=2:00:40 brief_id=5ee6db7d-eeb6-4c03-9e46-abe23308c5ba status=needs_auth title="How are patent filing trends shifting among the major technology clusters acros…" | Eureka authorization is missing or expired.
2026-09-12T12:52:30.268561+00:00 task_update brief_id=e239e647-9b02-40f4-be3c-bfc979309fee status=prepared share_status=pending completion_status= polls=0
2026-09-12T12:52:30.277846+00:00 task_update brief_id=e239e647-9b02-40f4-be3c-bfc979309fee status=needs_auth share_status=pending completion_status= polls=0
2026-09-12T12:52:30.279892+00:00 [342/3960 |   8.6%] completed_this_run=342 attention=342 elapsed=11:22 eta=2:00:17 brief_id=e239e647-9b02-40f4-be3c-bfc979309fee status=needs_auth title="How is the geographic distribution of energy patent activity changing across ma…" | Eureka authorization is missing or expired.
2026-09-12T12:52:30.281293+00:00 task_update brief_id=23d53c71-dd2d-4ee1-97f2-cf9e27ab734a status=prepared share_status=pending completion_status= polls=0
2026-09-12T12:52:30.288894+00:00 task_update brief_id=23d53c71-dd2d-4ee1-97f2-cf9e27ab734a status=needs_auth share_status=pending completion_status= polls=0
2026-09-12T12:52:30.291194+00:00 [343/3960 |   8.7%] completed_this_run=343 attention=343 elapsed=11:22 eta=1:59:54 brief_id=23d53c71-dd2d-4ee1-97f2-cf9e27ab734a status=needs_auth title="Which types of rights holders are gaining or losing prominence in the energy pa…" | Eureka authorization is missing or expired.
2026-09-12T12:52:30.292533+00:00 task_update brief_id=9de886a8-b8b4-4be2-a2fe-2cb43d378e4b status=prepared share_status=pending completion_status= polls=0
2026-09-12T12:52:30.300385+00:00 task_update brief_id=9de886a8-b8b4-4be2-a2fe-2cb43d378e4b status=needs_auth share_status=pending completion_status= polls=0
2026-09-12T12:52:30.303535+00:00 [344/3960 |   8.7%] completed_this_run=344 attention=344 elapsed=11:22 eta=1:59:31 brief_id=9de886a8-b8b4-4be2-a2fe-2cb43d378e4b status=needs_auth title="How do patent trends indicate changing maturity levels across the energy indust…" | Eureka authorization is missing or expired.
2026-09-12T12:52:30.305599+00:00 task_update brief_id=660fc9c2-de6a-46a8-b1d3-78cdcf4e34dc status=prepared share_status=pending completion_status= polls=0
2026-09-12T12:52:30.313843+00:00 task_update brief_id=660fc9c2-de6a-46a8-b1d3-78cdcf4e34dc status=needs_auth share_status=pending completion_status= polls=0
2026-09-12T12:52:30.316217+00:00 [345/3960 |   8.7%] completed_this_run=345 attention=345 elapsed=11:22 eta=1:59:09 brief_id=660fc9c2-de6a-46a8-b1d3-78cdcf4e34dc status=needs_auth title="Where is technological convergence increasing within the energy patent landscap…" | Eureka authorization is missing or expired.
2026-09-12T12:52:30.317881+00:00 task_update brief_id=12ee8ebb-3196-4414-ad19-e8e4ed921f66 status=prepared share_status=pending completion_status= polls=0
2026-09-12T12:52:30.326756+00:00 task_update brief_id=12ee8ebb-3196-4414-ad19-e8e4ed921f66 status=needs_auth share_status=pending completion_status= polls=0
2026-09-12T12:52:30.328857+00:00 [346/3960 |   8.7%] completed_this_run=346 attention=346 elapsed=11:22 eta=1:58:46 brief_id=12ee8ebb-3196-4414-ad19-e8e4ed921f66 status=needs_auth title="How is patenting emphasis shifting across the energy value chain?" | Eureka authorization is missing or expired.
2026-09-12T12:52:30.330366+00:00 task_update brief_id=0a6137fb-d8ca-47fb-a095-2ab8fb720d93 status=prepared share_status=pending completion_status= polls=0
2026-09-12T12:52:30.338462+00:00 task_update brief_id=0a6137fb-d8ca-47fb-a095-2ab8fb720d93 status=needs_auth share_status=pending completion_status= polls=0
2026-09-12T12:52:30.340956+00:00 [347/3960 |   8.8%] completed_this_run=347 attention=347 elapsed=11:22 eta=1:58:24 brief_id=0a6137fb-d8ca-47fb-a095-2ab8fb720d93 status=needs_auth title="How are collaboration and shared ownership patterns evolving in energy patent a…" | Eureka authorization is missing or expired.
2026-09-12T12:52:30.342355+00:00 task_update brief_id=a71e5777-ee6e-4fd7-a499-9a4243da92d5 status=prepared share_status=pending completion_status= polls=0
2026-09-12T12:52:30.350578+00:00 task_update brief_id=a71e5777-ee6e-4fd7-a499-9a4243da92d5 status=needs_auth share_status=pending completion_status= polls=0
2026-09-12T12:52:30.352847+00:00 [348/3960 |   8.8%] completed_this_run=348 attention=348 elapsed=11:22 eta=1:58:01 brief_id=a71e5777-ee6e-4fd7-a499-9a4243da92d5 status=needs_auth title="How are patent family reach and prosecution patterns changing across major ener…" | Eureka authorization is missing or expired.
2026-09-12T12:52:30.354127+00:00 task_update brief_id=457efea0-b792-4361-85e8-935525b6fee9 status=prepared share_status=pending completion_status= polls=0
2026-09-12T12:52:30.362257+00:00 task_update brief_id=457efea0-b792-4361-85e8-935525b6fee9 status=needs_auth share_status=pending completion_status= polls=0
2026-09-12T12:52:30.364371+00:00 [349/3960 |   8.8%] completed_this_run=349 attention=349 elapsed=11:22 eta=1:57:39 brief_id=457efea0-b792-4361-85e8-935525b6fee9 status=needs_auth title="Which energy technology fields are showing rising patent influence across the b…" | Eureka authorization is missing or expired.
2026-09-12T12:52:30.365845+00:00 task_update brief_id=539bbdc6-0615-4072-92fa-6ef43e1d9ae3 status=prepared share_status=pending completion_status= polls=0
2026-09-12T12:52:30.373643+00:00 task_update brief_id=539bbdc6-0615-4072-92fa-6ef43e1d9ae3 status=needs_auth share_status=pending completion_status= polls=0
2026-09-12T12:52:30.393488+00:00 [350/3960 |   8.8%] completed_this_run=350 attention=350 elapsed=11:22 eta=1:57:18 brief_id=539bbdc6-0615-4072-92fa-6ef43e1d9ae3 status=needs_auth title="Which underrepresented areas of the energy patent landscape are beginning to at…" | Eureka authorization is missing or expired.
2026-09-12T12:52:30.394457+00:00 task_update brief_id=8c474a09-e402-4193-92b6-8724a9ccc5e9 status=prepared share_status=pending completion_status= polls=0
2026-09-12T12:52:30.402374+00:00 task_update brief_id=8c474a09-e402-4193-92b6-8724a9ccc5e9 status=needs_auth share_status=pending completion_status= polls=0
2026-09-12T12:52:30.404491+00:00 [351/3960 |   8.9%] completed_this_run=351 attention=351 elapsed=11:22 eta=1:56:56 brief_id=8c474a09-e402-4193-92b6-8724a9ccc5e9 status=needs_auth title="Which major energy technology fields present the greatest exposure to potential…" | Eureka authorization is missing or expired.
2026-09-12T12:52:30.406427+00:00 task_update brief_id=61463dd5-2013-4cfc-8016-8c8a3e1b9edd status=prepared share_status=pending completion_status= polls=0
2026-09-12T12:52:30.414388+00:00 task_update brief_id=61463dd5-2013-4cfc-8016-8c8a3e1b9edd status=needs_auth share_status=pending completion_status= polls=0
2026-09-12T12:52:30.416746+00:00 [352/3960 |   8.9%] completed_this_run=352 attention=352 elapsed=11:22 eta=1:56:34 brief_id=61463dd5-2013-4cfc-8016-8c8a3e1b9edd status=needs_auth title="Where could prior art from one energy application area create patent risk for d…" | Eureka authorization is missing or expired.
2026-09-12T12:52:30.418272+00:00 task_update brief_id=b7afc70d-ba69-4e21-a3a2-75adc3264b80 status=prepared share_status=pending completion_status= polls=0
2026-09-12T12:52:30.425693+00:00 task_update brief_id=b7afc70d-ba69-4e21-a3a2-75adc3264b80 status=needs_auth share_status=pending completion_status= polls=0
2026-09-12T12:52:30.427804+00:00 [353/3960 |   8.9%] completed_this_run=353 attention=353 elapsed=11:22 eta=1:56:12 brief_id=b7afc70d-ba69-4e21-a3a2-75adc3264b80 status=needs_auth title="Which emerging areas of the energy industry face the highest risk of overlooked…" | Eureka authorization is missing or expired.
2026-09-12T12:52:30.429310+00:00 task_update brief_id=d75e5484-89c3-4496-afd8-2ba896fd1227 status=prepared share_status=pending completion_status= polls=0
2026-09-12T12:52:30.436652+00:00 task_update brief_id=d75e5484-89c3-4496-afd8-2ba896fd1227 status=needs_auth share_status=pending completion_status= polls=0
2026-09-12T12:52:30.438969+00:00 [354/3960 |   8.9%] completed_this_run=354 attention=354 elapsed=11:22 eta=1:55:51 brief_id=d75e5484-89c3-4496-afd8-2ba896fd1227 status=needs_auth title="Which non-patent literature sources create the most significant prior-art searc…" | Eureka authorization is missing or expired.
2026-09-12T12:52:30.440434+00:00 task_update brief_id=1c36ee33-3792-48f8-bc65-5e944cf2f503 status=prepared share_status=pending completion_status= polls=0
2026-09-12T12:52:30.448537+00:00 task_update brief_id=1c36ee33-3792-48f8-bc65-5e944cf2f503 status=needs_auth share_status=pending completion_status= polls=0
2026-09-12T12:52:30.451200+00:00 [355/3960 |   9.0%] completed_this_run=355 attention=355 elapsed=11:22 eta=1:55:29 brief_id=1c36ee33-3792-48f8-bc65-5e944cf2f503 status=needs_auth title="How do standards and industry technical disclosures contribute to prior-art ris…" | Eureka authorization is missing or expired.
2026-09-12T12:52:30.453733+00:00 task_update brief_id=6fa343eb-e2f6-4a9a-aeed-7aa33ded96a1 status=prepared share_status=pending completion_status= polls=0
2026-09-12T12:52:30.462285+00:00 task_update brief_id=6fa343eb-e2f6-4a9a-aeed-7aa33ded96a1 status=needs_auth share_status=pending completion_status= polls=0
2026-09-12T12:52:30.464332+00:00 [356/3960 |   9.0%] completed_this_run=356 attention=356 elapsed=11:22 eta=1:55:08 brief_id=6fa343eb-e2f6-4a9a-aeed-7aa33ded96a1 status=needs_auth title="What prior-art risks arise from publicly funded energy research disclosures?" | Eureka authorization is missing or expired.
2026-09-12T12:52:30.465632+00:00 task_update brief_id=c65c1be8-bb02-4555-8a02-74f8d2ae581e status=prepared share_status=pending completion_status= polls=0
2026-09-12T12:52:30.472932+00:00 task_update brief_id=c65c1be8-bb02-4555-8a02-74f8d2ae581e status=needs_auth share_status=pending completion_status= polls=0
2026-09-12T12:52:30.475139+00:00 [357/3960 |   9.0%] completed_this_run=357 attention=357 elapsed=11:22 eta=1:54:47 brief_id=c65c1be8-bb02-4555-8a02-74f8d2ae581e status=needs_auth title="Which geographic and language coverage gaps pose the greatest risk of missing e…" | Eureka authorization is missing or expired.
2026-09-12T12:52:30.476947+00:00 task_update brief_id=283d78c9-6f51-44e2-8098-6ddd5f1c3975 status=prepared share_status=pending completion_status= polls=0
2026-09-12T12:52:30.485555+00:00 task_update brief_id=283d78c9-6f51-44e2-8098-6ddd5f1c3975 status=needs_auth share_status=pending completion_status= polls=0
2026-09-12T12:52:30.487623+00:00 [358/3960 |   9.0%] completed_this_run=358 attention=358 elapsed=11:22 eta=1:54:26 brief_id=283d78c9-6f51-44e2-8098-6ddd5f1c3975 status=needs_auth title="Which historical publication waves create continuing prior-art risk for current…" | Eureka authorization is missing or expired.
2026-09-12T12:52:30.489156+00:00 task_update brief_id=0bef882b-b095-4114-8eda-339d51b052f4 status=prepared share_status=pending completion_status= polls=0
2026-09-12T12:52:30.496931+00:00 task_update brief_id=0bef882b-b095-4114-8eda-339d51b052f4 status=needs_auth share_status=pending completion_status= polls=0
2026-09-12T12:52:30.498865+00:00 [359/3960 |   9.1%] completed_this_run=359 attention=359 elapsed=11:22 eta=1:54:05 brief_id=0bef882b-b095-4114-8eda-339d51b052f4 status=needs_auth title="Which publication-date and public-accessibility uncertainties create the greate…" | Eureka authorization is missing or expired.
2026-09-12T12:52:30.500243+00:00 task_update brief_id=d5bbf075-7084-4fdc-9c2c-62e695f11bea status=prepared share_status=pending completion_status= polls=0
2026-09-12T12:52:30.507652+00:00 task_update brief_id=d5bbf075-7084-4fdc-9c2c-62e695f11bea status=needs_auth share_status=pending completion_status= polls=0
2026-09-12T12:52:30.509833+00:00 [360/3960 |   9.1%] completed_this_run=360 attention=360 elapsed=11:22 eta=1:53:44 brief_id=d5bbf075-7084-4fdc-9c2c-62e695f11bea status=needs_auth title="Where do separately disclosed technical features create combination-related pri…" | Eureka authorization is missing or expired.
2026-09-12T12:52:30.511450+00:00 task_update brief_id=7d039d97-fdc7-44eb-9292-db6ae30e4df1 status=prepared share_status=pending completion_status= polls=0
2026-09-12T12:52:30.518767+00:00 task_update brief_id=7d039d97-fdc7-44eb-9292-db6ae30e4df1 status=needs_auth share_status=pending completion_status= polls=0
2026-09-12T12:52:30.521118+00:00 [361/3960 |   9.1%] completed_this_run=361 attention=361 elapsed=11:22 eta=1:53:24 brief_id=7d039d97-fdc7-44eb-9292-db6ae30e4df1 status=needs_auth title="Which disclosure-sufficiency criteria should determine whether an engineering i…" | Eureka authorization is missing or expired.
2026-09-12T12:52:30.522399+00:00 task_update brief_id=ebda26d2-9d40-469f-b81f-dcaefc75d853 status=prepared share_status=pending completion_status= polls=0
2026-09-12T12:52:30.530071+00:00 task_update brief_id=ebda26d2-9d40-469f-b81f-dcaefc75d853 status=needs_auth share_status=pending completion_status= polls=0
2026-09-12T12:52:30.531851+00:00 [362/3960 |   9.1%] completed_this_run=362 attention=362 elapsed=11:22 eta=1:53:03 brief_id=ebda26d2-9d40-469f-b81f-dcaefc75d853 status=needs_auth title="How should an in-house patent team choose claim categories and dependency struc…" | Eureka authorization is missing or expired.
2026-09-12T12:52:30.533296+00:00 task_update brief_id=28fb0a59-7823-41d5-baf7-326c2e863465 status=prepared share_status=pending completion_status= polls=0
2026-09-12T12:52:30.540242+00:00 task_update brief_id=28fb0a59-7823-41d5-baf7-326c2e863465 status=needs_auth share_status=pending completion_status= polls=0
2026-09-12T12:52:30.542423+00:00 [363/3960 |   9.2%] completed_this_run=363 attention=363 elapsed=11:22 eta=1:52:43 brief_id=28fb0a59-7823-41d5-baf7-326c2e863465 status=needs_auth title="What support-mapping method should guide alignment between engineering claims, …" | Eureka authorization is missing or expired.
2026-09-12T12:52:30.544097+00:00 task_update brief_id=c865d7f3-ab1b-4b1a-aabf-b758373112e1 status=prepared share_status=pending completion_status= polls=0
2026-09-12T12:52:30.551938+00:00 task_update brief_id=c865d7f3-ab1b-4b1a-aabf-b758373112e1 status=needs_auth share_status=pending completion_status= polls=0
2026-09-12T12:52:30.554756+00:00 [364/3960 |   9.2%] completed_this_run=364 attention=364 elapsed=11:22 eta=1:52:22 brief_id=c865d7f3-ab1b-4b1a-aabf-b758373112e1 status=needs_auth title="How should terminology and definitions be selected to preserve clarity and draf…" | Eureka authorization is missing or expired.
2026-09-12T12:52:30.556298+00:00 task_update brief_id=d2379107-6b53-4dd8-8edc-da8c3c873e68 status=prepared share_status=pending completion_status= polls=0
2026-09-12T12:52:30.565571+00:00 task_update brief_id=d2379107-6b53-4dd8-8edc-da8c3c873e68 status=needs_auth share_status=pending completion_status= polls=0
2026-09-12T12:52:30.567395+00:00 [365/3960 |   9.2%] completed_this_run=365 attention=365 elapsed=11:22 eta=1:52:02 brief_id=d2379107-6b53-4dd8-8edc-da8c3c873e68 status=needs_auth title="Which disclosed embodiments and alternatives should be included to support mean…" | Eureka authorization is missing or expired.
2026-09-12T12:52:30.569052+00:00 task_update brief_id=5477de23-9176-496a-b324-569bee1814bb status=prepared share_status=pending completion_status= polls=0
2026-09-12T12:52:30.576403+00:00 task_update brief_id=5477de23-9176-496a-b324-569bee1814bb status=needs_auth share_status=pending completion_status= polls=0
2026-09-12T12:52:30.579355+00:00 [366/3960 |   9.2%] completed_this_run=366 attention=366 elapsed=11:22 eta=1:51:42 brief_id=5477de23-9176-496a-b324-569bee1814bb status=needs_auth title="What drawing strategy should an in-house patent team use to support an engineer…" | Eureka authorization is missing or expired.
2026-09-12T12:52:30.580957+00:00 task_update brief_id=456e1f2a-9867-4bb3-8028-14b1d1827635 status=prepared share_status=pending completion_status= polls=0
2026-09-12T12:52:30.588983+00:00 task_update brief_id=456e1f2a-9867-4bb3-8028-14b1d1827635 status=needs_auth share_status=pending completion_status= polls=0
2026-09-12T12:52:30.591644+00:00 [367/3960 |   9.3%] completed_this_run=367 attention=367 elapsed=11:22 eta=1:51:22 brief_id=456e1f2a-9867-4bb3-8028-14b1d1827635 status=needs_auth title="How should the background, summary, and detailed description be balanced in an …" | Eureka authorization is missing or expired.
2026-09-12T12:52:30.593993+00:00 task_update brief_id=aebf78bd-346d-4628-971f-c284d323ac36 status=prepared share_status=pending completion_status= polls=0
2026-09-12T12:52:30.601960+00:00 task_update brief_id=aebf78bd-346d-4628-971f-c284d323ac36 status=needs_auth share_status=pending completion_status= polls=0
2026-09-12T12:52:30.604099+00:00 [368/3960 |   9.3%] completed_this_run=368 attention=368 elapsed=11:22 eta=1:51:02 brief_id=aebf78bd-346d-4628-971f-c284d323ac36 status=needs_auth title="How should prior-art findings inform drafting choices without introducing unsup…" | Eureka authorization is missing or expired.
2026-09-12T12:52:30.605773+00:00 task_update brief_id=591cf3f1-7d36-4fca-8e18-6e3dd648ec78 status=prepared share_status=pending completion_status= polls=0
2026-09-12T12:52:30.612571+00:00 task_update brief_id=591cf3f1-7d36-4fca-8e18-6e3dd648ec78 status=needs_auth share_status=pending completion_status= polls=0
2026-09-12T12:52:30.614717+00:00 [369/3960 |   9.3%] completed_this_run=369 attention=369 elapsed=11:22 eta=1:50:42 brief_id=591cf3f1-7d36-4fca-8e18-6e3dd648ec78 status=needs_auth title="Which disclosure-grounded fallback positions should be prioritized to improve p…" | Eureka authorization is missing or expired.
2026-09-12T12:52:30.616497+00:00 task_update brief_id=04ab6c82-0d1b-42f2-89c8-cff953426d5e status=prepared share_status=pending completion_status= polls=0
2026-09-12T12:52:30.625426+00:00 task_update brief_id=04ab6c82-0d1b-42f2-89c8-cff953426d5e status=needs_auth share_status=pending completion_status= polls=0
2026-09-12T12:52:30.627876+00:00 [370/3960 |   9.3%] completed_this_run=370 attention=370 elapsed=11:22 eta=1:50:23 brief_id=04ab6c82-0d1b-42f2-89c8-cff953426d5e status=needs_auth title="What pre-filing review criteria should determine whether an engineering patent …" | Eureka authorization is missing or expired.
2026-09-12T12:52:30.629775+00:00 task_update brief_id=934beebc-ceae-4702-88d5-81ab12a2d21a status=prepared share_status=pending completion_status= polls=0
2026-09-12T12:52:30.638001+00:00 task_update brief_id=934beebc-ceae-4702-88d5-81ab12a2d21a status=needs_auth share_status=pending completion_status= polls=0
2026-09-12T12:52:30.640229+00:00 [371/3960 |   9.4%] completed_this_run=371 attention=371 elapsed=11:22 eta=1:50:03 brief_id=934beebc-ceae-4702-88d5-81ab12a2d21a status=needs_auth title="Which engineering application fields present the greatest potential exposure to…" | Eureka authorization is missing or expired.
2026-09-12T12:52:30.641757+00:00 task_update brief_id=2e4dd867-f105-400f-94e9-2d8e619fb6df status=prepared share_status=pending completion_status= polls=0
2026-09-12T12:52:30.649583+00:00 task_update brief_id=2e4dd867-f105-400f-94e9-2d8e619fb6df status=needs_auth share_status=pending completion_status= polls=0
2026-09-12T12:52:30.651751+00:00 [372/3960 |   9.4%] completed_this_run=372 attention=372 elapsed=11:22 eta=1:49:43 brief_id=2e4dd867-f105-400f-94e9-2d8e619fb6df status=needs_auth title="Where do patent risks most often arise at interfaces between engineering system…" | Eureka authorization is missing or expired.
2026-09-12T12:52:30.653370+00:00 task_update brief_id=783144fb-8047-4cc6-b082-1550266a3d94 status=prepared share_status=pending completion_status= polls=0
2026-09-12T12:52:30.661301+00:00 task_update brief_id=783144fb-8047-4cc6-b082-1550266a3d94 status=needs_auth share_status=pending completion_status= polls=0
2026-09-12T12:52:30.663728+00:00 [373/3960 |   9.4%] completed_this_run=373 attention=373 elapsed=11:22 eta=1:49:24 brief_id=783144fb-8047-4cc6-b082-1550266a3d94 status=needs_auth title="What patent risks affect the use of manufacturing and production methods across…" | Eureka authorization is missing or expired.
2026-09-12T12:52:30.665168+00:00 task_update brief_id=2a9d2678-7fe1-4ad8-9174-f0b712f4fdf2 status=prepared share_status=pending completion_status= polls=0
2026-09-12T12:52:30.672815+00:00 task_update brief_id=2a9d2678-7fe1-4ad8-9174-f0b712f4fdf2 status=needs_auth share_status=pending completion_status= polls=0
2026-09-12T12:52:30.675213+00:00 [374/3960 |   9.4%] completed_this_run=374 attention=374 elapsed=11:22 eta=1:49:05 brief_id=2a9d2678-7fe1-4ad8-9174-f0b712f4fdf2 status=needs_auth title="How do embedded software, sensing, and control functions create patent risks ac…" | Eureka authorization is missing or expired.
2026-09-12T12:52:30.676949+00:00 task_update brief_id=0c680f2b-638c-4e7a-bc78-2a4d9f81d1e6 status=prepared share_status=pending completion_status= polls=0
2026-09-12T12:52:30.684753+00:00 task_update brief_id=0c680f2b-638c-4e7a-bc78-2a4d9f81d1e6 status=needs_auth share_status=pending completion_status= polls=0
2026-09-12T12:52:30.707293+00:00 [375/3960 |   9.5%] completed_this_run=375 attention=375 elapsed=11:22 eta=1:48:46 brief_id=0c680f2b-638c-4e7a-bc78-2a4d9f81d1e6 status=needs_auth title="What patent risks should engineering organizations assess when implementing tec…" | Eureka authorization is missing or expired.
2026-09-12T12:52:30.713955+00:00 task_update brief_id=23eeb182-6378-4a00-a634-a9212de8ccb1 status=prepared share_status=pending completion_status= polls=0
2026-09-12T12:52:30.722208+00:00 task_update brief_id=23eeb182-6378-4a00-a634-a9212de8ccb1 status=needs_auth share_status=pending completion_status= polls=0
2026-09-12T12:52:30.724781+00:00 [376/3960 |   9.5%] completed_this_run=376 attention=376 elapsed=11:22 eta=1:48:27 brief_id=23eeb182-6378-4a00-a634-a9212de8ccb1 status=needs_auth title="How can patent risks from third-party components and engineering supply chains …" | Eureka authorization is missing or expired.
2026-09-12T12:52:30.728432+00:00 task_update brief_id=0b4b22b2-0e60-46e9-aaa9-8848d382ffea status=prepared share_status=pending completion_status= polls=0
2026-09-12T12:52:30.736730+00:00 task_update brief_id=0b4b22b2-0e60-46e9-aaa9-8848d382ffea status=needs_auth share_status=pending completion_status= polls=0
2026-09-12T12:52:30.740064+00:00 [377/3960 |   9.5%] completed_this_run=377 attention=377 elapsed=11:22 eta=1:48:08 brief_id=0b4b22b2-0e60-46e9-aaa9-8848d382ffea status=needs_auth title="Which patent risks are emerging around lower-carbon and circular engineering pr…" | Eureka authorization is missing or expired.
2026-09-12T12:52:30.744649+00:00 task_update brief_id=c8c8ee57-5803-403d-9168-6745dc7bb648 status=prepared share_status=pending completion_status= polls=0
2026-09-12T12:52:30.753322+00:00 task_update brief_id=c8c8ee57-5803-403d-9168-6745dc7bb648 status=needs_auth share_status=pending completion_status= polls=0
2026-09-12T12:52:30.756074+00:00 [378/3960 |   9.5%] completed_this_run=378 attention=378 elapsed=11:22 eta=1:47:49 brief_id=c8c8ee57-5803-403d-9168-6745dc7bb648 status=needs_auth title="What patent risks accompany the adoption of connected, automated, and data-driv…" | Eureka authorization is missing or expired.
2026-09-12T12:52:30.757973+00:00 task_update brief_id=cc7ebb9f-ff70-4bfa-ac6e-c2190ec00fc1 status=prepared share_status=pending completion_status= polls=0
2026-09-12T12:52:30.766919+00:00 task_update brief_id=cc7ebb9f-ff70-4bfa-ac6e-c2190ec00fc1 status=needs_auth share_status=pending completion_status= polls=0
2026-09-12T12:52:30.769385+00:00 [379/3960 |   9.6%] completed_this_run=379 attention=379 elapsed=11:22 eta=1:47:30 brief_id=cc7ebb9f-ff70-4bfa-ac6e-c2190ec00fc1 status=needs_auth title="How do maintenance, repair, upgrades, and remanufacturing create patent risks t…" | Eureka authorization is missing or expired.
2026-09-12T12:52:30.771096+00:00 task_update brief_id=bd7d6dd9-3e1e-4a84-8fe9-d7de92cfceb7 status=prepared share_status=pending completion_status= polls=0
2026-09-12T12:52:30.779817+00:00 task_update brief_id=bd7d6dd9-3e1e-4a84-8fe9-d7de92cfceb7 status=needs_auth share_status=pending completion_status= polls=0
2026-09-12T12:52:30.781896+00:00 [380/3960 |   9.6%] completed_this_run=380 attention=380 elapsed=11:22 eta=1:47:12 brief_id=bd7d6dd9-3e1e-4a84-8fe9-d7de92cfceb7 status=needs_auth title="How do jurisdiction, patent-family coverage, and legal status change FTO risk a…" | Eureka authorization is missing or expired.
2026-09-12T12:52:30.783383+00:00 task_update brief_id=15a8962a-09ea-49bd-9aac-5342df90bb3a status=prepared share_status=pending completion_status= polls=0
2026-09-12T12:52:30.791559+00:00 task_update brief_id=15a8962a-09ea-49bd-9aac-5342df90bb3a status=needs_auth share_status=pending completion_status= polls=0
2026-09-12T12:52:30.793937+00:00 [381/3960 |   9.6%] completed_this_run=381 attention=381 elapsed=11:22 eta=1:46:53 brief_id=15a8962a-09ea-49bd-9aac-5342df90bb3a status=needs_auth title="How should novelty objections in engineering patent office actions be evaluated…" | Eureka authorization is missing or expired.
2026-09-12T12:52:30.795437+00:00 task_update brief_id=1fbfd0ac-4e99-41d8-9969-aa81dec68a84 status=prepared share_status=pending completion_status= polls=0
2026-09-12T12:52:30.803802+00:00 task_update brief_id=1fbfd0ac-4e99-41d8-9969-aa81dec68a84 status=needs_auth share_status=pending completion_status= polls=0
2026-09-12T12:52:30.806052+00:00 [382/3960 |   9.6%] completed_this_run=382 attention=382 elapsed=11:22 eta=1:46:35 brief_id=1fbfd0ac-4e99-41d8-9969-aa81dec68a84 status=needs_auth title="How can evidence underlying inventive-step or obviousness objections in enginee…" | Eureka authorization is missing or expired.
2026-09-12T12:52:30.807946+00:00 task_update brief_id=da58a1d2-1675-4978-a64c-551ab884464e status=prepared share_status=pending completion_status= polls=0
2026-09-12T12:52:30.815845+00:00 task_update brief_id=da58a1d2-1675-4978-a64c-551ab884464e status=needs_auth share_status=pending completion_status= polls=0
2026-09-12T12:52:30.818063+00:00 [383/3960 |   9.7%] completed_this_run=383 attention=383 elapsed=11:22 eta=1:46:16 brief_id=da58a1d2-1675-4978-a64c-551ab884464e status=needs_auth title="What evidence should be mapped when an engineering patent office action questio…" | Eureka authorization is missing or expired.
2026-09-12T12:52:30.819858+00:00 task_update brief_id=a779cd02-ba70-47c4-a68b-1c00e811985f status=prepared share_status=pending completion_status= polls=0
2026-09-12T12:52:30.830153+00:00 task_update brief_id=a779cd02-ba70-47c4-a68b-1c00e811985f status=needs_auth share_status=pending completion_status= polls=0
2026-09-12T12:52:30.832711+00:00 [384/3960 |   9.7%] completed_this_run=384 attention=384 elapsed=11:22 eta=1:45:58 brief_id=a779cd02-ba70-47c4-a68b-1c00e811985f status=needs_auth title="How should enablement objections in engineering patent office actions be analyz…" | Eureka authorization is missing or expired.
2026-09-12T12:52:30.834523+00:00 task_update brief_id=641b5fbb-7af8-4582-addb-596b612de0a1 status=prepared share_status=pending completion_status= polls=0
2026-09-12T12:52:30.843316+00:00 task_update brief_id=641b5fbb-7af8-4582-addb-596b612de0a1 status=needs_auth share_status=pending completion_status= polls=0
2026-09-12T12:52:30.845758+00:00 [385/3960 |   9.7%] completed_this_run=385 attention=385 elapsed=11:22 eta=1:45:40 brief_id=641b5fbb-7af8-4582-addb-596b612de0a1 status=needs_auth title="What evidence table best supports decisions on clarity or definiteness objectio…" | Eureka authorization is missing or expired.
2026-09-12T12:52:30.847606+00:00 task_update brief_id=0c27728c-b650-4ea6-a8d4-575bfaa328d3 status=prepared share_status=pending completion_status= polls=0
2026-09-12T12:52:30.855888+00:00 task_update brief_id=0c27728c-b650-4ea6-a8d4-575bfaa328d3 status=needs_auth share_status=pending completion_status= polls=0
2026-09-12T12:52:30.858845+00:00 [386/3960 |   9.7%] completed_this_run=386 attention=386 elapsed=11:22 eta=1:45:22 brief_id=0c27728c-b650-4ea6-a8d4-575bfaa328d3 status=needs_auth title="How can competing claim interpretations in engineering patent office actions be…" | Eureka authorization is missing or expired.
2026-09-12T12:52:30.860751+00:00 task_update brief_id=8a85502a-6c2c-4c2a-8238-2c87211b5e9a status=prepared share_status=pending completion_status= polls=0
2026-09-12T12:52:30.868638+00:00 task_update brief_id=8a85502a-6c2c-4c2a-8238-2c87211b5e9a status=needs_auth share_status=pending completion_status= polls=0
2026-09-12T12:52:30.871203+00:00 [387/3960 |   9.8%] completed_this_run=387 attention=387 elapsed=11:22 eta=1:45:04 brief_id=8a85502a-6c2c-4c2a-8238-2c87211b5e9a status=needs_auth title="How should proposed engineering patent claim amendments be checked for support …" | Eureka authorization is missing or expired.
2026-09-12T12:52:30.873189+00:00 task_update brief_id=89fb4015-8bf7-49ab-9d15-3b408ddde87d status=prepared share_status=pending completion_status= polls=0
2026-09-12T12:52:30.883787+00:00 task_update brief_id=89fb4015-8bf7-49ab-9d15-3b408ddde87d status=needs_auth share_status=pending completion_status= polls=0
2026-09-12T12:52:30.885986+00:00 [388/3960 |   9.8%] completed_this_run=388 attention=388 elapsed=11:22 eta=1:44:46 brief_id=89fb4015-8bf7-49ab-9d15-3b408ddde87d status=needs_auth title="What evidence is needed to assess priority-related issues raised in engineering…" | Eureka authorization is missing or expired.
2026-09-12T12:52:30.887747+00:00 task_update brief_id=b4a4f2ff-9004-435e-86b9-2284a6edab37 status=prepared share_status=pending completion_status= polls=0
2026-09-12T12:52:30.897151+00:00 task_update brief_id=b4a4f2ff-9004-435e-86b9-2284a6edab37 status=needs_auth share_status=pending completion_status= polls=0
2026-09-12T12:52:30.899293+00:00 [389/3960 |   9.8%] completed_this_run=389 attention=389 elapsed=11:22 eta=1:44:28 brief_id=b4a4f2ff-9004-435e-86b9-2284a6edab37 status=needs_auth title="How can dependent claims and disclosed fallback positions in engineering patent…" | Eureka authorization is missing or expired.
2026-09-12T12:52:30.900837+00:00 task_update brief_id=a3d07508-8bd8-4e22-9a52-80ff6bdc4b97 status=prepared share_status=pending completion_status= polls=0
2026-09-12T12:52:30.908920+00:00 task_update brief_id=a3d07508-8bd8-4e22-9a52-80ff6bdc4b97 status=needs_auth share_status=pending completion_status= polls=0
2026-09-12T12:52:30.911397+00:00 [390/3960 |   9.8%] completed_this_run=390 attention=390 elapsed=11:22 eta=1:44:10 brief_id=a3d07508-8bd8-4e22-9a52-80ff6bdc4b97 status=needs_auth title="How should unresolved evidence gaps in engineering patent office actions be pri…" | Eureka authorization is missing or expired.
2026-09-12T12:52:30.913078+00:00 task_update brief_id=723bec24-8aa3-4b2a-ba64-4739162e504b status=prepared share_status=pending completion_status= polls=0
2026-09-12T12:52:30.920947+00:00 task_update brief_id=723bec24-8aa3-4b2a-ba64-4739162e504b status=needs_auth share_status=pending completion_status= polls=0
2026-09-12T12:52:30.923428+00:00 [391/3960 |   9.9%] completed_this_run=391 attention=391 elapsed=11:22 eta=1:43:53 brief_id=723bec24-8aa3-4b2a-ba64-4739162e504b status=needs_auth title="Which research tasks could help clarify shifts in the engineering industry's ma…" | Eureka authorization is missing or expired.
2026-09-12T12:52:30.925027+00:00 task_update brief_id=672e9d85-fce1-42f4-af11-a3caf4cce475 status=prepared share_status=pending completion_status= polls=0
2026-09-12T12:52:30.933239+00:00 task_update brief_id=672e9d85-fce1-42f4-af11-a3caf4cce475 status=needs_auth share_status=pending completion_status= polls=0
2026-09-12T12:52:30.935381+00:00 [392/3960 |   9.9%] completed_this_run=392 attention=392 elapsed=11:22 eta=1:43:35 brief_id=672e9d85-fce1-42f4-af11-a3caf4cce475 status=needs_auth title="How could research into emerging engineering fields be scoped to distinguish ea…" | Eureka authorization is missing or expired.
2026-09-12T12:52:30.937060+00:00 task_update brief_id=ee431c28-525d-43be-bb80-83cc955ebd83 status=prepared share_status=pending completion_status= polls=0
2026-09-12T12:52:30.945892+00:00 task_update brief_id=ee431c28-525d-43be-bb80-83cc955ebd83 status=needs_auth share_status=pending completion_status= polls=0
2026-09-12T12:52:30.947915+00:00 [393/3960 |   9.9%] completed_this_run=393 attention=393 elapsed=11:22 eta=1:43:18 brief_id=ee431c28-525d-43be-bb80-83cc955ebd83 status=needs_auth title="What research options could help compare how technology maturity is changing ac…" | Eureka authorization is missing or expired.
2026-09-12T12:52:30.949396+00:00 task_update brief_id=c85e89f1-0791-4bdd-a901-c0197e526a38 status=prepared share_status=pending completion_status= polls=0
2026-09-12T12:52:30.957880+00:00 task_update brief_id=c85e89f1-0791-4bdd-a901-c0197e526a38 status=needs_auth share_status=pending completion_status= polls=0
2026-09-12T12:52:30.959987+00:00 [394/3960 |   9.9%] completed_this_run=394 attention=394 elapsed=11:22 eta=1:43:00 brief_id=c85e89f1-0791-4bdd-a901-c0197e526a38 status=needs_auth title="Which research tasks could reveal whether engineering technology fields are bec…" | Eureka authorization is missing or expired.
2026-09-12T12:52:30.962150+00:00 task_update brief_id=89269ef8-0a3a-411d-b6ec-79ff031ad726 status=prepared share_status=pending completion_status= polls=0
2026-09-12T12:52:30.971469+00:00 task_update brief_id=89269ef8-0a3a-411d-b6ec-79ff031ad726 status=needs_auth share_status=pending completion_status= polls=0
2026-09-12T12:52:30.973419+00:00 [395/3960 |  10.0%] completed_this_run=395 attention=395 elapsed=11:22 eta=1:42:43 brief_id=89269ef8-0a3a-411d-b6ec-79ff031ad726 status=needs_auth title="How could a trend study be scoped to compare engineering research attention acr…" | Eureka authorization is missing or expired.
2026-09-12T12:52:30.974714+00:00 task_update brief_id=d3148f9a-8e4f-4fb6-b53a-29af0113587c status=prepared share_status=pending completion_status= polls=0
2026-09-12T12:52:30.982665+00:00 task_update brief_id=d3148f9a-8e4f-4fb6-b53a-29af0113587c status=needs_auth share_status=pending completion_status= polls=0
2026-09-12T12:52:30.984693+00:00 [396/3960 |  10.0%] completed_this_run=396 attention=396 elapsed=11:22 eta=1:42:26 brief_id=d3148f9a-8e4f-4fb6-b53a-29af0113587c status=needs_auth title="What research tasks could help track changes in the engineering industry's majo…" | Eureka authorization is missing or expired.
2026-09-12T12:52:30.986822+00:00 task_update brief_id=37a7f7c1-dff0-4c49-8c47-3847a14f2b78 status=prepared share_status=pending completion_status= polls=0
2026-09-12T12:52:30.995270+00:00 task_update brief_id=37a7f7c1-dff0-4c49-8c47-3847a14f2b78 status=needs_auth share_status=pending completion_status= polls=0
2026-09-12T12:52:30.997294+00:00 [397/3960 |  10.0%] completed_this_run=397 attention=397 elapsed=11:22 eta=1:42:09 brief_id=37a7f7c1-dff0-4c49-8c47-3847a14f2b78 status=needs_auth title="Which research options could clarify how engineering technology-improvement pri…" | Eureka authorization is missing or expired.
2026-09-12T12:52:30.998776+00:00 task_update brief_id=599b93dd-a1de-4a52-bf2c-969fe2ba0256 status=prepared share_status=pending completion_status= polls=0
2026-09-12T12:52:31.005948+00:00 task_update brief_id=599b93dd-a1de-4a52-bf2c-969fe2ba0256 status=needs_auth share_status=pending completion_status= polls=0
2026-09-12T12:52:31.008094+00:00 [398/3960 |  10.1%] completed_this_run=398 attention=398 elapsed=11:22 eta=1:41:52 brief_id=599b93dd-a1de-4a52-bf2c-969fe2ba0256 status=needs_auth title="How could research be scoped to track the movement of engineering technologies …" | Eureka authorization is missing or expired.
2026-09-12T12:52:31.009445+00:00 task_update brief_id=8bf34a6c-0f58-4d35-a952-f2c2828c0c85 status=prepared share_status=pending completion_status= polls=0
2026-09-12T12:52:31.017353+00:00 task_update brief_id=8bf34a6c-0f58-4d35-a952-f2c2828c0c85 status=needs_auth share_status=pending completion_status= polls=0
2026-09-12T12:52:31.020218+00:00 [399/3960 |  10.1%] completed_this_run=399 attention=399 elapsed=11:22 eta=1:41:35 brief_id=8bf34a6c-0f58-4d35-a952-f2c2828c0c85 status=needs_auth title="Which research tasks could test whether patent and publication evidence point t…" | Eureka authorization is missing or expired.
2026-09-12T12:52:31.022239+00:00 task_update brief_id=5e67e915-2ac8-4849-b374-cf10b6c4b834 status=prepared share_status=pending completion_status= polls=0
2026-09-12T12:52:31.030095+00:00 task_update brief_id=5e67e915-2ac8-4849-b374-cf10b6c4b834 status=needs_auth share_status=pending completion_status= polls=0
2026-09-12T12:52:31.053605+00:00 [400/3960 |  10.1%] completed_this_run=400 attention=400 elapsed=11:23 eta=1:41:18 brief_id=5e67e915-2ac8-4849-b374-cf10b6c4b834 status=needs_auth title="What research options could help assess possible next directions in engineering…" | Eureka authorization is missing or expired.
2026-09-12T12:52:31.061273+00:00 task_update brief_id=e635ba84-3e3c-41dd-a172-60572630067c status=prepared share_status=pending completion_status= polls=0
2026-09-12T12:52:31.069418+00:00 task_update brief_id=e635ba84-3e3c-41dd-a172-60572630067c status=needs_auth share_status=pending completion_status= polls=0
2026-09-12T12:52:31.071636+00:00 [401/3960 |  10.1%] completed_this_run=401 attention=401 elapsed=11:23 eta=1:41:02 brief_id=e635ba84-3e3c-41dd-a172-60572630067c status=needs_auth title="How is patent activity shifting across the major application fields of the engi…" | Eureka authorization is missing or expired.
2026-09-12T12:52:31.073359+00:00 task_update brief_id=67e80fc0-a882-4229-84c8-09bc440a346c status=prepared share_status=pending completion_status= polls=0
2026-09-12T12:52:31.081290+00:00 task_update brief_id=67e80fc0-a882-4229-84c8-09bc440a346c status=needs_auth share_status=pending completion_status= polls=0
2026-09-12T12:52:31.083425+00:00 [402/3960 |  10.2%] completed_this_run=402 attention=402 elapsed=11:23 eta=1:40:45 brief_id=67e80fc0-a882-4229-84c8-09bc440a346c status=needs_auth title="Which engineering technology clusters are emerging, expanding, maturing, or dec…" | Eureka authorization is missing or expired.
2026-09-12T12:52:31.084876+00:00 task_update brief_id=c68ee275-3918-4120-bd93-0dc1d7f5227f status=prepared share_status=pending completion_status= polls=0
2026-09-12T12:52:31.092343+00:00 task_update brief_id=c68ee275-3918-4120-bd93-0dc1d7f5227f status=needs_auth share_status=pending completion_status= polls=0
2026-09-12T12:52:31.094672+00:00 [403/3960 |  10.2%] completed_this_run=403 attention=403 elapsed=11:23 eta=1:40:28 brief_id=c68ee275-3918-4120-bd93-0dc1d7f5227f status=needs_auth title="How is the concentration of major patent rights holders changing across the eng…" | Eureka authorization is missing or expired.
2026-09-12T12:52:31.096060+00:00 task_update brief_id=b33b64c3-c96a-48a4-8912-23fbf883a547 status=prepared share_status=pending completion_status= polls=0
2026-09-12T12:52:31.104610+00:00 task_update brief_id=b33b64c3-c96a-48a4-8912-23fbf883a547 status=needs_auth share_status=pending completion_status= polls=0
2026-09-12T12:52:31.106909+00:00 [404/3960 |  10.2%] completed_this_run=404 attention=404 elapsed=11:23 eta=1:40:12 brief_id=b33b64c3-c96a-48a4-8912-23fbf883a547 status=needs_auth title="How are the geographic origins and target jurisdictions of engineering patent f…" | Eureka authorization is missing or expired.
2026-09-12T12:52:31.108291+00:00 task_update brief_id=23a97a57-7194-4afd-b8ea-bc8687b4f7a8 status=prepared share_status=pending completion_status= polls=0
2026-09-12T12:52:31.116576+00:00 task_update brief_id=23a97a57-7194-4afd-b8ea-bc8687b4f7a8 status=needs_auth share_status=pending completion_status= polls=0
2026-09-12T12:52:31.118936+00:00 [405/3960 |  10.2%] completed_this_run=405 attention=405 elapsed=11:23 eta=1:39:55 brief_id=23a97a57-7194-4afd-b8ea-bc8687b4f7a8 status=needs_auth title="Where is patenting converging between traditionally separate engineering techno…" | Eureka authorization is missing or expired.
2026-09-12T12:52:31.120886+00:00 task_update brief_id=9c47000b-62a3-4d43-9a7c-3bf37fd2b1d6 status=prepared share_status=pending completion_status= polls=0
2026-09-12T12:52:31.129685+00:00 task_update brief_id=9c47000b-62a3-4d43-9a7c-3bf37fd2b1d6 status=needs_auth share_status=pending completion_status= polls=0
2026-09-12T12:52:31.131727+00:00 [406/3960 |  10.3%] completed_this_run=406 attention=406 elapsed=11:23 eta=1:39:39 brief_id=9c47000b-62a3-4d43-9a7c-3bf37fd2b1d6 status=needs_auth title="How are engineering patent-family lifecycles changing across major technology a…" | Eureka authorization is missing or expired.
2026-09-12T12:52:31.133032+00:00 task_update brief_id=1f3ea75c-303b-40fe-96f3-2e814f1ce29d status=prepared share_status=pending completion_status= polls=0
2026-09-12T12:52:31.140345+00:00 task_update brief_id=1f3ea75c-303b-40fe-96f3-2e814f1ce29d status=needs_auth share_status=pending completion_status= polls=0
2026-09-12T12:52:31.142958+00:00 [407/3960 |  10.3%] completed_this_run=407 attention=407 elapsed=11:23 eta=1:39:23 brief_id=1f3ea75c-303b-40fe-96f3-2e814f1ce29d status=needs_auth title="Which engineering patent clusters are gaining influence within citation and kno…" | Eureka authorization is missing or expired.
2026-09-12T12:52:31.144452+00:00 task_update brief_id=354fb637-b3d0-46bf-8871-cecab1ff1af3 status=prepared share_status=pending completion_status= polls=0
2026-09-12T12:52:31.152611+00:00 task_update brief_id=354fb637-b3d0-46bf-8871-cecab1ff1af3 status=needs_auth share_status=pending completion_status= polls=0
2026-09-12T12:52:31.155143+00:00 [408/3960 |  10.3%] completed_this_run=408 attention=408 elapsed=11:23 eta=1:39:07 brief_id=354fb637-b3d0-46bf-8871-cecab1ff1af3 status=needs_auth title="How are collaboration and co-ownership patterns evolving in the engineering pat…" | Eureka authorization is missing or expired.
2026-09-12T12:52:31.157830+00:00 task_update brief_id=2c43aed0-0b79-4f00-954b-c0aa8e2a7f85 status=prepared share_status=pending completion_status= polls=0
2026-09-12T12:52:31.168989+00:00 task_update brief_id=2c43aed0-0b79-4f00-954b-c0aa8e2a7f85 status=needs_auth share_status=pending completion_status= polls=0
2026-09-12T12:52:31.174886+00:00 [409/3960 |  10.3%] completed_this_run=409 attention=409 elapsed=11:23 eta=1:38:51 brief_id=2c43aed0-0b79-4f00-954b-c0aa8e2a7f85 status=needs_auth title="How is the technical focus of engineering patent claims shifting across major f…" | Eureka authorization is missing or expired.
2026-09-12T12:52:31.176428+00:00 task_update brief_id=88a17e3d-2fa1-4574-8e92-bedcab3ee5cb status=prepared share_status=pending completion_status= polls=0
2026-09-12T12:52:31.186721+00:00 task_update brief_id=88a17e3d-2fa1-4574-8e92-bedcab3ee5cb status=needs_auth share_status=pending completion_status= polls=0
2026-09-12T12:52:31.190323+00:00 [410/3960 |  10.4%] completed_this_run=410 attention=410 elapsed=11:23 eta=1:38:35 brief_id=88a17e3d-2fa1-4574-8e92-bedcab3ee5cb status=needs_auth title="Which areas of the engineering patent landscape are becoming more crowded or co…" | Eureka authorization is missing or expired.
2026-09-12T12:52:31.191779+00:00 task_update brief_id=35a07c31-3500-4d41-899b-542f7f5fa3fe status=prepared share_status=pending completion_status= polls=0
2026-09-12T12:52:31.199724+00:00 task_update brief_id=35a07c31-3500-4d41-899b-542f7f5fa3fe status=needs_auth share_status=pending completion_status= polls=0
2026-09-12T12:52:31.201720+00:00 [411/3960 |  10.4%] completed_this_run=411 attention=411 elapsed=11:23 eta=1:38:19 brief_id=35a07c31-3500-4d41-899b-542f7f5fa3fe status=needs_auth title="What earlier public evidence creates patent risk around widely used mechanical …" | Eureka authorization is missing or expired.
2026-09-12T12:52:31.203140+00:00 task_update brief_id=acefcf23-147e-4359-a9c2-6173fb1a3a6c status=prepared share_status=pending completion_status= polls=0
2026-09-12T12:52:31.212728+00:00 task_update brief_id=acefcf23-147e-4359-a9c2-6173fb1a3a6c status=needs_auth share_status=pending completion_status= polls=0
2026-09-12T12:52:31.215546+00:00 [412/3960 |  10.4%] completed_this_run=412 attention=412 elapsed=11:23 eta=1:38:03 brief_id=acefcf23-147e-4359-a9c2-6173fb1a3a6c status=needs_auth title="Which prior disclosures present patent risk for automation and control techniqu…" | Eureka authorization is missing or expired.
2026-09-12T12:52:31.217279+00:00 task_update brief_id=66f17941-1095-436d-9676-4e540e3933e7 status=prepared share_status=pending completion_status= polls=0
2026-09-12T12:52:31.231612+00:00 task_update brief_id=66f17941-1095-436d-9676-4e540e3933e7 status=needs_auth share_status=pending completion_status= polls=0
2026-09-12T12:52:31.233876+00:00 [413/3960 |  10.4%] completed_this_run=413 attention=413 elapsed=11:23 eta=1:37:47 brief_id=66f17941-1095-436d-9676-4e540e3933e7 status=needs_auth title="What prior art creates patent risk for sensing and measurement techniques acros…" | Eureka authorization is missing or expired.
2026-09-12T12:52:31.235209+00:00 task_update brief_id=1b25d85f-9708-4458-871b-b34373dafe45 status=prepared share_status=pending completion_status= polls=0
2026-09-12T12:52:31.245243+00:00 task_update brief_id=1b25d85f-9708-4458-871b-b34373dafe45 status=needs_auth share_status=pending completion_status= polls=0
2026-09-12T12:52:31.247400+00:00 [414/3960 |  10.5%] completed_this_run=414 attention=414 elapsed=11:23 eta=1:37:31 brief_id=1b25d85f-9708-4458-871b-b34373dafe45 status=needs_auth title="Which earlier publications indicate patent risk in energy conversion and manage…" | Eureka authorization is missing or expired.
2026-09-12T12:52:31.248929+00:00 task_update brief_id=e7982a40-497c-44ec-baaf-68d105355601 status=prepared share_status=pending completion_status= polls=0
2026-09-12T12:52:31.257310+00:00 task_update brief_id=e7982a40-497c-44ec-baaf-68d105355601 status=needs_auth share_status=pending completion_status= polls=0
2026-09-12T12:52:31.261237+00:00 [415/3960 |  10.5%] completed_this_run=415 attention=415 elapsed=11:23 eta=1:37:16 brief_id=e7982a40-497c-44ec-baaf-68d105355601 status=needs_auth title="What earlier public disclosures create patent risk for manufacturing and proces…" | Eureka authorization is missing or expired.
2026-09-12T12:52:31.265910+00:00 task_update brief_id=2077cf37-c195-473b-9aee-8eb383034c5f status=prepared share_status=pending completion_status= polls=0
2026-09-12T12:52:31.275444+00:00 task_update brief_id=2077cf37-c195-473b-9aee-8eb383034c5f status=needs_auth share_status=pending completion_status= polls=0
2026-09-12T12:52:31.278056+00:00 [416/3960 |  10.5%] completed_this_run=416 attention=416 elapsed=11:23 eta=1:37:00 brief_id=2077cf37-c195-473b-9aee-8eb383034c5f status=needs_auth title="Which prior disclosures raise patent risk for structural design and material-se…" | Eureka authorization is missing or expired.
2026-09-12T12:52:31.279528+00:00 task_update brief_id=93093182-3961-4d70-bb20-cc4fd4ac343e status=prepared share_status=pending completion_status= polls=0
2026-09-12T12:52:31.289871+00:00 task_update brief_id=93093182-3961-4d70-bb20-cc4fd4ac343e status=needs_auth share_status=pending completion_status= polls=0
2026-09-12T12:52:31.291970+00:00 [417/3960 |  10.5%] completed_this_run=417 attention=417 elapsed=11:23 eta=1:36:45 brief_id=93093182-3961-4d70-bb20-cc4fd4ac343e status=needs_auth title="What prior art indicates patent risk for simulation and model-based engineering…" | Eureka authorization is missing or expired.
2026-09-12T12:52:31.293429+00:00 task_update brief_id=0f552416-7fa9-4d18-8689-8466d8dbf460 status=prepared share_status=pending completion_status= polls=0
2026-09-12T12:52:31.324700+00:00 task_update brief_id=0f552416-7fa9-4d18-8689-8466d8dbf460 status=needs_auth share_status=pending completion_status= polls=0
2026-09-12T12:52:31.328323+00:00 [418/3960 |  10.6%] completed_this_run=418 attention=418 elapsed=11:23 eta=1:36:30 brief_id=0f552416-7fa9-4d18-8689-8466d8dbf460 status=needs_auth title="Which earlier disclosures create patent risk for condition monitoring and maint…" | Eureka authorization is missing or expired.
2026-09-12T12:52:31.329840+00:00 task_update brief_id=aa18b3bc-5f8c-4329-82c2-6cb79e631385 status=prepared share_status=pending completion_status= polls=0
2026-09-12T12:52:31.338041+00:00 task_update brief_id=aa18b3bc-5f8c-4329-82c2-6cb79e631385 status=needs_auth share_status=pending completion_status= polls=0
2026-09-12T12:52:31.340326+00:00 [419/3960 |  10.6%] completed_this_run=419 attention=419 elapsed=11:23 eta=1:36:14 brief_id=aa18b3bc-5f8c-4329-82c2-6cb79e631385 status=needs_auth title="What prior art raises patent risk for safety and reliability mechanisms used th…" | Eureka authorization is missing or expired.
2026-09-12T12:52:31.341645+00:00 task_update brief_id=1cfc3ef1-d77e-4453-b2d4-dd5d4a31bf84 status=prepared share_status=pending completion_status= polls=0
2026-09-12T12:52:31.350112+00:00 task_update brief_id=1cfc3ef1-d77e-4453-b2d4-dd5d4a31bf84 status=needs_auth share_status=pending completion_status= polls=0
2026-09-12T12:52:31.351983+00:00 [420/3960 |  10.6%] completed_this_run=420 attention=420 elapsed=11:23 eta=1:35:59 brief_id=1cfc3ef1-d77e-4453-b2d4-dd5d4a31bf84 status=needs_auth title="Which earlier public evidence presents patent risk for resource-efficiency and …" | Eureka authorization is missing or expired.
2026-09-12T12:52:31.354053+00:00 task_update brief_id=dca57db3-bae2-4bf2-ac5f-67d1d89b602a status=prepared share_status=pending completion_status= polls=0
2026-09-12T12:52:31.362625+00:00 task_update brief_id=dca57db3-bae2-4bf2-ac5f-67d1d89b602a status=needs_auth share_status=pending completion_status= polls=0
2026-09-12T12:52:31.406977+00:00 [421/3960 |  10.6%] completed_this_run=421 attention=421 elapsed=11:23 eta=1:35:44 brief_id=dca57db3-bae2-4bf2-ac5f-67d1d89b602a status=needs_auth title="How should disclosure sufficiency be assessed before drafting patent applicatio…" | Eureka authorization is missing or expired.
2026-09-12T12:52:31.413662+00:00 task_update brief_id=c9c767f0-9cf6-462e-b437-e5a6be8ff1fa status=prepared share_status=pending completion_status= polls=0
2026-09-12T12:52:31.427064+00:00 task_update brief_id=c9c767f0-9cf6-462e-b437-e5a6be8ff1fa status=needs_auth share_status=pending completion_status= polls=0
2026-09-12T12:52:31.429766+00:00 [422/3960 |  10.7%] completed_this_run=422 attention=422 elapsed=11:23 eta=1:35:29 brief_id=c9c767f0-9cf6-462e-b437-e5a6be8ff1fa status=needs_auth title="Which claim categories should be considered when structuring a patent applicati…" | Eureka authorization is missing or expired.
2026-09-12T12:52:31.431065+00:00 task_update brief_id=02df24d8-1c31-4d87-b0e4-2c39a5817228 status=prepared share_status=pending completion_status= polls=0
2026-09-12T12:52:31.438198+00:00 task_update brief_id=02df24d8-1c31-4d87-b0e4-2c39a5817228 status=needs_auth share_status=pending completion_status= polls=0
2026-09-12T12:52:31.441086+00:00 [423/3960 |  10.7%] completed_this_run=423 attention=423 elapsed=11:23 eta=1:35:14 brief_id=02df24d8-1c31-4d87-b0e4-2c39a5817228 status=needs_auth title="How should technical features be mapped to specification support when drafting …" | Eureka authorization is missing or expired.
2026-09-12T12:52:31.442400+00:00 task_update brief_id=c7f3d3d9-c146-46e1-b7a1-1cdb2b389b44 status=prepared share_status=pending completion_status= polls=0
2026-09-12T12:52:31.450461+00:00 task_update brief_id=c7f3d3d9-c146-46e1-b7a1-1cdb2b389b44 status=needs_auth share_status=pending completion_status= polls=0
2026-09-12T12:52:31.452740+00:00 [424/3960 |  10.7%] completed_this_run=424 attention=424 elapsed=11:23 eta=1:34:59 brief_id=c7f3d3d9-c146-46e1-b7a1-1cdb2b389b44 status=needs_auth title="How should terminology and definitions be selected for patent applications span…" | Eureka authorization is missing or expired.
2026-09-12T12:52:31.454161+00:00 task_update brief_id=f5055b76-0b92-489b-85a0-0c9b8a706214 status=prepared share_status=pending completion_status= polls=0
2026-09-12T12:52:31.462928+00:00 task_update brief_id=f5055b76-0b92-489b-85a0-0c9b8a706214 status=needs_auth share_status=pending completion_status= polls=0
2026-09-12T12:52:31.486919+00:00 [425/3960 |  10.7%] completed_this_run=425 attention=425 elapsed=11:23 eta=1:34:44 brief_id=f5055b76-0b92-489b-85a0-0c9b8a706214 status=needs_auth title="What framework should guide the selection and organization of embodiments in fo…" | Eureka authorization is missing or expired.
2026-09-12T12:52:31.493250+00:00 task_update brief_id=9009a64e-13c9-4f36-8355-e973d1e49a06 status=prepared share_status=pending completion_status= polls=0
2026-09-12T12:52:31.501431+00:00 task_update brief_id=9009a64e-13c9-4f36-8355-e973d1e49a06 status=needs_auth share_status=pending completion_status= polls=0
2026-09-12T12:52:31.503652+00:00 [426/3960 |  10.8%] completed_this_run=426 attention=426 elapsed=11:23 eta=1:34:29 brief_id=9009a64e-13c9-4f36-8355-e973d1e49a06 status=needs_auth title="How should examples and technical evidence be evaluated for inclusion in food a…" | Eureka authorization is missing or expired.
2026-09-12T12:52:31.505309+00:00 task_update brief_id=80ab9efb-8883-4e69-a39a-e855fc192329 status=prepared share_status=pending completion_status= polls=0
2026-09-12T12:52:31.513468+00:00 task_update brief_id=80ab9efb-8883-4e69-a39a-e855fc192329 status=needs_auth share_status=pending completion_status= polls=0
2026-09-12T12:52:31.515635+00:00 [427/3960 |  10.8%] completed_this_run=427 attention=427 elapsed=11:23 eta=1:34:15 brief_id=80ab9efb-8883-4e69-a39a-e855fc192329 status=needs_auth title="How should enablement and written-description risks be reviewed during patent a…" | Eureka authorization is missing or expired.
2026-09-12T12:52:31.516944+00:00 task_update brief_id=0264b82a-b040-4593-8602-5dbd3ed4125a status=prepared share_status=pending completion_status= polls=0
2026-09-12T12:52:31.524574+00:00 task_update brief_id=0264b82a-b040-4593-8602-5dbd3ed4125a status=needs_auth share_status=pending completion_status= polls=0
2026-09-12T12:52:31.526963+00:00 [428/3960 |  10.8%] completed_this_run=428 attention=428 elapsed=11:23 eta=1:34:00 brief_id=0264b82a-b040-4593-8602-5dbd3ed4125a status=needs_auth title="How should drafting decisions account for biological materials and reproducibil…" | Eureka authorization is missing or expired.
2026-09-12T12:52:31.528498+00:00 task_update brief_id=2b15b016-f495-439e-b37a-fc1eef06082b status=prepared share_status=pending completion_status= polls=0
2026-09-12T12:52:31.536195+00:00 task_update brief_id=2b15b016-f495-439e-b37a-fc1eef06082b status=needs_auth share_status=pending completion_status= polls=0
2026-09-12T12:52:31.538294+00:00 [429/3960 |  10.8%] completed_this_run=429 attention=429 elapsed=11:23 eta=1:33:45 brief_id=2b15b016-f495-439e-b37a-fc1eef06082b status=needs_auth title="How should alternative implementations and fallback positions be supported in f…" | Eureka authorization is missing or expired.
2026-09-12T12:52:31.539985+00:00 task_update brief_id=f8e234cf-ad25-4463-b454-531ac170e537 status=prepared share_status=pending completion_status= polls=0
2026-09-12T12:52:31.548320+00:00 task_update brief_id=f8e234cf-ad25-4463-b454-531ac170e537 status=needs_auth share_status=pending completion_status= polls=0
2026-09-12T12:52:31.550641+00:00 [430/3960 |  10.9%] completed_this_run=430 attention=430 elapsed=11:23 eta=1:33:31 brief_id=f8e234cf-ad25-4463-b454-531ac170e537 status=needs_auth title="What pre-filing review criteria should determine whether a food and farming pro…" | Eureka authorization is missing or expired.
2026-09-12T12:52:31.552232+00:00 task_update brief_id=2c455978-cd93-4c9c-b1ba-4b9a9e535d27 status=prepared share_status=pending completion_status= polls=0
2026-09-12T12:52:31.559879+00:00 task_update brief_id=2c455978-cd93-4c9c-b1ba-4b9a9e535d27 status=needs_auth share_status=pending completion_status= polls=0
2026-09-12T12:52:31.562025+00:00 [431/3960 |  10.9%] completed_this_run=431 attention=431 elapsed=11:23 eta=1:33:16 brief_id=2c455978-cd93-4c9c-b1ba-4b9a9e535d27 status=needs_auth title="Which major technology areas create the greatest freedom-to-operate risks acros…" | Eureka authorization is missing or expired.
2026-09-12T12:52:31.563481+00:00 task_update brief_id=16321dcb-f2bb-4a16-a31c-388f1ff87128 status=prepared share_status=pending completion_status= polls=0
2026-09-12T12:52:31.571201+00:00 task_update brief_id=16321dcb-f2bb-4a16-a31c-388f1ff87128 status=needs_auth share_status=pending completion_status= polls=0
2026-09-12T12:52:31.573417+00:00 [432/3960 |  10.9%] completed_this_run=432 attention=432 elapsed=11:23 eta=1:33:02 brief_id=16321dcb-f2bb-4a16-a31c-388f1ff87128 status=needs_auth title="Where are patent claim concentrations creating emerging FTO risks across food a…" | Eureka authorization is missing or expired.
2026-09-12T12:52:31.574823+00:00 task_update brief_id=71e53b3d-0285-435f-add0-23018520195e status=prepared share_status=pending completion_status= polls=0
2026-09-12T12:52:31.582758+00:00 task_update brief_id=71e53b3d-0285-435f-add0-23018520195e status=needs_auth share_status=pending completion_status= polls=0
2026-09-12T12:52:31.584992+00:00 [433/3960 |  10.9%] completed_this_run=433 attention=433 elapsed=11:23 eta=1:32:47 brief_id=71e53b3d-0285-435f-add0-23018520195e status=needs_auth title="How do patent-family coverage and legal-status uncertainty affect FTO risk acro…" | Eureka authorization is missing or expired.
2026-09-12T12:52:31.587026+00:00 task_update brief_id=88903dcc-cc69-49cf-89d4-9565542f94a5 status=prepared share_status=pending completion_status= polls=0
2026-09-12T12:52:31.595778+00:00 task_update brief_id=88903dcc-cc69-49cf-89d4-9565542f94a5 status=needs_auth share_status=pending completion_status= polls=0
2026-09-12T12:52:31.597996+00:00 [434/3960 |  11.0%] completed_this_run=434 attention=434 elapsed=11:23 eta=1:32:33 brief_id=88903dcc-cc69-49cf-89d4-9565542f94a5 status=needs_auth title="Which product, process, and use claims present overlapping FTO risks across the…" | Eureka authorization is missing or expired.
2026-09-12T12:52:31.599707+00:00 task_update brief_id=fa2ca6a7-4e07-45ab-b982-c48e68f46bbf status=prepared share_status=pending completion_status= polls=0
2026-09-12T12:52:31.607331+00:00 task_update brief_id=fa2ca6a7-4e07-45ab-b982-c48e68f46bbf status=needs_auth share_status=pending completion_status= polls=0
2026-09-12T12:52:31.609910+00:00 [435/3960 |  11.0%] completed_this_run=435 attention=435 elapsed=11:23 eta=1:32:19 brief_id=fa2ca6a7-4e07-45ab-b982-c48e68f46bbf status=needs_auth title="What FTO risks arise from biological innovation claims across food and farming …" | Eureka authorization is missing or expired.
2026-09-12T12:52:31.611726+00:00 task_update brief_id=6fa63238-b5f3-45eb-b195-8485336f0026 status=prepared share_status=pending completion_status= polls=0
2026-09-12T12:52:31.620837+00:00 task_update brief_id=6fa63238-b5f3-45eb-b195-8485336f0026 status=needs_auth share_status=pending completion_status= polls=0
2026-09-12T12:52:31.623446+00:00 [436/3960 |  11.0%] completed_this_run=436 attention=436 elapsed=11:23 eta=1:32:05 brief_id=6fa63238-b5f3-45eb-b195-8485336f0026 status=needs_auth title="How are automation and digital production technologies changing FTO risk across…" | Eureka authorization is missing or expired.
2026-09-12T12:52:31.624832+00:00 task_update brief_id=acc69d7f-7867-4617-aa2d-5d6365b1a7c8 status=prepared share_status=pending completion_status= polls=0
2026-09-12T12:52:31.632956+00:00 task_update brief_id=acc69d7f-7867-4617-aa2d-5d6365b1a7c8 status=needs_auth share_status=pending completion_status= polls=0
2026-09-12T12:52:31.634850+00:00 [437/3960 |  11.0%] completed_this_run=437 attention=437 elapsed=11:23 eta=1:31:51 brief_id=acc69d7f-7867-4617-aa2d-5d6365b1a7c8 status=needs_auth title="Which sustainability and circular-production technologies carry notable FTO ris…" | Eureka authorization is missing or expired.
2026-09-12T12:52:31.636340+00:00 task_update brief_id=365ef839-4cd3-43e2-b6b0-3b03678cc297 status=prepared share_status=pending completion_status= polls=0
2026-09-12T12:52:31.644917+00:00 task_update brief_id=365ef839-4cd3-43e2-b6b0-3b03678cc297 status=needs_auth share_status=pending completion_status= polls=0
2026-09-12T12:52:31.647384+00:00 [438/3960 |  11.1%] completed_this_run=438 attention=438 elapsed=11:23 eta=1:31:37 brief_id=365ef839-4cd3-43e2-b6b0-3b03678cc297 status=needs_auth title="Where do processing, preservation, and production-control claims create cross-s…" | Eureka authorization is missing or expired.
2026-09-12T12:52:31.648846+00:00 task_update brief_id=d0d689a3-1966-4d76-8a68-e25175b73e9e status=prepared share_status=pending completion_status= polls=0
2026-09-12T12:52:31.656324+00:00 task_update brief_id=d0d689a3-1966-4d76-8a68-e25175b73e9e status=needs_auth share_status=pending completion_status= polls=0
2026-09-12T12:52:31.659536+00:00 [439/3960 |  11.1%] completed_this_run=439 attention=439 elapsed=11:23 eta=1:31:23 brief_id=d0d689a3-1966-4d76-8a68-e25175b73e9e status=needs_auth title="What patent risks can arise when third-party technologies are adopted across fo…" | Eureka authorization is missing or expired.
2026-09-12T12:52:31.660834+00:00 task_update brief_id=7df18af1-29be-490b-b84c-d671e3aaf82c status=prepared share_status=pending completion_status= polls=0
2026-09-12T12:52:31.667342+00:00 task_update brief_id=7df18af1-29be-490b-b84c-d671e3aaf82c status=needs_auth share_status=pending completion_status= polls=0
2026-09-12T12:52:31.669287+00:00 [440/3960 |  11.1%] completed_this_run=440 attention=440 elapsed=11:23 eta=1:31:09 brief_id=7df18af1-29be-490b-b84c-d671e3aaf82c status=needs_auth title="How can jurisdictional differences change FTO risk priorities across the food a…" | Eureka authorization is missing or expired.
2026-09-12T12:52:31.670677+00:00 task_update brief_id=182e249c-c6fe-409e-af40-d9ff3a20843a status=prepared share_status=pending completion_status= polls=0
2026-09-12T12:52:31.678294+00:00 task_update brief_id=182e249c-c6fe-409e-af40-d9ff3a20843a status=needs_auth share_status=pending completion_status= polls=0
2026-09-12T12:52:31.679998+00:00 [441/3960 |  11.1%] completed_this_run=441 attention=441 elapsed=11:23 eta=1:30:55 brief_id=182e249c-c6fe-409e-af40-d9ff3a20843a status=needs_auth title="Which claim limitations need the strongest evidentiary support when deciding ho…" | Eureka authorization is missing or expired.
2026-09-12T12:52:31.681390+00:00 task_update brief_id=20b1b005-bbde-4d5a-aa98-d63ce56f352b status=prepared share_status=pending completion_status= polls=0
2026-09-12T12:52:31.688514+00:00 task_update brief_id=20b1b005-bbde-4d5a-aa98-d63ce56f352b status=needs_auth share_status=pending completion_status= polls=0
2026-09-12T12:52:31.690731+00:00 [442/3960 |  11.2%] completed_this_run=442 attention=442 elapsed=11:23 eta=1:30:41 brief_id=20b1b005-bbde-4d5a-aa98-d63ce56f352b status=needs_auth title="How does each cited reference map to the challenged claims when selecting an of…" | Eureka authorization is missing or expired.
2026-09-12T12:52:31.692136+00:00 task_update brief_id=2a4ae750-a980-4563-bd7e-e9cf6699676f status=prepared share_status=pending completion_status= polls=0
2026-09-12T12:52:31.699613+00:00 task_update brief_id=2a4ae750-a980-4563-bd7e-e9cf6699676f status=needs_auth share_status=pending completion_status= polls=0
2026-09-12T12:52:31.701562+00:00 [443/3960 |  11.2%] completed_this_run=443 attention=443 elapsed=11:23 eta=1:30:27 brief_id=2a4ae750-a980-4563-bd7e-e9cf6699676f status=needs_auth title="What evidence should guide the choice between argument and claim amendment in f…" | Eureka authorization is missing or expired.
2026-09-12T12:52:31.702953+00:00 task_update brief_id=010e3597-9d20-4491-98c2-942e4572dbca status=prepared share_status=pending completion_status= polls=0
2026-09-12T12:52:31.710163+00:00 task_update brief_id=010e3597-9d20-4491-98c2-942e4572dbca status=needs_auth share_status=pending completion_status= polls=0
2026-09-12T12:52:31.711795+00:00 [444/3960 |  11.2%] completed_this_run=444 attention=444 elapsed=11:23 eta=1:30:13 brief_id=010e3597-9d20-4491-98c2-942e4572dbca status=needs_auth title="Which novelty issues in a food and farming production office action are support…" | Eureka authorization is missing or expired.
2026-09-12T12:52:31.713315+00:00 task_update brief_id=003ad3dd-6f93-47d7-b945-eed76cb2dae9 status=prepared share_status=pending completion_status= polls=0
2026-09-12T12:52:31.720444+00:00 task_update brief_id=003ad3dd-6f93-47d7-b945-eed76cb2dae9 status=needs_auth share_status=pending completion_status= polls=0
2026-09-12T12:52:31.722201+00:00 [445/3960 |  11.2%] completed_this_run=445 attention=445 elapsed=11:23 eta=1:30:00 brief_id=003ad3dd-6f93-47d7-b945-eed76cb2dae9 status=needs_auth title="What evidentiary gaps matter most when evaluating an inventive-step or obviousn…" | Eureka authorization is missing or expired.
2026-09-12T12:52:31.723636+00:00 task_update brief_id=b6a9b991-ab20-41a3-b015-aa8e75a57e6b status=prepared share_status=pending completion_status= polls=0
2026-09-12T12:52:31.731200+00:00 task_update brief_id=b6a9b991-ab20-41a3-b015-aa8e75a57e6b status=needs_auth share_status=pending completion_status= polls=0
2026-09-12T12:52:31.733021+00:00 [446/3960 |  11.3%] completed_this_run=446 attention=446 elapsed=11:23 eta=1:29:46 brief_id=b6a9b991-ab20-41a3-b015-aa8e75a57e6b status=needs_auth title="How well does the application record support disputed enablement or written-des…" | Eureka authorization is missing or expired.
2026-09-12T12:52:31.734403+00:00 task_update brief_id=9e63742c-9f7f-4c76-aacf-2da6a33335d7 status=prepared share_status=pending completion_status= polls=0
2026-09-12T12:52:31.741694+00:00 task_update brief_id=9e63742c-9f7f-4c76-aacf-2da6a33335d7 status=needs_auth share_status=pending completion_status= polls=0
2026-09-12T12:52:31.743291+00:00 [447/3960 |  11.3%] completed_this_run=447 attention=447 elapsed=11:23 eta=1:29:33 brief_id=9e63742c-9f7f-4c76-aacf-2da6a33335d7 status=needs_auth title="Which clarity or definiteness objections present the greatest claim-scope risk …" | Eureka authorization is missing or expired.
2026-09-12T12:52:31.744654+00:00 task_update brief_id=21738f8f-3479-4baf-9e22-7962b4354648 status=prepared share_status=pending completion_status= polls=0
2026-09-12T12:52:31.752020+00:00 task_update brief_id=21738f8f-3479-4baf-9e22-7962b4354648 status=needs_auth share_status=pending completion_status= polls=0
2026-09-12T12:52:31.753836+00:00 [448/3960 |  11.3%] completed_this_run=448 attention=448 elapsed=11:23 eta=1:29:19 brief_id=21738f8f-3479-4baf-9e22-7962b4354648 status=needs_auth title="What original-disclosure evidence should be checked before approving proposed c…" | Eureka authorization is missing or expired.
2026-09-12T12:52:31.755049+00:00 task_update brief_id=21f3c736-79e1-40ba-8869-748ff1f46d27 status=prepared share_status=pending completion_status= polls=0
2026-09-12T12:52:31.762240+00:00 task_update brief_id=21f3c736-79e1-40ba-8869-748ff1f46d27 status=needs_auth share_status=pending completion_status= polls=0
2026-09-12T12:52:31.763821+00:00 [449/3960 |  11.3%] completed_this_run=449 attention=449 elapsed=11:23 eta=1:29:06 brief_id=21f3c736-79e1-40ba-8869-748ff1f46d27 status=needs_auth title="How should priority and filing-record evidence affect the response to prior-art…" | Eureka authorization is missing or expired.
2026-09-12T12:52:31.764905+00:00 task_update brief_id=83bf2695-bfce-4e6b-8c30-82f1959351a1 status=prepared share_status=pending completion_status= polls=0
2026-09-12T12:52:31.771926+00:00 task_update brief_id=83bf2695-bfce-4e6b-8c30-82f1959351a1 status=needs_auth share_status=pending completion_status= polls=0
2026-09-12T12:52:31.795892+00:00 [450/3960 |  11.4%] completed_this_run=450 attention=450 elapsed=11:23 eta=1:28:53 brief_id=83bf2695-bfce-4e6b-8c30-82f1959351a1 status=needs_auth title="Which prosecution-record statements and inconsistencies should influence the fi…" | Eureka authorization is missing or expired.
2026-09-12T12:52:31.802748+00:00 task_update brief_id=452dc86e-8957-4532-b275-4c34399b3812 status=prepared share_status=pending completion_status= polls=0
2026-09-12T12:52:31.810303+00:00 task_update brief_id=452dc86e-8957-4532-b275-4c34399b3812 status=needs_auth share_status=pending completion_status= polls=0
2026-09-12T12:52:31.812207+00:00 [451/3960 |  11.4%] completed_this_run=451 attention=451 elapsed=11:23 eta=1:28:40 brief_id=452dc86e-8957-4532-b275-4c34399b3812 status=needs_auth title="Which shifts in major technology fields could guide research task selection acr…" | Eureka authorization is missing or expired.
2026-09-12T12:52:31.813628+00:00 task_update brief_id=b5d6f2db-a0a3-4a4d-8d4f-73003e9622f3 status=prepared share_status=pending completion_status= polls=0
2026-09-12T12:52:31.821166+00:00 task_update brief_id=b5d6f2db-a0a3-4a4d-8d4f-73003e9622f3 status=needs_auth share_status=pending completion_status= polls=0
2026-09-12T12:52:31.823360+00:00 [452/3960 |  11.4%] completed_this_run=452 attention=452 elapsed=11:23 eta=1:28:26 brief_id=b5d6f2db-a0a3-4a4d-8d4f-73003e9622f3 status=needs_auth title="How could technology convergence shape the research tasks worth exploring acros…" | Eureka authorization is missing or expired.
2026-09-12T12:52:31.824613+00:00 task_update brief_id=7464c462-b038-4226-a31f-6ac2ffaafdd1 status=prepared share_status=pending completion_status= polls=0
2026-09-12T12:52:31.832269+00:00 task_update brief_id=7464c462-b038-4226-a31f-6ac2ffaafdd1 status=needs_auth share_status=pending completion_status= polls=0
2026-09-12T12:52:31.834335+00:00 [453/3960 |  11.4%] completed_this_run=453 attention=453 elapsed=11:23 eta=1:28:13 brief_id=7464c462-b038-4226-a31f-6ac2ffaafdd1 status=needs_auth title="Which technology-maturity trends should be considered when choosing research ta…" | Eureka authorization is missing or expired.
2026-09-12T12:52:31.835928+00:00 task_update brief_id=9ab31b7c-5d26-49f7-98eb-6585214a1c67 status=prepared share_status=pending completion_status= polls=0
2026-09-12T12:52:31.843532+00:00 task_update brief_id=9ab31b7c-5d26-49f7-98eb-6585214a1c67 status=needs_auth share_status=pending completion_status= polls=0
2026-09-12T12:52:31.845555+00:00 [454/3960 |  11.5%] completed_this_run=454 attention=454 elapsed=11:23 eta=1:28:00 brief_id=9ab31b7c-5d26-49f7-98eb-6585214a1c67 status=needs_auth title="How are major technology applications evolving across food and farming producti…" | Eureka authorization is missing or expired.
2026-09-12T12:52:31.846857+00:00 task_update brief_id=278f0f92-471a-4181-8b2b-4ca6068e3283 status=prepared share_status=pending completion_status= polls=0
2026-09-12T12:52:31.854050+00:00 task_update brief_id=278f0f92-471a-4181-8b2b-4ca6068e3283 status=needs_auth share_status=pending completion_status= polls=0
2026-09-12T12:52:31.856206+00:00 [455/3960 |  11.5%] completed_this_run=455 attention=455 elapsed=11:23 eta=1:27:47 brief_id=278f0f92-471a-4181-8b2b-4ca6068e3283 status=needs_auth title="Which evolving technical challenges could anchor a landscape-research task in f…" | Eureka authorization is missing or expired.
2026-09-12T12:52:31.857596+00:00 task_update brief_id=be7a9af2-cb10-493e-8d97-a71a57cb99f6 status=prepared share_status=pending completion_status= polls=0
2026-09-12T12:52:31.865397+00:00 task_update brief_id=be7a9af2-cb10-493e-8d97-a71a57cb99f6 status=needs_auth share_status=pending completion_status= polls=0
2026-09-12T12:52:31.867564+00:00 [456/3960 |  11.5%] completed_this_run=456 attention=456 elapsed=11:23 eta=1:27:34 brief_id=be7a9af2-cb10-493e-8d97-a71a57cb99f6 status=needs_auth title="Which sustainability-related technology trends could guide research task select…" | Eureka authorization is missing or expired.
2026-09-12T12:52:31.868988+00:00 task_update brief_id=7c696b8b-dcd8-45e6-98db-f1465dea0a43 status=prepared share_status=pending completion_status= polls=0
2026-09-12T12:52:31.876276+00:00 task_update brief_id=7c696b8b-dcd8-45e6-98db-f1465dea0a43 status=needs_auth share_status=pending completion_status= polls=0
2026-09-12T12:52:31.879428+00:00 [457/3960 |  11.5%] completed_this_run=457 attention=457 elapsed=11:23 eta=1:27:21 brief_id=7c696b8b-dcd8-45e6-98db-f1465dea0a43 status=needs_auth title="How could trends in digital integration inform research task choices across foo…" | Eureka authorization is missing or expired.
2026-09-12T12:52:31.881021+00:00 task_update brief_id=d577c47e-687c-4fe1-948f-dfd2c94fba64 status=prepared share_status=pending completion_status= polls=0
2026-09-12T12:52:31.889414+00:00 task_update brief_id=d577c47e-687c-4fe1-948f-dfd2c94fba64 status=needs_auth share_status=pending completion_status= polls=0
2026-09-12T12:52:31.891255+00:00 [458/3960 |  11.6%] completed_this_run=458 attention=458 elapsed=11:23 eta=1:27:08 brief_id=d577c47e-687c-4fe1-948f-dfd2c94fba64 status=needs_auth title="Which research tasks could track changes in the path from research to practical…" | Eureka authorization is missing or expired.
2026-09-12T12:52:31.892616+00:00 task_update brief_id=f593912e-9344-41b2-b1ca-3a3ec3b0a524 status=prepared share_status=pending completion_status= polls=0
2026-09-12T12:52:31.902054+00:00 task_update brief_id=f593912e-9344-41b2-b1ca-3a3ec3b0a524 status=needs_auth share_status=pending completion_status= polls=0
2026-09-12T12:52:31.904373+00:00 [459/3960 |  11.6%] completed_this_run=459 attention=459 elapsed=11:23 eta=1:26:56 brief_id=f593912e-9344-41b2-b1ca-3a3ec3b0a524 status=needs_auth title="Which research tasks could compare emerging technology signals across evidence …" | Eureka authorization is missing or expired.
2026-09-12T12:52:31.905705+00:00 task_update brief_id=9060a1ca-963f-413d-80b3-774946294e68 status=prepared share_status=pending completion_status= polls=0
2026-09-12T12:52:31.913208+00:00 task_update brief_id=9060a1ca-963f-413d-80b3-774946294e68 status=needs_auth share_status=pending completion_status= polls=0
2026-09-12T12:52:31.915932+00:00 [460/3960 |  11.6%] completed_this_run=460 attention=460 elapsed=11:23 eta=1:26:43 brief_id=9060a1ca-963f-413d-80b3-774946294e68 status=needs_auth title="How could shifts among alternative technical approaches guide landscape-researc…" | Eureka authorization is missing or expired.
2026-09-12T12:52:31.917371+00:00 task_update brief_id=e46e1a33-7c05-4ff6-954d-97aba3983ee6 status=prepared share_status=pending completion_status= polls=0
2026-09-12T12:52:31.924985+00:00 task_update brief_id=e46e1a33-7c05-4ff6-954d-97aba3983ee6 status=needs_auth share_status=pending completion_status= polls=0
2026-09-12T12:52:31.928014+00:00 [461/3960 |  11.6%] completed_this_run=461 attention=461 elapsed=11:23 eta=1:26:30 brief_id=e46e1a33-7c05-4ff6-954d-97aba3983ee6 status=needs_auth title="How are the major patent technology clusters across the food, farming, and prod…" | Eureka authorization is missing or expired.
2026-09-12T12:52:31.929457+00:00 task_update brief_id=1c7465d9-a16f-4006-b994-5fa45464a97d status=prepared share_status=pending completion_status= polls=0
2026-09-12T12:52:31.937555+00:00 task_update brief_id=1c7465d9-a16f-4006-b994-5fa45464a97d status=needs_auth share_status=pending completion_status= polls=0
2026-09-12T12:52:31.940202+00:00 [462/3960 |  11.7%] completed_this_run=462 attention=462 elapsed=11:23 eta=1:26:18 brief_id=1c7465d9-a16f-4006-b994-5fa45464a97d status=needs_auth title="Which stages of the food, farming, and production value chain are gaining or lo…" | Eureka authorization is missing or expired.
2026-09-12T12:52:31.941753+00:00 task_update brief_id=86ea464b-3a06-44d4-8242-8604da74a6dc status=prepared share_status=pending completion_status= polls=0
2026-09-12T12:52:31.949341+00:00 task_update brief_id=86ea464b-3a06-44d4-8242-8604da74a6dc status=needs_auth share_status=pending completion_status= polls=0
2026-09-12T12:52:31.951415+00:00 [463/3960 |  11.7%] completed_this_run=463 attention=463 elapsed=11:23 eta=1:26:05 brief_id=86ea464b-3a06-44d4-8242-8604da74a6dc status=needs_auth title="How is the distribution of leading patent rights holders across the food, farmi…" | Eureka authorization is missing or expired.
2026-09-12T12:52:31.952934+00:00 task_update brief_id=279d5dd7-896b-4eaa-a6d2-fc9669775e96 status=prepared share_status=pending completion_status= polls=0
2026-09-12T12:52:31.961078+00:00 task_update brief_id=279d5dd7-896b-4eaa-a6d2-fc9669775e96 status=needs_auth share_status=pending completion_status= polls=0
2026-09-12T12:52:31.963778+00:00 [464/3960 |  11.7%] completed_this_run=464 attention=464 elapsed=11:23 eta=1:25:53 brief_id=279d5dd7-896b-4eaa-a6d2-fc9669775e96 status=needs_auth title="How are geographic patent filing patterns changing across the food, farming, an…" | Eureka authorization is missing or expired.
2026-09-12T12:52:31.965325+00:00 task_update brief_id=bb32b578-fe19-4907-85f8-6b2f4f0f987f status=prepared share_status=pending completion_status= polls=0
2026-09-12T12:52:31.974085+00:00 task_update brief_id=bb32b578-fe19-4907-85f8-6b2f4f0f987f status=needs_auth share_status=pending completion_status= polls=0
2026-09-12T12:52:31.976113+00:00 [465/3960 |  11.7%] completed_this_run=465 attention=465 elapsed=11:23 eta=1:25:40 brief_id=bb32b578-fe19-4907-85f8-6b2f4f0f987f status=needs_auth title="Which patent fields in the food, farming, and production industry show signs of…" | Eureka authorization is missing or expired.
2026-09-12T12:52:31.977720+00:00 task_update brief_id=f060ea3c-2b47-4af8-bbea-2ead55b1c7ab status=prepared share_status=pending completion_status= polls=0
2026-09-12T12:52:31.984443+00:00 task_update brief_id=f060ea3c-2b47-4af8-bbea-2ead55b1c7ab status=needs_auth share_status=pending completion_status= polls=0
2026-09-12T12:52:31.987084+00:00 [466/3960 |  11.8%] completed_this_run=466 attention=466 elapsed=11:23 eta=1:25:28 brief_id=f060ea3c-2b47-4af8-bbea-2ead55b1c7ab status=needs_auth title="Where is cross-field technology convergence becoming more visible in the food, …" | Eureka authorization is missing or expired.
2026-09-12T12:52:31.988925+00:00 task_update brief_id=7328d8c4-b1c5-4343-a1bf-9f3ccdc0b558 status=prepared share_status=pending completion_status= polls=0
2026-09-12T12:52:31.999492+00:00 task_update brief_id=7328d8c4-b1c5-4343-a1bf-9f3ccdc0b558 status=needs_auth share_status=pending completion_status= polls=0
2026-09-12T12:52:32.001770+00:00 [467/3960 |  11.8%] completed_this_run=467 attention=467 elapsed=11:23 eta=1:25:15 brief_id=7328d8c4-b1c5-4343-a1bf-9f3ccdc0b558 status=needs_auth title="How are sustainability-oriented patent directions developing across the food, f…" | Eureka authorization is missing or expired.
2026-09-12T12:52:32.003887+00:00 task_update brief_id=b3ee5084-3717-4cc1-bebf-7b106a048181 status=prepared share_status=pending completion_status= polls=0
2026-09-12T12:52:32.011487+00:00 task_update brief_id=b3ee5084-3717-4cc1-bebf-7b106a048181 status=needs_auth share_status=pending completion_status= polls=0
2026-09-12T12:52:32.013877+00:00 [468/3960 |  11.8%] completed_this_run=468 attention=468 elapsed=11:23 eta=1:25:03 brief_id=b3ee5084-3717-4cc1-bebf-7b106a048181 status=needs_auth title="How are digitalization and automation reshaping the food, farming, and producti…" | Eureka authorization is missing or expired.
2026-09-12T12:52:32.015212+00:00 task_update brief_id=c8d5aeda-0cc7-43d2-8c8b-7db04da19eca status=prepared share_status=pending completion_status= polls=0
2026-09-12T12:52:32.023490+00:00 task_update brief_id=c8d5aeda-0cc7-43d2-8c8b-7db04da19eca status=needs_auth share_status=pending completion_status= polls=0
2026-09-12T12:52:32.025578+00:00 [469/3960 |  11.8%] completed_this_run=469 attention=469 elapsed=11:23 eta=1:24:51 brief_id=c8d5aeda-0cc7-43d2-8c8b-7db04da19eca status=needs_auth title="What do patent-family expansion patterns reveal about changing priorities in th…" | Eureka authorization is missing or expired.
2026-09-12T12:52:32.027119+00:00 task_update brief_id=3046bc7c-50cb-414d-93a8-4ef1631fbcc8 status=prepared share_status=pending completion_status= polls=0
2026-09-12T12:52:32.034541+00:00 task_update brief_id=3046bc7c-50cb-414d-93a8-4ef1631fbcc8 status=needs_auth share_status=pending completion_status= polls=0
2026-09-12T12:52:32.036827+00:00 [470/3960 |  11.9%] completed_this_run=470 attention=470 elapsed=11:24 eta=1:24:39 brief_id=3046bc7c-50cb-414d-93a8-4ef1631fbcc8 status=needs_auth title="How are collaboration and ownership networks changing in the food, farming, and…" | Eureka authorization is missing or expired.
2026-09-12T12:52:32.038737+00:00 task_update brief_id=f012eb76-ebd4-47dc-9cd1-ad0e7daca227 status=prepared share_status=pending completion_status= polls=0
2026-09-12T12:52:32.046827+00:00 task_update brief_id=f012eb76-ebd4-47dc-9cd1-ad0e7daca227 status=needs_auth share_status=pending completion_status= polls=0
2026-09-12T12:52:32.049388+00:00 [471/3960 |  11.9%] completed_this_run=471 attention=471 elapsed=11:24 eta=1:24:26 brief_id=f012eb76-ebd4-47dc-9cd1-ad0e7daca227 status=needs_auth title="Which foundational technology fields present the broadest prior-art risks acros…" | Eureka authorization is missing or expired.
2026-09-12T12:52:32.051034+00:00 task_update brief_id=6a7b6257-02c5-4292-9760-5ee9fa9e9818 status=prepared share_status=pending completion_status= polls=0
2026-09-12T12:52:32.058957+00:00 task_update brief_id=6a7b6257-02c5-4292-9760-5ee9fa9e9818 status=needs_auth share_status=pending completion_status= polls=0
2026-09-12T12:52:32.061688+00:00 [472/3960 |  11.9%] completed_this_run=472 attention=472 elapsed=11:24 eta=1:24:14 brief_id=6a7b6257-02c5-4292-9760-5ee9fa9e9818 status=needs_auth title="Where may converging technologies create overlapping prior-art risks across foo…" | Eureka authorization is missing or expired.
2026-09-12T12:52:32.063732+00:00 task_update brief_id=eb93ad4c-1272-463b-a8b4-6133c47f7f85 status=prepared share_status=pending completion_status= polls=0
2026-09-12T12:52:32.071368+00:00 task_update brief_id=eb93ad4c-1272-463b-a8b4-6133c47f7f85 status=needs_auth share_status=pending completion_status= polls=0
2026-09-12T12:52:32.074041+00:00 [473/3960 |  11.9%] completed_this_run=473 attention=473 elapsed=11:24 eta=1:24:02 brief_id=eb93ad4c-1272-463b-a8b4-6133c47f7f85 status=needs_auth title="What prior-art risks recur in digital and data-driven technologies used across …" | Eureka authorization is missing or expired.
2026-09-12T12:52:32.075698+00:00 task_update brief_id=54b26e87-6981-488e-b3fd-80082d3b2d30 status=prepared share_status=pending completion_status= polls=0
2026-09-12T12:52:32.084773+00:00 task_update brief_id=54b26e87-6981-488e-b3fd-80082d3b2d30 status=needs_auth share_status=pending completion_status= polls=0
2026-09-12T12:52:32.087190+00:00 [474/3960 |  12.0%] completed_this_run=474 attention=474 elapsed=11:24 eta=1:23:50 brief_id=54b26e87-6981-488e-b3fd-80082d3b2d30 status=needs_auth title="Which earlier disclosures indicate patent risks for automation and robotics acr…" | Eureka authorization is missing or expired.
2026-09-12T12:52:32.089515+00:00 task_update brief_id=3ee732c7-24a2-4fb7-8d41-4c9ec2527121 status=prepared share_status=pending completion_status= polls=0
2026-09-12T12:52:32.097880+00:00 task_update brief_id=3ee732c7-24a2-4fb7-8d41-4c9ec2527121 status=needs_auth share_status=pending completion_status= polls=0
2026-09-12T12:52:32.126632+00:00 [475/3960 |  12.0%] completed_this_run=475 attention=475 elapsed=11:24 eta=1:23:39 brief_id=3ee732c7-24a2-4fb7-8d41-4c9ec2527121 status=needs_auth title="What prior-art risks affect biological and biotechnology approaches across food…" | Eureka authorization is missing or expired.
2026-09-12T12:52:32.133165+00:00 task_update brief_id=a0efa662-9d97-449d-916e-42b7b40fe2d9 status=prepared share_status=pending completion_status= polls=0
2026-09-12T12:52:32.144491+00:00 task_update brief_id=a0efa662-9d97-449d-916e-42b7b40fe2d9 status=needs_auth share_status=pending completion_status= polls=0
2026-09-12T12:52:32.147296+00:00 [476/3960 |  12.0%] completed_this_run=476 attention=476 elapsed=11:24 eta=1:23:27 brief_id=a0efa662-9d97-449d-916e-42b7b40fe2d9 status=needs_auth title="Which prior-art disclosures create IP-risk considerations for processing, prese…" | Eureka authorization is missing or expired.
2026-09-12T12:52:32.148999+00:00 task_update brief_id=e52527f2-7579-4d2c-aab8-9aeb433dcbf0 status=prepared share_status=pending completion_status= polls=0
2026-09-12T12:52:32.157383+00:00 task_update brief_id=e52527f2-7579-4d2c-aab8-9aeb433dcbf0 status=needs_auth share_status=pending completion_status= polls=0
2026-09-12T12:52:32.159618+00:00 [477/3960 |  12.0%] completed_this_run=477 attention=477 elapsed=11:24 eta=1:23:15 brief_id=e52527f2-7579-4d2c-aab8-9aeb433dcbf0 status=needs_auth title="What earlier public evidence signals patent risks in resource-efficiency and ci…" | Eureka authorization is missing or expired.
2026-09-12T12:52:32.161033+00:00 task_update brief_id=7a3fd988-704b-4b51-867c-cd122fcbcbe7 status=prepared share_status=pending completion_status= polls=0
2026-09-12T12:52:32.169509+00:00 task_update brief_id=7a3fd988-704b-4b51-867c-cd122fcbcbe7 status=needs_auth share_status=pending completion_status= polls=0
2026-09-12T12:52:32.171982+00:00 [478/3960 |  12.1%] completed_this_run=478 attention=478 elapsed=11:24 eta=1:23:03 brief_id=7a3fd988-704b-4b51-867c-cd122fcbcbe7 status=needs_auth title="Which prior-art risks recur in traceability, monitoring, and quality-control te…" | Eureka authorization is missing or expired.
2026-09-12T12:52:32.173386+00:00 task_update brief_id=540ed49c-dde5-4884-b12a-de92d9701026 status=prepared share_status=pending completion_status= polls=0
2026-09-12T12:52:32.185899+00:00 task_update brief_id=540ed49c-dde5-4884-b12a-de92d9701026 status=needs_auth share_status=pending completion_status= polls=0
2026-09-12T12:52:32.188202+00:00 [479/3960 |  12.1%] completed_this_run=479 attention=479 elapsed=11:24 eta=1:22:51 brief_id=540ed49c-dde5-4884-b12a-de92d9701026 status=needs_auth title="What prior-art risks may constrain climate-resilience and environmental-control…" | Eureka authorization is missing or expired.
2026-09-12T12:52:32.190473+00:00 task_update brief_id=af6996fe-811a-4e27-b161-2242302e5229 status=prepared share_status=pending completion_status= polls=0
2026-09-12T12:52:32.199282+00:00 task_update brief_id=af6996fe-811a-4e27-b161-2242302e5229 status=needs_auth share_status=pending completion_status= polls=0
2026-09-12T12:52:32.201688+00:00 [480/3960 |  12.1%] completed_this_run=480 attention=480 elapsed=11:24 eta=1:22:40 brief_id=af6996fe-811a-4e27-b161-2242302e5229 status=needs_auth title="Which emerging technology areas show the strongest signs of prior-art crowding …" | Eureka authorization is missing or expired.
2026-09-12T12:52:32.203217+00:00 task_update brief_id=b6f80fbe-245b-42bb-888d-b63fc0f0e885 status=prepared share_status=pending completion_status= polls=0
2026-09-12T12:52:32.212819+00:00 task_update brief_id=b6f80fbe-245b-42bb-888d-b63fc0f0e885 status=needs_auth share_status=pending completion_status= polls=0
2026-09-12T12:52:32.215845+00:00 [481/3960 |  12.1%] completed_this_run=481 attention=481 elapsed=11:24 eta=1:22:28 brief_id=b6f80fbe-245b-42bb-888d-b63fc0f0e885 status=needs_auth title="What disclosure-sufficiency criteria should guide the decision to begin draftin…" | Eureka authorization is missing or expired.
2026-09-12T12:52:32.217847+00:00 task_update brief_id=212cf1aa-77b9-464f-9b27-f2a9174922d7 status=prepared share_status=pending completion_status= polls=0
2026-09-12T12:52:32.234787+00:00 task_update brief_id=212cf1aa-77b9-464f-9b27-f2a9174922d7 status=needs_auth share_status=pending completion_status= polls=0
2026-09-12T12:52:32.237151+00:00 [482/3960 |  12.2%] completed_this_run=482 attention=482 elapsed=11:24 eta=1:22:17 brief_id=212cf1aa-77b9-464f-9b27-f2a9174922d7 status=needs_auth title="How should claim architecture be selected when preparing patent applications fo…" | Eureka authorization is missing or expired.
2026-09-12T12:52:32.238828+00:00 task_update brief_id=6d5a30cd-a2cb-4688-988e-bdac4ca09306 status=prepared share_status=pending completion_status= polls=0
2026-09-12T12:52:32.247993+00:00 task_update brief_id=6d5a30cd-a2cb-4688-988e-bdac4ca09306 status=needs_auth share_status=pending completion_status= polls=0
2026-09-12T12:52:32.250869+00:00 [483/3960 |  12.2%] completed_this_run=483 attention=483 elapsed=11:24 eta=1:22:05 brief_id=6d5a30cd-a2cb-4688-988e-bdac4ca09306 status=needs_auth title="What support-mapping method should be used to decide whether proposed materials…" | Eureka authorization is missing or expired.
2026-09-12T12:52:32.253550+00:00 task_update brief_id=d44660b1-c5a9-4cd7-9922-a64d9f37a519 status=prepared share_status=pending completion_status= polls=0
2026-09-12T12:52:32.267583+00:00 task_update brief_id=d44660b1-c5a9-4cd7-9922-a64d9f37a519 status=needs_auth share_status=pending completion_status= polls=0
2026-09-12T12:52:32.270850+00:00 [484/3960 |  12.2%] completed_this_run=484 attention=484 elapsed=11:24 eta=1:21:54 brief_id=d44660b1-c5a9-4cd7-9922-a64d9f37a519 status=needs_auth title="How should terminology and definitions be chosen to support clear and consisten…" | Eureka authorization is missing or expired.
2026-09-12T12:52:32.274074+00:00 task_update brief_id=b580e11d-c3a8-4469-bb3f-bc9146eb466e status=prepared share_status=pending completion_status= polls=0
2026-09-12T12:52:32.282061+00:00 task_update brief_id=b580e11d-c3a8-4469-bb3f-bc9146eb466e status=needs_auth share_status=pending completion_status= polls=0
2026-09-12T12:52:32.284291+00:00 [485/3960 |  12.2%] completed_this_run=485 attention=485 elapsed=11:24 eta=1:21:42 brief_id=b580e11d-c3a8-4469-bb3f-bc9146eb466e status=needs_auth title="What enablement and written-description checks should determine the level of de…" | Eureka authorization is missing or expired.
2026-09-12T12:52:32.303613+00:00 task_update brief_id=dd4c147a-797d-425f-93db-1a142bc5035f status=prepared share_status=pending completion_status= polls=0
2026-09-12T12:52:32.314332+00:00 task_update brief_id=dd4c147a-797d-425f-93db-1a142bc5035f status=needs_auth share_status=pending completion_status= polls=0
2026-09-12T12:52:32.316751+00:00 [486/3960 |  12.3%] completed_this_run=486 attention=486 elapsed=11:24 eta=1:21:31 brief_id=dd4c147a-797d-425f-93db-1a142bc5035f status=needs_auth title="How should disclosed examples and comparative evidence be selected for inclusio…" | Eureka authorization is missing or expired.
2026-09-12T12:52:32.318467+00:00 task_update brief_id=c880c446-bd7a-489e-9848-fe91662ed4ad status=prepared share_status=pending completion_status= polls=0
2026-09-12T12:52:32.327353+00:00 task_update brief_id=c880c446-bd7a-489e-9848-fe91662ed4ad status=needs_auth share_status=pending completion_status= polls=0
2026-09-12T12:52:32.329983+00:00 [487/3960 |  12.3%] completed_this_run=487 attention=487 elapsed=11:24 eta=1:21:19 brief_id=c880c446-bd7a-489e-9848-fe91662ed4ad status=needs_auth title="What framework should guide the drafting of disclosed quantitative ranges and a…" | Eureka authorization is missing or expired.
2026-09-12T12:52:32.332576+00:00 task_update brief_id=e8596183-882c-43ad-8dc0-d0546f703475 status=prepared share_status=pending completion_status= polls=0
2026-09-12T12:52:32.341391+00:00 task_update brief_id=e8596183-882c-43ad-8dc0-d0546f703475 status=needs_auth share_status=pending completion_status= polls=0
2026-09-12T12:52:32.343652+00:00 [488/3960 |  12.3%] completed_this_run=488 attention=488 elapsed=11:24 eta=1:21:08 brief_id=e8596183-882c-43ad-8dc0-d0546f703475 status=needs_auth title="How should figures, tables, and other visual disclosures be prioritized in a ma…" | Eureka authorization is missing or expired.
2026-09-12T12:52:32.345096+00:00 task_update brief_id=ce63ba1f-203a-410d-856f-5d5e73c1d963 status=prepared share_status=pending completion_status= polls=0
2026-09-12T12:52:32.353592+00:00 task_update brief_id=ce63ba1f-203a-410d-856f-5d5e73c1d963 status=needs_auth share_status=pending completion_status= polls=0
2026-09-12T12:52:32.356403+00:00 [489/3960 |  12.3%] completed_this_run=489 attention=489 elapsed=11:24 eta=1:20:57 brief_id=ce63ba1f-203a-410d-856f-5d5e73c1d963 status=needs_auth title="How should fallback positions be identified and incorporated into materials pat…" | Eureka authorization is missing or expired.
2026-09-12T12:52:32.357738+00:00 task_update brief_id=de75a120-ba2b-4608-97c6-7e9321cb8a0f status=prepared share_status=pending completion_status= polls=0
2026-09-12T12:52:32.365996+00:00 task_update brief_id=de75a120-ba2b-4608-97c6-7e9321cb8a0f status=needs_auth share_status=pending completion_status= polls=0
2026-09-12T12:52:32.368066+00:00 [490/3960 |  12.4%] completed_this_run=490 attention=490 elapsed=11:24 eta=1:20:46 brief_id=de75a120-ba2b-4608-97c6-7e9321cb8a0f status=needs_auth title="What pre-filing prosecution-readiness review should determine whether a materia…" | Eureka authorization is missing or expired.
2026-09-12T12:52:32.369545+00:00 task_update brief_id=7dfcec8b-2b5e-4c34-93a0-c922c73e9c55 status=prepared share_status=pending completion_status= polls=0
2026-09-12T12:52:32.378218+00:00 task_update brief_id=7dfcec8b-2b5e-4c34-93a0-c922c73e9c55 status=needs_auth share_status=pending completion_status= polls=0
2026-09-12T12:52:32.380202+00:00 [491/3960 |  12.4%] completed_this_run=491 attention=491 elapsed=11:24 eta=1:20:35 brief_id=7dfcec8b-2b5e-4c34-93a0-c922c73e9c55 status=needs_auth title="Where do patent claim concentrations create the greatest freedom-to-operate ris…" | Eureka authorization is missing or expired.
2026-09-12T12:52:32.381635+00:00 task_update brief_id=c5e31ce2-4746-479a-8a95-8d8d16562ba3 status=prepared share_status=pending completion_status= polls=0
2026-09-12T12:52:32.390044+00:00 task_update brief_id=c5e31ce2-4746-479a-8a95-8d8d16562ba3 status=needs_auth share_status=pending completion_status= polls=0
2026-09-12T12:52:32.426707+00:00 [492/3960 |  12.4%] completed_this_run=492 attention=492 elapsed=11:24 eta=1:20:24 brief_id=c5e31ce2-4746-479a-8a95-8d8d16562ba3 status=needs_auth title="Which materials-industry application fields present the most significant freedo…" | Eureka authorization is missing or expired.
2026-09-12T12:52:32.429282+00:00 task_update brief_id=5f7df59b-21dc-4654-8ddd-28064971cd46 status=prepared share_status=pending completion_status= polls=0
2026-09-12T12:52:32.438939+00:00 task_update brief_id=5f7df59b-21dc-4654-8ddd-28064971cd46 status=needs_auth share_status=pending completion_status= polls=0
2026-09-12T12:52:32.441804+00:00 [493/3960 |  12.4%] completed_this_run=493 attention=493 elapsed=11:24 eta=1:20:13 brief_id=5f7df59b-21dc-4654-8ddd-28064971cd46 status=needs_auth title="How do overlapping patent claims affect freedom-to-operate risk across major ma…" | Eureka authorization is missing or expired.
2026-09-12T12:52:32.443249+00:00 task_update brief_id=91407721-4196-4e01-8160-04004d86dded status=prepared share_status=pending completion_status= polls=0
2026-09-12T12:52:32.450611+00:00 task_update brief_id=91407721-4196-4e01-8160-04004d86dded status=needs_auth share_status=pending completion_status= polls=0
2026-09-12T12:52:32.453485+00:00 [494/3960 |  12.5%] completed_this_run=494 attention=494 elapsed=11:24 eta=1:20:02 brief_id=91407721-4196-4e01-8160-04004d86dded status=needs_auth title="What freedom-to-operate risks arise from differences in patent legal status acr…" | Eureka authorization is missing or expired.
2026-09-12T12:52:32.455235+00:00 task_update brief_id=29657b95-ff3e-4dc6-bb9d-8397cf26370d status=prepared share_status=pending completion_status= polls=0
2026-09-12T12:52:32.463114+00:00 task_update brief_id=29657b95-ff3e-4dc6-bb9d-8397cf26370d status=needs_auth share_status=pending completion_status= polls=0
2026-09-12T12:52:32.465445+00:00 [495/3960 |  12.5%] completed_this_run=495 attention=495 elapsed=11:24 eta=1:19:51 brief_id=29657b95-ff3e-4dc6-bb9d-8397cf26370d status=needs_auth title="Which stages of materials research, production, and application face the broade…" | Eureka authorization is missing or expired.
2026-09-12T12:52:32.466889+00:00 task_update brief_id=18d65047-fff1-4051-b59d-01338d98cea2 status=prepared share_status=pending completion_status= polls=0
2026-09-12T12:52:32.474595+00:00 task_update brief_id=18d65047-fff1-4051-b59d-01338d98cea2 status=needs_auth share_status=pending completion_status= polls=0
2026-09-12T12:52:32.476993+00:00 [496/3960 |  12.5%] completed_this_run=496 attention=496 elapsed=11:24 eta=1:19:40 brief_id=18d65047-fff1-4051-b59d-01338d98cea2 status=needs_auth title="How can pending patent applications alter prospective freedom-to-operate risks …" | Eureka authorization is missing or expired.
2026-09-12T12:52:32.478384+00:00 task_update brief_id=7e56b172-0e6f-4ee3-aabc-a8efdf5114f4 status=prepared share_status=pending completion_status= polls=0
2026-09-12T12:52:32.486106+00:00 task_update brief_id=7e56b172-0e6f-4ee3-aabc-a8efdf5114f4 status=needs_auth share_status=pending completion_status= polls=0
2026-09-12T12:52:32.488463+00:00 [497/3960 |  12.6%] completed_this_run=497 attention=497 elapsed=11:24 eta=1:19:29 brief_id=7e56b172-0e6f-4ee3-aabc-a8efdf5114f4 status=needs_auth title="What freedom-to-operate risks are associated with patent ownership and reassign…" | Eureka authorization is missing or expired.
2026-09-12T12:52:32.489912+00:00 task_update brief_id=0023e489-70c8-4b22-9720-1f6755a0b3b7 status=prepared share_status=pending completion_status= polls=0
2026-09-12T12:52:32.497588+00:00 task_update brief_id=0023e489-70c8-4b22-9720-1f6755a0b3b7 status=needs_auth share_status=pending completion_status= polls=0
2026-09-12T12:52:32.499787+00:00 [498/3960 |  12.6%] completed_this_run=498 attention=498 elapsed=11:24 eta=1:19:18 brief_id=0023e489-70c8-4b22-9720-1f6755a0b3b7 status=needs_auth title="Which emerging materials research areas show increasing freedom-to-operate risk…" | Eureka authorization is missing or expired.
2026-09-12T12:52:32.501281+00:00 task_update brief_id=2aad04d8-143c-4da6-98bc-536d286fc18a status=prepared share_status=pending completion_status= polls=0
2026-09-12T12:52:32.508082+00:00 task_update brief_id=2aad04d8-143c-4da6-98bc-536d286fc18a status=needs_auth share_status=pending completion_status= polls=0
2026-09-12T12:52:32.510624+00:00 [499/3960 |  12.6%] completed_this_run=499 attention=499 elapsed=11:24 eta=1:19:07 brief_id=2aad04d8-143c-4da6-98bc-536d286fc18a status=needs_auth title="How do patent-family structures and continuation practices complicate freedom-t…" | Eureka authorization is missing or expired.
2026-09-12T12:52:32.523923+00:00 task_update brief_id=58dd69e5-ad73-4fe4-8045-a60a38a519cf status=prepared share_status=pending completion_status= polls=0
2026-09-12T12:52:32.532090+00:00 task_update brief_id=58dd69e5-ad73-4fe4-8045-a60a38a519cf status=needs_auth share_status=pending completion_status= polls=0
2026-09-12T12:52:32.562439+00:00 [500/3960 |  12.6%] completed_this_run=500 attention=500 elapsed=11:24 eta=1:18:56 brief_id=58dd69e5-ad73-4fe4-8045-a60a38a519cf status=needs_auth title="What evidence gaps most limit reliable freedom-to-operate risk assessment acros…" | Eureka authorization is missing or expired.
2026-09-12T12:52:32.568041+00:00 task_update brief_id=419e8e55-4457-4f9b-989b-8588fbfe9774 status=prepared share_status=pending completion_status= polls=0
2026-09-12T12:52:32.576681+00:00 task_update brief_id=419e8e55-4457-4f9b-989b-8588fbfe9774 status=needs_auth share_status=pending completion_status= polls=0
2026-09-12T12:52:32.579200+00:00 [501/3960 |  12.7%] completed_this_run=501 attention=501 elapsed=11:24 eta=1:18:46 brief_id=419e8e55-4457-4f9b-989b-8588fbfe9774 status=needs_auth title="How should novelty objections in materials patent office actions be mapped to c…" | Eureka authorization is missing or expired.
2026-09-12T12:52:32.580822+00:00 task_update brief_id=26086e2f-bcc1-4b6f-a54c-651ec29080ff status=prepared share_status=pending completion_status= polls=0
2026-09-12T12:52:32.589707+00:00 task_update brief_id=26086e2f-bcc1-4b6f-a54c-651ec29080ff status=needs_auth share_status=pending completion_status= polls=0
2026-09-12T12:52:32.591818+00:00 [502/3960 |  12.7%] completed_this_run=502 attention=502 elapsed=11:24 eta=1:18:35 brief_id=26086e2f-bcc1-4b6f-a54c-651ec29080ff status=needs_auth title="How can an evidence table assess whether an obviousness rejection in a material…" | Eureka authorization is missing or expired.
2026-09-12T12:52:32.593189+00:00 task_update brief_id=fd46b958-ccc2-48c8-a16b-23f5edee12a0 status=prepared share_status=pending completion_status= polls=0
2026-09-12T12:52:32.600808+00:00 task_update brief_id=fd46b958-ccc2-48c8-a16b-23f5edee12a0 status=needs_auth share_status=pending completion_status= polls=0
2026-09-12T12:52:32.603323+00:00 [503/3960 |  12.7%] completed_this_run=503 attention=503 elapsed=11:24 eta=1:18:24 brief_id=fd46b958-ccc2-48c8-a16b-23f5edee12a0 status=needs_auth title="What evidence should be mapped when a materials patent office action raises wri…" | Eureka authorization is missing or expired.
2026-09-12T12:52:32.604740+00:00 task_update brief_id=265d530d-5d23-4caf-90f4-83de01220d63 status=prepared share_status=pending completion_status= polls=0
2026-09-12T12:52:32.613552+00:00 task_update brief_id=265d530d-5d23-4caf-90f4-83de01220d63 status=needs_auth share_status=pending completion_status= polls=0
2026-09-12T12:52:32.616230+00:00 [504/3960 |  12.7%] completed_this_run=504 attention=504 elapsed=11:24 eta=1:18:14 brief_id=265d530d-5d23-4caf-90f4-83de01220d63 status=needs_auth title="How should enablement objections in materials patent office actions be organize…" | Eureka authorization is missing or expired.
2026-09-12T12:52:32.617851+00:00 task_update brief_id=a39ad231-9084-4599-a445-dfaeadf5799d status=prepared share_status=pending completion_status= polls=0
2026-09-12T12:52:32.629526+00:00 task_update brief_id=a39ad231-9084-4599-a445-dfaeadf5799d status=needs_auth share_status=pending completion_status= polls=0
2026-09-12T12:52:32.631963+00:00 [505/3960 |  12.8%] completed_this_run=505 attention=505 elapsed=11:24 eta=1:18:03 brief_id=a39ad231-9084-4599-a445-dfaeadf5799d status=needs_auth title="How can clarity and definiteness objections in materials patent office actions …" | Eureka authorization is missing or expired.
2026-09-12T12:52:32.633690+00:00 task_update brief_id=84cc4995-81c7-46fe-8985-d49ba00334ec status=prepared share_status=pending completion_status= polls=0
2026-09-12T12:52:32.641958+00:00 task_update brief_id=84cc4995-81c7-46fe-8985-d49ba00334ec status=needs_auth share_status=pending completion_status= polls=0
2026-09-12T12:52:32.645224+00:00 [506/3960 |  12.8%] completed_this_run=506 attention=506 elapsed=11:24 eta=1:17:53 brief_id=84cc4995-81c7-46fe-8985-d49ba00334ec status=needs_auth title="What evidence table can test an examiner’s claim interpretation in a materials …" | Eureka authorization is missing or expired.
2026-09-12T12:52:32.647442+00:00 task_update brief_id=5b0defc1-14c1-4f15-a5ca-36dbbc7a497e status=prepared share_status=pending completion_status= polls=0
2026-09-12T12:52:32.655835+00:00 task_update brief_id=5b0defc1-14c1-4f15-a5ca-36dbbc7a497e status=needs_auth share_status=pending completion_status= polls=0
2026-09-12T12:52:32.658111+00:00 [507/3960 |  12.8%] completed_this_run=507 attention=507 elapsed=11:24 eta=1:17:42 brief_id=5b0defc1-14c1-4f15-a5ca-36dbbc7a497e status=needs_auth title="How should proposed claim amendments in materials patent office actions be comp…" | Eureka authorization is missing or expired.
2026-09-12T12:52:32.659682+00:00 task_update brief_id=3f080364-9896-460d-a47b-72e8c8e58ba8 status=prepared share_status=pending completion_status= polls=0
2026-09-12T12:52:32.668359+00:00 task_update brief_id=3f080364-9896-460d-a47b-72e8c8e58ba8 status=needs_auth share_status=pending completion_status= polls=0
2026-09-12T12:52:32.670592+00:00 [508/3960 |  12.8%] completed_this_run=508 attention=508 elapsed=11:24 eta=1:17:32 brief_id=3f080364-9896-460d-a47b-72e8c8e58ba8 status=needs_auth title="How can the bibliographic and legal-status evidence for cited references be org…" | Eureka authorization is missing or expired.
2026-09-12T12:52:32.672312+00:00 task_update brief_id=6baa66b9-bc41-4972-be7f-9c0a926f4053 status=prepared share_status=pending completion_status= polls=0
2026-09-12T12:52:32.681026+00:00 task_update brief_id=6baa66b9-bc41-4972-be7f-9c0a926f4053 status=needs_auth share_status=pending completion_status= polls=0
2026-09-12T12:52:32.683234+00:00 [509/3960 |  12.9%] completed_this_run=509 attention=509 elapsed=11:24 eta=1:17:21 brief_id=6baa66b9-bc41-4972-be7f-9c0a926f4053 status=needs_auth title="What evidence table can reveal gaps and inconsistencies across independent clai…" | Eureka authorization is missing or expired.
2026-09-12T12:52:32.684689+00:00 task_update brief_id=39cc5a0a-2750-4a27-b0e9-37a0dde4e786 status=prepared share_status=pending completion_status= polls=0
2026-09-12T12:52:32.693035+00:00 task_update brief_id=39cc5a0a-2750-4a27-b0e9-37a0dde4e786 status=needs_auth share_status=pending completion_status= polls=0
2026-09-12T12:52:32.695097+00:00 [510/3960 |  12.9%] completed_this_run=510 attention=510 elapsed=11:24 eta=1:17:11 brief_id=39cc5a0a-2750-4a27-b0e9-37a0dde4e786 status=needs_auth title="How should declarations, comparative data, and other supplemental evidence be a…" | Eureka authorization is missing or expired.
2026-09-12T12:52:32.696620+00:00 task_update brief_id=bd591b93-a7ac-4103-9832-422fcce44833 status=prepared share_status=pending completion_status= polls=0
2026-09-12T12:52:32.705151+00:00 task_update brief_id=bd591b93-a7ac-4103-9832-422fcce44833 status=needs_auth share_status=pending completion_status= polls=0
2026-09-12T12:52:32.707416+00:00 [511/3960 |  12.9%] completed_this_run=511 attention=511 elapsed=11:24 eta=1:17:01 brief_id=bd591b93-a7ac-4103-9832-422fcce44833 status=needs_auth title="Which research tasks and deliverables would best reveal the major technology sh…" | Eureka authorization is missing or expired.
2026-09-12T12:52:32.708890+00:00 task_update brief_id=c81324e0-12e6-44be-86da-62ea0959bb19 status=prepared share_status=pending completion_status= polls=0
2026-09-12T12:52:32.717945+00:00 task_update brief_id=c81324e0-12e6-44be-86da-62ea0959bb19 status=needs_auth share_status=pending completion_status= polls=0
2026-09-12T12:52:32.720359+00:00 [512/3960 |  12.9%] completed_this_run=512 attention=512 elapsed=11:24 eta=1:16:50 brief_id=c81324e0-12e6-44be-86da-62ea0959bb19 status=needs_auth title="Which research approaches and outputs would best track emerging technology fiel…" | Eureka authorization is missing or expired.
2026-09-12T12:52:32.721819+00:00 task_update brief_id=9ed4517e-6733-4be3-b4fe-6c1ad310d9ae status=prepared share_status=pending completion_status= polls=0
2026-09-12T12:52:32.734028+00:00 task_update brief_id=9ed4517e-6733-4be3-b4fe-6c1ad310d9ae status=needs_auth share_status=pending completion_status= polls=0
2026-09-12T12:52:32.736344+00:00 [513/3960 |  13.0%] completed_this_run=513 attention=513 elapsed=11:24 eta=1:16:40 brief_id=9ed4517e-6733-4be3-b4fe-6c1ad310d9ae status=needs_auth title="Which research tasks could assess the maturity and likely next developments of …" | Eureka authorization is missing or expired.
2026-09-12T12:52:32.737767+00:00 task_update brief_id=5d1acedf-8d7f-46a8-9d00-6aec802f8826 status=prepared share_status=pending completion_status= polls=0
2026-09-12T12:52:32.747008+00:00 task_update brief_id=5d1acedf-8d7f-46a8-9d00-6aec802f8826 status=needs_auth share_status=pending completion_status= polls=0
2026-09-12T12:52:32.749463+00:00 [514/3960 |  13.0%] completed_this_run=514 attention=514 elapsed=11:24 eta=1:16:30 brief_id=5d1acedf-8d7f-46a8-9d00-6aec802f8826 status=needs_auth title="Which research tasks and outputs would best map convergence among technology fi…" | Eureka authorization is missing or expired.
2026-09-12T12:52:32.751042+00:00 task_update brief_id=5779b8a3-d264-4494-8d46-8b6153b13212 status=prepared share_status=pending completion_status= polls=0
2026-09-12T12:52:32.759547+00:00 task_update brief_id=5779b8a3-d264-4494-8d46-8b6153b13212 status=needs_auth share_status=pending completion_status= polls=0
2026-09-12T12:52:32.761914+00:00 [515/3960 |  13.0%] completed_this_run=515 attention=515 elapsed=11:24 eta=1:16:20 brief_id=5779b8a3-d264-4494-8d46-8b6153b13212 status=needs_auth title="Which research options would show how innovation activity is shifting across th…" | Eureka authorization is missing or expired.
2026-09-12T12:52:32.763514+00:00 task_update brief_id=10b89cba-527a-4ca9-81e8-5778ac8c9af1 status=prepared share_status=pending completion_status= polls=0
2026-09-12T12:52:32.771975+00:00 task_update brief_id=10b89cba-527a-4ca9-81e8-5778ac8c9af1 status=needs_auth share_status=pending completion_status= polls=0
2026-09-12T12:52:32.774334+00:00 [516/3960 |  13.0%] completed_this_run=516 attention=516 elapsed=11:24 eta=1:16:10 brief_id=10b89cba-527a-4ca9-81e8-5778ac8c9af1 status=needs_auth title="Which research tasks would best examine how sustainability and circularity are …" | Eureka authorization is missing or expired.
2026-09-12T12:52:32.775662+00:00 task_update brief_id=f9e5b5a3-4b7c-4b0f-94b5-c43b816b209c status=prepared share_status=pending completion_status= polls=0
2026-09-12T12:52:32.784023+00:00 task_update brief_id=f9e5b5a3-4b7c-4b0f-94b5-c43b816b209c status=needs_auth share_status=pending completion_status= polls=0
2026-09-12T12:52:32.786334+00:00 [517/3960 |  13.1%] completed_this_run=517 attention=517 elapsed=11:24 eta=1:16:00 brief_id=f9e5b5a3-4b7c-4b0f-94b5-c43b816b209c status=needs_auth title="Which research tasks and deliverables could track the growing influence of digi…" | Eureka authorization is missing or expired.
2026-09-12T12:52:32.788724+00:00 task_update brief_id=02dd47ab-e728-4836-bc19-e2fb0d21d8dc status=prepared share_status=pending completion_status= polls=0
2026-09-12T12:52:32.797192+00:00 task_update brief_id=02dd47ab-e728-4836-bc19-e2fb0d21d8dc status=needs_auth share_status=pending completion_status= polls=0
2026-09-12T12:52:32.799516+00:00 [518/3960 |  13.1%] completed_this_run=518 attention=518 elapsed=11:24 eta=1:15:50 brief_id=02dd47ab-e728-4836-bc19-e2fb0d21d8dc status=needs_auth title="Which research approaches would best identify changing scale-up and manufacturi…" | Eureka authorization is missing or expired.
2026-09-12T12:52:32.801074+00:00 task_update brief_id=f39ef391-e520-4fc2-841a-bb2ca77fe8a8 status=prepared share_status=pending completion_status= polls=0
2026-09-12T12:52:32.809550+00:00 task_update brief_id=f39ef391-e520-4fc2-841a-bb2ca77fe8a8 status=needs_auth share_status=pending completion_status= polls=0
2026-09-12T12:52:32.811590+00:00 [519/3960 |  13.1%] completed_this_run=519 attention=519 elapsed=11:24 eta=1:15:40 brief_id=f39ef391-e520-4fc2-841a-bb2ca77fe8a8 status=needs_auth title="Which research tasks could reveal how changing application needs are redirectin…" | Eureka authorization is missing or expired.
2026-09-12T12:52:32.813032+00:00 task_update brief_id=beaaf38a-98e2-4be1-8222-0085501fa5aa status=prepared share_status=pending completion_status= polls=0
2026-09-12T12:52:32.820845+00:00 task_update brief_id=beaaf38a-98e2-4be1-8222-0085501fa5aa status=needs_auth share_status=pending completion_status= polls=0
2026-09-12T12:52:32.823503+00:00 [520/3960 |  13.1%] completed_this_run=520 attention=520 elapsed=11:24 eta=1:15:30 brief_id=beaaf38a-98e2-4be1-8222-0085501fa5aa status=needs_auth title="Which evidence-based research tasks and outputs would best monitor changes in t…" | Eureka authorization is missing or expired.
2026-09-12T12:52:32.824921+00:00 task_update brief_id=4e3801ea-0888-4eaf-8bb3-fb8e077a87f3 status=prepared share_status=pending completion_status= polls=0
2026-09-12T12:52:32.833301+00:00 task_update brief_id=4e3801ea-0888-4eaf-8bb3-fb8e077a87f3 status=needs_auth share_status=pending completion_status= polls=0
2026-09-12T12:52:32.835808+00:00 [521/3960 |  13.2%] completed_this_run=521 attention=521 elapsed=11:24 eta=1:15:20 brief_id=4e3801ea-0888-4eaf-8bb3-fb8e077a87f3 status=needs_auth title="How are patent filing trends reshaping the major technology clusters across the…" | Eureka authorization is missing or expired.
2026-09-12T12:52:32.838852+00:00 task_update brief_id=8380b529-2058-472c-ae90-c5bca4a5eaa8 status=prepared share_status=pending completion_status= polls=0
2026-09-12T12:52:32.850726+00:00 task_update brief_id=8380b529-2058-472c-ae90-c5bca4a5eaa8 status=needs_auth share_status=pending completion_status= polls=0
2026-09-12T12:52:32.853270+00:00 [522/3960 |  13.2%] completed_this_run=522 attention=522 elapsed=11:24 eta=1:15:10 brief_id=8380b529-2058-472c-ae90-c5bca4a5eaa8 status=needs_auth title="Which patent clusters across the materials industry are emerging, maturing, or …" | Eureka authorization is missing or expired.
2026-09-12T12:52:32.854805+00:00 task_update brief_id=65426607-cb2b-4216-ae5a-1ba304155a46 status=prepared share_status=pending completion_status= polls=0
2026-09-12T12:52:32.863962+00:00 task_update brief_id=65426607-cb2b-4216-ae5a-1ba304155a46 status=needs_auth share_status=pending completion_status= polls=0
2026-09-12T12:52:32.866585+00:00 [523/3960 |  13.2%] completed_this_run=523 attention=523 elapsed=11:24 eta=1:15:00 brief_id=65426607-cb2b-4216-ae5a-1ba304155a46 status=needs_auth title="How is the patent positioning of major rights holders changing across the mater…" | Eureka authorization is missing or expired.
2026-09-12T12:52:32.868132+00:00 task_update brief_id=f13ca845-9b85-4406-966d-aa7c4f10d51b status=prepared share_status=pending completion_status= polls=0
2026-09-12T12:52:32.877758+00:00 task_update brief_id=f13ca845-9b85-4406-966d-aa7c4f10d51b status=needs_auth share_status=pending completion_status= polls=0
2026-09-12T12:52:32.880257+00:00 [524/3960 |  13.2%] completed_this_run=524 attention=524 elapsed=11:24 eta=1:14:50 brief_id=f13ca845-9b85-4406-966d-aa7c4f10d51b status=needs_auth title="Where are geographic patterns in materials patent activity shifting over time?" | Eureka authorization is missing or expired.
2026-09-12T12:52:32.881706+00:00 task_update brief_id=467dc8eb-994d-4657-b3e8-03e56babeb08 status=prepared share_status=pending completion_status= polls=0
2026-09-12T12:52:32.895226+00:00 task_update brief_id=467dc8eb-994d-4657-b3e8-03e56babeb08 status=needs_auth share_status=pending completion_status= polls=0
2026-09-12T12:52:32.925495+00:00 [525/3960 |  13.3%] completed_this_run=525 attention=525 elapsed=11:24 eta=1:14:41 brief_id=467dc8eb-994d-4657-b3e8-03e56babeb08 status=needs_auth title="How is technological convergence changing the patent landscape across the mater…" | Eureka authorization is missing or expired.
2026-09-12T12:52:32.930519+00:00 task_update brief_id=b16296cc-df6a-45a9-b72a-2cac7a299520 status=prepared share_status=pending completion_status= polls=0
2026-09-12T12:52:32.938841+00:00 task_update brief_id=b16296cc-df6a-45a9-b72a-2cac7a299520 status=needs_auth share_status=pending completion_status= polls=0
2026-09-12T12:52:32.943060+00:00 [526/3960 |  13.3%] completed_this_run=526 attention=526 elapsed=11:24 eta=1:14:31 brief_id=b16296cc-df6a-45a9-b72a-2cac7a299520 status=needs_auth title="How are sustainability and circularity themes influencing patent activity acros…" | Eureka authorization is missing or expired.
2026-09-12T12:52:32.945052+00:00 task_update brief_id=a78471fd-4cb4-4b62-85ca-07d08ccb0cde status=prepared share_status=pending completion_status= polls=0
2026-09-12T12:52:32.953179+00:00 task_update brief_id=a78471fd-4cb4-4b62-85ca-07d08ccb0cde status=needs_auth share_status=pending completion_status= polls=0
2026-09-12T12:52:32.955730+00:00 [527/3960 |  13.3%] completed_this_run=527 attention=527 elapsed=11:24 eta=1:14:21 brief_id=a78471fd-4cb4-4b62-85ca-07d08ccb0cde status=needs_auth title="How is patent activity shifting among value-chain stages across the materials i…" | Eureka authorization is missing or expired.
2026-09-12T12:52:32.957720+00:00 task_update brief_id=6819bf93-94a3-4b86-9b84-01f577dd716c status=prepared share_status=pending completion_status= polls=0
2026-09-12T12:52:32.965454+00:00 task_update brief_id=6819bf93-94a3-4b86-9b84-01f577dd716c status=needs_auth share_status=pending completion_status= polls=0
2026-09-12T12:52:32.969371+00:00 [528/3960 |  13.3%] completed_this_run=528 attention=528 elapsed=11:24 eta=1:14:12 brief_id=6819bf93-94a3-4b86-9b84-01f577dd716c status=needs_auth title="How are collaboration and co-ownership patterns evolving in the materials paten…" | Eureka authorization is missing or expired.
2026-09-12T12:52:32.971106+00:00 task_update brief_id=3f7f0551-954d-493d-bba8-c3ba9ff879ae status=prepared share_status=pending completion_status= polls=0
2026-09-12T12:52:32.979635+00:00 task_update brief_id=3f7f0551-954d-493d-bba8-c3ba9ff879ae status=needs_auth share_status=pending completion_status= polls=0
2026-09-12T12:52:32.981924+00:00 [529/3960 |  13.4%] completed_this_run=529 attention=529 elapsed=11:24 eta=1:14:02 brief_id=3f7f0551-954d-493d-bba8-c3ba9ff879ae status=needs_auth title="How are patent-family filing strategies changing across the materials industry?" | Eureka authorization is missing or expired.
2026-09-12T12:52:32.983394+00:00 task_update brief_id=82cae4ea-c729-4e86-9304-98b62051cc25 status=prepared share_status=pending completion_status= polls=0
2026-09-12T12:52:32.993025+00:00 task_update brief_id=82cae4ea-c729-4e86-9304-98b62051cc25 status=needs_auth share_status=pending completion_status= polls=0
2026-09-12T12:52:32.995159+00:00 [530/3960 |  13.4%] completed_this_run=530 attention=530 elapsed=11:24 eta=1:13:52 brief_id=82cae4ea-c729-4e86-9304-98b62051cc25 status=needs_auth title="Which adjacent patent clusters indicate likely next developments across the mat…" | Eureka authorization is missing or expired.
2026-09-12T12:52:32.996719+00:00 task_update brief_id=d809aaf9-7b66-486a-842c-6aebb98e2063 status=prepared share_status=pending completion_status= polls=0
2026-09-12T12:52:33.006969+00:00 task_update brief_id=d809aaf9-7b66-486a-842c-6aebb98e2063 status=needs_auth share_status=pending completion_status= polls=0
2026-09-12T12:52:33.009157+00:00 [531/3960 |  13.4%] completed_this_run=531 attention=531 elapsed=11:24 eta=1:13:43 brief_id=d809aaf9-7b66-486a-842c-6aebb98e2063 status=needs_auth title="Which major materials application fields show the densest prior-art risk landsc…" | Eureka authorization is missing or expired.
2026-09-12T12:52:33.010684+00:00 task_update brief_id=c08fa6e8-3203-4480-98d8-052df2d087da status=prepared share_status=pending completion_status= polls=0
2026-09-12T12:52:33.021641+00:00 task_update brief_id=c08fa6e8-3203-4480-98d8-052df2d087da status=needs_auth share_status=pending completion_status= polls=0
2026-09-12T12:52:33.024177+00:00 [532/3960 |  13.4%] completed_this_run=532 attention=532 elapsed=11:24 eta=1:13:33 brief_id=c08fa6e8-3203-4480-98d8-052df2d087da status=needs_auth title="Which emerging materials technology areas face heightened patent risk from earl…" | Eureka authorization is missing or expired.
2026-09-12T12:52:33.027616+00:00 task_update brief_id=3122025f-82f4-41f0-944e-6f123c4d9105 status=prepared share_status=pending completion_status= polls=0
2026-09-12T12:52:33.036271+00:00 task_update brief_id=3122025f-82f4-41f0-944e-6f123c4d9105 status=needs_auth share_status=pending completion_status= polls=0
2026-09-12T12:52:33.038236+00:00 [533/3960 |  13.5%] completed_this_run=533 attention=533 elapsed=11:25 eta=1:13:24 brief_id=3122025f-82f4-41f0-944e-6f123c4d9105 status=needs_auth title="Where do prior-art risks arise across materials synthesis, processing, and manu…" | Eureka authorization is missing or expired.
2026-09-12T12:52:33.039814+00:00 task_update brief_id=314a53ad-7898-4e14-9118-f4eec5069c0f status=prepared share_status=pending completion_status= polls=0
2026-09-12T12:52:33.049040+00:00 task_update brief_id=314a53ad-7898-4e14-9118-f4eec5069c0f status=needs_auth share_status=pending completion_status= polls=0
2026-09-12T12:52:33.051084+00:00 [534/3960 |  13.5%] completed_this_run=534 attention=534 elapsed=11:25 eta=1:13:14 brief_id=314a53ad-7898-4e14-9118-f4eec5069c0f status=needs_auth title="Which composition and formulation concepts in the materials industry have the g…" | Eureka authorization is missing or expired.
2026-09-12T12:52:33.052639+00:00 task_update brief_id=922ee70d-73dd-49fb-870c-e5e0cb59c3a4 status=prepared share_status=pending completion_status= polls=0
2026-09-12T12:52:33.061209+00:00 task_update brief_id=922ee70d-73dd-49fb-870c-e5e0cb59c3a4 status=needs_auth share_status=pending completion_status= polls=0
2026-09-12T12:52:33.063453+00:00 [535/3960 |  13.5%] completed_this_run=535 attention=535 elapsed=11:25 eta=1:13:05 brief_id=922ee70d-73dd-49fb-870c-e5e0cb59c3a4 status=needs_auth title="Which material-property and performance-mechanism concepts are most exposed to …" | Eureka authorization is missing or expired.
2026-09-12T12:52:33.064764+00:00 task_update brief_id=46fe8176-928b-47a6-bac7-d62cd5eb982b status=prepared share_status=pending completion_status= polls=0
2026-09-12T12:52:33.072368+00:00 task_update brief_id=46fe8176-928b-47a6-bac7-d62cd5eb982b status=needs_auth share_status=pending completion_status= polls=0
2026-09-12T12:52:33.074652+00:00 [536/3960 |  13.5%] completed_this_run=536 attention=536 elapsed=11:25 eta=1:12:56 brief_id=46fe8176-928b-47a6-bac7-d62cd5eb982b status=needs_auth title="What prior-art risks affect recycling, recovery, and circular-use innovations a…" | Eureka authorization is missing or expired.
2026-09-12T12:52:33.076134+00:00 task_update brief_id=79e47849-01d1-4dbd-a35a-83e3105eaddd status=prepared share_status=pending completion_status= polls=0
2026-09-12T12:52:33.085836+00:00 task_update brief_id=79e47849-01d1-4dbd-a35a-83e3105eaddd status=needs_auth share_status=pending completion_status= polls=0
2026-09-12T12:52:33.087928+00:00 [537/3960 |  13.6%] completed_this_run=537 attention=537 elapsed=11:25 eta=1:12:46 brief_id=79e47849-01d1-4dbd-a35a-83e3105eaddd status=needs_auth title="Which surface, interface, and coating technologies present the broadest prior-a…" | Eureka authorization is missing or expired.
2026-09-12T12:52:33.091554+00:00 task_update brief_id=f559aacf-ddd6-4eab-b055-d3980db185b6 status=prepared share_status=pending completion_status= polls=0
2026-09-12T12:52:33.099885+00:00 task_update brief_id=f559aacf-ddd6-4eab-b055-d3980db185b6 status=needs_auth share_status=pending completion_status= polls=0
2026-09-12T12:52:33.102067+00:00 [538/3960 |  13.6%] completed_this_run=538 attention=538 elapsed=11:25 eta=1:12:37 brief_id=f559aacf-ddd6-4eab-b055-d3980db185b6 status=needs_auth title="What earlier disclosures create patent risk for computational and AI-assisted m…" | Eureka authorization is missing or expired.
2026-09-12T12:52:33.103674+00:00 task_update brief_id=e34fabfa-fe19-447c-b240-bbd4a733d908 status=prepared share_status=pending completion_status= polls=0
2026-09-12T12:52:33.113638+00:00 task_update brief_id=e34fabfa-fe19-447c-b240-bbd4a733d908 status=needs_auth share_status=pending completion_status= polls=0
2026-09-12T12:52:33.116170+00:00 [539/3960 |  13.6%] completed_this_run=539 attention=539 elapsed=11:25 eta=1:12:28 brief_id=e34fabfa-fe19-447c-b240-bbd4a733d908 status=needs_auth title="Which sustainable and low-carbon materials approaches are most exposed to earli…" | Eureka authorization is missing or expired.
2026-09-12T12:52:33.117746+00:00 task_update brief_id=a95edc16-18ea-4ea3-8a74-94b7b6827b92 status=prepared share_status=pending completion_status= polls=0
2026-09-12T12:52:33.126062+00:00 task_update brief_id=a95edc16-18ea-4ea3-8a74-94b7b6827b92 status=needs_auth share_status=pending completion_status= polls=0
2026-09-12T12:52:33.128291+00:00 [540/3960 |  13.6%] completed_this_run=540 attention=540 elapsed=11:25 eta=1:12:18 brief_id=a95edc16-18ea-4ea3-8a74-94b7b6827b92 status=needs_auth title="Which cross-field technical disclosures could create analogous prior-art risks …" | Eureka authorization is missing or expired.
2026-09-12T12:52:33.129684+00:00 task_update brief_id=628defa5-30b9-4747-a021-8ce45562ed9d status=prepared share_status=pending completion_status= polls=0
2026-09-12T12:52:33.138853+00:00 task_update brief_id=628defa5-30b9-4747-a021-8ce45562ed9d status=needs_auth share_status=pending completion_status= polls=0
2026-09-12T12:52:33.141508+00:00 [541/3960 |  13.7%] completed_this_run=541 attention=541 elapsed=11:25 eta=1:12:09 brief_id=628defa5-30b9-4747-a021-8ce45562ed9d status=needs_auth title="What disclosure-sufficiency criteria should guide the decision to begin draftin…" | Eureka authorization is missing or expired.
2026-09-12T12:52:33.143370+00:00 task_update brief_id=9294ae98-ff1d-4eba-af70-d9bf30660c68 status=prepared share_status=pending completion_status= polls=0
2026-09-12T12:52:33.152200+00:00 task_update brief_id=9294ae98-ff1d-4eba-af70-d9bf30660c68 status=needs_auth share_status=pending completion_status= polls=0
2026-09-12T12:52:33.154771+00:00 [542/3960 |  13.7%] completed_this_run=542 attention=542 elapsed=11:25 eta=1:12:00 brief_id=9294ae98-ff1d-4eba-af70-d9bf30660c68 status=needs_auth title="How should claim-scope options be evaluated when structuring a medical-device p…" | Eureka authorization is missing or expired.
2026-09-12T12:52:33.156360+00:00 task_update brief_id=538f916a-f625-42eb-a79d-3f63d559447a status=prepared share_status=pending completion_status= polls=0
2026-09-12T12:52:33.165446+00:00 task_update brief_id=538f916a-f625-42eb-a79d-3f63d559447a status=needs_auth share_status=pending completion_status= polls=0
2026-09-12T12:52:33.167935+00:00 [543/3960 |  13.7%] completed_this_run=543 attention=543 elapsed=11:25 eta=1:11:51 brief_id=538f916a-f625-42eb-a79d-3f63d559447a status=needs_auth title="Which claim categories should be considered when planning a medical-device pate…" | Eureka authorization is missing or expired.
2026-09-12T12:52:33.169449+00:00 task_update brief_id=a03ad656-ee15-47c6-930b-ae5cc6845e45 status=prepared share_status=pending completion_status= polls=0
2026-09-12T12:52:33.192160+00:00 task_update brief_id=a03ad656-ee15-47c6-930b-ae5cc6845e45 status=needs_auth share_status=pending completion_status= polls=0
2026-09-12T12:52:33.194463+00:00 [544/3960 |  13.7%] completed_this_run=544 attention=544 elapsed=11:25 eta=1:11:42 brief_id=a03ad656-ee15-47c6-930b-ae5cc6845e45 status=needs_auth title="How should specification sections be organized to preserve support for medical-…" | Eureka authorization is missing or expired.
2026-09-12T12:52:33.196010+00:00 task_update brief_id=1a947037-a022-4159-8367-40c561b7c80a status=prepared share_status=pending completion_status= polls=0
2026-09-12T12:52:33.204493+00:00 task_update brief_id=1a947037-a022-4159-8367-40c561b7c80a status=needs_auth share_status=pending completion_status= polls=0
2026-09-12T12:52:33.207160+00:00 [545/3960 |  13.8%] completed_this_run=545 attention=545 elapsed=11:25 eta=1:11:33 brief_id=1a947037-a022-4159-8367-40c561b7c80a status=needs_auth title="What framework should guide decisions about embodiment and fallback-position co…" | Eureka authorization is missing or expired.
2026-09-12T12:52:33.208601+00:00 task_update brief_id=889869eb-7e83-44a5-98a5-7a04b4fa4c6b status=prepared share_status=pending completion_status= polls=0
2026-09-12T12:52:33.217719+00:00 task_update brief_id=889869eb-7e83-44a5-98a5-7a04b4fa4c6b status=needs_auth share_status=pending completion_status= polls=0
2026-09-12T12:52:33.220146+00:00 [546/3960 |  13.8%] completed_this_run=546 attention=546 elapsed=11:25 eta=1:11:24 brief_id=889869eb-7e83-44a5-98a5-7a04b4fa4c6b status=needs_auth title="How should terminology and definitions be reviewed before finalizing a medical-…" | Eureka authorization is missing or expired.
2026-09-12T12:52:33.221518+00:00 task_update brief_id=9a6672e6-05ac-4e04-bc2a-7ebfbf1ac471 status=prepared share_status=pending completion_status= polls=0
2026-09-12T12:52:33.231772+00:00 task_update brief_id=9a6672e6-05ac-4e04-bc2a-7ebfbf1ac471 status=needs_auth share_status=pending completion_status= polls=0
2026-09-12T12:52:33.238218+00:00 [547/3960 |  13.8%] completed_this_run=547 attention=547 elapsed=11:25 eta=1:11:15 brief_id=9a6672e6-05ac-4e04-bc2a-7ebfbf1ac471 status=needs_auth title="What considerations should determine the drawing and figure plan for a medical-…" | Eureka authorization is missing or expired.
2026-09-12T12:52:33.240207+00:00 task_update brief_id=a0a30e1e-4e75-4c7c-a80a-97c4cb816b5d status=prepared share_status=pending completion_status= polls=0
2026-09-12T12:52:33.248734+00:00 task_update brief_id=a0a30e1e-4e75-4c7c-a80a-97c4cb816b5d status=needs_auth share_status=pending completion_status= polls=0
2026-09-12T12:52:33.251003+00:00 [548/3960 |  13.8%] completed_this_run=548 attention=548 elapsed=11:25 eta=1:11:06 brief_id=a0a30e1e-4e75-4c7c-a80a-97c4cb816b5d status=needs_auth title="How should known prior art inform drafting decisions without creating unsupport…" | Eureka authorization is missing or expired.
2026-09-12T12:52:33.252406+00:00 task_update brief_id=18ace30a-e5fb-4946-a0e1-974f81876570 status=prepared share_status=pending completion_status= polls=0
2026-09-12T12:52:33.278253+00:00 task_update brief_id=18ace30a-e5fb-4946-a0e1-974f81876570 status=needs_auth share_status=pending completion_status= polls=0
2026-09-12T12:52:33.280874+00:00 [549/3960 |  13.9%] completed_this_run=549 attention=549 elapsed=11:25 eta=1:10:57 brief_id=18ace30a-e5fb-4946-a0e1-974f81876570 status=needs_auth title="What support-mapping review should be completed between a medical-device specif…" | Eureka authorization is missing or expired.
2026-09-12T12:52:33.282430+00:00 task_update brief_id=dbbc966c-d883-4f51-8029-d8e840cc4006 status=prepared share_status=pending completion_status= polls=0
2026-09-12T12:52:33.290996+00:00 task_update brief_id=dbbc966c-d883-4f51-8029-d8e840cc4006 status=needs_auth share_status=pending completion_status= polls=0
2026-09-12T12:52:33.324673+00:00 [550/3960 |  13.9%] completed_this_run=550 attention=550 elapsed=11:25 eta=1:10:48 brief_id=dbbc966c-d883-4f51-8029-d8e840cc4006 status=needs_auth title="Which unresolved issues should block, defer, or condition approval of a medical…" | Eureka authorization is missing or expired.
2026-09-12T12:52:33.328913+00:00 task_update brief_id=98fcb041-d55b-4723-8100-e673fd5fa490 status=prepared share_status=pending completion_status= polls=0
2026-09-12T12:52:33.337371+00:00 task_update brief_id=98fcb041-d55b-4723-8100-e673fd5fa490 status=needs_auth share_status=pending completion_status= polls=0
2026-09-12T12:52:33.339791+00:00 [551/3960 |  13.9%] completed_this_run=551 attention=551 elapsed=11:25 eta=1:10:39 brief_id=98fcb041-d55b-4723-8100-e673fd5fa490 status=needs_auth title="Which patent claim areas create the most significant freedom-to-operate risks a…" | Eureka authorization is missing or expired.
2026-09-12T12:52:33.341542+00:00 task_update brief_id=78892d63-eee7-4c10-9e88-90e283226ce9 status=prepared share_status=pending completion_status= polls=0
2026-09-12T12:52:33.350129+00:00 task_update brief_id=78892d63-eee7-4c10-9e88-90e283226ce9 status=needs_auth share_status=pending completion_status= polls=0
2026-09-12T12:52:33.352574+00:00 [552/3960 |  13.9%] completed_this_run=552 attention=552 elapsed=11:25 eta=1:10:31 brief_id=78892d63-eee7-4c10-9e88-90e283226ce9 status=needs_auth title="How do patent legal-status uncertainties affect freedom-to-operate risk across …" | Eureka authorization is missing or expired.
2026-09-12T12:52:33.354305+00:00 task_update brief_id=b137d6f7-588f-4aea-bed6-9321cb48d578 status=prepared share_status=pending completion_status= polls=0
2026-09-12T12:52:33.362684+00:00 task_update brief_id=b137d6f7-588f-4aea-bed6-9321cb48d578 status=needs_auth share_status=pending completion_status= polls=0
2026-09-12T12:52:33.365289+00:00 [553/3960 |  14.0%] completed_this_run=553 attention=553 elapsed=11:25 eta=1:10:22 brief_id=b137d6f7-588f-4aea-bed6-9321cb48d578 status=needs_auth title="Where do jurisdictional differences create the greatest patent risk for medical…" | Eureka authorization is missing or expired.
2026-09-12T12:52:33.367920+00:00 task_update brief_id=f8f549d3-b6b7-4538-b379-a6ab3559d9f0 status=prepared share_status=pending completion_status= polls=0
2026-09-12T12:52:33.376227+00:00 task_update brief_id=f8f549d3-b6b7-4538-b379-a6ab3559d9f0 status=needs_auth share_status=pending completion_status= polls=0
2026-09-12T12:52:33.379246+00:00 [554/3960 |  14.0%] completed_this_run=554 attention=554 elapsed=11:25 eta=1:10:13 brief_id=f8f549d3-b6b7-4538-b379-a6ab3559d9f0 status=needs_auth title="How can continuation and patent-family structures obscure freedom-to-operate ri…" | Eureka authorization is missing or expired.
2026-09-12T12:52:33.381012+00:00 task_update brief_id=9df2b8ed-308e-4ec6-9448-a7662c788399 status=prepared share_status=pending completion_status= polls=0
2026-09-12T12:52:33.390198+00:00 task_update brief_id=9df2b8ed-308e-4ec6-9448-a7662c788399 status=needs_auth share_status=pending completion_status= polls=0
2026-09-12T12:52:33.392525+00:00 [555/3960 |  14.0%] completed_this_run=555 attention=555 elapsed=11:25 eta=1:10:04 brief_id=9df2b8ed-308e-4ec6-9448-a7662c788399 status=needs_auth title="Which medical device lifecycle stages are most exposed to distinct patent claim…" | Eureka authorization is missing or expired.
2026-09-12T12:52:33.398003+00:00 task_update brief_id=ca596bf8-6944-4a1a-ad6e-9d3ac29332f3 status=prepared share_status=pending completion_status= polls=0
2026-09-12T12:52:33.406551+00:00 task_update brief_id=ca596bf8-6944-4a1a-ad6e-9d3ac29332f3 status=needs_auth share_status=pending completion_status= polls=0
2026-09-12T12:52:33.409545+00:00 [556/3960 |  14.0%] completed_this_run=556 attention=556 elapsed=11:25 eta=1:09:56 brief_id=ca596bf8-6944-4a1a-ad6e-9d3ac29332f3 status=needs_auth title="How do method-of-use claims shape freedom-to-operate risk across medical device…" | Eureka authorization is missing or expired.
2026-09-12T12:52:33.411230+00:00 task_update brief_id=2ed27aaf-3ef0-4280-9f1c-aa806a3d84fe status=prepared share_status=pending completion_status= polls=0
2026-09-12T12:52:33.419624+00:00 task_update brief_id=2ed27aaf-3ef0-4280-9f1c-aa806a3d84fe status=needs_auth share_status=pending completion_status= polls=0
2026-09-12T12:52:33.422246+00:00 [557/3960 |  14.1%] completed_this_run=557 attention=557 elapsed=11:25 eta=1:09:47 brief_id=2ed27aaf-3ef0-4280-9f1c-aa806a3d84fe status=needs_auth title="What patent risks arise from incorporating third-party technologies into medica…" | Eureka authorization is missing or expired.
2026-09-12T12:52:33.424113+00:00 task_update brief_id=81ee3de4-c285-452e-9049-6a56edcb8a24 status=prepared share_status=pending completion_status= polls=0
2026-09-12T12:52:33.433133+00:00 task_update brief_id=81ee3de4-c285-452e-9049-6a56edcb8a24 status=needs_auth share_status=pending completion_status= polls=0
2026-09-12T12:52:33.435510+00:00 [558/3960 |  14.1%] completed_this_run=558 attention=558 elapsed=11:25 eta=1:09:38 brief_id=81ee3de4-c285-452e-9049-6a56edcb8a24 status=needs_auth title="Which software and connectivity claim patterns present emerging freedom-to-oper…" | Eureka authorization is missing or expired.
2026-09-12T12:52:33.437479+00:00 task_update brief_id=9aa21285-ad46-449a-b1fd-06009d1e6ea4 status=prepared share_status=pending completion_status= polls=0
2026-09-12T12:52:33.448170+00:00 task_update brief_id=9aa21285-ad46-449a-b1fd-06009d1e6ea4 status=needs_auth share_status=pending completion_status= polls=0
2026-09-12T12:52:33.450248+00:00 [559/3960 |  14.1%] completed_this_run=559 attention=559 elapsed=11:25 eta=1:09:30 brief_id=9aa21285-ad46-449a-b1fd-06009d1e6ea4 status=needs_auth title="How do manufacturing and quality-control patent claims contribute to medical de…" | Eureka authorization is missing or expired.
2026-09-12T12:52:33.452056+00:00 task_update brief_id=df51a196-eefa-46f2-8017-e934c65c6558 status=prepared share_status=pending completion_status= polls=0
2026-09-12T12:52:33.459730+00:00 task_update brief_id=df51a196-eefa-46f2-8017-e934c65c6558 status=needs_auth share_status=pending completion_status= polls=0
2026-09-12T12:52:33.461783+00:00 [560/3960 |  14.1%] completed_this_run=560 attention=560 elapsed=11:25 eta=1:09:21 brief_id=df51a196-eefa-46f2-8017-e934c65c6558 status=needs_auth title="Which claim elements most constrain potential design-around options across the …" | Eureka authorization is missing or expired.
2026-09-12T12:52:33.463049+00:00 task_update brief_id=3a006e80-0b6b-4ae5-89af-94d744ef5ab4 status=prepared share_status=pending completion_status= polls=0
2026-09-12T12:52:33.471124+00:00 task_update brief_id=3a006e80-0b6b-4ae5-89af-94d744ef5ab4 status=needs_auth share_status=pending completion_status= polls=0
2026-09-12T12:52:33.473583+00:00 [561/3960 |  14.2%] completed_this_run=561 attention=561 elapsed=11:25 eta=1:09:12 brief_id=3a006e80-0b6b-4ae5-89af-94d744ef5ab4 status=needs_auth title="How should novelty objections in medical-device office actions be evaluated to …" | Eureka authorization is missing or expired.
2026-09-12T12:52:33.475162+00:00 task_update brief_id=63b81794-c237-4f12-a6da-dbbba22bb6d6 status=prepared share_status=pending completion_status= polls=0
2026-09-12T12:52:33.483404+00:00 task_update brief_id=63b81794-c237-4f12-a6da-dbbba22bb6d6 status=needs_auth share_status=pending completion_status= polls=0
2026-09-12T12:52:33.485788+00:00 [562/3960 |  14.2%] completed_this_run=562 attention=562 elapsed=11:25 eta=1:09:04 brief_id=63b81794-c237-4f12-a6da-dbbba22bb6d6 status=needs_auth title="What evidence should be compared when deciding how to address obviousness objec…" | Eureka authorization is missing or expired.
2026-09-12T12:52:33.487150+00:00 task_update brief_id=37e38ae4-1baf-40d4-9f91-db4513bf22dd status=prepared share_status=pending completion_status= polls=0
2026-09-12T12:52:33.495423+00:00 task_update brief_id=37e38ae4-1baf-40d4-9f91-db4513bf22dd status=needs_auth share_status=pending completion_status= polls=0
2026-09-12T12:52:33.498245+00:00 [563/3960 |  14.2%] completed_this_run=563 attention=563 elapsed=11:25 eta=1:08:55 brief_id=37e38ae4-1baf-40d4-9f91-db4513bf22dd status=needs_auth title="How can written-description and enablement objections in medical-device office …" | Eureka authorization is missing or expired.
2026-09-12T12:52:33.499961+00:00 task_update brief_id=18618944-6ab4-4740-9d66-61c9ddb5599e status=prepared share_status=pending completion_status= polls=0
2026-09-12T12:52:33.507758+00:00 task_update brief_id=18618944-6ab4-4740-9d66-61c9ddb5599e status=needs_auth share_status=pending completion_status= polls=0
2026-09-12T12:52:33.510033+00:00 [564/3960 |  14.2%] completed_this_run=564 attention=564 elapsed=11:25 eta=1:08:47 brief_id=18618944-6ab4-4740-9d66-61c9ddb5599e status=needs_auth title="What evidence table best supports decisions on clarity or indefiniteness object…" | Eureka authorization is missing or expired.
2026-09-12T12:52:33.511530+00:00 task_update brief_id=3715ba53-dcf4-46ef-b9f7-6b2893c860f1 status=prepared share_status=pending completion_status= polls=0
2026-09-12T12:52:33.520209+00:00 task_update brief_id=3715ba53-dcf4-46ef-b9f7-6b2893c860f1 status=needs_auth share_status=pending completion_status= polls=0
2026-09-12T12:52:33.523086+00:00 [565/3960 |  14.3%] completed_this_run=565 attention=565 elapsed=11:25 eta=1:08:39 brief_id=3715ba53-dcf4-46ef-b9f7-6b2893c860f1 status=needs_auth title="How should patent-eligibility objections affecting medical-device applications …" | Eureka authorization is missing or expired.
2026-09-12T12:52:33.524673+00:00 task_update brief_id=aae6a497-d5fd-464d-8c41-eab8863bb1d7 status=prepared share_status=pending completion_status= polls=0
2026-09-12T12:52:33.532273+00:00 task_update brief_id=aae6a497-d5fd-464d-8c41-eab8863bb1d7 status=needs_auth share_status=pending completion_status= polls=0
2026-09-12T12:52:33.534887+00:00 [566/3960 |  14.3%] completed_this_run=566 attention=566 elapsed=11:25 eta=1:08:30 brief_id=aae6a497-d5fd-464d-8c41-eab8863bb1d7 status=needs_auth title="What record evidence should guide a decision on restriction or unity objections…" | Eureka authorization is missing or expired.
2026-09-12T12:52:33.536766+00:00 task_update brief_id=665a656f-82a4-4b4d-95e2-ccc0bf3c7a57 status=prepared share_status=pending completion_status= polls=0
2026-09-12T12:52:33.545256+00:00 task_update brief_id=665a656f-82a4-4b4d-95e2-ccc0bf3c7a57 status=needs_auth share_status=pending completion_status= polls=0
2026-09-12T12:52:33.547776+00:00 [567/3960 |  14.3%] completed_this_run=567 attention=567 elapsed=11:25 eta=1:08:22 brief_id=665a656f-82a4-4b4d-95e2-ccc0bf3c7a57 status=needs_auth title="How can proposed claim amendments in medical-device office-action responses be …" | Eureka authorization is missing or expired.
2026-09-12T12:52:33.549325+00:00 task_update brief_id=5d6e816e-bff9-4b90-8ef1-3eb7beae05d1 status=prepared share_status=pending completion_status= polls=0
2026-09-12T12:52:33.557452+00:00 task_update brief_id=5d6e816e-bff9-4b90-8ef1-3eb7beae05d1 status=needs_auth share_status=pending completion_status= polls=0
2026-09-12T12:52:33.560302+00:00 [568/3960 |  14.3%] completed_this_run=568 attention=568 elapsed=11:25 eta=1:08:13 brief_id=5d6e816e-bff9-4b90-8ef1-3eb7beae05d1 status=needs_auth title="How should multiple cited references in a medical-device office action be compa…" | Eureka authorization is missing or expired.
2026-09-12T12:52:33.562060+00:00 task_update brief_id=5cbcd921-dc5d-4d31-bf34-432f04d7f957 status=prepared share_status=pending completion_status= polls=0
2026-09-12T12:52:33.571663+00:00 task_update brief_id=5cbcd921-dc5d-4d31-bf34-432f04d7f957 status=needs_auth share_status=pending completion_status= polls=0
2026-09-12T12:52:33.574327+00:00 [569/3960 |  14.4%] completed_this_run=569 attention=569 elapsed=11:25 eta=1:08:05 brief_id=5cbcd921-dc5d-4d31-bf34-432f04d7f957 status=needs_auth title="What evidence should support decisions about dependent-claim fallback positions…" | Eureka authorization is missing or expired.
2026-09-12T12:52:33.575814+00:00 task_update brief_id=fed90b53-4feb-440c-95f5-925944daf702 status=prepared share_status=pending completion_status= polls=0
2026-09-12T12:52:33.585788+00:00 task_update brief_id=fed90b53-4feb-440c-95f5-925944daf702 status=needs_auth share_status=pending completion_status= polls=0
2026-09-12T12:52:33.588197+00:00 [570/3960 |  14.4%] completed_this_run=570 attention=570 elapsed=11:25 eta=1:07:57 brief_id=fed90b53-4feb-440c-95f5-925944daf702 status=needs_auth title="How can formal and procedural objections in medical-device office actions be pr…" | Eureka authorization is missing or expired.
2026-09-12T12:52:33.590233+00:00 task_update brief_id=79e667b7-5238-4e61-9afe-44fe2d63f2a5 status=prepared share_status=pending completion_status= polls=0
2026-09-12T12:52:33.597951+00:00 task_update brief_id=79e667b7-5238-4e61-9afe-44fe2d63f2a5 status=needs_auth share_status=pending completion_status= polls=0
2026-09-12T12:52:33.600288+00:00 [571/3960 |  14.4%] completed_this_run=571 attention=571 elapsed=11:25 eta=1:07:48 brief_id=79e667b7-5238-4e61-9afe-44fe2d63f2a5 status=needs_auth title="Which trend-scanning tasks could map the medical-device industry's major techno…" | Eureka authorization is missing or expired.
2026-09-12T12:52:33.601674+00:00 task_update brief_id=3bd2cd4d-8a88-4eb8-91c2-94bbbd5d47b2 status=prepared share_status=pending completion_status= polls=0
2026-09-12T12:52:33.609352+00:00 task_update brief_id=3bd2cd4d-8a88-4eb8-91c2-94bbbd5d47b2 status=needs_auth share_status=pending completion_status= polls=0
2026-09-12T12:52:33.612098+00:00 [572/3960 |  14.4%] completed_this_run=572 attention=572 elapsed=11:25 eta=1:07:40 brief_id=3bd2cd4d-8a88-4eb8-91c2-94bbbd5d47b2 status=needs_auth title="What research options could track how the main system layers of medical devices…" | Eureka authorization is missing or expired.
2026-09-12T12:52:33.614044+00:00 task_update brief_id=06ff8371-1a60-411e-a202-e796e31f979a status=prepared share_status=pending completion_status= polls=0
2026-09-12T12:52:33.624564+00:00 task_update brief_id=06ff8371-1a60-411e-a202-e796e31f979a status=needs_auth share_status=pending completion_status= polls=0
2026-09-12T12:52:33.627183+00:00 [573/3960 |  14.5%] completed_this_run=573 attention=573 elapsed=11:25 eta=1:07:32 brief_id=06ff8371-1a60-411e-a202-e796e31f979a status=needs_auth title="Which research tasks could compare technology trends across the principal appli…" | Eureka authorization is missing or expired.
2026-09-12T12:52:33.628806+00:00 task_update brief_id=4d553685-cb26-47d3-ba48-69b9037119cb status=prepared share_status=pending completion_status= polls=0
2026-09-12T12:52:33.637246+00:00 task_update brief_id=4d553685-cb26-47d3-ba48-69b9037119cb status=needs_auth share_status=pending completion_status= polls=0
2026-09-12T12:52:33.639780+00:00 [574/3960 |  14.5%] completed_this_run=574 attention=574 elapsed=11:25 eta=1:07:24 brief_id=4d553685-cb26-47d3-ba48-69b9037119cb status=needs_auth title="What task options could identify where established and emerging medical-device …" | Eureka authorization is missing or expired.
2026-09-12T12:52:33.641574+00:00 task_update brief_id=07926592-54ad-45fb-86f6-ed6bd5a09813 status=prepared share_status=pending completion_status= polls=0
2026-09-12T12:52:33.650244+00:00 task_update brief_id=07926592-54ad-45fb-86f6-ed6bd5a09813 status=needs_auth share_status=pending completion_status= polls=0
2026-09-12T12:52:33.682085+00:00 [575/3960 |  14.5%] completed_this_run=575 attention=575 elapsed=11:25 eta=1:07:16 brief_id=07926592-54ad-45fb-86f6-ed6bd5a09813 status=needs_auth title="Which trend-research assignments could reveal shifts in enabling technologies u…" | Eureka authorization is missing or expired.
2026-09-12T12:52:33.688059+00:00 task_update brief_id=31c07705-bf74-48c4-8184-d58a05a0a0d3 status=prepared share_status=pending completion_status= polls=0
2026-09-12T12:52:33.698258+00:00 task_update brief_id=31c07705-bf74-48c4-8184-d58a05a0a0d3 status=needs_auth share_status=pending completion_status= polls=0
2026-09-12T12:52:33.700646+00:00 [576/3960 |  14.5%] completed_this_run=576 attention=576 elapsed=11:25 eta=1:07:08 brief_id=31c07705-bf74-48c4-8184-d58a05a0a0d3 status=needs_auth title="What research tasks could assess how medical-device technology priorities diffe…" | Eureka authorization is missing or expired.
2026-09-12T12:52:33.702314+00:00 task_update brief_id=d00957ac-52ce-4cd1-8000-9dc02b93cf3c status=prepared share_status=pending completion_status= polls=0
2026-09-12T12:52:33.711297+00:00 task_update brief_id=d00957ac-52ce-4cd1-8000-9dc02b93cf3c status=needs_auth share_status=pending completion_status= polls=0
2026-09-12T12:52:33.713790+00:00 [577/3960 |  14.6%] completed_this_run=577 attention=577 elapsed=11:25 eta=1:07:00 brief_id=d00957ac-52ce-4cd1-8000-9dc02b93cf3c status=needs_auth title="Which task options could distinguish mature, accelerating, and nascent technolo…" | Eureka authorization is missing or expired.
2026-09-12T12:52:33.715743+00:00 task_update brief_id=dd6ca036-2b83-4c1b-a85a-29482ce7ce79 status=prepared share_status=pending completion_status= polls=0
2026-09-12T12:52:33.725397+00:00 task_update brief_id=dd6ca036-2b83-4c1b-a85a-29482ce7ce79 status=needs_auth share_status=pending completion_status= polls=0
2026-09-12T12:52:33.728531+00:00 [578/3960 |  14.6%] completed_this_run=578 attention=578 elapsed=11:25 eta=1:06:52 brief_id=dd6ca036-2b83-4c1b-a85a-29482ce7ce79 status=needs_auth title="What research assignments could examine how technical challenges are redirectin…" | Eureka authorization is missing or expired.
2026-09-12T12:52:33.730221+00:00 task_update brief_id=9d16c851-50fd-47ee-a5c6-0aaac691a4d4 status=prepared share_status=pending completion_status= polls=0
2026-09-12T12:52:33.739453+00:00 task_update brief_id=9d16c851-50fd-47ee-a5c6-0aaac691a4d4 status=needs_auth share_status=pending completion_status= polls=0
2026-09-12T12:52:33.741435+00:00 [579/3960 |  14.6%] completed_this_run=579 attention=579 elapsed=11:25 eta=1:06:44 brief_id=9d16c851-50fd-47ee-a5c6-0aaac691a4d4 status=needs_auth title="Which task options could compare the evidence sources used to detect emerging m…" | Eureka authorization is missing or expired.
2026-09-12T12:52:33.743006+00:00 task_update brief_id=1119b3ed-6732-43e2-9474-e8ca76ff265e status=prepared share_status=pending completion_status= polls=0
2026-09-12T12:52:33.751386+00:00 task_update brief_id=1119b3ed-6732-43e2-9474-e8ca76ff265e status=needs_auth share_status=pending completion_status= polls=0
2026-09-12T12:52:33.753611+00:00 [580/3960 |  14.6%] completed_this_run=580 attention=580 elapsed=11:25 eta=1:06:36 brief_id=1119b3ed-6732-43e2-9474-e8ca76ff265e status=needs_auth title="What research tasks could evaluate likely next directions across the medical-de…" | Eureka authorization is missing or expired.
2026-09-12T12:52:33.755385+00:00 task_update brief_id=2dfc0ec6-a609-460a-af18-c9af555e2d11 status=prepared share_status=pending completion_status= polls=0
2026-09-12T12:52:33.764038+00:00 task_update brief_id=2dfc0ec6-a609-460a-af18-c9af555e2d11 status=needs_auth share_status=pending completion_status= polls=0
2026-09-12T12:52:33.766136+00:00 [581/3960 |  14.7%] completed_this_run=581 attention=581 elapsed=11:25 eta=1:06:28 brief_id=2dfc0ec6-a609-460a-af18-c9af555e2d11 status=needs_auth title="How are major medical-device patent technology clusters and their filing trajec…" | Eureka authorization is missing or expired.
2026-09-12T12:52:33.767642+00:00 task_update brief_id=45823bbf-1326-4177-90c7-d40ad6124222 status=prepared share_status=pending completion_status= polls=0
2026-09-12T12:52:33.776072+00:00 task_update brief_id=45823bbf-1326-4177-90c7-d40ad6124222 status=needs_auth share_status=pending completion_status= polls=0
2026-09-12T12:52:33.778070+00:00 [582/3960 |  14.7%] completed_this_run=582 attention=582 elapsed=11:25 eta=1:06:20 brief_id=45823bbf-1326-4177-90c7-d40ad6124222 status=needs_auth title="Which medical-device application areas are gaining or losing share of patent ac…" | Eureka authorization is missing or expired.
2026-09-12T12:52:33.779345+00:00 task_update brief_id=8c1a2587-2d05-45ae-aeb9-8f5841c606dd status=prepared share_status=pending completion_status= polls=0
2026-09-12T12:52:33.787100+00:00 task_update brief_id=8c1a2587-2d05-45ae-aeb9-8f5841c606dd status=needs_auth share_status=pending completion_status= polls=0
2026-09-12T12:52:33.789466+00:00 [583/3960 |  14.7%] completed_this_run=583 attention=583 elapsed=11:25 eta=1:06:12 brief_id=8c1a2587-2d05-45ae-aeb9-8f5841c606dd status=needs_auth title="How is the distribution of medical-device patent ownership changing among estab…" | Eureka authorization is missing or expired.
2026-09-12T12:52:33.791152+00:00 task_update brief_id=ad382125-ceeb-4fd3-9004-b4a392850760 status=prepared share_status=pending completion_status= polls=0
2026-09-12T12:52:33.799100+00:00 task_update brief_id=ad382125-ceeb-4fd3-9004-b4a392850760 status=needs_auth share_status=pending completion_status= polls=0
2026-09-12T12:52:33.801882+00:00 [584/3960 |  14.7%] completed_this_run=584 attention=584 elapsed=11:25 eta=1:06:04 brief_id=ad382125-ceeb-4fd3-9004-b4a392850760 status=needs_auth title="How are the geographic origins and filing destinations of medical-device patent…" | Eureka authorization is missing or expired.
2026-09-12T12:52:33.803399+00:00 task_update brief_id=f064d013-f5a6-42f5-8f35-7639a08d4499 status=prepared share_status=pending completion_status= polls=0
2026-09-12T12:52:33.810854+00:00 task_update brief_id=f064d013-f5a6-42f5-8f35-7639a08d4499 status=needs_auth share_status=pending completion_status= polls=0
2026-09-12T12:52:33.813102+00:00 [585/3960 |  14.8%] completed_this_run=585 attention=585 elapsed=11:25 eta=1:05:56 brief_id=f064d013-f5a6-42f5-8f35-7639a08d4499 status=needs_auth title="Where is patent activity showing increasing convergence between medical devices…" | Eureka authorization is missing or expired.
2026-09-12T12:52:33.814912+00:00 task_update brief_id=640d781c-5869-4f30-9063-4b052136b202 status=prepared share_status=pending completion_status= polls=0
2026-09-12T12:52:33.822906+00:00 task_update brief_id=640d781c-5869-4f30-9063-4b052136b202 status=needs_auth share_status=pending completion_status= polls=0
2026-09-12T12:52:33.825125+00:00 [586/3960 |  14.8%] completed_this_run=586 attention=586 elapsed=11:25 eta=1:05:48 brief_id=640d781c-5869-4f30-9063-4b052136b202 status=needs_auth title="How are patenting trends changing between end-use medical-device fields and ena…" | Eureka authorization is missing or expired.
2026-09-12T12:52:33.826785+00:00 task_update brief_id=93b74f39-4f96-4dc5-820e-b2d0701f7dd3 status=prepared share_status=pending completion_status= polls=0
2026-09-12T12:52:33.835839+00:00 task_update brief_id=93b74f39-4f96-4dc5-820e-b2d0701f7dd3 status=needs_auth share_status=pending completion_status= polls=0
2026-09-12T12:52:33.837903+00:00 [587/3960 |  14.8%] completed_this_run=587 attention=587 elapsed=11:25 eta=1:05:40 brief_id=93b74f39-4f96-4dc5-820e-b2d0701f7dd3 status=needs_auth title="Which medical-device patent fields appear to be maturing, accelerating, or decl…" | Eureka authorization is missing or expired.
2026-09-12T12:52:33.839508+00:00 task_update brief_id=792e4751-d105-4fff-86f1-03bb88501659 status=prepared share_status=pending completion_status= polls=0
2026-09-12T12:52:33.847350+00:00 task_update brief_id=792e4751-d105-4fff-86f1-03bb88501659 status=needs_auth share_status=pending completion_status= polls=0
2026-09-12T12:52:33.849967+00:00 [588/3960 |  14.8%] completed_this_run=588 attention=588 elapsed=11:25 eta=1:05:32 brief_id=792e4751-d105-4fff-86f1-03bb88501659 status=needs_auth title="How is the international breadth of medical-device patent families evolving acr…" | Eureka authorization is missing or expired.
2026-09-12T12:52:33.851940+00:00 task_update brief_id=a797d86c-f5b6-4972-a2d8-04d3a736d8dd status=prepared share_status=pending completion_status= polls=0
2026-09-12T12:52:33.860011+00:00 task_update brief_id=a797d86c-f5b6-4972-a2d8-04d3a736d8dd status=needs_auth share_status=pending completion_status= polls=0
2026-09-12T12:52:33.862282+00:00 [589/3960 |  14.9%] completed_this_run=589 attention=589 elapsed=11:25 eta=1:05:25 brief_id=a797d86c-f5b6-4972-a2d8-04d3a736d8dd status=needs_auth title="Which medical-device patent clusters are becoming more influential in citation …" | Eureka authorization is missing or expired.
2026-09-12T12:52:33.863699+00:00 task_update brief_id=af5f177a-4852-414c-9585-5b21c2e1de9a status=prepared share_status=pending completion_status= polls=0
2026-09-12T12:52:33.871335+00:00 task_update brief_id=af5f177a-4852-414c-9585-5b21c2e1de9a status=needs_auth share_status=pending completion_status= polls=0
2026-09-12T12:52:33.874210+00:00 [590/3960 |  14.9%] completed_this_run=590 attention=590 elapsed=11:25 eta=1:05:17 brief_id=af5f177a-4852-414c-9585-5b21c2e1de9a status=needs_auth title="What emerging technical challenge and improvement themes are reshaping the medi…" | Eureka authorization is missing or expired.
2026-09-12T12:52:33.875864+00:00 task_update brief_id=0683bd03-8ec0-4a3a-a2b5-f5a120831eb1 status=prepared share_status=pending completion_status= polls=0
2026-09-12T12:52:33.905256+00:00 task_update brief_id=0683bd03-8ec0-4a3a-a2b5-f5a120831eb1 status=needs_auth share_status=pending completion_status= polls=0
2026-09-12T12:52:33.908050+00:00 [591/3960 |  14.9%] completed_this_run=591 attention=591 elapsed=11:25 eta=1:05:09 brief_id=0683bd03-8ec0-4a3a-a2b5-f5a120831eb1 status=needs_auth title="Which foundational medical-device operating principles have the most significan…" | Eureka authorization is missing or expired.
2026-09-12T12:52:33.909621+00:00 task_update brief_id=aac9f848-5d91-471d-86a3-75a520baf9d2 status=prepared share_status=pending completion_status= polls=0
2026-09-12T12:52:33.917836+00:00 task_update brief_id=aac9f848-5d91-471d-86a3-75a520baf9d2 status=needs_auth share_status=pending completion_status= polls=0
2026-09-12T12:52:33.919706+00:00 [592/3960 |  14.9%] completed_this_run=592 attention=592 elapsed=11:25 eta=1:05:02 brief_id=aac9f848-5d91-471d-86a3-75a520baf9d2 status=needs_auth title="What prior art should be reviewed to assess patent risks in medical-device sens…" | Eureka authorization is missing or expired.
2026-09-12T12:52:33.921167+00:00 task_update brief_id=ced22729-f568-4bb9-a394-f26c09ceb43f status=prepared share_status=pending completion_status= polls=0
2026-09-12T12:52:33.929296+00:00 task_update brief_id=ced22729-f568-4bb9-a394-f26c09ceb43f status=needs_auth share_status=pending completion_status= polls=0
2026-09-12T12:52:33.931284+00:00 [593/3960 |  15.0%] completed_this_run=593 attention=593 elapsed=11:25 eta=1:04:54 brief_id=ced22729-f568-4bb9-a394-f26c09ceb43f status=needs_auth title="Which earlier disclosures are most relevant to patent-risk assessment for thera…" | Eureka authorization is missing or expired.
2026-09-12T12:52:33.932784+00:00 task_update brief_id=e9c3e0d2-d3b2-4b80-acbf-8e721ccda2f6 status=prepared share_status=pending completion_status= polls=0
2026-09-12T12:52:33.940686+00:00 task_update brief_id=e9c3e0d2-d3b2-4b80-acbf-8e721ccda2f6 status=needs_auth share_status=pending completion_status= polls=0
2026-09-12T12:52:33.943121+00:00 [594/3960 |  15.0%] completed_this_run=594 attention=594 elapsed=11:25 eta=1:04:46 brief_id=e9c3e0d2-d3b2-4b80-acbf-8e721ccda2f6 status=needs_auth title="What prior art indicates patent-overlap risks for software-controlled functions…" | Eureka authorization is missing or expired.
2026-09-12T12:52:33.946506+00:00 task_update brief_id=d81bf6ed-618f-4585-bea1-5c7e27b24580 status=prepared share_status=pending completion_status= polls=0
2026-09-12T12:52:33.955484+00:00 task_update brief_id=d81bf6ed-618f-4585-bea1-5c7e27b24580 status=needs_auth share_status=pending completion_status= polls=0
2026-09-12T12:52:33.958024+00:00 [595/3960 |  15.0%] completed_this_run=595 attention=595 elapsed=11:25 eta=1:04:39 brief_id=d81bf6ed-618f-4585-bea1-5c7e27b24580 status=needs_auth title="Which prior-art disclosures should be examined for patent risks involving conne…" | Eureka authorization is missing or expired.
2026-09-12T12:52:33.959522+00:00 task_update brief_id=391e7915-de26-4b30-8f77-93e180a75d6b status=prepared share_status=pending completion_status= polls=0
2026-09-12T12:52:33.967854+00:00 task_update brief_id=391e7915-de26-4b30-8f77-93e180a75d6b status=needs_auth share_status=pending completion_status= polls=0
2026-09-12T12:52:33.969821+00:00 [596/3960 |  15.1%] completed_this_run=596 attention=596 elapsed=11:25 eta=1:04:31 brief_id=391e7915-de26-4b30-8f77-93e180a75d6b status=needs_auth title="What earlier public evidence reveals patent risks in medical-device user interf…" | Eureka authorization is missing or expired.
2026-09-12T12:52:33.971294+00:00 task_update brief_id=cc6bd549-3859-4689-9769-1dd2bb1e17b8 status=prepared share_status=pending completion_status= polls=0
2026-09-12T12:52:33.979540+00:00 task_update brief_id=cc6bd549-3859-4689-9769-1dd2bb1e17b8 status=needs_auth share_status=pending completion_status= polls=0
2026-09-12T12:52:33.981609+00:00 [597/3960 |  15.1%] completed_this_run=597 attention=597 elapsed=11:25 eta=1:04:24 brief_id=cc6bd549-3859-4689-9769-1dd2bb1e17b8 status=needs_auth title="Which prior disclosures create patent-risk concerns for medical-device data pro…" | Eureka authorization is missing or expired.
2026-09-12T12:52:33.983060+00:00 task_update brief_id=85189b18-bc9a-4f64-826d-77d178c380bd status=prepared share_status=pending completion_status= polls=0
2026-09-12T12:52:33.991015+00:00 task_update brief_id=85189b18-bc9a-4f64-826d-77d178c380bd status=needs_auth share_status=pending completion_status= polls=0
2026-09-12T12:52:33.994940+00:00 [598/3960 |  15.1%] completed_this_run=598 attention=598 elapsed=11:25 eta=1:04:16 brief_id=85189b18-bc9a-4f64-826d-77d178c380bd status=needs_auth title="What prior art should inform patent-risk reviews of sterilization, reprocessing…" | Eureka authorization is missing or expired.
2026-09-12T12:52:33.996706+00:00 task_update brief_id=4a7cac7b-7d9e-4d4c-9fd8-e4ca0cf2659e status=prepared share_status=pending completion_status= polls=0
2026-09-12T12:52:34.004780+00:00 task_update brief_id=4a7cac7b-7d9e-4d4c-9fd8-e4ca0cf2659e status=needs_auth share_status=pending completion_status= polls=0
2026-09-12T12:52:34.007580+00:00 [599/3960 |  15.1%] completed_this_run=599 attention=599 elapsed=11:25 eta=1:04:09 brief_id=4a7cac7b-7d9e-4d4c-9fd8-e4ca0cf2659e status=needs_auth title="Which earlier disclosures expose patent-overlap risks in medical-device manufac…" | Eureka authorization is missing or expired.
2026-09-12T12:52:34.009296+00:00 task_update brief_id=f3429b0b-67aa-41de-a7ec-40664ad076d5 status=prepared share_status=pending completion_status= polls=0
2026-09-12T12:52:34.017758+00:00 task_update brief_id=f3429b0b-67aa-41de-a7ec-40664ad076d5 status=needs_auth share_status=pending completion_status= polls=0
2026-09-12T12:52:34.051868+00:00 [600/3960 |  15.2%] completed_this_run=600 attention=600 elapsed=11:26 eta=1:04:01 brief_id=f3429b0b-67aa-41de-a7ec-40664ad076d5 status=needs_auth title="What cross-field prior art should be considered when assessing patent risks fro…" | Eureka authorization is missing or expired.
2026-09-12T12:52:34.055977+00:00 task_update brief_id=4583d1c0-31d7-4666-ad33-654fd7cbab23 status=prepared share_status=pending completion_status= polls=0
2026-09-12T12:52:34.064250+00:00 task_update brief_id=4583d1c0-31d7-4666-ad33-654fd7cbab23 status=needs_auth share_status=pending completion_status= polls=0
2026-09-12T12:52:34.066617+00:00 [601/3960 |  15.2%] completed_this_run=601 attention=601 elapsed=11:26 eta=1:03:54 brief_id=4583d1c0-31d7-4666-ad33-654fd7cbab23 status=needs_auth title="How should disclosure sufficiency be assessed before an industry-wide patent ap…" | Eureka authorization is missing or expired.
2026-09-12T12:52:34.068410+00:00 task_update brief_id=54f532f7-06dc-4163-aab9-0b92fcc53a6f status=prepared share_status=pending completion_status= polls=0
2026-09-12T12:52:34.076935+00:00 task_update brief_id=54f532f7-06dc-4163-aab9-0b92fcc53a6f status=needs_auth share_status=pending completion_status= polls=0
2026-09-12T12:52:34.079299+00:00 [602/3960 |  15.2%] completed_this_run=602 attention=602 elapsed=11:26 eta=1:03:46 brief_id=54f532f7-06dc-4163-aab9-0b92fcc53a6f status=needs_auth title="What claim architecture should guide patent application drafting across a broad…" | Eureka authorization is missing or expired.
2026-09-12T12:52:34.080961+00:00 task_update brief_id=a23dda7b-2ba6-4a66-b663-8f6fc8e1a43f status=prepared share_status=pending completion_status= polls=0
2026-09-12T12:52:34.089392+00:00 task_update brief_id=a23dda7b-2ba6-4a66-b663-8f6fc8e1a43f status=needs_auth share_status=pending completion_status= polls=0
2026-09-12T12:52:34.091751+00:00 [603/3960 |  15.2%] completed_this_run=603 attention=603 elapsed=11:26 eta=1:03:39 brief_id=a23dda7b-2ba6-4a66-b663-8f6fc8e1a43f status=needs_auth title="How should terminology be selected and controlled when drafting a patent applic…" | Eureka authorization is missing or expired.
2026-09-12T12:52:34.093439+00:00 task_update brief_id=0bee0f6e-83e0-41a8-869e-1c1f9faeb669 status=prepared share_status=pending completion_status= polls=0
2026-09-12T12:52:34.101127+00:00 task_update brief_id=0bee0f6e-83e0-41a8-869e-1c1f9faeb669 status=needs_auth share_status=pending completion_status= polls=0
2026-09-12T12:52:34.103208+00:00 [604/3960 |  15.3%] completed_this_run=604 attention=604 elapsed=11:26 eta=1:03:32 brief_id=0bee0f6e-83e0-41a8-869e-1c1f9faeb669 status=needs_auth title="Which embodiment strategy best preserves drafting flexibility without exceeding…" | Eureka authorization is missing or expired.
2026-09-12T12:52:34.104614+00:00 task_update brief_id=df3a7f71-75ca-4a27-b319-1c5d4cf5cf04 status=prepared share_status=pending completion_status= polls=0
2026-09-12T12:52:34.112967+00:00 task_update brief_id=df3a7f71-75ca-4a27-b319-1c5d4cf5cf04 status=needs_auth share_status=pending completion_status= polls=0
2026-09-12T12:52:34.115775+00:00 [605/3960 |  15.3%] completed_this_run=605 attention=605 elapsed=11:26 eta=1:03:24 brief_id=df3a7f71-75ca-4a27-b319-1c5d4cf5cf04 status=needs_auth title="How should fallback positions be prioritized in a patent application draft to s…" | Eureka authorization is missing or expired.
2026-09-12T12:52:34.117258+00:00 task_update brief_id=4767fcb6-5893-4b98-b1e9-a364a7b02bec status=prepared share_status=pending completion_status= polls=0
2026-09-12T12:52:34.124712+00:00 task_update brief_id=4767fcb6-5893-4b98-b1e9-a364a7b02bec status=needs_auth share_status=pending completion_status= polls=0
2026-09-12T12:52:34.127047+00:00 [606/3960 |  15.3%] completed_this_run=606 attention=606 elapsed=11:26 eta=1:03:17 brief_id=4767fcb6-5893-4b98-b1e9-a364a7b02bec status=needs_auth title="What written-description and enablement review should precede completion of a p…" | Eureka authorization is missing or expired.
2026-09-12T12:52:34.128366+00:00 task_update brief_id=3165f9e6-ed4e-495e-9686-b714453e5fa0 status=prepared share_status=pending completion_status= polls=0
2026-09-12T12:52:34.137569+00:00 task_update brief_id=3165f9e6-ed4e-495e-9686-b714453e5fa0 status=needs_auth share_status=pending completion_status= polls=0
2026-09-12T12:52:34.140094+00:00 [607/3960 |  15.3%] completed_this_run=607 attention=607 elapsed=11:26 eta=1:03:09 brief_id=3165f9e6-ed4e-495e-9686-b714453e5fa0 status=needs_auth title="How should figures and their textual support be planned when preparing a patent…" | Eureka authorization is missing or expired.
2026-09-12T12:52:34.141694+00:00 task_update brief_id=ee03792d-64a7-48e6-8e95-b077b4bf1442 status=prepared share_status=pending completion_status= polls=0
2026-09-12T12:52:34.151062+00:00 task_update brief_id=ee03792d-64a7-48e6-8e95-b077b4bf1442 status=needs_auth share_status=pending completion_status= polls=0
2026-09-12T12:52:34.153314+00:00 [608/3960 |  15.4%] completed_this_run=608 attention=608 elapsed=11:26 eta=1:03:02 brief_id=ee03792d-64a7-48e6-8e95-b077b4bf1442 status=needs_auth title="What prior-art context should be incorporated into a patent application draft w…" | Eureka authorization is missing or expired.
2026-09-12T12:52:34.154941+00:00 task_update brief_id=335c85b8-1f20-488a-87c7-a256843a0d9e status=prepared share_status=pending completion_status= polls=0
2026-09-12T12:52:34.164080+00:00 task_update brief_id=335c85b8-1f20-488a-87c7-a256843a0d9e status=needs_auth share_status=pending completion_status= polls=0
2026-09-12T12:52:34.166826+00:00 [609/3960 |  15.4%] completed_this_run=609 attention=609 elapsed=11:26 eta=1:02:55 brief_id=335c85b8-1f20-488a-87c7-a256843a0d9e status=needs_auth title="How should optional features and combinations be documented to support future c…" | Eureka authorization is missing or expired.
2026-09-12T12:52:34.168290+00:00 task_update brief_id=b8ba1586-a0e0-4016-a2d4-40ddccc3b40e status=prepared share_status=pending completion_status= polls=0
2026-09-12T12:52:34.178755+00:00 task_update brief_id=b8ba1586-a0e0-4016-a2d4-40ddccc3b40e status=needs_auth share_status=pending completion_status= polls=0
2026-09-12T12:52:34.181227+00:00 [610/3960 |  15.4%] completed_this_run=610 attention=610 elapsed=11:26 eta=1:02:48 brief_id=b8ba1586-a0e0-4016-a2d4-40ddccc3b40e status=needs_auth title="What quality-control review should determine whether a patent application draft…" | Eureka authorization is missing or expired.
2026-09-12T12:52:34.182611+00:00 task_update brief_id=7c8f8c79-674f-4ee2-a60c-5f657f8d6d5c status=prepared share_status=pending completion_status= polls=0
2026-09-12T12:52:34.190556+00:00 task_update brief_id=7c8f8c79-674f-4ee2-a60c-5f657f8d6d5c status=needs_auth share_status=pending completion_status= polls=0
2026-09-12T12:52:34.193449+00:00 [611/3960 |  15.4%] completed_this_run=611 attention=611 elapsed=11:26 eta=1:02:40 brief_id=7c8f8c79-674f-4ee2-a60c-5f657f8d6d5c status=needs_auth title="Which major industry application areas show the highest potential freedom-to-op…" | Eureka authorization is missing or expired.
2026-09-12T12:52:34.195089+00:00 task_update brief_id=a30d05b1-baa4-4261-a693-f04971af14ef status=prepared share_status=pending completion_status= polls=0
2026-09-12T12:52:34.203611+00:00 task_update brief_id=a30d05b1-baa4-4261-a693-f04971af14ef status=needs_auth share_status=pending completion_status= polls=0
2026-09-12T12:52:34.206447+00:00 [612/3960 |  15.5%] completed_this_run=612 attention=612 elapsed=11:26 eta=1:02:33 brief_id=a30d05b1-baa4-4261-a693-f04971af14ef status=needs_auth title="At which stages of the industry value chain are patent-related freedom-to-opera…" | Eureka authorization is missing or expired.
2026-09-12T12:52:34.207939+00:00 task_update brief_id=03555a6d-aad1-463e-af57-91f01d5feb66 status=prepared share_status=pending completion_status= polls=0
2026-09-12T12:52:34.217132+00:00 task_update brief_id=03555a6d-aad1-463e-af57-91f01d5feb66 status=needs_auth share_status=pending completion_status= polls=0
2026-09-12T12:52:34.220069+00:00 [613/3960 |  15.5%] completed_this_run=613 attention=613 elapsed=11:26 eta=1:02:26 brief_id=03555a6d-aad1-463e-af57-91f01d5feb66 status=needs_auth title="Which enabling technology fields create the most significant patent-claim overl…" | Eureka authorization is missing or expired.
2026-09-12T12:52:34.221443+00:00 task_update brief_id=ed4ae0ff-f7ce-4f98-8b99-9ebd313e1aec status=prepared share_status=pending completion_status= polls=0
2026-09-12T12:52:34.230354+00:00 task_update brief_id=ed4ae0ff-f7ce-4f98-8b99-9ebd313e1aec status=needs_auth share_status=pending completion_status= polls=0
2026-09-12T12:52:34.232711+00:00 [614/3960 |  15.5%] completed_this_run=614 attention=614 elapsed=11:26 eta=1:02:19 brief_id=ed4ae0ff-f7ce-4f98-8b99-9ebd313e1aec status=needs_auth title="How do patent-family coverage and legal status affect freedom-to-operate risk a…" | Eureka authorization is missing or expired.
2026-09-12T12:52:34.234718+00:00 task_update brief_id=787fa2bd-de08-499f-9dc8-8288a673ad80 status=prepared share_status=pending completion_status= polls=0
2026-09-12T12:52:34.242798+00:00 task_update brief_id=787fa2bd-de08-499f-9dc8-8288a673ad80 status=needs_auth share_status=pending completion_status= polls=0
2026-09-12T12:52:34.245257+00:00 [615/3960 |  15.5%] completed_this_run=615 attention=615 elapsed=11:26 eta=1:02:12 brief_id=787fa2bd-de08-499f-9dc8-8288a673ad80 status=needs_auth title="What patent risks are associated with standards, interoperability requirements,…" | Eureka authorization is missing or expired.
2026-09-12T12:52:34.246642+00:00 task_update brief_id=1254b0a8-5fba-44a7-846e-af1c9963f57d status=prepared share_status=pending completion_status= polls=0
2026-09-12T12:52:34.255219+00:00 task_update brief_id=1254b0a8-5fba-44a7-846e-af1c9963f57d status=needs_auth share_status=pending completion_status= polls=0
2026-09-12T12:52:34.257852+00:00 [616/3960 |  15.6%] completed_this_run=616 attention=616 elapsed=11:26 eta=1:02:05 brief_id=1254b0a8-5fba-44a7-846e-af1c9963f57d status=needs_auth title="How can patent claims covering upstream inputs and downstream uses create freed…" | Eureka authorization is missing or expired.
2026-09-12T12:52:34.259654+00:00 task_update brief_id=a476d397-75dc-4f46-923c-a532e8f380c5 status=prepared share_status=pending completion_status= polls=0
2026-09-12T12:52:34.267818+00:00 task_update brief_id=a476d397-75dc-4f46-923c-a532e8f380c5 status=needs_auth share_status=pending completion_status= polls=0
2026-09-12T12:52:34.269981+00:00 [617/3960 |  15.6%] completed_this_run=617 attention=617 elapsed=11:26 eta=1:01:58 brief_id=a476d397-75dc-4f46-923c-a532e8f380c5 status=needs_auth title="Which patent ownership, assignment, and licensing signals may change freedom-to…" | Eureka authorization is missing or expired.
2026-09-12T12:52:34.271393+00:00 task_update brief_id=096c6152-dbd8-4429-b861-728be728aa77 status=prepared share_status=pending completion_status= polls=0
2026-09-12T12:52:34.280569+00:00 task_update brief_id=096c6152-dbd8-4429-b861-728be728aa77 status=needs_auth share_status=pending completion_status= polls=0
2026-09-12T12:52:34.282760+00:00 [618/3960 |  15.6%] completed_this_run=618 attention=618 elapsed=11:26 eta=1:01:51 brief_id=096c6152-dbd8-4429-b861-728be728aa77 status=needs_auth title="Which emerging industry research areas warrant early freedom-to-operate monitor…" | Eureka authorization is missing or expired.
2026-09-12T12:52:34.284037+00:00 task_update brief_id=53b7ceb9-be10-4852-a37a-c5e6c1d6f2e8 status=prepared share_status=pending completion_status= polls=0
2026-09-12T12:52:34.292898+00:00 task_update brief_id=53b7ceb9-be10-4852-a37a-c5e6c1d6f2e8 status=needs_auth share_status=pending completion_status= polls=0
2026-09-12T12:52:34.295861+00:00 [619/3960 |  15.6%] completed_this_run=619 attention=619 elapsed=11:26 eta=1:01:44 brief_id=53b7ceb9-be10-4852-a37a-c5e6c1d6f2e8 status=needs_auth title="Where do claim-construction and prosecution-history uncertainties create the gr…" | Eureka authorization is missing or expired.
2026-09-12T12:52:34.297502+00:00 task_update brief_id=4c61fa73-3b9f-4097-8163-5fe5dc68b777 status=prepared share_status=pending completion_status= polls=0
2026-09-12T12:52:34.319137+00:00 task_update brief_id=4c61fa73-3b9f-4097-8163-5fe5dc68b777 status=needs_auth share_status=pending completion_status= polls=0
2026-09-12T12:52:34.321616+00:00 [620/3960 |  15.7%] completed_this_run=620 attention=620 elapsed=11:26 eta=1:01:37 brief_id=4c61fa73-3b9f-4097-8163-5fe5dc68b777 status=needs_auth title="What evidence can identify industry-wide design-around opportunities without ov…" | Eureka authorization is missing or expired.
2026-09-12T12:52:34.323343+00:00 task_update brief_id=d5222045-4941-4b2e-b4d6-bf6690d75b38 status=prepared share_status=pending completion_status= polls=0
2026-09-12T12:52:34.331546+00:00 task_update brief_id=d5222045-4941-4b2e-b4d6-bf6690d75b38 status=needs_auth share_status=pending completion_status= polls=0
2026-09-12T12:52:34.334192+00:00 [621/3960 |  15.7%] completed_this_run=621 attention=621 elapsed=11:26 eta=1:01:30 brief_id=d5222045-4941-4b2e-b4d6-bf6690d75b38 status=needs_auth title="How should novelty objections and cited references be mapped to claim limitatio…" | Eureka authorization is missing or expired.
2026-09-12T12:52:34.335728+00:00 task_update brief_id=496a9c7d-7c38-4750-ae29-f78f93dc626a status=prepared share_status=pending completion_status= polls=0
2026-09-12T12:52:34.348952+00:00 task_update brief_id=496a9c7d-7c38-4750-ae29-f78f93dc626a status=needs_auth share_status=pending completion_status= polls=0
2026-09-12T12:52:34.351439+00:00 [622/3960 |  15.7%] completed_this_run=622 attention=622 elapsed=11:26 eta=1:01:23 brief_id=496a9c7d-7c38-4750-ae29-f78f93dc626a status=needs_auth title="How can inventive-step objections be decomposed into evidence points that suppo…" | Eureka authorization is missing or expired.
2026-09-12T12:52:34.353448+00:00 task_update brief_id=e4dd7a36-7df9-4f76-a021-96fd765cb2cb status=prepared share_status=pending completion_status= polls=0
2026-09-12T12:52:34.361865+00:00 task_update brief_id=e4dd7a36-7df9-4f76-a021-96fd765cb2cb status=needs_auth share_status=pending completion_status= polls=0
2026-09-12T12:52:34.364244+00:00 [623/3960 |  15.7%] completed_this_run=623 attention=623 elapsed=11:26 eta=1:01:16 brief_id=e4dd7a36-7df9-4f76-a021-96fd765cb2cb status=needs_auth title="What evidence should be mapped for clarity or definiteness objections before de…" | Eureka authorization is missing or expired.
2026-09-12T12:52:34.365802+00:00 task_update brief_id=a9f821c3-aa8a-4504-819d-146ed4698a86 status=prepared share_status=pending completion_status= polls=0
2026-09-12T12:52:34.374732+00:00 task_update brief_id=a9f821c3-aa8a-4504-819d-146ed4698a86 status=needs_auth share_status=pending completion_status= polls=0
2026-09-12T12:52:34.377089+00:00 [624/3960 |  15.8%] completed_this_run=624 attention=624 elapsed=11:26 eta=1:01:09 brief_id=a9f821c3-aa8a-4504-819d-146ed4698a86 status=needs_auth title="How should written-description or enablement objections be linked to applicatio…" | Eureka authorization is missing or expired.
2026-09-12T12:52:34.378768+00:00 task_update brief_id=d195b4bb-0e52-4e91-9454-8fe3b4f569af status=prepared share_status=pending completion_status= polls=0
2026-09-12T12:52:34.389848+00:00 task_update brief_id=d195b4bb-0e52-4e91-9454-8fe3b4f569af status=needs_auth share_status=pending completion_status= polls=0
2026-09-12T12:52:34.427978+00:00 [625/3960 |  15.8%] completed_this_run=625 attention=625 elapsed=11:26 eta=1:01:02 brief_id=d195b4bb-0e52-4e91-9454-8fe3b4f569af status=needs_auth title="How can an evidence table expose claim-construction disagreements that material…" | Eureka authorization is missing or expired.
2026-09-12T12:52:34.440569+00:00 task_update brief_id=8dd0d6e1-c588-45ad-9e51-4dd17b65984e status=prepared share_status=pending completion_status= polls=0
2026-09-12T12:52:34.448431+00:00 task_update brief_id=8dd0d6e1-c588-45ad-9e51-4dd17b65984e status=needs_auth share_status=pending completion_status= polls=0
2026-09-12T12:52:34.451277+00:00 [626/3960 |  15.8%] completed_this_run=626 attention=626 elapsed=11:26 eta=1:00:55 brief_id=8dd0d6e1-c588-45ad-9e51-4dd17b65984e status=needs_auth title="What evidence should be compared to assess whether a proposed amendment address…" | Eureka authorization is missing or expired.
2026-09-12T12:52:34.452818+00:00 task_update brief_id=b476dd40-3aca-4b39-aa3d-2e4afb510bc5 status=prepared share_status=pending completion_status= polls=0
2026-09-12T12:52:34.465918+00:00 task_update brief_id=b476dd40-3aca-4b39-aa3d-2e4afb510bc5 status=needs_auth share_status=pending completion_status= polls=0
2026-09-12T12:52:34.468821+00:00 [627/3960 |  15.8%] completed_this_run=627 attention=627 elapsed=11:26 eta=1:00:48 brief_id=b476dd40-3aca-4b39-aa3d-2e4afb510bc5 status=needs_auth title="How should independent and dependent claims be compared to support decisions ab…" | Eureka authorization is missing or expired.
2026-09-12T12:52:34.470652+00:00 task_update brief_id=3173a0c5-f93c-43e5-afe8-0c47ea4095d1 status=prepared share_status=pending completion_status= polls=0
2026-09-12T12:52:34.479529+00:00 task_update brief_id=3173a0c5-f93c-43e5-afe8-0c47ea4095d1 status=needs_auth share_status=pending completion_status= polls=0
2026-09-12T12:52:34.481832+00:00 [628/3960 |  15.9%] completed_this_run=628 attention=628 elapsed=11:26 eta=1:00:42 brief_id=3173a0c5-f93c-43e5-afe8-0c47ea4095d1 status=needs_auth title="How can cited-reference dates, family relationships, and relied-upon passages b…" | Eureka authorization is missing or expired.
2026-09-12T12:52:34.483392+00:00 task_update brief_id=d19c829b-a71f-48a1-bff5-4ec7e8e6232e status=prepared share_status=pending completion_status= polls=0
2026-09-12T12:52:34.490732+00:00 task_update brief_id=d19c829b-a71f-48a1-bff5-4ec7e8e6232e status=needs_auth share_status=pending completion_status= polls=0
2026-09-12T12:52:34.493385+00:00 [629/3960 |  15.9%] completed_this_run=629 attention=629 elapsed=11:26 eta=1:00:35 brief_id=d19c829b-a71f-48a1-bff5-4ec7e8e6232e status=needs_auth title="What evidence gaps should be prioritized before choosing whether to respond on …" | Eureka authorization is missing or expired.
2026-09-12T12:52:34.496692+00:00 task_update brief_id=93cd1134-e1fc-4ad9-a887-933e87a79ef5 status=prepared share_status=pending completion_status= polls=0
2026-09-12T12:52:34.505363+00:00 task_update brief_id=93cd1134-e1fc-4ad9-a887-933e87a79ef5 status=needs_auth share_status=pending completion_status= polls=0
2026-09-12T12:52:34.508239+00:00 [630/3960 |  15.9%] completed_this_run=630 attention=630 elapsed=11:26 eta=1:00:28 brief_id=93cd1134-e1fc-4ad9-a887-933e87a79ef5 status=needs_auth title="How should multiple office-action objections be consolidated into an evidence t…" | Eureka authorization is missing or expired.
2026-09-12T12:52:34.510008+00:00 task_update brief_id=86bad4da-2fd3-444b-9c4c-953018b82101 status=prepared share_status=pending completion_status= polls=0
2026-09-12T12:52:34.518229+00:00 task_update brief_id=86bad4da-2fd3-444b-9c4c-953018b82101 status=needs_auth share_status=pending completion_status= polls=0
2026-09-12T12:52:34.520747+00:00 [631/3960 |  15.9%] completed_this_run=631 attention=631 elapsed=11:26 eta=1:00:21 brief_id=86bad4da-2fd3-444b-9c4c-953018b82101 status=needs_auth title="Which research tasks would help map changes in an industry's main technology fi…" | Eureka authorization is missing or expired.
2026-09-12T12:52:34.522479+00:00 task_update brief_id=6ac6cc91-9950-4aae-a327-2c27876796ce status=prepared share_status=pending completion_status= polls=0
2026-09-12T12:52:34.530911+00:00 task_update brief_id=6ac6cc91-9950-4aae-a327-2c27876796ce status=needs_auth share_status=pending completion_status= polls=0
2026-09-12T12:52:34.533431+00:00 [632/3960 |  16.0%] completed_this_run=632 attention=632 elapsed=11:26 eta=1:00:14 brief_id=6ac6cc91-9950-4aae-a327-2c27876796ce status=needs_auth title="How could a technology-maturity scan be framed before choosing an industry rese…" | Eureka authorization is missing or expired.
2026-09-12T12:52:34.535091+00:00 task_update brief_id=4d80e4cd-19f9-49e2-b43b-bb624cc14359 status=prepared share_status=pending completion_status= polls=0
2026-09-12T12:52:34.543583+00:00 task_update brief_id=4d80e4cd-19f9-49e2-b43b-bb624cc14359 status=needs_auth share_status=pending completion_status= polls=0
2026-09-12T12:52:34.546110+00:00 [633/3960 |  16.0%] completed_this_run=633 attention=633 elapsed=11:26 eta=1:00:08 brief_id=4d80e4cd-19f9-49e2-b43b-bb624cc14359 status=needs_auth title="What research options could distinguish emerging technology areas from short-li…" | Eureka authorization is missing or expired.
2026-09-12T12:52:34.547722+00:00 task_update brief_id=6717f3e3-45a0-4dc3-be1b-270d730fffbc status=prepared share_status=pending completion_status= polls=0
2026-09-12T12:52:34.556554+00:00 task_update brief_id=6717f3e3-45a0-4dc3-be1b-270d730fffbc status=needs_auth share_status=pending completion_status= polls=0
2026-09-12T12:52:34.559464+00:00 [634/3960 |  16.0%] completed_this_run=634 attention=634 elapsed=11:26 eta=1:00:01 brief_id=6717f3e3-45a0-4dc3-be1b-270d730fffbc status=needs_auth title="Which research tasks could reveal growing connections between an industry's tec…" | Eureka authorization is missing or expired.
2026-09-12T12:52:34.560895+00:00 task_update brief_id=3358f3c8-f433-4ac2-ad9d-052fec6fb5b2 status=prepared share_status=pending completion_status= polls=0
2026-09-12T12:52:34.568635+00:00 task_update brief_id=3358f3c8-f433-4ac2-ad9d-052fec6fb5b2 status=needs_auth share_status=pending completion_status= polls=0
2026-09-12T12:52:34.571239+00:00 [635/3960 |  16.0%] completed_this_run=635 attention=635 elapsed=11:26 eta=59:54 brief_id=3358f3c8-f433-4ac2-ad9d-052fec6fb5b2 status=needs_auth title="How could research into changing application needs be scoped to clarify an indu…" | Eureka authorization is missing or expired.
2026-09-12T12:52:34.573059+00:00 task_update brief_id=0ff19cf0-a8ec-41bf-ac20-549f81a2bb87 status=prepared share_status=pending completion_status= polls=0
2026-09-12T12:52:34.581427+00:00 task_update brief_id=0ff19cf0-a8ec-41bf-ac20-549f81a2bb87 status=needs_auth share_status=pending completion_status= polls=0
2026-09-12T12:52:34.583599+00:00 [636/3960 |  16.1%] completed_this_run=636 attention=636 elapsed=11:26 eta=59:48 brief_id=0ff19cf0-a8ec-41bf-ac20-549f81a2bb87 status=needs_auth title="What research tasks could track changes in industry-wide technical challenges a…" | Eureka authorization is missing or expired.
2026-09-12T12:52:34.585052+00:00 task_update brief_id=29826ffb-88d0-4fb6-bb78-e7857074ce74 status=prepared share_status=pending completion_status= polls=0
2026-09-12T12:52:34.594668+00:00 task_update brief_id=29826ffb-88d0-4fb6-bb78-e7857074ce74 status=needs_auth share_status=pending completion_status= polls=0
2026-09-12T12:52:34.597414+00:00 [637/3960 |  16.1%] completed_this_run=637 attention=637 elapsed=11:26 eta=59:41 brief_id=29826ffb-88d0-4fb6-bb78-e7857074ce74 status=needs_auth title="Which research options could trace how industry technologies move from research…" | Eureka authorization is missing or expired.
2026-09-12T12:52:34.599199+00:00 task_update brief_id=152f4abb-fa13-40f8-a2e5-e1ea54eabe50 status=prepared share_status=pending completion_status= polls=0
2026-09-12T12:52:34.607449+00:00 task_update brief_id=152f4abb-fa13-40f8-a2e5-e1ea54eabe50 status=needs_auth share_status=pending completion_status= polls=0
2026-09-12T12:52:34.609439+00:00 [638/3960 |  16.1%] completed_this_run=638 attention=638 elapsed=11:26 eta=59:34 brief_id=152f4abb-fa13-40f8-a2e5-e1ea54eabe50 status=needs_auth title="How could a scan of changing research participation help define an industry lan…" | Eureka authorization is missing or expired.
2026-09-12T12:52:34.610943+00:00 task_update brief_id=f337abea-aa75-4558-84b3-9f8272173f98 status=prepared share_status=pending completion_status= polls=0
2026-09-12T12:52:34.618624+00:00 task_update brief_id=f337abea-aa75-4558-84b3-9f8272173f98 status=needs_auth share_status=pending completion_status= polls=0
2026-09-12T12:52:34.621131+00:00 [639/3960 |  16.1%] completed_this_run=639 attention=639 elapsed=11:26 eta=59:28 brief_id=f337abea-aa75-4558-84b3-9f8272173f98 status=needs_auth title="What research options could examine how technical standards activity relates to…" | Eureka authorization is missing or expired.
2026-09-12T12:52:34.622914+00:00 task_update brief_id=d23d932c-30c7-4373-bfba-d57587b102c0 status=prepared share_status=pending completion_status= polls=0
2026-09-12T12:52:34.631070+00:00 task_update brief_id=d23d932c-30c7-4373-bfba-d57587b102c0 status=needs_auth share_status=pending completion_status= polls=0
2026-09-12T12:52:34.633545+00:00 [640/3960 |  16.2%] completed_this_run=640 attention=640 elapsed=11:26 eta=59:21 brief_id=d23d932c-30c7-4373-bfba-d57587b102c0 status=needs_auth title="Which research tasks could compare competing outlooks on an industry's next tec…" | Eureka authorization is missing or expired.
2026-09-12T12:52:34.635164+00:00 task_update brief_id=80ac22a9-b6ec-41de-b11e-e188132bd449 status=prepared share_status=pending completion_status= polls=0
2026-09-12T12:52:34.643863+00:00 task_update brief_id=80ac22a9-b6ec-41de-b11e-e188132bd449 status=needs_auth share_status=pending completion_status= polls=0
2026-09-12T12:52:34.645971+00:00 [641/3960 |  16.2%] completed_this_run=641 attention=641 elapsed=11:26 eta=59:15 brief_id=80ac22a9-b6ec-41de-b11e-e188132bd449 status=needs_auth title="Which technology clusters are gaining or losing patent-filing momentum across t…" | Eureka authorization is missing or expired.
2026-09-12T12:52:34.647398+00:00 task_update brief_id=e3dcb48e-6ee0-41b2-ad97-b6f6b148335a status=prepared share_status=pending completion_status= polls=0
2026-09-12T12:52:34.656014+00:00 task_update brief_id=e3dcb48e-6ee0-41b2-ad97-b6f6b148335a status=needs_auth share_status=pending completion_status= polls=0
2026-09-12T12:52:34.658615+00:00 [642/3960 |  16.2%] completed_this_run=642 attention=642 elapsed=11:26 eta=59:08 brief_id=e3dcb48e-6ee0-41b2-ad97-b6f6b148335a status=needs_auth title="How is the concentration of patent activity among major rights holders changing…" | Eureka authorization is missing or expired.
2026-09-12T12:52:34.660426+00:00 task_update brief_id=13d985f9-9688-4843-abc6-7a2be6cc3d53 status=prepared share_status=pending completion_status= polls=0
2026-09-12T12:52:34.668914+00:00 task_update brief_id=13d985f9-9688-4843-abc6-7a2be6cc3d53 status=needs_auth share_status=pending completion_status= polls=0
2026-09-12T12:52:34.670778+00:00 [643/3960 |  16.2%] completed_this_run=643 attention=643 elapsed=11:26 eta=59:02 brief_id=13d985f9-9688-4843-abc6-7a2be6cc3d53 status=needs_auth title="Which geographic filing patterns are reshaping the industry patent landscape?" | Eureka authorization is missing or expired.
2026-09-12T12:52:34.672358+00:00 task_update brief_id=5d084512-ac0f-4752-8633-4a4f61a9477a status=prepared share_status=pending completion_status= polls=0
2026-09-12T12:52:34.680650+00:00 task_update brief_id=5d084512-ac0f-4752-8633-4a4f61a9477a status=needs_auth share_status=pending completion_status= polls=0
2026-09-12T12:52:34.682945+00:00 [644/3960 |  16.3%] completed_this_run=644 attention=644 elapsed=11:26 eta=58:55 brief_id=5d084512-ac0f-4752-8633-4a4f61a9477a status=needs_auth title="Which broad application areas are attracting the fastest growth in patent activ…" | Eureka authorization is missing or expired.
2026-09-12T12:52:34.684468+00:00 task_update brief_id=e37f1e06-1d57-43e1-a748-858517422b77 status=prepared share_status=pending completion_status= polls=0
2026-09-12T12:52:34.692988+00:00 task_update brief_id=e37f1e06-1d57-43e1-a748-858517422b77 status=needs_auth share_status=pending completion_status= polls=0
2026-09-12T12:52:34.695199+00:00 [645/3960 |  16.3%] completed_this_run=645 attention=645 elapsed=11:26 eta=58:49 brief_id=e37f1e06-1d57-43e1-a748-858517422b77 status=needs_auth title="Where are new intersections between technology fields emerging in the industry …" | Eureka authorization is missing or expired.
2026-09-12T12:52:34.696887+00:00 task_update brief_id=615fbf3c-7904-467c-9ff7-a2a7b878e6da status=prepared share_status=pending completion_status= polls=0
2026-09-12T12:52:34.705517+00:00 task_update brief_id=615fbf3c-7904-467c-9ff7-a2a7b878e6da status=needs_auth share_status=pending completion_status= polls=0
2026-09-12T12:52:34.707506+00:00 [646/3960 |  16.3%] completed_this_run=646 attention=646 elapsed=11:26 eta=58:42 brief_id=615fbf3c-7904-467c-9ff7-a2a7b878e6da status=needs_auth title="How are patent-family size and international filing breadth changing across the…" | Eureka authorization is missing or expired.
2026-09-12T12:52:34.709010+00:00 task_update brief_id=fe01682c-c35f-48d8-a756-51e818100ff7 status=prepared share_status=pending completion_status= polls=0
2026-09-12T12:52:34.718935+00:00 task_update brief_id=fe01682c-c35f-48d8-a756-51e818100ff7 status=needs_auth share_status=pending completion_status= polls=0
2026-09-12T12:52:34.721117+00:00 [647/3960 |  16.3%] completed_this_run=647 attention=647 elapsed=11:26 eta=58:36 brief_id=fe01682c-c35f-48d8-a756-51e818100ff7 status=needs_auth title="Which patent citation networks are becoming more influential across the industr…" | Eureka authorization is missing or expired.
2026-09-12T12:52:34.723176+00:00 task_update brief_id=4a0fd8b7-cb6a-4634-80bb-c9dea957fec1 status=prepared share_status=pending completion_status= polls=0
2026-09-12T12:52:34.732831+00:00 task_update brief_id=4a0fd8b7-cb6a-4634-80bb-c9dea957fec1 status=needs_auth share_status=pending completion_status= polls=0
2026-09-12T12:52:34.734964+00:00 [648/3960 |  16.4%] completed_this_run=648 attention=648 elapsed=11:26 eta=58:29 brief_id=4a0fd8b7-cb6a-4634-80bb-c9dea957fec1 status=needs_auth title="How is the maturity of major patent technology clusters evolving across the ind…" | Eureka authorization is missing or expired.
2026-09-12T12:52:34.736706+00:00 task_update brief_id=8d72927a-0310-45c1-86c5-45bc1d6f1cb1 status=prepared share_status=pending completion_status= polls=0
2026-09-12T12:52:34.746389+00:00 task_update brief_id=8d72927a-0310-45c1-86c5-45bc1d6f1cb1 status=needs_auth share_status=pending completion_status= polls=0
2026-09-12T12:52:34.748695+00:00 [649/3960 |  16.4%] completed_this_run=649 attention=649 elapsed=11:26 eta=58:23 brief_id=8d72927a-0310-45c1-86c5-45bc1d6f1cb1 status=needs_auth title="How are new entrants and established rights holders changing their positions in…" | Eureka authorization is missing or expired.
2026-09-12T12:52:34.750514+00:00 task_update brief_id=2388a6e4-1a06-4bb1-82e9-e1eb05cf74a5 status=prepared share_status=pending completion_status= polls=0
2026-09-12T12:52:34.758801+00:00 task_update brief_id=2388a6e4-1a06-4bb1-82e9-e1eb05cf74a5 status=needs_auth share_status=pending completion_status= polls=0
2026-09-12T12:52:34.793513+00:00 [650/3960 |  16.4%] completed_this_run=650 attention=650 elapsed=11:26 eta=58:17 brief_id=2388a6e4-1a06-4bb1-82e9-e1eb05cf74a5 status=needs_auth title="Which technical challenge and improvement themes are emerging most rapidly in i…" | Eureka authorization is missing or expired.
2026-09-12T12:52:34.797383+00:00 task_update brief_id=71cc28ff-c6eb-416b-acdc-bede8d81ffed status=prepared share_status=pending completion_status= polls=0
2026-09-12T12:52:34.805799+00:00 task_update brief_id=71cc28ff-c6eb-416b-acdc-bede8d81ffed status=needs_auth share_status=pending completion_status= polls=0
2026-09-12T12:52:34.808489+00:00 [651/3960 |  16.4%] completed_this_run=651 attention=651 elapsed=11:26 eta=58:10 brief_id=71cc28ff-c6eb-416b-acdc-bede8d81ffed status=needs_auth title="Which foundational technical concepts present the greatest prior-art risks acro…" | Eureka authorization is missing or expired.
2026-09-12T12:52:34.810048+00:00 task_update brief_id=5ad8e67a-6d4b-4a39-9063-90b62edd7549 status=prepared share_status=pending completion_status= polls=0
2026-09-12T12:52:34.817760+00:00 task_update brief_id=5ad8e67a-6d4b-4a39-9063-90b62edd7549 status=needs_auth share_status=pending completion_status= polls=0
2026-09-12T12:52:34.819697+00:00 [652/3960 |  16.5%] completed_this_run=652 attention=652 elapsed=11:26 eta=58:04 brief_id=5ad8e67a-6d4b-4a39-9063-90b62edd7549 status=needs_auth title="Where could prior art transferred from adjacent application fields create paten…" | Eureka authorization is missing or expired.
2026-09-12T12:52:34.821220+00:00 task_update brief_id=eed34365-267e-441b-8d34-26fd67dd33ec status=prepared share_status=pending completion_status= polls=0
2026-09-12T12:52:34.828821+00:00 task_update brief_id=eed34365-267e-441b-8d34-26fd67dd33ec status=needs_auth share_status=pending completion_status= polls=0
2026-09-12T12:52:34.831071+00:00 [653/3960 |  16.5%] completed_this_run=653 attention=653 elapsed=11:26 eta=57:58 brief_id=eed34365-267e-441b-8d34-26fd67dd33ec status=needs_auth title="Which previously disclosed combinations of known technologies may create patent…" | Eureka authorization is missing or expired.
2026-09-12T12:52:34.832571+00:00 task_update brief_id=8cdedaaf-18c1-444c-a8c8-e9a71534784e status=prepared share_status=pending completion_status= polls=0
2026-09-12T12:52:34.840106+00:00 task_update brief_id=8cdedaaf-18c1-444c-a8c8-e9a71534784e status=needs_auth share_status=pending completion_status= polls=0
2026-09-12T12:52:34.842981+00:00 [654/3960 |  16.5%] completed_this_run=654 attention=654 elapsed=11:26 eta=57:51 brief_id=8cdedaaf-18c1-444c-a8c8-e9a71534784e status=needs_auth title="Which earlier disclosures of enabling methods could pose patent risk across the…" | Eureka authorization is missing or expired.
2026-09-12T12:52:34.844664+00:00 task_update brief_id=d94e88d7-7414-4494-a5fe-e7c1f92f7b5f status=prepared share_status=pending completion_status= polls=0
2026-09-12T12:52:34.851654+00:00 task_update brief_id=d94e88d7-7414-4494-a5fe-e7c1f92f7b5f status=needs_auth share_status=pending completion_status= polls=0
2026-09-12T12:52:34.853986+00:00 [655/3960 |  16.5%] completed_this_run=655 attention=655 elapsed=11:26 eta=57:45 brief_id=d94e88d7-7414-4494-a5fe-e7c1f92f7b5f status=needs_auth title="At which lifecycle stages is earlier public evidence most likely to create pate…" | Eureka authorization is missing or expired.
2026-09-12T12:52:34.856030+00:00 task_update brief_id=54b1311d-4291-4ccf-b772-eb2e659b013a status=prepared share_status=pending completion_status= polls=0
2026-09-12T12:52:34.865194+00:00 task_update brief_id=54b1311d-4291-4ccf-b772-eb2e659b013a status=needs_auth share_status=pending completion_status= polls=0
2026-09-12T12:52:34.867434+00:00 [656/3960 |  16.6%] completed_this_run=656 attention=656 elapsed=11:26 eta=57:39 brief_id=54b1311d-4291-4ccf-b772-eb2e659b013a status=needs_auth title="Which earlier control and optimization approaches may create patent risk across…" | Eureka authorization is missing or expired.
2026-09-12T12:52:34.869736+00:00 task_update brief_id=14a36973-45be-4e4e-b143-d7e172d39c6a status=prepared share_status=pending completion_status= polls=0
2026-09-12T12:52:34.878434+00:00 task_update brief_id=14a36973-45be-4e4e-b143-d7e172d39c6a status=needs_auth share_status=pending completion_status= polls=0
2026-09-12T12:52:34.880740+00:00 [657/3960 |  16.6%] completed_this_run=657 attention=657 elapsed=11:26 eta=57:33 brief_id=14a36973-45be-4e4e-b143-d7e172d39c6a status=needs_auth title="Which disclosed interface and interoperability techniques may present patent ri…" | Eureka authorization is missing or expired.
2026-09-12T12:52:34.882748+00:00 task_update brief_id=49a4566c-db12-4855-ae0f-d6fd584ebc97 status=prepared share_status=pending completion_status= polls=0
2026-09-12T12:52:34.890891+00:00 task_update brief_id=49a4566c-db12-4855-ae0f-d6fd584ebc97 status=needs_auth share_status=pending completion_status= polls=0
2026-09-12T12:52:34.893287+00:00 [658/3960 |  16.6%] completed_this_run=658 attention=658 elapsed=11:26 eta=57:26 brief_id=49a4566c-db12-4855-ae0f-d6fd584ebc97 status=needs_auth title="Which earlier implementation and production methods may pose patent risk across…" | Eureka authorization is missing or expired.
2026-09-12T12:52:34.895490+00:00 task_update brief_id=04459d8d-8f26-4d4a-8fe5-caccae61b1ad status=prepared share_status=pending completion_status= polls=0
2026-09-12T12:52:34.903817+00:00 task_update brief_id=04459d8d-8f26-4d4a-8fe5-caccae61b1ad status=needs_auth share_status=pending completion_status= polls=0
2026-09-12T12:52:34.906230+00:00 [659/3960 |  16.6%] completed_this_run=659 attention=659 elapsed=11:26 eta=57:20 brief_id=04459d8d-8f26-4d4a-8fe5-caccae61b1ad status=needs_auth title="Which emerging technical directions already have prior-art footprints that may …" | Eureka authorization is missing or expired.
2026-09-12T12:52:34.908002+00:00 task_update brief_id=57b4a431-c8e8-4e4d-8175-52c8d934a3a6 status=prepared share_status=pending completion_status= polls=0
2026-09-12T12:52:34.915694+00:00 task_update brief_id=57b4a431-c8e8-4e4d-8175-52c8d934a3a6 status=needs_auth share_status=pending completion_status= polls=0
2026-09-12T12:52:34.918183+00:00 [660/3960 |  16.7%] completed_this_run=660 attention=660 elapsed=11:26 eta=57:14 brief_id=57b4a431-c8e8-4e4d-8175-52c8d934a3a6 status=needs_auth title="Which non-patent public disclosures may reveal overlooked prior-art risks acros…" | Eureka authorization is missing or expired.
2026-09-12T12:52:34.919833+00:00 task_update brief_id=c989706d-8785-4e99-b56f-7a02117449b9 status=prepared share_status=pending completion_status= polls=0
2026-09-12T12:52:34.927623+00:00 task_update brief_id=c989706d-8785-4e99-b56f-7a02117449b9 status=needs_auth share_status=pending completion_status= polls=0
2026-09-12T12:52:34.929898+00:00 [661/3960 |  16.7%] completed_this_run=661 attention=661 elapsed=11:26 eta=57:08 brief_id=c989706d-8785-4e99-b56f-7a02117449b9 status=needs_auth title="Which emerging software-defined vehicle technologies offer the strongest innova…" | Eureka authorization is missing or expired.
2026-09-12T12:52:34.931629+00:00 task_update brief_id=6a426c1d-6131-482d-989c-4017b96e52d2 status=prepared share_status=pending completion_status= polls=0
2026-09-12T12:52:34.939206+00:00 task_update brief_id=6a426c1d-6131-482d-989c-4017b96e52d2 status=needs_auth share_status=pending completion_status= polls=0
2026-09-12T12:52:34.941751+00:00 [662/3960 |  16.7%] completed_this_run=662 attention=662 elapsed=11:26 eta=57:02 brief_id=6a426c1d-6131-482d-989c-4017b96e52d2 status=needs_auth title="Which emerging vehicle energy technologies create new innovation opportunities …" | Eureka authorization is missing or expired.
2026-09-12T12:52:34.943428+00:00 task_update brief_id=7012fa20-ea86-4e96-9a21-51728943f047 status=prepared share_status=pending completion_status= polls=0
2026-09-12T12:52:34.952777+00:00 task_update brief_id=7012fa20-ea86-4e96-9a21-51728943f047 status=needs_auth share_status=pending completion_status= polls=0
2026-09-12T12:52:34.956241+00:00 [663/3960 |  16.7%] completed_this_run=663 attention=663 elapsed=11:26 eta=56:55 brief_id=7012fa20-ea86-4e96-9a21-51728943f047 status=needs_auth title="Which advanced manufacturing technologies present high-potential innovation opp…" | Eureka authorization is missing or expired.
2026-09-12T12:52:34.959211+00:00 task_update brief_id=80d8ba56-d459-4b7b-99cb-80111fa44bd3 status=prepared share_status=pending completion_status= polls=0
2026-09-12T12:52:34.968168+00:00 task_update brief_id=80d8ba56-d459-4b7b-99cb-80111fa44bd3 status=needs_auth share_status=pending completion_status= polls=0
2026-09-12T12:52:34.971081+00:00 [664/3960 |  16.8%] completed_this_run=664 attention=664 elapsed=11:26 eta=56:49 brief_id=80d8ba56-d459-4b7b-99cb-80111fa44bd3 status=needs_auth title="Which circular-economy technologies could unlock new innovation opportunities a…" | Eureka authorization is missing or expired.
2026-09-12T12:52:34.974577+00:00 task_update brief_id=5499b919-cc79-4f04-992a-7a0d8d14784f status=prepared share_status=pending completion_status= polls=0
2026-09-12T12:52:34.987287+00:00 task_update brief_id=5499b919-cc79-4f04-992a-7a0d8d14784f status=needs_auth share_status=pending completion_status= polls=0
2026-09-12T12:52:34.989957+00:00 [665/3960 |  16.8%] completed_this_run=665 attention=665 elapsed=11:26 eta=56:43 brief_id=5499b919-cc79-4f04-992a-7a0d8d14784f status=needs_auth title="Which emerging safety technologies address unmet needs and create innovation op…" | Eureka authorization is missing or expired.
2026-09-12T12:52:34.991933+00:00 task_update brief_id=343fa562-eb8c-4f29-8f0b-824c6f3e4d8f status=prepared share_status=pending completion_status= polls=0
2026-09-12T12:52:35.001545+00:00 task_update brief_id=343fa562-eb8c-4f29-8f0b-824c6f3e4d8f status=needs_auth share_status=pending completion_status= polls=0
2026-09-12T12:52:35.004146+00:00 [666/3960 |  16.8%] completed_this_run=666 attention=666 elapsed=11:26 eta=56:37 brief_id=343fa562-eb8c-4f29-8f0b-824c6f3e4d8f status=needs_auth title="Which emerging in-vehicle experience technologies offer underexplored innovatio…" | Eureka authorization is missing or expired.
2026-09-12T12:52:35.006115+00:00 task_update brief_id=88575e28-7a79-41e4-9591-bbe31f179d3b status=prepared share_status=pending completion_status= polls=0
2026-09-12T12:52:35.016953+00:00 task_update brief_id=88575e28-7a79-41e4-9591-bbe31f179d3b status=needs_auth share_status=pending completion_status= polls=0
2026-09-12T12:52:35.019584+00:00 [667/3960 |  16.8%] completed_this_run=667 attention=667 elapsed=11:26 eta=56:31 brief_id=88575e28-7a79-41e4-9591-bbe31f179d3b status=needs_auth title="Which connectivity and cooperative-mobility technologies create emerging innova…" | Eureka authorization is missing or expired.
2026-09-12T12:52:35.021555+00:00 task_update brief_id=0858710a-94f9-4cf2-9352-c2147f1d15cc status=prepared share_status=pending completion_status= polls=0
2026-09-12T12:52:35.030821+00:00 task_update brief_id=0858710a-94f9-4cf2-9352-c2147f1d15cc status=needs_auth share_status=pending completion_status= polls=0
2026-09-12T12:52:35.039509+00:00 [668/3960 |  16.9%] completed_this_run=668 attention=668 elapsed=11:27 eta=56:25 brief_id=0858710a-94f9-4cf2-9352-c2147f1d15cc status=needs_auth title="Which technologies could improve automotive supply-chain resilience while openi…" | Eureka authorization is missing or expired.
2026-09-12T12:52:35.041447+00:00 task_update brief_id=87de8526-fa40-487b-b719-8c5ca0e34404 status=prepared share_status=pending completion_status= polls=0
2026-09-12T12:52:35.049537+00:00 task_update brief_id=87de8526-fa40-487b-b719-8c5ca0e34404 status=needs_auth share_status=pending completion_status= polls=0
2026-09-12T12:52:35.052313+00:00 [669/3960 |  16.9%] completed_this_run=669 attention=669 elapsed=11:27 eta=56:19 brief_id=87de8526-fa40-487b-b719-8c5ca0e34404 status=needs_auth title="Which emerging engineering and validation technologies could unlock innovation …" | Eureka authorization is missing or expired.
2026-09-12T12:52:35.053966+00:00 task_update brief_id=295c52d7-43fb-4e55-9c0c-9a45f3493c8d status=prepared share_status=pending completion_status= polls=0
2026-09-12T12:52:35.062632+00:00 task_update brief_id=295c52d7-43fb-4e55-9c0c-9a45f3493c8d status=needs_auth share_status=pending completion_status= polls=0
2026-09-12T12:52:35.065184+00:00 [670/3960 |  16.9%] completed_this_run=670 attention=670 elapsed=11:27 eta=56:13 brief_id=295c52d7-43fb-4e55-9c0c-9a45f3493c8d status=needs_auth title="Which cross-industry technologies are most promising for creating new automotiv…" | Eureka authorization is missing or expired.
2026-09-12T12:52:35.066830+00:00 task_update brief_id=b6709b87-bdcc-44bb-94b5-c6b83118048c status=prepared share_status=pending completion_status= polls=0
2026-09-12T12:52:35.074659+00:00 task_update brief_id=b6709b87-bdcc-44bb-94b5-c6b83118048c status=needs_auth share_status=pending completion_status= polls=0
2026-09-12T12:52:35.077329+00:00 [671/3960 |  16.9%] completed_this_run=671 attention=671 elapsed=11:27 eta=56:07 brief_id=b6709b87-bdcc-44bb-94b5-c6b83118048c status=needs_auth title="Which research tasks would best map recent shifts across the automotive industr…" | Eureka authorization is missing or expired.
2026-09-12T12:52:35.078942+00:00 task_update brief_id=af165bf1-2d2b-4a22-bfb0-8c2422ed9f59 status=prepared share_status=pending completion_status= polls=0
2026-09-12T12:52:35.086843+00:00 task_update brief_id=af165bf1-2d2b-4a22-bfb0-8c2422ed9f59 status=needs_auth share_status=pending completion_status= polls=0
2026-09-12T12:52:35.091534+00:00 [672/3960 |  17.0%] completed_this_run=672 attention=672 elapsed=11:27 eta=56:01 brief_id=af165bf1-2d2b-4a22-bfb0-8c2422ed9f59 status=needs_auth title="What task menu could clarify how maturity is changing across automotive technol…" | Eureka authorization is missing or expired.
2026-09-12T12:52:35.094283+00:00 task_update brief_id=5eeb4ad6-f664-4a63-8cd2-d24645dbbb59 status=prepared share_status=pending completion_status= polls=0
2026-09-12T12:52:35.101900+00:00 task_update brief_id=5eeb4ad6-f664-4a63-8cd2-d24645dbbb59 status=needs_auth share_status=pending completion_status= polls=0
2026-09-12T12:52:35.104268+00:00 [673/3960 |  17.0%] completed_this_run=673 attention=673 elapsed=11:27 eta=55:55 brief_id=5eeb4ad6-f664-4a63-8cd2-d24645dbbb59 status=needs_auth title="Which research approaches could reveal where technology activity is shifting ac…" | Eureka authorization is missing or expired.
2026-09-12T12:52:35.105882+00:00 task_update brief_id=b1358277-ec6d-4600-9646-e92649b54f56 status=prepared share_status=pending completion_status= polls=0
2026-09-12T12:52:35.115575+00:00 task_update brief_id=b1358277-ec6d-4600-9646-e92649b54f56 status=needs_auth share_status=pending completion_status= polls=0
2026-09-12T12:52:35.117828+00:00 [674/3960 |  17.0%] completed_this_run=674 attention=674 elapsed=11:27 eta=55:49 brief_id=b1358277-ec6d-4600-9646-e92649b54f56 status=needs_auth title="What research tasks could compare technology trends across the automotive lifec…" | Eureka authorization is missing or expired.
2026-09-12T12:52:35.119366+00:00 task_update brief_id=35928bb7-3d90-4325-9539-7299522d36df status=prepared share_status=pending completion_status= polls=0
2026-09-12T12:52:35.126886+00:00 task_update brief_id=35928bb7-3d90-4325-9539-7299522d36df status=needs_auth share_status=pending completion_status= polls=0
2026-09-12T12:52:35.164264+00:00 [675/3960 |  17.0%] completed_this_run=675 attention=675 elapsed=11:27 eta=55:44 brief_id=35928bb7-3d90-4325-9539-7299522d36df status=needs_auth title="Which task options would best identify emerging convergence among automotive te…" | Eureka authorization is missing or expired.
2026-09-12T12:52:35.168703+00:00 task_update brief_id=49629747-f2f9-4c52-b950-29f467dbb734 status=prepared share_status=pending completion_status= polls=0
2026-09-12T12:52:35.176321+00:00 task_update brief_id=49629747-f2f9-4c52-b950-29f467dbb734 status=needs_auth share_status=pending completion_status= polls=0
2026-09-12T12:52:35.178531+00:00 [676/3960 |  17.1%] completed_this_run=676 attention=676 elapsed=11:27 eta=55:38 brief_id=49629747-f2f9-4c52-b950-29f467dbb734 status=needs_auth title="What research tasks could track shifts in the automotive industry's major syste…" | Eureka authorization is missing or expired.
2026-09-12T12:52:35.179871+00:00 task_update brief_id=e257d13d-a6c1-4471-87b2-4c5b59774f57 status=prepared share_status=pending completion_status= polls=0
2026-09-12T12:52:35.187377+00:00 task_update brief_id=e257d13d-a6c1-4471-87b2-4c5b59774f57 status=needs_auth share_status=pending completion_status= polls=0
2026-09-12T12:52:35.189895+00:00 [677/3960 |  17.1%] completed_this_run=677 attention=677 elapsed=11:27 eta=55:32 brief_id=e257d13d-a6c1-4471-87b2-4c5b59774f57 status=needs_auth title="Which evidence-based research tasks could show how automotive technology priori…" | Eureka authorization is missing or expired.
2026-09-12T12:52:35.191596+00:00 task_update brief_id=3ad9c451-bb02-4081-8b4a-cb1e89628745 status=prepared share_status=pending completion_status= polls=0
2026-09-12T12:52:35.199013+00:00 task_update brief_id=3ad9c451-bb02-4081-8b4a-cb1e89628745 status=needs_auth share_status=pending completion_status= polls=0
2026-09-12T12:52:35.201298+00:00 [678/3960 |  17.1%] completed_this_run=678 attention=678 elapsed=11:27 eta=55:26 brief_id=3ad9c451-bb02-4081-8b4a-cb1e89628745 status=needs_auth title="What task menu could distinguish research, commercialization, and adoption sign…" | Eureka authorization is missing or expired.
2026-09-12T12:52:35.202623+00:00 task_update brief_id=8b95856c-4dca-4f18-98c4-e0e25dc7f436 status=prepared share_status=pending completion_status= polls=0
2026-09-12T12:52:35.210704+00:00 task_update brief_id=8b95856c-4dca-4f18-98c4-e0e25dc7f436 status=needs_auth share_status=pending completion_status= polls=0
2026-09-12T12:52:35.212890+00:00 [679/3960 |  17.1%] completed_this_run=679 attention=679 elapsed=11:27 eta=55:20 brief_id=8b95856c-4dca-4f18-98c4-e0e25dc7f436 status=needs_auth title="Which research tasks could assess how external pressures are redirecting the au…" | Eureka authorization is missing or expired.
2026-09-12T12:52:35.214206+00:00 task_update brief_id=7cf8960f-9785-4a24-929e-b5e012fd2bef status=prepared share_status=pending completion_status= polls=0
2026-09-12T12:52:35.222000+00:00 task_update brief_id=7cf8960f-9785-4a24-929e-b5e012fd2bef status=needs_auth share_status=pending completion_status= polls=0
2026-09-12T12:52:35.224321+00:00 [680/3960 |  17.2%] completed_this_run=680 attention=680 elapsed=11:27 eta=55:14 brief_id=7cf8960f-9785-4a24-929e-b5e012fd2bef status=needs_auth title="What research tasks would best explore likely next developments and uncertainti…" | Eureka authorization is missing or expired.
2026-09-12T12:52:35.225799+00:00 task_update brief_id=e2820d8f-7ef6-48de-9028-6bf3540cb2b0 status=prepared share_status=pending completion_status= polls=0
2026-09-12T12:52:35.233614+00:00 task_update brief_id=e2820d8f-7ef6-48de-9028-6bf3540cb2b0 status=needs_auth share_status=pending completion_status= polls=0
2026-09-12T12:52:35.235775+00:00 [681/3960 |  17.2%] completed_this_run=681 attention=681 elapsed=11:27 eta=55:08 brief_id=e2820d8f-7ef6-48de-9028-6bf3540cb2b0 status=needs_auth title="How are automotive patent filing trends and technology clusters changing across…" | Eureka authorization is missing or expired.
2026-09-12T12:52:35.237143+00:00 task_update brief_id=2e2ce246-ada0-4fa5-9096-b943456cea27 status=prepared share_status=pending completion_status= polls=0
2026-09-12T12:52:35.244886+00:00 task_update brief_id=2e2ce246-ada0-4fa5-9096-b943456cea27 status=needs_auth share_status=pending completion_status= polls=0
2026-09-12T12:52:35.247171+00:00 [682/3960 |  17.2%] completed_this_run=682 attention=682 elapsed=11:27 eta=55:03 brief_id=2e2ce246-ada0-4fa5-9096-b943456cea27 status=needs_auth title="Which automotive technology fields are showing the strongest acceleration, stab…" | Eureka authorization is missing or expired.
2026-09-12T12:52:35.248715+00:00 task_update brief_id=d3329c8e-85b4-4a8e-b7d7-9b610cae2bfe status=prepared share_status=pending completion_status= polls=0
2026-09-12T12:52:35.256517+00:00 task_update brief_id=d3329c8e-85b4-4a8e-b7d7-9b610cae2bfe status=needs_auth share_status=pending completion_status= polls=0
2026-09-12T12:52:35.258821+00:00 [683/3960 |  17.2%] completed_this_run=683 attention=683 elapsed=11:27 eta=54:57 brief_id=d3329c8e-85b4-4a8e-b7d7-9b610cae2bfe status=needs_auth title="How is the landscape of major automotive patent rights holders and new entrants…" | Eureka authorization is missing or expired.
2026-09-12T12:52:35.260303+00:00 task_update brief_id=4f80290a-93a8-4038-bb06-31d8f1540177 status=prepared share_status=pending completion_status= polls=0
2026-09-12T12:52:35.274766+00:00 task_update brief_id=4f80290a-93a8-4038-bb06-31d8f1540177 status=needs_auth share_status=pending completion_status= polls=0
2026-09-12T12:52:35.277175+00:00 [684/3960 |  17.3%] completed_this_run=684 attention=684 elapsed=11:27 eta=54:51 brief_id=4f80290a-93a8-4038-bb06-31d8f1540177 status=needs_auth title="Where is patent activity converging across major automotive technology domains?" | Eureka authorization is missing or expired.
2026-09-12T12:52:35.278635+00:00 task_update brief_id=d13d0ae6-e34e-4445-9af8-6a05ca27ffc8 status=prepared share_status=pending completion_status= polls=0
2026-09-12T12:52:35.286083+00:00 task_update brief_id=d13d0ae6-e34e-4445-9af8-6a05ca27ffc8 status=needs_auth share_status=pending completion_status= polls=0
2026-09-12T12:52:35.288308+00:00 [685/3960 |  17.3%] completed_this_run=685 attention=685 elapsed=11:27 eta=54:45 brief_id=d13d0ae6-e34e-4445-9af8-6a05ca27ffc8 status=needs_auth title="How is the geographic distribution of automotive patent activity shifting world…" | Eureka authorization is missing or expired.
2026-09-12T12:52:35.290050+00:00 task_update brief_id=9484a318-3f5b-4ffe-8fa9-9f2de681428a status=prepared share_status=pending completion_status= polls=0
2026-09-12T12:52:35.301665+00:00 task_update brief_id=9484a318-3f5b-4ffe-8fa9-9f2de681428a status=needs_auth share_status=pending completion_status= polls=0
2026-09-12T12:52:35.303832+00:00 [686/3960 |  17.3%] completed_this_run=686 attention=686 elapsed=11:27 eta=54:40 brief_id=9484a318-3f5b-4ffe-8fa9-9f2de681428a status=needs_auth title="How are automotive patent trends shifting across research, vehicle development,…" | Eureka authorization is missing or expired.
2026-09-12T12:52:35.305245+00:00 task_update brief_id=bef22d2c-ea09-422c-8677-bc1458399aae status=prepared share_status=pending completion_status= polls=0
2026-09-12T12:52:35.313105+00:00 task_update brief_id=bef22d2c-ea09-422c-8677-bc1458399aae status=needs_auth share_status=pending completion_status= polls=0
2026-09-12T12:52:35.315445+00:00 [687/3960 |  17.3%] completed_this_run=687 attention=687 elapsed=11:27 eta=54:34 brief_id=bef22d2c-ea09-422c-8677-bc1458399aae status=needs_auth title="Which automotive patent clusters show signals of emerging maturity or increasin…" | Eureka authorization is missing or expired.
2026-09-12T12:52:35.316849+00:00 task_update brief_id=88181588-7aa9-4f15-b6b4-65325b240288 status=prepared share_status=pending completion_status= polls=0
2026-09-12T12:52:35.324453+00:00 task_update brief_id=88181588-7aa9-4f15-b6b4-65325b240288 status=needs_auth share_status=pending completion_status= polls=0
2026-09-12T12:52:35.326995+00:00 [688/3960 |  17.4%] completed_this_run=688 attention=688 elapsed=11:27 eta=54:28 brief_id=88181588-7aa9-4f15-b6b4-65325b240288 status=needs_auth title="Which emerging automotive patent areas remain fragmented or comparatively under…" | Eureka authorization is missing or expired.
2026-09-12T12:52:35.328660+00:00 task_update brief_id=ba55775a-c81e-4d05-bfed-bd7615fc036d status=prepared share_status=pending completion_status= polls=0
2026-09-12T12:52:35.336421+00:00 task_update brief_id=ba55775a-c81e-4d05-bfed-bd7615fc036d status=needs_auth share_status=pending completion_status= polls=0
2026-09-12T12:52:35.339605+00:00 [689/3960 |  17.4%] completed_this_run=689 attention=689 elapsed=11:27 eta=54:22 brief_id=ba55775a-c81e-4d05-bfed-bd7615fc036d status=needs_auth title="How are collaboration and knowledge-flow networks changing in the automotive pa…" | Eureka authorization is missing or expired.
2026-09-12T12:52:35.341587+00:00 task_update brief_id=981f6e40-9cf9-4cb6-aad0-6bd1d785e261 status=prepared share_status=pending completion_status= polls=0
2026-09-12T12:52:35.359449+00:00 task_update brief_id=981f6e40-9cf9-4cb6-aad0-6bd1d785e261 status=needs_auth share_status=pending completion_status= polls=0
2026-09-12T12:52:35.362019+00:00 [690/3960 |  17.4%] completed_this_run=690 attention=690 elapsed=11:27 eta=54:17 brief_id=981f6e40-9cf9-4cb6-aad0-6bd1d785e261 status=needs_auth title="How are automotive patent families evolving from early filings into broader int…" | Eureka authorization is missing or expired.
2026-09-12T12:52:35.364081+00:00 task_update brief_id=ebb42159-954f-4803-9c11-b4e37f5e3a4b status=prepared share_status=pending completion_status= polls=0
2026-09-12T12:52:35.375786+00:00 task_update brief_id=ebb42159-954f-4803-9c11-b4e37f5e3a4b status=needs_auth share_status=pending completion_status= polls=0
2026-09-12T12:52:35.378219+00:00 [691/3960 |  17.4%] completed_this_run=691 attention=691 elapsed=11:27 eta=54:11 brief_id=ebb42159-954f-4803-9c11-b4e37f5e3a4b status=needs_auth title="What intellectual-property risks could constrain automotive electrification pro…" | Eureka authorization is missing or expired.
2026-09-12T12:52:35.380467+00:00 task_update brief_id=1bd78338-0bd0-4805-a73e-68f034025088 status=prepared share_status=pending completion_status= polls=0
2026-09-12T12:52:35.391518+00:00 task_update brief_id=1bd78338-0bd0-4805-a73e-68f034025088 status=needs_auth share_status=pending completion_status= polls=0
2026-09-12T12:52:35.393914+00:00 [692/3960 |  17.5%] completed_this_run=692 attention=692 elapsed=11:27 eta=54:06 brief_id=1bd78338-0bd0-4805-a73e-68f034025088 status=needs_auth title="Which intellectual-property risks should automotive product strategists assess …" | Eureka authorization is missing or expired.
2026-09-12T12:52:35.395457+00:00 task_update brief_id=a1e158fc-f96c-4396-bcb1-2ef84e852481 status=prepared share_status=pending completion_status= polls=0
2026-09-12T12:52:35.404628+00:00 task_update brief_id=a1e158fc-f96c-4396-bcb1-2ef84e852481 status=needs_auth share_status=pending completion_status= polls=0
2026-09-12T12:52:35.407692+00:00 [693/3960 |  17.5%] completed_this_run=693 attention=693 elapsed=11:27 eta=54:00 brief_id=a1e158fc-f96c-4396-bcb1-2ef84e852481 status=needs_auth title="What intellectual-property risks could affect automotive connected-service port…" | Eureka authorization is missing or expired.
2026-09-12T12:52:35.409034+00:00 task_update brief_id=dd539dac-0c93-444f-be4f-f84ffdcf20c7 status=prepared share_status=pending completion_status= polls=0
2026-09-12T12:52:35.418678+00:00 task_update brief_id=dd539dac-0c93-444f-be4f-f84ffdcf20c7 status=needs_auth share_status=pending completion_status= polls=0
2026-09-12T12:52:35.422173+00:00 [694/3960 |  17.5%] completed_this_run=694 attention=694 elapsed=11:27 eta=53:54 brief_id=dd539dac-0c93-444f-be4f-f84ffdcf20c7 status=needs_auth title="Which patent and ownership risks could shape automotive strategies for assisted…" | Eureka authorization is missing or expired.
2026-09-12T12:52:35.424423+00:00 task_update brief_id=1b3c4c51-41c5-4d1a-875c-1e83f7412fc9 status=prepared share_status=pending completion_status= polls=0
2026-09-12T12:52:35.433829+00:00 task_update brief_id=1b3c4c51-41c5-4d1a-875c-1e83f7412fc9 status=needs_auth share_status=pending completion_status= polls=0
2026-09-12T12:52:35.437785+00:00 [695/3960 |  17.6%] completed_this_run=695 attention=695 elapsed=11:27 eta=53:49 brief_id=1b3c4c51-41c5-4d1a-875c-1e83f7412fc9 status=needs_auth title="What standard-essential patent risks should inform automotive connectivity prod…" | Eureka authorization is missing or expired.
2026-09-12T12:52:35.440344+00:00 task_update brief_id=5049b314-2947-4d16-aa34-a59cd2f9c960 status=prepared share_status=pending completion_status= polls=0
2026-09-12T12:52:35.451650+00:00 task_update brief_id=5049b314-2947-4d16-aa34-a59cd2f9c960 status=needs_auth share_status=pending completion_status= polls=0
2026-09-12T12:52:35.454957+00:00 [696/3960 |  17.6%] completed_this_run=696 attention=696 elapsed=11:27 eta=53:43 brief_id=5049b314-2947-4d16-aa34-a59cd2f9c960 status=needs_auth title="Which intellectual-property risks arise when automotive products incorporate op…" | Eureka authorization is missing or expired.
2026-09-12T12:52:35.457218+00:00 task_update brief_id=ce558cb5-b46d-4a40-a7ae-8c36749394fd status=prepared share_status=pending completion_status= polls=0
2026-09-12T12:52:35.465422+00:00 task_update brief_id=ce558cb5-b46d-4a40-a7ae-8c36749394fd status=needs_auth share_status=pending completion_status= polls=0
2026-09-12T12:52:35.467943+00:00 [697/3960 |  17.6%] completed_this_run=697 attention=697 elapsed=11:27 eta=53:38 brief_id=ce558cb5-b46d-4a40-a7ae-8c36749394fd status=needs_auth title="What IP ownership and freedom-to-operate risks could emerge from automotive tec…" | Eureka authorization is missing or expired.
2026-09-12T12:52:35.469645+00:00 task_update brief_id=16dcfa9f-073d-41f5-9037-72a42c771407 status=prepared share_status=pending completion_status= polls=0
2026-09-12T12:52:35.477972+00:00 task_update brief_id=16dcfa9f-073d-41f5-9037-72a42c771407 status=needs_auth share_status=pending completion_status= polls=0
2026-09-12T12:52:35.480646+00:00 [698/3960 |  17.6%] completed_this_run=698 attention=698 elapsed=11:27 eta=53:32 brief_id=16dcfa9f-073d-41f5-9037-72a42c771407 status=needs_auth title="Which intellectual-property risks could limit reuse of technologies across auto…" | Eureka authorization is missing or expired.
2026-09-12T12:52:35.482666+00:00 task_update brief_id=09d5d308-3baa-473d-9ed8-22dc3c052ee8 status=prepared share_status=pending completion_status= polls=0
2026-09-12T12:52:35.491253+00:00 task_update brief_id=09d5d308-3baa-473d-9ed8-22dc3c052ee8 status=needs_auth share_status=pending completion_status= polls=0
2026-09-12T12:52:35.493774+00:00 [699/3960 |  17.7%] completed_this_run=699 attention=699 elapsed=11:27 eta=53:27 brief_id=09d5d308-3baa-473d-9ed8-22dc3c052ee8 status=needs_auth title="What design-around risks and opportunities should be assessed in automotive pro…" | Eureka authorization is missing or expired.
2026-09-12T12:52:35.495393+00:00 task_update brief_id=60788398-1e40-4ac1-b094-93f4da94dca1 status=prepared share_status=pending completion_status= polls=0
2026-09-12T12:52:35.503904+00:00 task_update brief_id=60788398-1e40-4ac1-b094-93f4da94dca1 status=needs_auth share_status=pending completion_status= polls=0
2026-09-12T12:52:35.545559+00:00 [700/3960 |  17.7%] completed_this_run=700 attention=700 elapsed=11:27 eta=53:21 brief_id=60788398-1e40-4ac1-b094-93f4da94dca1 status=needs_auth title="Which emerging automotive technology fields present the greatest intellectual-p…" | Eureka authorization is missing or expired.
2026-09-12T12:52:35.547439+00:00 task_update brief_id=430dc991-b039-46d5-9cb7-1d1d90c04641 status=prepared share_status=pending completion_status= polls=0
2026-09-12T12:52:35.557527+00:00 task_update brief_id=430dc991-b039-46d5-9cb7-1d1d90c04641 status=needs_auth share_status=pending completion_status= polls=0
2026-09-12T12:52:35.560798+00:00 [701/3960 |  17.7%] completed_this_run=701 attention=701 elapsed=11:27 eta=53:16 brief_id=430dc991-b039-46d5-9cb7-1d1d90c04641 status=needs_auth title="Which propulsion and onboard energy technology trends should shape automotive R…" | Eureka authorization is missing or expired.
2026-09-12T12:52:35.563838+00:00 task_update brief_id=6a43615a-0981-45fc-a0dd-c3faad60d612 status=prepared share_status=pending completion_status= polls=0
2026-09-12T12:52:35.572818+00:00 task_update brief_id=6a43615a-0981-45fc-a0dd-c3faad60d612 status=needs_auth share_status=pending completion_status= polls=0
2026-09-12T12:52:35.575325+00:00 [702/3960 |  17.7%] completed_this_run=702 attention=702 elapsed=11:27 eta=53:10 brief_id=6a43615a-0981-45fc-a0dd-c3faad60d612 status=needs_auth title="Which software-defined vehicle and electronic architecture trends merit greater…" | Eureka authorization is missing or expired.
2026-09-12T12:52:35.577224+00:00 task_update brief_id=6e5efc0d-b6ca-4cce-9685-57e22d15035b status=prepared share_status=pending completion_status= polls=0
2026-09-12T12:52:35.586259+00:00 task_update brief_id=6e5efc0d-b6ca-4cce-9685-57e22d15035b status=needs_auth share_status=pending completion_status= polls=0
2026-09-12T12:52:35.588636+00:00 [703/3960 |  17.8%] completed_this_run=703 attention=703 elapsed=11:27 eta=53:05 brief_id=6e5efc0d-b6ca-4cce-9685-57e22d15035b status=needs_auth title="Which automated-driving and vehicle-perception research trends should be priori…" | Eureka authorization is missing or expired.
2026-09-12T12:52:35.590409+00:00 task_update brief_id=76e2adcc-a777-4496-97e3-1198c1610e5f status=prepared share_status=pending completion_status= polls=0
2026-09-12T12:52:35.598389+00:00 task_update brief_id=76e2adcc-a777-4496-97e3-1198c1610e5f status=needs_auth share_status=pending completion_status= polls=0
2026-09-12T12:52:35.600715+00:00 [704/3960 |  17.8%] completed_this_run=704 attention=704 elapsed=11:27 eta=52:59 brief_id=76e2adcc-a777-4496-97e3-1198c1610e5f status=needs_auth title="Which advanced automotive manufacturing trends offer the strongest directions f…" | Eureka authorization is missing or expired.
2026-09-12T12:52:35.602560+00:00 task_update brief_id=a08d35fa-8270-4e1f-b68f-85d5c24d4962 status=prepared share_status=pending completion_status= polls=0
2026-09-12T12:52:35.612735+00:00 task_update brief_id=a08d35fa-8270-4e1f-b68f-85d5c24d4962 status=needs_auth share_status=pending completion_status= polls=0
2026-09-12T12:52:35.615596+00:00 [705/3960 |  17.8%] completed_this_run=705 attention=705 elapsed=11:27 eta=52:54 brief_id=a08d35fa-8270-4e1f-b68f-85d5c24d4962 status=needs_auth title="Which lightweighting and advanced-materials trends should guide automotive R&D …" | Eureka authorization is missing or expired.
2026-09-12T12:52:35.617589+00:00 task_update brief_id=f99129d9-8d00-4a7d-9b60-a347f267db44 status=prepared share_status=pending completion_status= polls=0
2026-09-12T12:52:35.625951+00:00 task_update brief_id=f99129d9-8d00-4a7d-9b60-a347f267db44 status=needs_auth share_status=pending completion_status= polls=0
2026-09-12T12:52:35.628341+00:00 [706/3960 |  17.8%] completed_this_run=706 attention=706 elapsed=11:27 eta=52:49 brief_id=f99129d9-8d00-4a7d-9b60-a347f267db44 status=needs_auth title="Which circularity, recycling, and remanufacturing technology trends should infl…" | Eureka authorization is missing or expired.
2026-09-12T12:52:35.630134+00:00 task_update brief_id=ec2c4c01-107e-4953-9202-2c9ef30530ea status=prepared share_status=pending completion_status= polls=0
2026-09-12T12:52:35.638616+00:00 task_update brief_id=ec2c4c01-107e-4953-9202-2c9ef30530ea status=needs_auth share_status=pending completion_status= polls=0
2026-09-12T12:52:35.640798+00:00 [707/3960 |  17.9%] completed_this_run=707 attention=707 elapsed=11:27 eta=52:43 brief_id=ec2c4c01-107e-4953-9202-2c9ef30530ea status=needs_auth title="Which connected-vehicle, V2X, and automotive cybersecurity trends deserve prior…" | Eureka authorization is missing or expired.
2026-09-12T12:52:35.642741+00:00 task_update brief_id=477b0d75-975c-4702-984f-005022b0c7b7 status=prepared share_status=pending completion_status= polls=0
2026-09-12T12:52:35.651963+00:00 task_update brief_id=477b0d75-975c-4702-984f-005022b0c7b7 status=needs_auth share_status=pending completion_status= polls=0
2026-09-12T12:52:35.654661+00:00 [708/3960 |  17.9%] completed_this_run=708 attention=708 elapsed=11:27 eta=52:38 brief_id=477b0d75-975c-4702-984f-005022b0c7b7 status=needs_auth title="Which vehicle thermal-management and energy-efficiency trends should be elevate…" | Eureka authorization is missing or expired.
2026-09-12T12:52:35.656540+00:00 task_update brief_id=8a0ec390-2f05-45ac-80cb-f9c3bd1eeeb8 status=prepared share_status=pending completion_status= polls=0
2026-09-12T12:52:35.665150+00:00 task_update brief_id=8a0ec390-2f05-45ac-80cb-f9c3bd1eeeb8 status=needs_auth share_status=pending completion_status= polls=0
2026-09-12T12:52:35.667810+00:00 [709/3960 |  17.9%] completed_this_run=709 attention=709 elapsed=11:27 eta=52:33 brief_id=8a0ec390-2f05-45ac-80cb-f9c3bd1eeeb8 status=needs_auth title="Which in-cabin interface, sensing, and occupant-experience trends should shape …" | Eureka authorization is missing or expired.
2026-09-12T12:52:35.669737+00:00 task_update brief_id=ff53ea9b-55e5-4b84-8a6b-fd75c9a7f2ad status=prepared share_status=pending completion_status= polls=0
2026-09-12T12:52:35.679198+00:00 task_update brief_id=ff53ea9b-55e5-4b84-8a6b-fd75c9a7f2ad status=needs_auth share_status=pending completion_status= polls=0
2026-09-12T12:52:35.681821+00:00 [710/3960 |  17.9%] completed_this_run=710 attention=710 elapsed=11:27 eta=52:27 brief_id=ff53ea9b-55e5-4b84-8a6b-fd75c9a7f2ad status=needs_auth title="Which AI-enabled engineering, simulation, and validation trends should lead aut…" | Eureka authorization is missing or expired.
2026-09-12T12:52:35.683530+00:00 task_update brief_id=90885bad-1450-4c16-a991-6efc0330dde2 status=prepared share_status=pending completion_status= polls=0
2026-09-12T12:52:35.691619+00:00 task_update brief_id=90885bad-1450-4c16-a991-6efc0330dde2 status=needs_auth share_status=pending completion_status= polls=0
2026-09-12T12:52:35.694045+00:00 [711/3960 |  18.0%] completed_this_run=711 attention=711 elapsed=11:27 eta=52:22 brief_id=90885bad-1450-4c16-a991-6efc0330dde2 status=needs_auth title="How are major automotive technology providers changing their technology bets an…" | Eureka authorization is missing or expired.
2026-09-12T12:52:35.696302+00:00 task_update brief_id=bf89d64e-1b94-41bb-8dc1-edbd84e0e9bf status=prepared share_status=pending completion_status= polls=0
2026-09-12T12:52:35.705213+00:00 task_update brief_id=bf89d64e-1b94-41bb-8dc1-edbd84e0e9bf status=needs_auth share_status=pending completion_status= polls=0
2026-09-12T12:52:35.707685+00:00 [712/3960 |  18.0%] completed_this_run=712 attention=712 elapsed=11:27 eta=52:17 brief_id=bf89d64e-1b94-41bb-8dc1-edbd84e0e9bf status=needs_auth title="Which automotive technology providers are advancing from demonstrations toward …" | Eureka authorization is missing or expired.
2026-09-12T12:52:35.709540+00:00 task_update brief_id=67d92c0b-cb47-47d4-8020-962883b86736 status=prepared share_status=pending completion_status= polls=0
2026-09-12T12:52:35.719262+00:00 task_update brief_id=67d92c0b-cb47-47d4-8020-962883b86736 status=needs_auth share_status=pending completion_status= polls=0
2026-09-12T12:52:35.722123+00:00 [713/3960 |  18.0%] completed_this_run=713 attention=713 elapsed=11:27 eta=52:11 brief_id=67d92c0b-cb47-47d4-8020-962883b86736 status=needs_auth title="How are partnerships changing automotive technology providers’ capabilities and…" | Eureka authorization is missing or expired.
2026-09-12T12:52:35.723645+00:00 task_update brief_id=577087a2-2bf5-4029-a75d-fa11c0986bb0 status=prepared share_status=pending completion_status= polls=0
2026-09-12T12:52:35.732181+00:00 task_update brief_id=577087a2-2bf5-4029-a75d-fa11c0986bb0 status=needs_auth share_status=pending completion_status= polls=0
2026-09-12T12:52:35.734447+00:00 [714/3960 |  18.0%] completed_this_run=714 attention=714 elapsed=11:27 eta=52:06 brief_id=577087a2-2bf5-4029-a75d-fa11c0986bb0 status=needs_auth title="Which emerging automotive technology providers are becoming credible alternativ…" | Eureka authorization is missing or expired.
2026-09-12T12:52:35.736036+00:00 task_update brief_id=ea26c73d-d62e-4f5a-ba8f-e814212706c2 status=prepared share_status=pending completion_status= polls=0
2026-09-12T12:52:35.745325+00:00 task_update brief_id=ea26c73d-d62e-4f5a-ba8f-e814212706c2 status=needs_auth share_status=pending completion_status= polls=0
2026-09-12T12:52:35.747644+00:00 [715/3960 |  18.1%] completed_this_run=715 attention=715 elapsed=11:27 eta=52:01 brief_id=ea26c73d-d62e-4f5a-ba8f-e814212706c2 status=needs_auth title="Which automotive technology providers are gaining repeat adoption beyond initia…" | Eureka authorization is missing or expired.
2026-09-12T12:52:35.749417+00:00 task_update brief_id=ecfbd489-5a9e-439f-aa18-7818159ee7f4 status=prepared share_status=pending completion_status= polls=0
2026-09-12T12:52:35.757238+00:00 task_update brief_id=ecfbd489-5a9e-439f-aa18-7818159ee7f4 status=needs_auth share_status=pending completion_status= polls=0
2026-09-12T12:52:35.774174+00:00 [716/3960 |  18.1%] completed_this_run=716 attention=716 elapsed=11:27 eta=51:55 brief_id=ecfbd489-5a9e-439f-aa18-7818159ee7f4 status=needs_auth title="How are automotive technology providers’ claimed technical advantages changing …" | Eureka authorization is missing or expired.
2026-09-12T12:52:35.801688+00:00 task_update brief_id=f339ddc6-fb23-437a-b48a-74dc35adae26 status=prepared share_status=pending completion_status= polls=0
2026-09-12T12:52:35.819016+00:00 task_update brief_id=f339ddc6-fb23-437a-b48a-74dc35adae26 status=needs_auth share_status=pending completion_status= polls=0
2026-09-12T12:52:35.821679+00:00 [717/3960 |  18.1%] completed_this_run=717 attention=717 elapsed=11:27 eta=51:50 brief_id=f339ddc6-fb23-437a-b48a-74dc35adae26 status=needs_auth title="How are automotive technology providers changing licensing and interoperability…" | Eureka authorization is missing or expired.
2026-09-12T12:52:35.823570+00:00 task_update brief_id=560eb317-ff4c-4b40-9ba7-a6edf642b542 status=prepared share_status=pending completion_status= polls=0
2026-09-12T12:52:35.831741+00:00 task_update brief_id=560eb317-ff4c-4b40-9ba7-a6edf642b542 status=needs_auth share_status=pending completion_status= polls=0
2026-09-12T12:52:35.833885+00:00 [718/3960 |  18.1%] completed_this_run=718 attention=718 elapsed=11:27 eta=51:45 brief_id=560eb317-ff4c-4b40-9ba7-a6edf642b542 status=needs_auth title="How are acquisitions and divestitures changing who controls automotive technolo…" | Eureka authorization is missing or expired.
2026-09-12T12:52:35.835507+00:00 task_update brief_id=302d3694-36b2-4874-b96d-f83292d38c79 status=prepared share_status=pending completion_status= polls=0
2026-09-12T12:52:35.843786+00:00 task_update brief_id=302d3694-36b2-4874-b96d-f83292d38c79 status=needs_auth share_status=pending completion_status= polls=0
2026-09-12T12:52:35.846251+00:00 [719/3960 |  18.2%] completed_this_run=719 attention=719 elapsed=11:27 eta=51:40 brief_id=302d3694-36b2-4874-b96d-f83292d38c79 status=needs_auth title="Which automotive technology providers are reducing or ending development effort…" | Eureka authorization is missing or expired.
2026-09-12T12:52:35.850002+00:00 task_update brief_id=8c774c1f-e861-4851-bbaa-db0a80b713ed status=prepared share_status=pending completion_status= polls=0
2026-09-12T12:52:35.857396+00:00 task_update brief_id=8c774c1f-e861-4851-bbaa-db0a80b713ed status=needs_auth share_status=pending completion_status= polls=0
2026-09-12T12:52:35.859469+00:00 [720/3960 |  18.2%] completed_this_run=720 attention=720 elapsed=11:27 eta=51:35 brief_id=8c774c1f-e861-4851-bbaa-db0a80b713ed status=needs_auth title="How are automotive technology providers changing their regional reach and local…" | Eureka authorization is missing or expired.
2026-09-12T12:52:35.860931+00:00 task_update brief_id=b7c79e22-2609-465a-8237-71e42692cfbb status=prepared share_status=pending completion_status= polls=0
2026-09-12T12:52:35.870204+00:00 task_update brief_id=b7c79e22-2609-465a-8237-71e42692cfbb status=needs_auth share_status=pending completion_status= polls=0
2026-09-12T12:52:35.872653+00:00 [721/3960 |  18.2%] completed_this_run=721 attention=721 elapsed=11:27 eta=51:30 brief_id=b7c79e22-2609-465a-8237-71e42692cfbb status=needs_auth title="Which emerging platform technologies present the strongest innovation opportuni…" | Eureka authorization is missing or expired.
2026-09-12T12:52:35.874023+00:00 task_update brief_id=7b93cca6-495d-4fd9-a15f-2b5f399f2857 status=prepared share_status=pending completion_status= polls=0
2026-09-12T12:52:35.882558+00:00 task_update brief_id=7b93cca6-495d-4fd9-a15f-2b5f399f2857 status=needs_auth share_status=pending completion_status= polls=0
2026-09-12T12:52:35.884615+00:00 [722/3960 |  18.2%] completed_this_run=722 attention=722 elapsed=11:27 eta=51:24 brief_id=7b93cca6-495d-4fd9-a15f-2b5f399f2857 status=needs_auth title="Which unmet technical needs reveal the most promising innovation opportunities …" | Eureka authorization is missing or expired.
2026-09-12T12:52:35.886246+00:00 task_update brief_id=35deb1c0-e93e-4ec5-945d-98b4d78f225d status=prepared share_status=pending completion_status= polls=0
2026-09-12T12:52:35.894449+00:00 task_update brief_id=35deb1c0-e93e-4ec5-945d-98b4d78f225d status=needs_auth share_status=pending completion_status= polls=0
2026-09-12T12:52:35.897520+00:00 [723/3960 |  18.3%] completed_this_run=723 attention=723 elapsed=11:27 eta=51:19 brief_id=35deb1c0-e93e-4ec5-945d-98b4d78f225d status=needs_auth title="Which convergences between biotechnology and digital technologies create the mo…" | Eureka authorization is missing or expired.
2026-09-12T12:52:35.899321+00:00 task_update brief_id=9ee7647b-d4e6-4ef8-9648-4b4b7265f046 status=prepared share_status=pending completion_status= polls=0
2026-09-12T12:52:35.908203+00:00 task_update brief_id=9ee7647b-d4e6-4ef8-9648-4b4b7265f046 status=needs_auth share_status=pending completion_status= polls=0
2026-09-12T12:52:35.910338+00:00 [724/3960 |  18.3%] completed_this_run=724 attention=724 elapsed=11:27 eta=51:14 brief_id=9ee7647b-d4e6-4ef8-9648-4b4b7265f046 status=needs_auth title="Which emerging technologies could address the most persistent biomanufacturing …" | Eureka authorization is missing or expired.
2026-09-12T12:52:35.912023+00:00 task_update brief_id=2e21e904-2197-4cff-ba52-3c5481a4eb27 status=prepared share_status=pending completion_status= polls=0
2026-09-12T12:52:35.920270+00:00 task_update brief_id=2e21e904-2197-4cff-ba52-3c5481a4eb27 status=needs_auth share_status=pending completion_status= polls=0
2026-09-12T12:52:35.956846+00:00 [725/3960 |  18.3%] completed_this_run=725 attention=725 elapsed=11:27 eta=51:09 brief_id=2e21e904-2197-4cff-ba52-3c5481a4eb27 status=needs_auth title="Which biotechnology innovations offer the greatest potential to enable more sus…" | Eureka authorization is missing or expired.
2026-09-12T12:52:35.960092+00:00 task_update brief_id=b5b644be-62f5-436e-9351-9ce9a5cc855c status=prepared share_status=pending completion_status= polls=0
2026-09-12T12:52:35.968543+00:00 task_update brief_id=b5b644be-62f5-436e-9351-9ce9a5cc855c status=needs_auth share_status=pending completion_status= polls=0
2026-09-12T12:52:35.970732+00:00 [726/3960 |  18.3%] completed_this_run=726 attention=726 elapsed=11:27 eta=51:04 brief_id=b5b644be-62f5-436e-9351-9ce9a5cc855c status=needs_auth title="Which enabling technologies could most effectively close scale-up and commercia…" | Eureka authorization is missing or expired.
2026-09-12T12:52:35.972739+00:00 task_update brief_id=34e659af-9a7c-4794-a077-33a25e64c989 status=prepared share_status=pending completion_status= polls=0
2026-09-12T12:52:35.980735+00:00 task_update brief_id=34e659af-9a7c-4794-a077-33a25e64c989 status=needs_auth share_status=pending completion_status= polls=0
2026-09-12T12:52:35.982815+00:00 [727/3960 |  18.4%] completed_this_run=727 attention=727 elapsed=11:27 eta=50:59 brief_id=34e659af-9a7c-4794-a077-33a25e64c989 status=needs_auth title="Which emerging research infrastructure technologies could unlock new innovation…" | Eureka authorization is missing or expired.
2026-09-12T12:52:35.984497+00:00 task_update brief_id=72525de1-a6f5-49a9-8196-4026d48a7f92 status=prepared share_status=pending completion_status= polls=0
2026-09-12T12:52:35.993321+00:00 task_update brief_id=72525de1-a6f5-49a9-8196-4026d48a7f92 status=needs_auth share_status=pending completion_status= polls=0
2026-09-12T12:52:35.995565+00:00 [728/3960 |  18.4%] completed_this_run=728 attention=728 elapsed=11:27 eta=50:54 brief_id=72525de1-a6f5-49a9-8196-4026d48a7f92 status=needs_auth title="Which technologies for generating and interpreting evidence could create new op…" | Eureka authorization is missing or expired.
2026-09-12T12:52:35.997222+00:00 task_update brief_id=0d5cb0e6-ca58-4b58-b970-48a58a87ce46 status=prepared share_status=pending completion_status= polls=0
2026-09-12T12:52:36.006084+00:00 task_update brief_id=0d5cb0e6-ca58-4b58-b970-48a58a87ce46 status=needs_auth share_status=pending completion_status= polls=0
2026-09-12T12:52:36.008298+00:00 [729/3960 |  18.4%] completed_this_run=729 attention=729 elapsed=11:27 eta=50:49 brief_id=0d5cb0e6-ca58-4b58-b970-48a58a87ce46 status=needs_auth title="Which decentralized or point-of-use biotechnology approaches present credible e…" | Eureka authorization is missing or expired.
2026-09-12T12:52:36.009795+00:00 task_update brief_id=53e8d1dc-d7a5-4d0e-96f3-761bbed54ce8 status=prepared share_status=pending completion_status= polls=0
2026-09-12T12:52:36.018383+00:00 task_update brief_id=53e8d1dc-d7a5-4d0e-96f3-761bbed54ce8 status=needs_auth share_status=pending completion_status= polls=0
2026-09-12T12:52:36.020446+00:00 [730/3960 |  18.4%] completed_this_run=730 attention=730 elapsed=11:27 eta=50:44 brief_id=53e8d1dc-d7a5-4d0e-96f3-761bbed54ce8 status=needs_auth title="Which technologies from adjacent industries could be transferred into biotechno…" | Eureka authorization is missing or expired.
2026-09-12T12:52:36.022074+00:00 task_update brief_id=d306271a-95b8-45e8-bbd9-2be893170af8 status=prepared share_status=pending completion_status= polls=0
2026-09-12T12:52:36.031425+00:00 task_update brief_id=d306271a-95b8-45e8-bbd9-2be893170af8 status=needs_auth share_status=pending completion_status= polls=0
2026-09-12T12:52:36.033541+00:00 [731/3960 |  18.5%] completed_this_run=731 attention=731 elapsed=11:27 eta=50:39 brief_id=d306271a-95b8-45e8-bbd9-2be893170af8 status=needs_auth title="Which research tasks could map recent shifts across the biotechnology technolog…" | Eureka authorization is missing or expired.
2026-09-12T12:52:36.035342+00:00 task_update brief_id=a27e380a-20ac-42d7-be44-52cb6d87974c status=prepared share_status=pending completion_status= polls=0
2026-09-12T12:52:36.044805+00:00 task_update brief_id=a27e380a-20ac-42d7-be44-52cb6d87974c status=needs_auth share_status=pending completion_status= polls=0
2026-09-12T12:52:36.046773+00:00 [732/3960 |  18.5%] completed_this_run=732 attention=732 elapsed=11:28 eta=50:34 brief_id=a27e380a-20ac-42d7-be44-52cb6d87974c status=needs_auth title="Which research approaches could clarify trends across major biotechnology thera…" | Eureka authorization is missing or expired.
2026-09-12T12:52:36.048157+00:00 task_update brief_id=8324c77f-d8d0-401b-b6a6-20406823c16f status=prepared share_status=pending completion_status= polls=0
2026-09-12T12:52:36.055269+00:00 task_update brief_id=8324c77f-d8d0-401b-b6a6-20406823c16f status=needs_auth share_status=pending completion_status= polls=0
2026-09-12T12:52:36.057046+00:00 [733/3960 |  18.5%] completed_this_run=733 attention=733 elapsed=11:28 eta=50:28 brief_id=8324c77f-d8d0-401b-b6a6-20406823c16f status=needs_auth title="What task options could assess how biotechnology platform technologies are evol…" | Eureka authorization is missing or expired.
2026-09-12T12:52:36.058456+00:00 task_update brief_id=4e6e3cf1-2a62-490f-9b6c-49bddd871f4e status=prepared share_status=pending completion_status= polls=0
2026-09-12T12:52:36.067082+00:00 task_update brief_id=4e6e3cf1-2a62-490f-9b6c-49bddd871f4e status=needs_auth share_status=pending completion_status= polls=0
2026-09-12T12:52:36.069309+00:00 [734/3960 |  18.5%] completed_this_run=734 attention=734 elapsed=11:28 eta=50:23 brief_id=4e6e3cf1-2a62-490f-9b6c-49bddd871f4e status=needs_auth title="Which research tasks could reveal how biotechnology discovery and development w…" | Eureka authorization is missing or expired.
2026-09-12T12:52:36.070909+00:00 task_update brief_id=5c79e363-65f2-4a5b-b20e-f198c2116888 status=prepared share_status=pending completion_status= polls=0
2026-09-12T12:52:36.079699+00:00 task_update brief_id=5c79e363-65f2-4a5b-b20e-f198c2116888 status=needs_auth share_status=pending completion_status= polls=0
2026-09-12T12:52:36.081776+00:00 [735/3960 |  18.6%] completed_this_run=735 attention=735 elapsed=11:28 eta=50:18 brief_id=5c79e363-65f2-4a5b-b20e-f198c2116888 status=needs_auth title="What research options could clarify major trends in biotechnology manufacturing…" | Eureka authorization is missing or expired.
2026-09-12T12:52:36.083140+00:00 task_update brief_id=4f59b1ff-1375-4e7d-90de-3aab0d9a96ab status=prepared share_status=pending completion_status= polls=0
2026-09-12T12:52:36.091597+00:00 task_update brief_id=4f59b1ff-1375-4e7d-90de-3aab0d9a96ab status=needs_auth share_status=pending completion_status= polls=0
2026-09-12T12:52:36.093969+00:00 [736/3960 |  18.6%] completed_this_run=736 attention=736 elapsed=11:28 eta=50:14 brief_id=4f59b1ff-1375-4e7d-90de-3aab0d9a96ab status=needs_auth title="Which task menu would best distinguish ways to study biotechnology diagnostics …" | Eureka authorization is missing or expired.
2026-09-12T12:52:36.095892+00:00 task_update brief_id=fa3f4841-4744-4ce6-8b95-640615037d80 status=prepared share_status=pending completion_status= polls=0
2026-09-12T12:52:36.104376+00:00 task_update brief_id=fa3f4841-4744-4ce6-8b95-640615037d80 status=needs_auth share_status=pending completion_status= polls=0
2026-09-12T12:52:36.107046+00:00 [737/3960 |  18.6%] completed_this_run=737 attention=737 elapsed=11:28 eta=50:09 brief_id=fa3f4841-4744-4ce6-8b95-640615037d80 status=needs_auth title="What research tasks could track the changing role of data, automation, and AI a…" | Eureka authorization is missing or expired.
2026-09-12T12:52:36.108718+00:00 task_update brief_id=237ab8fa-8454-4a46-9b1a-4fd246dafb06 status=prepared share_status=pending completion_status= polls=0
2026-09-12T12:52:36.120697+00:00 task_update brief_id=237ab8fa-8454-4a46-9b1a-4fd246dafb06 status=needs_auth share_status=pending completion_status= polls=0
2026-09-12T12:52:36.123119+00:00 [738/3960 |  18.6%] completed_this_run=738 attention=738 elapsed=11:28 eta=50:04 brief_id=237ab8fa-8454-4a46-9b1a-4fd246dafb06 status=needs_auth title="Which research approaches could examine convergence among major biotechnology t…" | Eureka authorization is missing or expired.
2026-09-12T12:52:36.124722+00:00 task_update brief_id=770e6bec-cf1b-4a20-8604-2b36d77584f8 status=prepared share_status=pending completion_status= polls=0
2026-09-12T12:52:36.195307+00:00 task_update brief_id=770e6bec-cf1b-4a20-8604-2b36d77584f8 status=needs_auth share_status=pending completion_status= polls=0
2026-09-12T12:52:36.198750+00:00 [739/3960 |  18.7%] completed_this_run=739 attention=739 elapsed=11:28 eta=49:59 brief_id=770e6bec-cf1b-4a20-8604-2b36d77584f8 status=needs_auth title="What task options could compare the maturity and adoption trajectories of biote…" | Eureka authorization is missing or expired.
2026-09-12T12:52:36.200254+00:00 task_update brief_id=57f4f658-43ff-46ee-9f23-c74f0fd62ee3 status=prepared share_status=pending completion_status= polls=0
2026-09-12T12:52:36.207878+00:00 task_update brief_id=57f4f658-43ff-46ee-9f23-c74f0fd62ee3 status=needs_auth share_status=pending completion_status= polls=0
2026-09-12T12:52:36.209739+00:00 [740/3960 |  18.7%] completed_this_run=740 attention=740 elapsed=11:28 eta=49:54 brief_id=57f4f658-43ff-46ee-9f23-c74f0fd62ee3 status=needs_auth title="Which research tasks could identify emerging biotechnology fields and their lik…" | Eureka authorization is missing or expired.
2026-09-12T12:52:36.211657+00:00 task_update brief_id=80fd9608-2606-4256-96a7-a875b70215c0 status=prepared share_status=pending completion_status= polls=0
2026-09-12T12:52:36.219746+00:00 task_update brief_id=80fd9608-2606-4256-96a7-a875b70215c0 status=needs_auth share_status=pending completion_status= polls=0
2026-09-12T12:52:36.222435+00:00 [741/3960 |  18.7%] completed_this_run=741 attention=741 elapsed=11:28 eta=49:49 brief_id=80fd9608-2606-4256-96a7-a875b70215c0 status=needs_auth title="Which biotechnology technology clusters show the strongest recent shifts in pat…" | Eureka authorization is missing or expired.
2026-09-12T12:52:36.225106+00:00 task_update brief_id=8af744a1-24cd-4809-a8a9-6322ec87ebae status=prepared share_status=pending completion_status= polls=0
2026-09-12T12:52:36.233037+00:00 task_update brief_id=8af744a1-24cd-4809-a8a9-6322ec87ebae status=needs_auth share_status=pending completion_status= polls=0
2026-09-12T12:52:36.235341+00:00 [742/3960 |  18.7%] completed_this_run=742 attention=742 elapsed=11:28 eta=49:44 brief_id=8af744a1-24cd-4809-a8a9-6322ec87ebae status=needs_auth title="How is the distribution of major patent rights holders changing across the biot…" | Eureka authorization is missing or expired.
2026-09-12T12:52:36.236769+00:00 task_update brief_id=e3a14d9c-2608-4125-8aea-7a307756cf4e status=prepared share_status=pending completion_status= polls=0
2026-09-12T12:52:36.245017+00:00 task_update brief_id=e3a14d9c-2608-4125-8aea-7a307756cf4e status=needs_auth share_status=pending completion_status= polls=0
2026-09-12T12:52:36.247124+00:00 [743/3960 |  18.8%] completed_this_run=743 attention=743 elapsed=11:28 eta=49:39 brief_id=e3a14d9c-2608-4125-8aea-7a307756cf4e status=needs_auth title="Which emerging biotechnology fields are gaining patent momentum relative to est…" | Eureka authorization is missing or expired.
2026-09-12T12:52:36.248499+00:00 task_update brief_id=876e4463-8afc-45fe-b484-77cda127e9e2 status=prepared share_status=pending completion_status= polls=0
2026-09-12T12:52:36.255664+00:00 task_update brief_id=876e4463-8afc-45fe-b484-77cda127e9e2 status=needs_auth share_status=pending completion_status= polls=0
2026-09-12T12:52:36.258178+00:00 [744/3960 |  18.8%] completed_this_run=744 attention=744 elapsed=11:28 eta=49:34 brief_id=876e4463-8afc-45fe-b484-77cda127e9e2 status=needs_auth title="How are biotechnology patent filing trends shifting across major application ar…" | Eureka authorization is missing or expired.
2026-09-12T12:52:36.259575+00:00 task_update brief_id=7d3cf7a2-3145-415b-a821-b5131a9e8b6d status=prepared share_status=pending completion_status= polls=0
2026-09-12T12:52:36.266649+00:00 task_update brief_id=7d3cf7a2-3145-415b-a821-b5131a9e8b6d status=needs_auth share_status=pending completion_status= polls=0
2026-09-12T12:52:36.268910+00:00 [745/3960 |  18.8%] completed_this_run=745 attention=745 elapsed=11:28 eta=49:30 brief_id=7d3cf7a2-3145-415b-a821-b5131a9e8b6d status=needs_auth title="Which countries and regions are becoming more prominent sources of biotechnolog…" | Eureka authorization is missing or expired.
2026-09-12T12:52:36.270401+00:00 task_update brief_id=df014d7f-ea29-44c6-b9af-ace1b2a0c90d status=prepared share_status=pending completion_status= polls=0
2026-09-12T12:52:36.277843+00:00 task_update brief_id=df014d7f-ea29-44c6-b9af-ace1b2a0c90d status=needs_auth share_status=pending completion_status= polls=0
2026-09-12T12:52:36.280298+00:00 [746/3960 |  18.8%] completed_this_run=746 attention=746 elapsed=11:28 eta=49:25 brief_id=df014d7f-ea29-44c6-b9af-ace1b2a0c90d status=needs_auth title="Where is patent activity converging between previously distinct biotechnology t…" | Eureka authorization is missing or expired.
2026-09-12T12:52:36.281720+00:00 task_update brief_id=e56d74ce-402d-4ecf-ba7a-b6219fb05553 status=prepared share_status=pending completion_status= polls=0
2026-09-12T12:52:36.288613+00:00 task_update brief_id=e56d74ce-402d-4ecf-ba7a-b6219fb05553 status=needs_auth share_status=pending completion_status= polls=0
2026-09-12T12:52:36.291138+00:00 [747/3960 |  18.9%] completed_this_run=747 attention=747 elapsed=11:28 eta=49:20 brief_id=e56d74ce-402d-4ecf-ba7a-b6219fb05553 status=needs_auth title="How are collaboration patterns among biotechnology patent applicants changing o…" | Eureka authorization is missing or expired.
2026-09-12T12:52:36.293385+00:00 task_update brief_id=4beb12cd-88bd-484c-836d-d6359eee7421 status=prepared share_status=pending completion_status= polls=0
2026-09-12T12:52:36.300857+00:00 task_update brief_id=4beb12cd-88bd-484c-836d-d6359eee7421 status=needs_auth share_status=pending completion_status= polls=0
2026-09-12T12:52:36.303181+00:00 [748/3960 |  18.9%] completed_this_run=748 attention=748 elapsed=11:28 eta=49:15 brief_id=4beb12cd-88bd-484c-836d-d6359eee7421 status=needs_auth title="Which biotechnology patent clusters are showing signs of maturation, fragmentat…" | Eureka authorization is missing or expired.
2026-09-12T12:52:36.304726+00:00 task_update brief_id=58831177-c11a-4406-a5fb-1e57c6134955 status=prepared share_status=pending completion_status= polls=0
2026-09-12T12:52:36.312173+00:00 task_update brief_id=58831177-c11a-4406-a5fb-1e57c6134955 status=needs_auth share_status=pending completion_status= polls=0
2026-09-12T12:52:36.314326+00:00 [749/3960 |  18.9%] completed_this_run=749 attention=749 elapsed=11:28 eta=49:10 brief_id=58831177-c11a-4406-a5fb-1e57c6134955 status=needs_auth title="How are patent citation flows changing among major biotechnology technology dom…" | Eureka authorization is missing or expired.
2026-09-12T12:52:36.315951+00:00 task_update brief_id=2e04f602-3131-49e0-b295-54407efaf878 status=prepared share_status=pending completion_status= polls=0
2026-09-12T12:52:36.323546+00:00 task_update brief_id=2e04f602-3131-49e0-b295-54407efaf878 status=needs_auth share_status=pending completion_status= polls=0
2026-09-12T12:52:36.367029+00:00 [750/3960 |  18.9%] completed_this_run=750 attention=750 elapsed=11:28 eta=49:06 brief_id=2e04f602-3131-49e0-b295-54407efaf878 status=needs_auth title="Which biotechnology patent domains are attracting the greatest increase in new …" | Eureka authorization is missing or expired.
2026-09-12T12:52:36.381804+00:00 task_update brief_id=18c14b2a-7022-4da5-a7ef-457e40e33041 status=prepared share_status=pending completion_status= polls=0
2026-09-12T12:52:36.392470+00:00 task_update brief_id=18c14b2a-7022-4da5-a7ef-457e40e33041 status=needs_auth share_status=pending completion_status= polls=0
2026-09-12T12:52:36.395875+00:00 [751/3960 |  19.0%] completed_this_run=751 attention=751 elapsed=11:28 eta=49:01 brief_id=18c14b2a-7022-4da5-a7ef-457e40e33041 status=needs_auth title="Which intellectual-property risks most affect product positioning and market-en…" | Eureka authorization is missing or expired.
2026-09-12T12:52:36.397456+00:00 task_update brief_id=24b670a6-f1ac-4c28-8fcf-417547dcda74 status=prepared share_status=pending completion_status= polls=0
2026-09-12T12:52:36.406869+00:00 task_update brief_id=24b670a6-f1ac-4c28-8fcf-417547dcda74 status=needs_auth share_status=pending completion_status= polls=0
2026-09-12T12:52:36.409448+00:00 [752/3960 |  19.0%] completed_this_run=752 attention=752 elapsed=11:28 eta=48:56 brief_id=24b670a6-f1ac-4c28-8fcf-417547dcda74 status=needs_auth title="How do third-party platform patents create IP risks for biotech product roadmap…" | Eureka authorization is missing or expired.
2026-09-12T12:52:36.411214+00:00 task_update brief_id=41de0fc3-a80f-408f-b9f4-62fc848e0625 status=prepared share_status=pending completion_status= polls=0
2026-09-12T12:52:36.419373+00:00 task_update brief_id=41de0fc3-a80f-408f-b9f4-62fc848e0625 status=needs_auth share_status=pending completion_status= polls=0
2026-09-12T12:52:36.423202+00:00 [753/3960 |  19.0%] completed_this_run=753 attention=753 elapsed=11:28 eta=48:51 brief_id=41de0fc3-a80f-408f-b9f4-62fc848e0625 status=needs_auth title="What IP ownership risks arise when biotech products depend on collaborative res…" | Eureka authorization is missing or expired.
2026-09-12T12:52:36.425762+00:00 task_update brief_id=132af51d-46e9-44d1-b502-770105ca63dd status=prepared share_status=pending completion_status= polls=0
2026-09-12T12:52:36.436267+00:00 task_update brief_id=132af51d-46e9-44d1-b502-770105ca63dd status=needs_auth share_status=pending completion_status= polls=0
2026-09-12T12:52:36.439089+00:00 [754/3960 |  19.0%] completed_this_run=754 attention=754 elapsed=11:28 eta=48:47 brief_id=132af51d-46e9-44d1-b502-770105ca63dd status=needs_auth title="Which IP risks should product strategists assess when biotech offerings rely on…" | Eureka authorization is missing or expired.
2026-09-12T12:52:36.440414+00:00 task_update brief_id=5f9de041-b8cc-470a-b865-3019081c5cc6 status=prepared share_status=pending completion_status= polls=0
2026-09-12T12:52:36.448204+00:00 task_update brief_id=5f9de041-b8cc-470a-b865-3019081c5cc6 status=needs_auth share_status=pending completion_status= polls=0
2026-09-12T12:52:36.450594+00:00 [755/3960 |  19.1%] completed_this_run=755 attention=755 elapsed=11:28 eta=48:42 brief_id=5f9de041-b8cc-470a-b865-3019081c5cc6 status=needs_auth title="How can research-use restrictions and field-of-use limitations create IP risks …" | Eureka authorization is missing or expired.
2026-09-12T12:52:36.452130+00:00 task_update brief_id=aedaa404-27d6-425d-bfdd-6e4ef8b1ab64 status=prepared share_status=pending completion_status= polls=0
2026-09-12T12:52:36.461314+00:00 task_update brief_id=aedaa404-27d6-425d-bfdd-6e4ef8b1ab64 status=needs_auth share_status=pending completion_status= polls=0
2026-09-12T12:52:36.463693+00:00 [756/3960 |  19.1%] completed_this_run=756 attention=756 elapsed=11:28 eta=48:37 brief_id=aedaa404-27d6-425d-bfdd-6e4ef8b1ab64 status=needs_auth title="What patent and trade-secret risks can influence manufacturing strategy for bio…" | Eureka authorization is missing or expired.
2026-09-12T12:52:36.465117+00:00 task_update brief_id=ca3f1e89-a377-4c68-afe7-e223e358001e status=prepared share_status=pending completion_status= polls=0
2026-09-12T12:52:36.472996+00:00 task_update brief_id=ca3f1e89-a377-4c68-afe7-e223e358001e status=needs_auth share_status=pending completion_status= polls=0
2026-09-12T12:52:36.475397+00:00 [757/3960 |  19.1%] completed_this_run=757 attention=757 elapsed=11:28 eta=48:32 brief_id=ca3f1e89-a377-4c68-afe7-e223e358001e status=needs_auth title="Which sequence, biomarker, and biological-target IP risks can constrain biotech…" | Eureka authorization is missing or expired.
2026-09-12T12:52:36.477852+00:00 task_update brief_id=699bc887-c1f3-4dd1-bc74-6bf2d2d3823a status=prepared share_status=pending completion_status= polls=0
2026-09-12T12:52:36.486575+00:00 task_update brief_id=699bc887-c1f3-4dd1-bc74-6bf2d2d3823a status=needs_auth share_status=pending completion_status= polls=0
2026-09-12T12:52:36.489207+00:00 [758/3960 |  19.1%] completed_this_run=758 attention=758 elapsed=11:28 eta=48:28 brief_id=699bc887-c1f3-4dd1-bc74-6bf2d2d3823a status=needs_auth title="How do IP risks change when biotech companies expand existing products into new…" | Eureka authorization is missing or expired.
2026-09-12T12:52:36.491109+00:00 task_update brief_id=4f1c7d18-ffec-4fda-8e92-779f95a4a378 status=prepared share_status=pending completion_status= polls=0
2026-09-12T12:52:36.499669+00:00 task_update brief_id=4f1c7d18-ffec-4fda-8e92-779f95a4a378 status=needs_auth share_status=pending completion_status= polls=0
2026-09-12T12:52:36.501932+00:00 [759/3960 |  19.2%] completed_this_run=759 attention=759 elapsed=11:28 eta=48:23 brief_id=4f1c7d18-ffec-4fda-8e92-779f95a4a378 status=needs_auth title="Which jurisdiction-dependent IP risks should inform geographic expansion strate…" | Eureka authorization is missing or expired.
2026-09-12T12:52:36.503449+00:00 task_update brief_id=5e899c75-126e-4b6d-83de-92f8e74a632c status=prepared share_status=pending completion_status= polls=0
2026-09-12T12:52:36.511403+00:00 task_update brief_id=5e899c75-126e-4b6d-83de-92f8e74a632c status=needs_auth share_status=pending completion_status= polls=0
2026-09-12T12:52:36.513687+00:00 [760/3960 |  19.2%] completed_this_run=760 attention=760 elapsed=11:28 eta=48:18 brief_id=5e899c75-126e-4b6d-83de-92f8e74a632c status=needs_auth title="How should design-around feasibility be assessed as an IP risk for biotech prod…" | Eureka authorization is missing or expired.
2026-09-12T12:52:36.515546+00:00 task_update brief_id=e8d96836-bebd-45eb-9d44-381ba9bd7cfa status=prepared share_status=pending completion_status= polls=0
2026-09-12T12:52:36.524151+00:00 task_update brief_id=e8d96836-bebd-45eb-9d44-381ba9bd7cfa status=needs_auth share_status=pending completion_status= polls=0
2026-09-12T12:52:36.526617+00:00 [761/3960 |  19.2%] completed_this_run=761 attention=761 elapsed=11:28 eta=48:14 brief_id=e8d96836-bebd-45eb-9d44-381ba9bd7cfa status=needs_auth title="Which emerging biotechnology platform trends should be prioritized for R&D expl…" | Eureka authorization is missing or expired.
2026-09-12T12:52:36.528074+00:00 task_update brief_id=6dcdce1e-c76f-4203-81fe-a7df8c7aa32a status=prepared share_status=pending completion_status= polls=0
2026-09-12T12:52:36.535465+00:00 task_update brief_id=6dcdce1e-c76f-4203-81fe-a7df8c7aa32a status=needs_auth share_status=pending completion_status= polls=0
2026-09-12T12:52:36.537702+00:00 [762/3960 |  19.2%] completed_this_run=762 attention=762 elapsed=11:28 eta=48:09 brief_id=6dcdce1e-c76f-4203-81fe-a7df8c7aa32a status=needs_auth title="Which AI-enabled biotechnology trends offer the strongest evidence for prioriti…" | Eureka authorization is missing or expired.
2026-09-12T12:52:36.539752+00:00 task_update brief_id=8a0d6fad-44ed-4db2-aa18-7837fd033701 status=prepared share_status=pending completion_status= polls=0
2026-09-12T12:52:36.547236+00:00 task_update brief_id=8a0d6fad-44ed-4db2-aa18-7837fd033701 status=needs_auth share_status=pending completion_status= polls=0
2026-09-12T12:52:36.549440+00:00 [763/3960 |  19.3%] completed_this_run=763 attention=763 elapsed=11:28 eta=48:04 brief_id=8a0d6fad-44ed-4db2-aa18-7837fd033701 status=needs_auth title="Which next-generation measurement and multi-omics trends should receive priorit…" | Eureka authorization is missing or expired.
2026-09-12T12:52:36.550917+00:00 task_update brief_id=8709f191-edf3-4b3e-8fe3-aeb6abcbe9cb status=prepared share_status=pending completion_status= polls=0
2026-09-12T12:52:36.558464+00:00 task_update brief_id=8709f191-edf3-4b3e-8fe3-aeb6abcbe9cb status=needs_auth share_status=pending completion_status= polls=0
2026-09-12T12:52:36.560872+00:00 [764/3960 |  19.3%] completed_this_run=764 attention=764 elapsed=11:28 eta=48:00 brief_id=8709f191-edf3-4b3e-8fe3-aeb6abcbe9cb status=needs_auth title="Which genome engineering and synthetic biology trends are becoming mature enoug…" | Eureka authorization is missing or expired.
2026-09-12T12:52:36.562437+00:00 task_update brief_id=1e0587f3-aeca-4e18-aed0-6bb14eedabcc status=prepared share_status=pending completion_status= polls=0
2026-09-12T12:52:36.589522+00:00 task_update brief_id=1e0587f3-aeca-4e18-aed0-6bb14eedabcc status=needs_auth share_status=pending completion_status= polls=0
2026-09-12T12:52:36.598484+00:00 [765/3960 |  19.3%] completed_this_run=765 attention=765 elapsed=11:28 eta=47:55 brief_id=1e0587f3-aeca-4e18-aed0-6bb14eedabcc status=needs_auth title="Which biomanufacturing technology trends should be prioritized to improve biote…" | Eureka authorization is missing or expired.
2026-09-12T12:52:36.600434+00:00 task_update brief_id=f6d3a08e-8824-4f49-8a04-adc392ae6ada status=prepared share_status=pending completion_status= polls=0
2026-09-12T12:52:36.618288+00:00 task_update brief_id=f6d3a08e-8824-4f49-8a04-adc392ae6ada status=needs_auth share_status=pending completion_status= polls=0
2026-09-12T12:52:36.622154+00:00 [766/3960 |  19.3%] completed_this_run=766 attention=766 elapsed=11:28 eta=47:51 brief_id=f6d3a08e-8824-4f49-8a04-adc392ae6ada status=needs_auth title="Which biological delivery technology trends show the greatest momentum for indu…" | Eureka authorization is missing or expired.
2026-09-12T12:52:36.624846+00:00 task_update brief_id=a160824f-1d8f-4f98-9c45-3ea1accbe4e7 status=prepared share_status=pending completion_status= polls=0
2026-09-12T12:52:36.633304+00:00 task_update brief_id=a160824f-1d8f-4f98-9c45-3ea1accbe4e7 status=needs_auth share_status=pending completion_status= polls=0
2026-09-12T12:52:36.635784+00:00 [767/3960 |  19.4%] completed_this_run=767 attention=767 elapsed=11:28 eta=47:46 brief_id=a160824f-1d8f-4f98-9c45-3ea1accbe4e7 status=needs_auth title="Which laboratory automation and high-throughput experimentation trends warrant …" | Eureka authorization is missing or expired.
2026-09-12T12:52:36.638116+00:00 task_update brief_id=85bc94c5-c28c-480f-aa5f-8af10ad399f2 status=prepared share_status=pending completion_status= polls=0
2026-09-12T12:52:36.646260+00:00 task_update brief_id=85bc94c5-c28c-480f-aa5f-8af10ad399f2 status=needs_auth share_status=pending completion_status= polls=0
2026-09-12T12:52:36.648984+00:00 [768/3960 |  19.4%] completed_this_run=768 attention=768 elapsed=11:28 eta=47:42 brief_id=85bc94c5-c28c-480f-aa5f-8af10ad399f2 status=needs_auth title="Which cell-free and programmable biological system trends should be prioritized…" | Eureka authorization is missing or expired.
2026-09-12T12:52:36.650485+00:00 task_update brief_id=0374dc0d-33b3-43fc-9fc9-0b38d87fbf45 status=prepared share_status=pending completion_status= polls=0
2026-09-12T12:52:36.658674+00:00 task_update brief_id=0374dc0d-33b3-43fc-9fc9-0b38d87fbf45 status=needs_auth share_status=pending completion_status= polls=0
2026-09-12T12:52:36.660854+00:00 [769/3960 |  19.4%] completed_this_run=769 attention=769 elapsed=11:28 eta=47:37 brief_id=0374dc0d-33b3-43fc-9fc9-0b38d87fbf45 status=needs_auth title="Which sustainable biotechnology technology trends merit priority for long-term …" | Eureka authorization is missing or expired.
2026-09-12T12:52:36.662415+00:00 task_update brief_id=fa56ba4f-53aa-43c3-899c-3af5dd50fec4 status=prepared share_status=pending completion_status= polls=0
2026-09-12T12:52:36.669787+00:00 task_update brief_id=fa56ba4f-53aa-43c3-899c-3af5dd50fec4 status=needs_auth share_status=pending completion_status= polls=0
2026-09-12T12:52:36.672301+00:00 [770/3960 |  19.4%] completed_this_run=770 attention=770 elapsed=11:28 eta=47:32 brief_id=fa56ba4f-53aa-43c3-899c-3af5dd50fec4 status=needs_auth title="Which converging biotechnology trends are most likely to shape priority R&D fie…" | Eureka authorization is missing or expired.
2026-09-12T12:52:36.673995+00:00 task_update brief_id=a443f3c2-001b-4e70-b35c-84c92799eba3 status=prepared share_status=pending completion_status= polls=0
2026-09-12T12:52:36.683037+00:00 task_update brief_id=a443f3c2-001b-4e70-b35c-84c92799eba3 status=needs_auth share_status=pending completion_status= polls=0
2026-09-12T12:52:36.685962+00:00 [771/3960 |  19.5%] completed_this_run=771 attention=771 elapsed=11:28 eta=47:28 brief_id=a443f3c2-001b-4e70-b35c-84c92799eba3 status=needs_auth title="How have major biotech competitors shifted their technology priorities over the…" | Eureka authorization is missing or expired.
2026-09-12T12:52:36.687737+00:00 task_update brief_id=144024ff-3e55-4ea4-a1f9-723b3e1c9e90 status=prepared share_status=pending completion_status= polls=0
2026-09-12T12:52:36.696315+00:00 task_update brief_id=144024ff-3e55-4ea4-a1f9-723b3e1c9e90 status=needs_auth share_status=pending completion_status= polls=0
2026-09-12T12:52:36.698388+00:00 [772/3960 |  19.5%] completed_this_run=772 attention=772 elapsed=11:28 eta=47:23 brief_id=144024ff-3e55-4ea4-a1f9-723b3e1c9e90 status=needs_auth title="Which biotech competitors have advanced the maturity of their technologies, and…" | Eureka authorization is missing or expired.
2026-09-12T12:52:36.699880+00:00 task_update brief_id=fe2e10f1-4aca-47c8-8e21-8ebdcebfa476 status=prepared share_status=pending completion_status= polls=0
2026-09-12T12:52:36.707986+00:00 task_update brief_id=fe2e10f1-4aca-47c8-8e21-8ebdcebfa476 status=needs_auth share_status=pending completion_status= polls=0
2026-09-12T12:52:36.710195+00:00 [773/3960 |  19.5%] completed_this_run=773 attention=773 elapsed=11:28 eta=47:19 brief_id=fe2e10f1-4aca-47c8-8e21-8ebdcebfa476 status=needs_auth title="How have biotech competitors changed access to their technologies through partn…" | Eureka authorization is missing or expired.
2026-09-12T12:52:36.711887+00:00 task_update brief_id=0e6653c4-d3ac-4c35-b0ed-6069a2e664e7 status=prepared share_status=pending completion_status= polls=0
2026-09-12T12:52:36.721067+00:00 task_update brief_id=0e6653c4-d3ac-4c35-b0ed-6069a2e664e7 status=needs_auth share_status=pending completion_status= polls=0
2026-09-12T12:52:36.723091+00:00 [774/3960 |  19.5%] completed_this_run=774 attention=774 elapsed=11:28 eta=47:14 brief_id=0e6653c4-d3ac-4c35-b0ed-6069a2e664e7 status=needs_auth title="Which emerging biotech competitors are gaining technical credibility relative t…" | Eureka authorization is missing or expired.
2026-09-12T12:52:36.724659+00:00 task_update brief_id=536ff0f3-2342-4355-8a75-c8937fc41a35 status=prepared share_status=pending completion_status= polls=0
2026-09-12T12:52:36.733081+00:00 task_update brief_id=536ff0f3-2342-4355-8a75-c8937fc41a35 status=needs_auth share_status=pending completion_status= polls=0
2026-09-12T12:52:36.772935+00:00 [775/3960 |  19.6%] completed_this_run=775 attention=775 elapsed=11:28 eta=47:10 brief_id=536ff0f3-2342-4355-8a75-c8937fc41a35 status=needs_auth title="How are biotech competitors progressing from technical demonstrations toward sc…" | Eureka authorization is missing or expired.
2026-09-12T12:52:36.774922+00:00 task_update brief_id=1b885a44-a547-4619-ab22-3008c62abce2 status=prepared share_status=pending completion_status= polls=0
2026-09-12T12:52:36.783310+00:00 task_update brief_id=1b885a44-a547-4619-ab22-3008c62abce2 status=needs_auth share_status=pending completion_status= polls=0
2026-09-12T12:52:36.785648+00:00 [776/3960 |  19.6%] completed_this_run=776 attention=776 elapsed=11:28 eta=47:06 brief_id=1b885a44-a547-4619-ab22-3008c62abce2 status=needs_auth title="Which biotech competitors are expanding technology adoption across major applic…" | Eureka authorization is missing or expired.
2026-09-12T12:52:36.787319+00:00 task_update brief_id=0e2bd25c-e27f-478d-8955-0b2c70fca08b status=prepared share_status=pending completion_status= polls=0
2026-09-12T12:52:36.796018+00:00 task_update brief_id=0e2bd25c-e27f-478d-8955-0b2c70fca08b status=needs_auth share_status=pending completion_status= polls=0
2026-09-12T12:52:36.798226+00:00 [777/3960 |  19.6%] completed_this_run=777 attention=777 elapsed=11:28 eta=47:01 brief_id=0e2bd25c-e27f-478d-8955-0b2c70fca08b status=needs_auth title="How have biotech competitors’ demonstrated technical advantages changed over th…" | Eureka authorization is missing or expired.
2026-09-12T12:52:36.799796+00:00 task_update brief_id=dc0cc2d7-1092-4c03-b629-f3827af810e3 status=prepared share_status=pending completion_status= polls=0
2026-09-12T12:52:36.807909+00:00 task_update brief_id=dc0cc2d7-1092-4c03-b629-f3827af810e3 status=needs_auth share_status=pending completion_status= polls=0
2026-09-12T12:52:36.810268+00:00 [778/3960 |  19.6%] completed_this_run=778 attention=778 elapsed=11:28 eta=46:57 brief_id=dc0cc2d7-1092-4c03-b629-f3827af810e3 status=needs_auth title="How are biotech competitors turning new technical capabilities into externally …" | Eureka authorization is missing or expired.
2026-09-12T12:52:36.812867+00:00 task_update brief_id=abe30207-a52b-4804-8e19-6e1fb2ce1e79 status=prepared share_status=pending completion_status= polls=0
2026-09-12T12:52:36.821271+00:00 task_update brief_id=abe30207-a52b-4804-8e19-6e1fb2ce1e79 status=needs_auth share_status=pending completion_status= polls=0
2026-09-12T12:52:36.824175+00:00 [779/3960 |  19.7%] completed_this_run=779 attention=779 elapsed=11:28 eta=46:52 brief_id=abe30207-a52b-4804-8e19-6e1fb2ce1e79 status=needs_auth title="How have biotech competitors’ technology exits and ownership changes affected t…" | Eureka authorization is missing or expired.
2026-09-12T12:52:36.825765+00:00 task_update brief_id=0366a78e-b4ab-487f-8c57-a4f764bf603c status=prepared share_status=pending completion_status= polls=0
2026-09-12T12:52:36.833436+00:00 task_update brief_id=0366a78e-b4ab-487f-8c57-a4f764bf603c status=needs_auth share_status=pending completion_status= polls=0
2026-09-12T12:52:36.835633+00:00 [780/3960 |  19.7%] completed_this_run=780 attention=780 elapsed=11:28 eta=46:48 brief_id=0366a78e-b4ab-487f-8c57-a4f764bf603c status=needs_auth title="Which biotech competitors are combining previously separate technology fields, …" | Eureka authorization is missing or expired.
2026-09-12T12:52:36.837412+00:00 task_update brief_id=3852d1de-f132-4705-be39-663218a0c9c1 status=prepared share_status=pending completion_status= polls=0
2026-09-12T12:52:36.845538+00:00 task_update brief_id=3852d1de-f132-4705-be39-663218a0c9c1 status=needs_auth share_status=pending completion_status= polls=0
2026-09-12T12:52:36.847459+00:00 [781/3960 |  19.7%] completed_this_run=781 attention=781 elapsed=11:28 eta=46:43 brief_id=3852d1de-f132-4705-be39-663218a0c9c1 status=needs_auth title="Which emerging renewable and waste-derived feedstock technologies offer the str…" | Eureka authorization is missing or expired.
2026-09-12T12:52:36.849193+00:00 task_update brief_id=4a85e61f-3076-48ca-b2dd-7dcaca886d38 status=prepared share_status=pending completion_status= polls=0
2026-09-12T12:52:36.856686+00:00 task_update brief_id=4a85e61f-3076-48ca-b2dd-7dcaca886d38 status=needs_auth share_status=pending completion_status= polls=0
2026-09-12T12:52:36.858815+00:00 [782/3960 |  19.7%] completed_this_run=782 attention=782 elapsed=11:28 eta=46:39 brief_id=4a85e61f-3076-48ca-b2dd-7dcaca886d38 status=needs_auth title="Which process-intensification technologies present underexplored innovation opp…" | Eureka authorization is missing or expired.
2026-09-12T12:52:36.861093+00:00 task_update brief_id=a026b51c-e4d6-4f27-bbce-85d6cc121936 status=prepared share_status=pending completion_status= polls=0
2026-09-12T12:52:36.868649+00:00 task_update brief_id=a026b51c-e4d6-4f27-bbce-85d6cc121936 status=needs_auth share_status=pending completion_status= polls=0
2026-09-12T12:52:36.870541+00:00 [783/3960 |  19.8%] completed_this_run=783 attention=783 elapsed=11:28 eta=46:34 brief_id=a026b51c-e4d6-4f27-bbce-85d6cc121936 status=needs_auth title="Which emerging separation and purification technologies could unlock new value …" | Eureka authorization is missing or expired.
2026-09-12T12:52:36.872267+00:00 task_update brief_id=cf678300-fcbe-4ef7-a9d1-e304fe73094f status=prepared share_status=pending completion_status= polls=0
2026-09-12T12:52:36.879530+00:00 task_update brief_id=cf678300-fcbe-4ef7-a9d1-e304fe73094f status=needs_auth share_status=pending completion_status= polls=0
2026-09-12T12:52:36.881361+00:00 [784/3960 |  19.8%] completed_this_run=784 attention=784 elapsed=11:28 eta=46:30 brief_id=cf678300-fcbe-4ef7-a9d1-e304fe73094f status=needs_auth title="Which circular-chemistry technologies offer the most promising innovation oppor…" | Eureka authorization is missing or expired.
2026-09-12T12:52:36.883044+00:00 task_update brief_id=ae95472a-6ee4-4f91-9871-5e3b057a95de status=prepared share_status=pending completion_status= polls=0
2026-09-12T12:52:36.890709+00:00 task_update brief_id=ae95472a-6ee4-4f91-9871-5e3b057a95de status=needs_auth share_status=pending completion_status= polls=0
2026-09-12T12:52:36.892532+00:00 [785/3960 |  19.8%] completed_this_run=785 attention=785 elapsed=11:28 eta=46:26 brief_id=ae95472a-6ee4-4f91-9871-5e3b057a95de status=needs_auth title="Which low-carbon heat and electrification technologies create emerging innovati…" | Eureka authorization is missing or expired.
2026-09-12T12:52:36.894184+00:00 task_update brief_id=c62413fe-973f-4220-8def-5881d436e1f4 status=prepared share_status=pending completion_status= polls=0
2026-09-12T12:52:36.902232+00:00 task_update brief_id=c62413fe-973f-4220-8def-5881d436e1f4 status=needs_auth share_status=pending completion_status= polls=0
2026-09-12T12:52:36.904332+00:00 [786/3960 |  19.8%] completed_this_run=786 attention=786 elapsed=11:28 eta=46:21 brief_id=c62413fe-973f-4220-8def-5881d436e1f4 status=needs_auth title="Which biomanufacturing platforms could open new application and innovation oppo…" | Eureka authorization is missing or expired.
2026-09-12T12:52:36.905892+00:00 task_update brief_id=e7d68a2a-0189-4b09-a863-ec3c9128ba25 status=prepared share_status=pending completion_status= polls=0
2026-09-12T12:52:36.913590+00:00 task_update brief_id=e7d68a2a-0189-4b09-a863-ec3c9128ba25 status=needs_auth share_status=pending completion_status= polls=0
2026-09-12T12:52:36.915656+00:00 [787/3960 |  19.9%] completed_this_run=787 attention=787 elapsed=11:28 eta=46:17 brief_id=e7d68a2a-0189-4b09-a863-ec3c9128ba25 status=needs_auth title="Which artificial-intelligence and autonomous-research technologies offer action…" | Eureka authorization is missing or expired.
2026-09-12T12:52:36.917280+00:00 task_update brief_id=9ec65d58-e5dd-42a4-b603-28b7203f8bc2 status=prepared share_status=pending completion_status= polls=0
2026-09-12T12:52:36.925076+00:00 task_update brief_id=9ec65d58-e5dd-42a4-b603-28b7203f8bc2 status=needs_auth share_status=pending completion_status= polls=0
2026-09-12T12:52:36.927853+00:00 [788/3960 |  19.9%] completed_this_run=788 attention=788 elapsed=11:28 eta=46:13 brief_id=9ec65d58-e5dd-42a4-b603-28b7203f8bc2 status=needs_auth title="Which advanced sensing and real-time analytics technologies could enable new in…" | Eureka authorization is missing or expired.
2026-09-12T12:52:36.929393+00:00 task_update brief_id=ae842cc4-af38-47ab-a5d5-ed4cd38649b8 status=prepared share_status=pending completion_status= polls=0
2026-09-12T12:52:36.937215+00:00 task_update brief_id=ae842cc4-af38-47ab-a5d5-ed4cd38649b8 status=needs_auth share_status=pending completion_status= polls=0
2026-09-12T12:52:36.939486+00:00 [789/3960 |  19.9%] completed_this_run=789 attention=789 elapsed=11:28 eta=46:08 brief_id=ae842cc4-af38-47ab-a5d5-ed4cd38649b8 status=needs_auth title="Which technologies for emissions prevention, capture, and utilization offer eme…" | Eureka authorization is missing or expired.
2026-09-12T12:52:36.941477+00:00 task_update brief_id=d581bb41-1c3b-4e99-8427-d2079e96b8e0 status=prepared share_status=pending completion_status= polls=0
2026-09-12T12:52:36.949169+00:00 task_update brief_id=d581bb41-1c3b-4e99-8427-d2079e96b8e0 status=needs_auth share_status=pending completion_status= polls=0
2026-09-12T12:52:36.953073+00:00 [790/3960 |  19.9%] completed_this_run=790 attention=790 elapsed=11:28 eta=46:04 brief_id=d581bb41-1c3b-4e99-8427-d2079e96b8e0 status=needs_auth title="Which distributed and modular production technologies could create new chemical…" | Eureka authorization is missing or expired.
2026-09-12T12:52:36.955061+00:00 task_update brief_id=89b6bc34-2d65-4577-998a-7dec34b10161 status=prepared share_status=pending completion_status= polls=0
2026-09-12T12:52:36.961955+00:00 task_update brief_id=89b6bc34-2d65-4577-998a-7dec34b10161 status=needs_auth share_status=pending completion_status= polls=0
2026-09-12T12:52:36.965079+00:00 [791/3960 |  20.0%] completed_this_run=791 attention=791 elapsed=11:28 eta=46:00 brief_id=89b6bc34-2d65-4577-998a-7dec34b10161 status=needs_auth title="Which trend-scanning tasks can map the chemical industry's major technology dom…" | Eureka authorization is missing or expired.
2026-09-12T12:52:36.966563+00:00 task_update brief_id=f99f10e6-0c7f-47a1-817f-057b81d73097 status=prepared share_status=pending completion_status= polls=0
2026-09-12T12:52:36.974160+00:00 task_update brief_id=f99f10e6-0c7f-47a1-817f-057b81d73097 status=needs_auth share_status=pending completion_status= polls=0
2026-09-12T12:52:36.976485+00:00 [792/3960 |  20.0%] completed_this_run=792 attention=792 elapsed=11:28 eta=45:55 brief_id=f99f10e6-0c7f-47a1-817f-057b81d73097 status=needs_auth title="Which research tasks best reveal how technology priorities are shifting across …" | Eureka authorization is missing or expired.
2026-09-12T12:52:36.977870+00:00 task_update brief_id=334ba18e-385a-4c89-8a72-d0f75f2c559e status=prepared share_status=pending completion_status= polls=0
2026-09-12T12:52:36.985700+00:00 task_update brief_id=334ba18e-385a-4c89-8a72-d0f75f2c559e status=needs_auth share_status=pending completion_status= polls=0
2026-09-12T12:52:36.987711+00:00 [793/3960 |  20.0%] completed_this_run=793 attention=793 elapsed=11:28 eta=45:51 brief_id=334ba18e-385a-4c89-8a72-d0f75f2c559e status=needs_auth title="Which publication-based research tasks can identify rising and declining techno…" | Eureka authorization is missing or expired.
2026-09-12T12:52:36.989550+00:00 task_update brief_id=975bfdc1-ac8f-4b1f-8a67-5a95f9b5565b status=prepared share_status=pending completion_status= polls=0
2026-09-12T12:52:36.997290+00:00 task_update brief_id=975bfdc1-ac8f-4b1f-8a67-5a95f9b5565b status=needs_auth share_status=pending completion_status= polls=0
2026-09-12T12:52:36.999539+00:00 [794/3960 |  20.1%] completed_this_run=794 attention=794 elapsed=11:28 eta=45:47 brief_id=975bfdc1-ac8f-4b1f-8a67-5a95f9b5565b status=needs_auth title="Which patent-landscape tasks can clarify the chemical industry's emerging techn…" | Eureka authorization is missing or expired.
2026-09-12T12:52:37.001962+00:00 task_update brief_id=58692fda-13b5-4231-a9d6-2beeeee3a6a9 status=prepared share_status=pending completion_status= polls=0
2026-09-12T12:52:37.010128+00:00 task_update brief_id=58692fda-13b5-4231-a9d6-2beeeee3a6a9 status=needs_auth share_status=pending completion_status= polls=0
2026-09-12T12:52:37.012132+00:00 [795/3960 |  20.1%] completed_this_run=795 attention=795 elapsed=11:28 eta=45:42 brief_id=58692fda-13b5-4231-a9d6-2beeeee3a6a9 status=needs_auth title="Which corporate-activity scanning tasks can show where the chemical industry's …" | Eureka authorization is missing or expired.
2026-09-12T12:52:37.014134+00:00 task_update brief_id=00229531-3bec-43f2-bf2b-31cc12a84a34 status=prepared share_status=pending completion_status= polls=0
2026-09-12T12:52:37.022126+00:00 task_update brief_id=00229531-3bec-43f2-bf2b-31cc12a84a34 status=needs_auth share_status=pending completion_status= polls=0
2026-09-12T12:52:37.024509+00:00 [796/3960 |  20.1%] completed_this_run=796 attention=796 elapsed=11:28 eta=45:38 brief_id=00229531-3bec-43f2-bf2b-31cc12a84a34 status=needs_auth title="Which regulatory and policy scanning tasks can assess changes in the chemical i…" | Eureka authorization is missing or expired.
2026-09-12T12:52:37.026192+00:00 task_update brief_id=8b2dbe95-d8b6-4f36-81ed-88415c9f76a2 status=prepared share_status=pending completion_status= polls=0
2026-09-12T12:52:37.034168+00:00 task_update brief_id=8b2dbe95-d8b6-4f36-81ed-88415c9f76a2 status=needs_auth share_status=pending completion_status= polls=0
2026-09-12T12:52:37.036156+00:00 [797/3960 |  20.1%] completed_this_run=797 attention=797 elapsed=11:29 eta=45:34 brief_id=8b2dbe95-d8b6-4f36-81ed-88415c9f76a2 status=needs_auth title="Which trend-research tasks can map sustainability, decarbonization, and circula…" | Eureka authorization is missing or expired.
2026-09-12T12:52:37.037695+00:00 task_update brief_id=7141d402-26f0-48ac-9fc6-09ab6fb4abab status=prepared share_status=pending completion_status= polls=0
2026-09-12T12:52:37.046011+00:00 task_update brief_id=7141d402-26f0-48ac-9fc6-09ab6fb4abab status=needs_auth share_status=pending completion_status= polls=0
2026-09-12T12:52:37.047883+00:00 [798/3960 |  20.2%] completed_this_run=798 attention=798 elapsed=11:29 eta=45:30 brief_id=7141d402-26f0-48ac-9fc6-09ab6fb4abab status=needs_auth title="Which research tasks can track emerging process and manufacturing technology tr…" | Eureka authorization is missing or expired.
2026-09-12T12:52:37.049349+00:00 task_update brief_id=6b5bd7a7-8865-4745-a2e8-4e9e22a5739b status=prepared share_status=pending completion_status= polls=0
2026-09-12T12:52:37.056610+00:00 task_update brief_id=6b5bd7a7-8865-4745-a2e8-4e9e22a5739b status=needs_auth share_status=pending completion_status= polls=0
2026-09-12T12:52:37.058629+00:00 [799/3960 |  20.2%] completed_this_run=799 attention=799 elapsed=11:29 eta=45:25 brief_id=6b5bd7a7-8865-4745-a2e8-4e9e22a5739b status=needs_auth title="Which trend-scanning tasks can clarify the role of digitalization and automatio…" | Eureka authorization is missing or expired.
2026-09-12T12:52:37.060277+00:00 task_update brief_id=d49d7d59-3759-4abd-a3c8-f5e486f28e58 status=prepared share_status=pending completion_status= polls=0
2026-09-12T12:52:37.068514+00:00 task_update brief_id=d49d7d59-3759-4abd-a3c8-f5e486f28e58 status=needs_auth share_status=pending completion_status= polls=0
2026-09-12T12:52:37.109713+00:00 [800/3960 |  20.2%] completed_this_run=800 attention=800 elapsed=11:29 eta=45:21 brief_id=d49d7d59-3759-4abd-a3c8-f5e486f28e58 status=needs_auth title="Which market-application scanning tasks can identify demand-driven shifts in th…" | Eureka authorization is missing or expired.
2026-09-12T12:52:37.113355+00:00 task_update brief_id=4cc041eb-6dbc-4047-9595-eccdcf41a354 status=prepared share_status=pending completion_status= polls=0
2026-09-12T12:52:37.121323+00:00 task_update brief_id=4cc041eb-6dbc-4047-9595-eccdcf41a354 status=needs_auth share_status=pending completion_status= polls=0
2026-09-12T12:52:37.124042+00:00 [801/3960 |  20.2%] completed_this_run=801 attention=801 elapsed=11:29 eta=45:17 brief_id=4cc041eb-6dbc-4047-9595-eccdcf41a354 status=needs_auth title="Which technology clusters are gaining or losing patenting momentum across the c…" | Eureka authorization is missing or expired.
2026-09-12T12:52:37.125754+00:00 task_update brief_id=804f0ed4-e888-41a6-8176-f30f7361d585 status=prepared share_status=pending completion_status= polls=0
2026-09-12T12:52:37.133729+00:00 task_update brief_id=804f0ed4-e888-41a6-8176-f30f7361d585 status=needs_auth share_status=pending completion_status= polls=0
2026-09-12T12:52:37.136103+00:00 [802/3960 |  20.3%] completed_this_run=802 attention=802 elapsed=11:29 eta=45:13 brief_id=804f0ed4-e888-41a6-8176-f30f7361d585 status=needs_auth title="How is the composition of major patent rights holders changing across the chemi…" | Eureka authorization is missing or expired.
2026-09-12T12:52:37.138038+00:00 task_update brief_id=98fcfcd5-ad47-4d2d-8520-6c98a2796771 status=prepared share_status=pending completion_status= polls=0
2026-09-12T12:52:37.147175+00:00 task_update brief_id=98fcfcd5-ad47-4d2d-8520-6c98a2796771 status=needs_auth share_status=pending completion_status= polls=0
2026-09-12T12:52:37.150396+00:00 [803/3960 |  20.3%] completed_this_run=803 attention=803 elapsed=11:29 eta=45:09 brief_id=98fcfcd5-ad47-4d2d-8520-6c98a2796771 status=needs_auth title="What geographic shifts are emerging in chemical-industry patent origination and…" | Eureka authorization is missing or expired.
2026-09-12T12:52:37.152193+00:00 task_update brief_id=932ff493-5a8d-45b5-a0bc-799c9dfe873f status=prepared share_status=pending completion_status= polls=0
2026-09-12T12:52:37.162588+00:00 task_update brief_id=932ff493-5a8d-45b5-a0bc-799c9dfe873f status=needs_auth share_status=pending completion_status= polls=0
2026-09-12T12:52:37.164903+00:00 [804/3960 |  20.3%] completed_this_run=804 attention=804 elapsed=11:29 eta=45:05 brief_id=932ff493-5a8d-45b5-a0bc-799c9dfe873f status=needs_auth title="Where is technological convergence becoming more visible in the chemical-indust…" | Eureka authorization is missing or expired.
2026-09-12T12:52:37.166273+00:00 task_update brief_id=6e502aba-f421-4976-b423-2a5c4c78194f status=prepared share_status=pending completion_status= polls=0
2026-09-12T12:52:37.174612+00:00 task_update brief_id=6e502aba-f421-4976-b423-2a5c4c78194f status=needs_auth share_status=pending completion_status= polls=0
2026-09-12T12:52:37.176825+00:00 [805/3960 |  20.3%] completed_this_run=805 attention=805 elapsed=11:29 eta=45:00 brief_id=6e502aba-f421-4976-b423-2a5c4c78194f status=needs_auth title="Which chemical technology fields appear to be moving from emergence toward matu…" | Eureka authorization is missing or expired.
2026-09-12T12:52:37.178490+00:00 task_update brief_id=7d865f9d-4e1d-43d4-a725-a090dc791a6c status=prepared share_status=pending completion_status= polls=0
2026-09-12T12:52:37.186884+00:00 task_update brief_id=7d865f9d-4e1d-43d4-a725-a090dc791a6c status=needs_auth share_status=pending completion_status= polls=0
2026-09-12T12:52:37.189126+00:00 [806/3960 |  20.4%] completed_this_run=806 attention=806 elapsed=11:29 eta=44:56 brief_id=7d865f9d-4e1d-43d4-a725-a090dc791a6c status=needs_auth title="How are sustainability-oriented inventions reshaping the chemical-industry pate…" | Eureka authorization is missing or expired.
2026-09-12T12:52:37.190735+00:00 task_update brief_id=7f64ec83-baf6-425f-9041-51da17091ab4 status=prepared share_status=pending completion_status= polls=0
2026-09-12T12:52:37.198821+00:00 task_update brief_id=7f64ec83-baf6-425f-9041-51da17091ab4 status=needs_auth share_status=pending completion_status= polls=0
2026-09-12T12:52:37.201121+00:00 [807/3960 |  20.4%] completed_this_run=807 attention=807 elapsed=11:29 eta=44:52 brief_id=7f64ec83-baf6-425f-9041-51da17091ab4 status=needs_auth title="What patenting trends are changing the technology landscape for chemical manufa…" | Eureka authorization is missing or expired.
2026-09-12T12:52:37.202918+00:00 task_update brief_id=96800390-2b8b-4648-8514-5a19da874596 status=prepared share_status=pending completion_status= polls=0
2026-09-12T12:52:37.211564+00:00 task_update brief_id=96800390-2b8b-4648-8514-5a19da874596 status=needs_auth share_status=pending completion_status= polls=0
2026-09-12T12:52:37.213607+00:00 [808/3960 |  20.4%] completed_this_run=808 attention=808 elapsed=11:29 eta=44:48 brief_id=96800390-2b8b-4648-8514-5a19da874596 status=needs_auth title="Which application fields are attracting the fastest expansion of chemical-indus…" | Eureka authorization is missing or expired.
2026-09-12T12:52:37.215165+00:00 task_update brief_id=96c99177-cf3f-4132-9163-a92e584153e8 status=prepared share_status=pending completion_status= polls=0
2026-09-12T12:52:37.223940+00:00 task_update brief_id=96c99177-cf3f-4132-9163-a92e584153e8 status=needs_auth share_status=pending completion_status= polls=0
2026-09-12T12:52:37.226475+00:00 [809/3960 |  20.4%] completed_this_run=809 attention=809 elapsed=11:29 eta=44:44 brief_id=96c99177-cf3f-4132-9163-a92e584153e8 status=needs_auth title="How are collaboration patterns evolving within the chemical-industry patent lan…" | Eureka authorization is missing or expired.
2026-09-12T12:52:37.228048+00:00 task_update brief_id=2d97f6c7-4f19-4c0f-b4ea-66c16c84036b status=prepared share_status=pending completion_status= polls=0
2026-09-12T12:52:37.236397+00:00 task_update brief_id=2d97f6c7-4f19-4c0f-b4ea-66c16c84036b status=needs_auth share_status=pending completion_status= polls=0
2026-09-12T12:52:37.238609+00:00 [810/3960 |  20.5%] completed_this_run=810 attention=810 elapsed=11:29 eta=44:40 brief_id=2d97f6c7-4f19-4c0f-b4ea-66c16c84036b status=needs_auth title="How are patent-family reach and international filing strategies changing across…" | Eureka authorization is missing or expired.
2026-09-12T12:52:37.240412+00:00 task_update brief_id=d80905f7-f8ce-45c8-a957-0fde281dbf41 status=prepared share_status=pending completion_status= polls=0
2026-09-12T12:52:37.249204+00:00 task_update brief_id=d80905f7-f8ce-45c8-a957-0fde281dbf41 status=needs_auth share_status=pending completion_status= polls=0
2026-09-12T12:52:37.251225+00:00 [811/3960 |  20.5%] completed_this_run=811 attention=811 elapsed=11:29 eta=44:36 brief_id=d80905f7-f8ce-45c8-a957-0fde281dbf41 status=needs_auth title="Which intellectual-property risks should shape the prioritization of major chem…" | Eureka authorization is missing or expired.
2026-09-12T12:52:37.252850+00:00 task_update brief_id=0e638280-5b7a-439f-8488-dac9f834a6be status=prepared share_status=pending completion_status= polls=0
2026-09-12T12:52:37.262509+00:00 task_update brief_id=0e638280-5b7a-439f-8488-dac9f834a6be status=needs_auth share_status=pending completion_status= polls=0
2026-09-12T12:52:37.265954+00:00 [812/3960 |  20.5%] completed_this_run=812 attention=812 elapsed=11:29 eta=44:32 brief_id=0e638280-5b7a-439f-8488-dac9f834a6be status=needs_auth title="What IP risks should chemical product strategists assess when evaluating emergi…" | Eureka authorization is missing or expired.
2026-09-12T12:52:37.267606+00:00 task_update brief_id=308231bf-e45c-4d6e-bd10-a8473c3d90c3 status=prepared share_status=pending completion_status= polls=0
2026-09-12T12:52:37.275116+00:00 task_update brief_id=308231bf-e45c-4d6e-bd10-a8473c3d90c3 status=needs_auth share_status=pending completion_status= polls=0
2026-09-12T12:52:37.277433+00:00 [813/3960 |  20.5%] completed_this_run=813 attention=813 elapsed=11:29 eta=44:27 brief_id=308231bf-e45c-4d6e-bd10-a8473c3d90c3 status=needs_auth title="How should IP risks be assessed during early chemical product-concept selection?" | Eureka authorization is missing or expired.
2026-09-12T12:52:37.278890+00:00 task_update brief_id=99558ab3-0109-463b-88b2-7d206f083167 status=prepared share_status=pending completion_status= polls=0
2026-09-12T12:52:37.288614+00:00 task_update brief_id=99558ab3-0109-463b-88b2-7d206f083167 status=needs_auth share_status=pending completion_status= polls=0
2026-09-12T12:52:37.291284+00:00 [814/3960 |  20.6%] completed_this_run=814 attention=814 elapsed=11:29 eta=44:23 brief_id=99558ab3-0109-463b-88b2-7d206f083167 status=needs_auth title="Which IP risks can arise when chemical products move from laboratory concepts t…" | Eureka authorization is missing or expired.
2026-09-12T12:52:37.292835+00:00 task_update brief_id=8f0b8160-1e58-4ff7-a9df-22a0b81a3245 status=prepared share_status=pending completion_status= polls=0
2026-09-12T12:52:37.301650+00:00 task_update brief_id=8f0b8160-1e58-4ff7-a9df-22a0b81a3245 status=needs_auth share_status=pending completion_status= polls=0
2026-09-12T12:52:37.303682+00:00 [815/3960 |  20.6%] completed_this_run=815 attention=815 elapsed=11:29 eta=44:19 brief_id=8f0b8160-1e58-4ff7-a9df-22a0b81a3245 status=needs_auth title="What IP risks should be evaluated when considering reformulation or design-arou…" | Eureka authorization is missing or expired.
2026-09-12T12:52:37.305279+00:00 task_update brief_id=82b63b21-1b88-4ef4-a18b-a400c0daf721 status=prepared share_status=pending completion_status= polls=0
2026-09-12T12:52:37.313785+00:00 task_update brief_id=82b63b21-1b88-4ef4-a18b-a400c0daf721 status=needs_auth share_status=pending completion_status= polls=0
2026-09-12T12:52:37.316315+00:00 [816/3960 |  20.6%] completed_this_run=816 attention=816 elapsed=11:29 eta=44:15 brief_id=82b63b21-1b88-4ef4-a18b-a400c0daf721 status=needs_auth title="Which IP risks could affect product strategies built around sustainability and …" | Eureka authorization is missing or expired.
2026-09-12T12:52:37.317842+00:00 task_update brief_id=2394ba2d-1f05-470a-b5ae-619cdc1d98fa status=prepared share_status=pending completion_status= polls=0
2026-09-12T12:52:37.326618+00:00 task_update brief_id=2394ba2d-1f05-470a-b5ae-619cdc1d98fa status=needs_auth share_status=pending completion_status= polls=0
2026-09-12T12:52:37.329392+00:00 [817/3960 |  20.6%] completed_this_run=817 attention=817 elapsed=11:29 eta=44:11 brief_id=2394ba2d-1f05-470a-b5ae-619cdc1d98fa status=needs_auth title="What IP risks accompany the use of digital and AI-enabled capabilities in chemi…" | Eureka authorization is missing or expired.
2026-09-12T12:52:37.330892+00:00 task_update brief_id=909364b8-bb5b-4815-8ee3-b0b193697e03 status=prepared share_status=pending completion_status= polls=0
2026-09-12T12:52:37.340287+00:00 task_update brief_id=909364b8-bb5b-4815-8ee3-b0b193697e03 status=needs_auth share_status=pending completion_status= polls=0
2026-09-12T12:52:37.342452+00:00 [818/3960 |  20.7%] completed_this_run=818 attention=818 elapsed=11:29 eta=44:07 brief_id=909364b8-bb5b-4815-8ee3-b0b193697e03 status=needs_auth title="Which IP ownership risks should chemical product strategists assess in external…" | Eureka authorization is missing or expired.
2026-09-12T12:52:37.343856+00:00 task_update brief_id=f6331321-e968-47a1-8c4e-a8711bc3fa12 status=prepared share_status=pending completion_status= polls=0
2026-09-12T12:52:37.351812+00:00 task_update brief_id=f6331321-e968-47a1-8c4e-a8711bc3fa12 status=needs_auth share_status=pending completion_status= polls=0
2026-09-12T12:52:37.354007+00:00 [819/3960 |  20.7%] completed_this_run=819 attention=819 elapsed=11:29 eta=44:03 brief_id=f6331321-e968-47a1-8c4e-a8711bc3fa12 status=needs_auth title="How do jurisdictional patent differences create IP risks for chemical-industry …" | Eureka authorization is missing or expired.
2026-09-12T12:52:37.355377+00:00 task_update brief_id=6a6200eb-d10f-4490-b4bd-e494bd9b1336 status=prepared share_status=pending completion_status= polls=0
2026-09-12T12:52:37.363580+00:00 task_update brief_id=6a6200eb-d10f-4490-b4bd-e494bd9b1336 status=needs_auth share_status=pending completion_status= polls=0
2026-09-12T12:52:37.366088+00:00 [820/3960 |  20.7%] completed_this_run=820 attention=820 elapsed=11:29 eta=43:59 brief_id=6a6200eb-d10f-4490-b4bd-e494bd9b1336 status=needs_auth title="Which lifecycle-related IP risks should inform chemical product portfolio renew…" | Eureka authorization is missing or expired.
2026-09-12T12:52:37.367472+00:00 task_update brief_id=5e442013-890a-48b9-867e-a49245cd362c status=prepared share_status=pending completion_status= polls=0
2026-09-12T12:52:37.375889+00:00 task_update brief_id=5e442013-890a-48b9-867e-a49245cd362c status=needs_auth share_status=pending completion_status= polls=0
2026-09-12T12:52:37.378823+00:00 [821/3960 |  20.7%] completed_this_run=821 attention=821 elapsed=11:29 eta=43:55 brief_id=5e442013-890a-48b9-867e-a49245cd362c status=needs_auth title="Which emerging technology domains should the chemical industry prioritize for R…" | Eureka authorization is missing or expired.
2026-09-12T12:52:37.380136+00:00 task_update brief_id=7b305fe3-ff8a-4b1e-b01c-87b3d614f3fe status=prepared share_status=pending completion_status= polls=0
2026-09-12T12:52:37.388822+00:00 task_update brief_id=7b305fe3-ff8a-4b1e-b01c-87b3d614f3fe status=needs_auth share_status=pending completion_status= polls=0
2026-09-12T12:52:37.391204+00:00 [822/3960 |  20.8%] completed_this_run=822 attention=822 elapsed=11:29 eta=43:51 brief_id=7b305fe3-ff8a-4b1e-b01c-87b3d614f3fe status=needs_auth title="How are alternative feedstock technologies evolving across the chemical industr…" | Eureka authorization is missing or expired.
2026-09-12T12:52:37.392599+00:00 task_update brief_id=5d5b104a-6a22-4ebf-8ef9-97a06223ceae status=prepared share_status=pending completion_status= polls=0
2026-09-12T12:52:37.400559+00:00 task_update brief_id=5d5b104a-6a22-4ebf-8ef9-97a06223ceae status=needs_auth share_status=pending completion_status= polls=0
2026-09-12T12:52:37.402498+00:00 [823/3960 |  20.8%] completed_this_run=823 attention=823 elapsed=11:29 eta=43:47 brief_id=5d5b104a-6a22-4ebf-8ef9-97a06223ceae status=needs_auth title="Which electrification and low-carbon process technologies are gaining momentum …" | Eureka authorization is missing or expired.
2026-09-12T12:52:37.404216+00:00 task_update brief_id=3c447a72-6f4d-47ea-94aa-3abc00d4e468 status=prepared share_status=pending completion_status= polls=0
2026-09-12T12:52:37.412895+00:00 task_update brief_id=3c447a72-6f4d-47ea-94aa-3abc00d4e468 status=needs_auth share_status=pending completion_status= polls=0
2026-09-12T12:52:37.415195+00:00 [824/3960 |  20.8%] completed_this_run=824 attention=824 elapsed=11:29 eta=43:43 brief_id=3c447a72-6f4d-47ea-94aa-3abc00d4e468 status=needs_auth title="How are chemical recycling and circular production technologies advancing, and …" | Eureka authorization is missing or expired.
2026-09-12T12:52:37.416549+00:00 task_update brief_id=edc1e162-0bcc-4041-87fc-3d4c91b4ee2b status=prepared share_status=pending completion_status= polls=0
2026-09-12T12:52:37.426159+00:00 task_update brief_id=edc1e162-0bcc-4041-87fc-3d4c91b4ee2b status=needs_auth share_status=pending completion_status= polls=0
2026-09-12T12:52:37.470144+00:00 [825/3960 |  20.8%] completed_this_run=825 attention=825 elapsed=11:29 eta=43:39 brief_id=edc1e162-0bcc-4041-87fc-3d4c91b4ee2b status=needs_auth title="Which catalytic technology trends could have the greatest cross-industry impact…" | Eureka authorization is missing or expired.
2026-09-12T12:52:37.472264+00:00 task_update brief_id=d4f63143-c4d6-4058-b5cd-fe59771f17d6 status=prepared share_status=pending completion_status= polls=0
2026-09-12T12:52:37.480249+00:00 task_update brief_id=d4f63143-c4d6-4058-b5cd-fe59771f17d6 status=needs_auth share_status=pending completion_status= polls=0
2026-09-12T12:52:37.482492+00:00 [826/3960 |  20.9%] completed_this_run=826 attention=826 elapsed=11:29 eta=43:35 brief_id=d4f63143-c4d6-4058-b5cd-fe59771f17d6 status=needs_auth title="How are separation and purification technologies changing across the chemical i…" | Eureka authorization is missing or expired.
2026-09-12T12:52:37.484030+00:00 task_update brief_id=e12f2e10-ca74-4287-8d5f-6e1d2b32f275 status=prepared share_status=pending completion_status= polls=0
2026-09-12T12:52:37.493392+00:00 task_update brief_id=e12f2e10-ca74-4287-8d5f-6e1d2b32f275 status=needs_auth share_status=pending completion_status= polls=0
2026-09-12T12:52:37.495708+00:00 [827/3960 |  20.9%] completed_this_run=827 attention=827 elapsed=11:29 eta=43:31 brief_id=e12f2e10-ca74-4287-8d5f-6e1d2b32f275 status=needs_auth title="Which digital and autonomous R&D technologies are reshaping chemical innovation…" | Eureka authorization is missing or expired.
2026-09-12T12:52:37.497555+00:00 task_update brief_id=1a9c9a63-afc4-4bc3-a056-a5076ae70ec2 status=prepared share_status=pending completion_status= polls=0
2026-09-12T12:52:37.506405+00:00 task_update brief_id=1a9c9a63-afc4-4bc3-a056-a5076ae70ec2 status=needs_auth share_status=pending completion_status= polls=0
2026-09-12T12:52:37.508512+00:00 [828/3960 |  20.9%] completed_this_run=828 attention=828 elapsed=11:29 eta=43:28 brief_id=1a9c9a63-afc4-4bc3-a056-a5076ae70ec2 status=needs_auth title="How are biomanufacturing and biocatalytic routes evolving in the chemical indus…" | Eureka authorization is missing or expired.
2026-09-12T12:52:37.510081+00:00 task_update brief_id=084ec43f-3e0e-424e-9bff-d111192d5fe1 status=prepared share_status=pending completion_status= polls=0
2026-09-12T12:52:37.518605+00:00 task_update brief_id=084ec43f-3e0e-424e-9bff-d111192d5fe1 status=needs_auth share_status=pending completion_status= polls=0
2026-09-12T12:52:37.520867+00:00 [829/3960 |  20.9%] completed_this_run=829 attention=829 elapsed=11:29 eta=43:24 brief_id=084ec43f-3e0e-424e-9bff-d111192d5fe1 status=needs_auth title="Which advances in process safety and environmental monitoring should shape chem…" | Eureka authorization is missing or expired.
2026-09-12T12:52:37.522827+00:00 task_update brief_id=762d6816-2379-46c5-9158-b7050ec82960 status=prepared share_status=pending completion_status= polls=0
2026-09-12T12:52:37.530974+00:00 task_update brief_id=762d6816-2379-46c5-9158-b7050ec82960 status=needs_auth share_status=pending completion_status= polls=0
2026-09-12T12:52:37.533177+00:00 [830/3960 |  21.0%] completed_this_run=830 attention=830 elapsed=11:29 eta=43:20 brief_id=762d6816-2379-46c5-9158-b7050ec82960 status=needs_auth title="How are water-efficiency and resource-recovery technologies developing across t…" | Eureka authorization is missing or expired.
2026-09-12T12:52:37.534487+00:00 task_update brief_id=d34fc9a7-2bba-4490-9943-ab85f8985319 status=prepared share_status=pending completion_status= polls=0
2026-09-12T12:52:37.544420+00:00 task_update brief_id=d34fc9a7-2bba-4490-9943-ab85f8985319 status=needs_auth share_status=pending completion_status= polls=0
2026-09-12T12:52:37.547195+00:00 [831/3960 |  21.0%] completed_this_run=831 attention=831 elapsed=11:29 eta=43:16 brief_id=d34fc9a7-2bba-4490-9943-ab85f8985319 status=needs_auth title="How have major chemical-industry participants changed their technology bets ove…" | Eureka authorization is missing or expired.
2026-09-12T12:52:37.549089+00:00 task_update brief_id=4bc45215-1ad1-44c1-a6c9-a0e0122082f8 status=prepared share_status=pending completion_status= polls=0
2026-09-12T12:52:37.557534+00:00 task_update brief_id=4bc45215-1ad1-44c1-a6c9-a0e0122082f8 status=needs_auth share_status=pending completion_status= polls=0
2026-09-12T12:52:37.560071+00:00 [832/3960 |  21.0%] completed_this_run=832 attention=832 elapsed=11:29 eta=43:12 brief_id=4bc45215-1ad1-44c1-a6c9-a0e0122082f8 status=needs_auth title="Which chemical-industry competitors have advanced technologies from research an…" | Eureka authorization is missing or expired.
2026-09-12T12:52:37.561643+00:00 task_update brief_id=081cd1a1-f664-4a2f-8c38-896f2591d113 status=prepared share_status=pending completion_status= polls=0
2026-09-12T12:52:37.570093+00:00 task_update brief_id=081cd1a1-f664-4a2f-8c38-896f2591d113 status=needs_auth share_status=pending completion_status= polls=0
2026-09-12T12:52:37.572885+00:00 [833/3960 |  21.0%] completed_this_run=833 attention=833 elapsed=11:29 eta=43:08 brief_id=081cd1a1-f664-4a2f-8c38-896f2591d113 status=needs_auth title="How are partnerships, licensing agreements, and joint ventures changing the che…" | Eureka authorization is missing or expired.
2026-09-12T12:52:37.574552+00:00 task_update brief_id=ef1dbeb4-38eb-4dae-b48e-9bec78041fca status=prepared share_status=pending completion_status= polls=0
2026-09-12T12:52:37.582827+00:00 task_update brief_id=ef1dbeb4-38eb-4dae-b48e-9bec78041fca status=needs_auth share_status=pending completion_status= polls=0
2026-09-12T12:52:37.584736+00:00 [834/3960 |  21.1%] completed_this_run=834 attention=834 elapsed=11:29 eta=43:04 brief_id=ef1dbeb4-38eb-4dae-b48e-9bec78041fca status=needs_auth title="What shifts in patents and technical publications reveal changing technology pr…" | Eureka authorization is missing or expired.
2026-09-12T12:52:37.585986+00:00 task_update brief_id=05d51b45-34b9-4fb2-a482-c1cb8cb43d1b status=prepared share_status=pending completion_status= polls=0
2026-09-12T12:52:37.595211+00:00 task_update brief_id=05d51b45-34b9-4fb2-a482-c1cb8cb43d1b status=needs_auth share_status=pending completion_status= polls=0
2026-09-12T12:52:37.597491+00:00 [835/3960 |  21.1%] completed_this_run=835 attention=835 elapsed=11:29 eta=43:00 brief_id=05d51b45-34b9-4fb2-a482-c1cb8cb43d1b status=needs_auth title="How are competitors changing technology investment and deployment patterns acro…" | Eureka authorization is missing or expired.
2026-09-12T12:52:37.598949+00:00 task_update brief_id=ce3e8a38-9d53-4c00-bc0b-0452a7e740e7 status=prepared share_status=pending completion_status= polls=0
2026-09-12T12:52:37.607202+00:00 task_update brief_id=ce3e8a38-9d53-4c00-bc0b-0452a7e740e7 status=needs_auth share_status=pending completion_status= polls=0
2026-09-12T12:52:37.609401+00:00 [836/3960 |  21.1%] completed_this_run=836 attention=836 elapsed=11:29 eta=42:56 brief_id=ce3e8a38-9d53-4c00-bc0b-0452a7e740e7 status=needs_auth title="How have chemical-industry competitors repositioned their technology portfolios…" | Eureka authorization is missing or expired.
2026-09-12T12:52:37.610869+00:00 task_update brief_id=9df57cef-2e33-48e2-bf96-ef2b63fb4dd3 status=prepared share_status=pending completion_status= polls=0
2026-09-12T12:52:37.619196+00:00 task_update brief_id=9df57cef-2e33-48e2-bf96-ef2b63fb4dd3 status=needs_auth share_status=pending completion_status= polls=0
2026-09-12T12:52:37.621249+00:00 [837/3960 |  21.1%] completed_this_run=837 attention=837 elapsed=11:29 eta=42:52 brief_id=9df57cef-2e33-48e2-bf96-ef2b63fb4dd3 status=needs_auth title="How is competition evolving around circular feedstocks, recovery, and recycling…" | Eureka authorization is missing or expired.
2026-09-12T12:52:37.623038+00:00 task_update brief_id=37fad11c-d61a-4178-8d89-3cdf6f8afdb5 status=prepared share_status=pending completion_status= polls=0
2026-09-12T12:52:37.634533+00:00 task_update brief_id=37fad11c-d61a-4178-8d89-3cdf6f8afdb5 status=needs_auth share_status=pending completion_status= polls=0
2026-09-12T12:52:37.637177+00:00 [838/3960 |  21.2%] completed_this_run=838 attention=838 elapsed=11:29 eta=42:49 brief_id=37fad11c-d61a-4178-8d89-3cdf6f8afdb5 status=needs_auth title="Which competitors are gaining momentum in digital and AI-enabled technologies a…" | Eureka authorization is missing or expired.
2026-09-12T12:52:37.639019+00:00 task_update brief_id=fc5aa357-f8d8-4e1a-acd1-e017f1e07acd status=prepared share_status=pending completion_status= polls=0
2026-09-12T12:52:37.648283+00:00 task_update brief_id=fc5aa357-f8d8-4e1a-acd1-e017f1e07acd status=needs_auth share_status=pending completion_status= polls=0
2026-09-12T12:52:37.650361+00:00 [839/3960 |  21.2%] completed_this_run=839 attention=839 elapsed=11:29 eta=42:45 brief_id=fc5aa357-f8d8-4e1a-acd1-e017f1e07acd status=needs_auth title="How are chemical-industry competitors changing their technology strategies for …" | Eureka authorization is missing or expired.
2026-09-12T12:52:37.651921+00:00 task_update brief_id=2b1001b5-8c76-4b71-b125-e574766e89ad status=prepared share_status=pending completion_status= polls=0
2026-09-12T12:52:37.662690+00:00 task_update brief_id=2b1001b5-8c76-4b71-b125-e574766e89ad status=needs_auth share_status=pending completion_status= polls=0
2026-09-12T12:52:37.664793+00:00 [840/3960 |  21.2%] completed_this_run=840 attention=840 elapsed=11:29 eta=42:41 brief_id=2b1001b5-8c76-4b71-b125-e574766e89ad status=needs_auth title="What evidence shows chemical-industry competitors changing their technology dif…" | Eureka authorization is missing or expired.
2026-09-12T12:52:37.666149+00:00 task_update brief_id=2c16c313-36a2-4816-9775-62aaad637ac3 status=prepared share_status=pending completion_status= polls=0
2026-09-12T12:52:37.673956+00:00 task_update brief_id=2c16c313-36a2-4816-9775-62aaad637ac3 status=needs_auth share_status=pending completion_status= polls=0
2026-09-12T12:52:37.676216+00:00 [841/3960 |  21.2%] completed_this_run=841 attention=841 elapsed=11:29 eta=42:37 brief_id=2c16c313-36a2-4816-9775-62aaad637ac3 status=needs_auth title="Which emerging technologies offer the strongest opportunities to reduce lifecyc…" | Eureka authorization is missing or expired.
2026-09-12T12:52:37.677540+00:00 task_update brief_id=c9ef9299-afea-45a6-b4c2-a63b6cc7728b status=prepared share_status=pending completion_status= polls=0
2026-09-12T12:52:37.685009+00:00 task_update brief_id=c9ef9299-afea-45a6-b4c2-a63b6cc7728b status=needs_auth share_status=pending completion_status= polls=0
2026-09-12T12:52:37.687219+00:00 [842/3960 |  21.3%] completed_this_run=842 attention=842 elapsed=11:29 eta=42:33 brief_id=c9ef9299-afea-45a6-b4c2-a63b6cc7728b status=needs_auth title="Which emerging automation and robotics technologies could address the construct…" | Eureka authorization is missing or expired.
2026-09-12T12:52:37.689166+00:00 task_update brief_id=c7528eba-15b6-4490-bd45-0d40d0ba0235 status=prepared share_status=pending completion_status= polls=0
2026-09-12T12:52:37.697258+00:00 task_update brief_id=c7528eba-15b6-4490-bd45-0d40d0ba0235 status=needs_auth share_status=pending completion_status= polls=0
2026-09-12T12:52:37.699675+00:00 [843/3960 |  21.3%] completed_this_run=843 attention=843 elapsed=11:29 eta=42:30 brief_id=c7528eba-15b6-4490-bd45-0d40d0ba0235 status=needs_auth title="Which circular construction technologies present the most promising opportuniti…" | Eureka authorization is missing or expired.
2026-09-12T12:52:37.701238+00:00 task_update brief_id=fa02cfe1-a83f-4de4-afd5-c6c5f5d62a06 status=prepared share_status=pending completion_status= polls=0
2026-09-12T12:52:37.708850+00:00 task_update brief_id=fa02cfe1-a83f-4de4-afd5-c6c5f5d62a06 status=needs_auth share_status=pending completion_status= polls=0
2026-09-12T12:52:37.710944+00:00 [844/3960 |  21.3%] completed_this_run=844 attention=844 elapsed=11:29 eta=42:26 brief_id=fa02cfe1-a83f-4de4-afd5-c6c5f5d62a06 status=needs_auth title="Which emerging technologies could create new opportunities for climate-resilien…" | Eureka authorization is missing or expired.
2026-09-12T12:52:37.712763+00:00 task_update brief_id=3e3b3e2c-07a3-45e1-902b-297274fdc0f1 status=prepared share_status=pending completion_status= polls=0
2026-09-12T12:52:37.721223+00:00 task_update brief_id=3e3b3e2c-07a3-45e1-902b-297274fdc0f1 status=needs_auth share_status=pending completion_status= polls=0
2026-09-12T12:52:37.723264+00:00 [845/3960 |  21.3%] completed_this_run=845 attention=845 elapsed=11:29 eta=42:22 brief_id=3e3b3e2c-07a3-45e1-902b-297274fdc0f1 status=needs_auth title="Which emerging safety technologies could address persistent worker-risk gaps ac…" | Eureka authorization is missing or expired.
2026-09-12T12:52:37.725127+00:00 task_update brief_id=35c22053-356d-46f7-9d80-f5048c178659 status=prepared share_status=pending completion_status= polls=0
2026-09-12T12:52:37.743636+00:00 task_update brief_id=35c22053-356d-46f7-9d80-f5048c178659 status=needs_auth share_status=pending completion_status= polls=0
2026-09-12T12:52:37.745983+00:00 [846/3960 |  21.4%] completed_this_run=846 attention=846 elapsed=11:29 eta=42:18 brief_id=35c22053-356d-46f7-9d80-f5048c178659 status=needs_auth title="Which digital technologies offer the strongest opportunities to improve informa…" | Eureka authorization is missing or expired.
2026-09-12T12:52:37.747623+00:00 task_update brief_id=75fe1de0-fbb9-4cff-9a89-63cf2b117d87 status=prepared share_status=pending completion_status= polls=0
2026-09-12T12:52:37.755419+00:00 task_update brief_id=75fe1de0-fbb9-4cff-9a89-63cf2b117d87 status=needs_auth share_status=pending completion_status= polls=0
2026-09-12T12:52:37.757318+00:00 [847/3960 |  21.4%] completed_this_run=847 attention=847 elapsed=11:29 eta=42:14 brief_id=75fe1de0-fbb9-4cff-9a89-63cf2b117d87 status=needs_auth title="Which emerging technologies could unlock new opportunities for scalable renovat…" | Eureka authorization is missing or expired.
2026-09-12T12:52:37.758616+00:00 task_update brief_id=68aa270b-48b5-4f60-a4bc-4301f9f7d194 status=prepared share_status=pending completion_status= polls=0
2026-09-12T12:52:37.767119+00:00 task_update brief_id=68aa270b-48b5-4f60-a4bc-4301f9f7d194 status=needs_auth share_status=pending completion_status= polls=0
2026-09-12T12:52:37.769674+00:00 [848/3960 |  21.4%] completed_this_run=848 attention=848 elapsed=11:29 eta=42:11 brief_id=68aa270b-48b5-4f60-a4bc-4301f9f7d194 status=needs_auth title="Which emerging technologies could improve construction supply-chain visibility …" | Eureka authorization is missing or expired.
2026-09-12T12:52:37.771067+00:00 task_update brief_id=6d6a1244-363c-417e-8ad4-74afe66cda29 status=prepared share_status=pending completion_status= polls=0
2026-09-12T12:52:37.779948+00:00 task_update brief_id=6d6a1244-363c-417e-8ad4-74afe66cda29 status=needs_auth share_status=pending completion_status= polls=0
2026-09-12T12:52:37.782369+00:00 [849/3960 |  21.4%] completed_this_run=849 attention=849 elapsed=11:29 eta=42:07 brief_id=6d6a1244-363c-417e-8ad4-74afe66cda29 status=needs_auth title="Which emerging inspection and sensing technologies could enable earlier quality…" | Eureka authorization is missing or expired.
2026-09-12T12:52:37.783935+00:00 task_update brief_id=903b881b-fe38-4425-a294-413e1f78d524 status=prepared share_status=pending completion_status= polls=0
2026-09-12T12:52:37.792184+00:00 task_update brief_id=903b881b-fe38-4425-a294-413e1f78d524 status=needs_auth share_status=pending completion_status= polls=0
2026-09-12T12:52:37.837376+00:00 [850/3960 |  21.5%] completed_this_run=850 attention=850 elapsed=11:29 eta=42:03 brief_id=903b881b-fe38-4425-a294-413e1f78d524 status=needs_auth title="Which emerging technology pathways could expand access to skilled construction …" | Eureka authorization is missing or expired.
2026-09-12T12:52:37.840932+00:00 task_update brief_id=b5535792-662c-4999-93e8-61fc749a08f4 status=prepared share_status=pending completion_status= polls=0
2026-09-12T12:52:37.849739+00:00 task_update brief_id=b5535792-662c-4999-93e8-61fc749a08f4 status=needs_auth share_status=pending completion_status= polls=0
2026-09-12T12:52:37.852632+00:00 [851/3960 |  21.5%] completed_this_run=851 attention=851 elapsed=11:29 eta=42:00 brief_id=b5535792-662c-4999-93e8-61fc749a08f4 status=needs_auth title="Which research tasks would best map the construction industry’s major technolog…" | Eureka authorization is missing or expired.
2026-09-12T12:52:37.854706+00:00 task_update brief_id=6bcac193-dcfb-4005-addb-446d075dc7ec status=prepared share_status=pending completion_status= polls=0
2026-09-12T12:52:37.870292+00:00 task_update brief_id=6bcac193-dcfb-4005-addb-446d075dc7ec status=needs_auth share_status=pending completion_status= polls=0
2026-09-12T12:52:37.878198+00:00 [852/3960 |  21.5%] completed_this_run=852 attention=852 elapsed=11:29 eta=41:56 brief_id=6bcac193-dcfb-4005-addb-446d075dc7ec status=needs_auth title="Which research tasks would reveal how technology priorities are shifting across…" | Eureka authorization is missing or expired.
2026-09-12T12:52:37.879726+00:00 task_update brief_id=dd411483-e9fc-4040-b567-74a69494f682 status=prepared share_status=pending completion_status= polls=0
2026-09-12T12:52:37.887365+00:00 task_update brief_id=dd411483-e9fc-4040-b567-74a69494f682 status=needs_auth share_status=pending completion_status= polls=0
2026-09-12T12:52:37.889736+00:00 [853/3960 |  21.5%] completed_this_run=853 attention=853 elapsed=11:29 eta=41:52 brief_id=dd411483-e9fc-4040-b567-74a69494f682 status=needs_auth title="Which research tasks would best compare the maturity and adoption momentum of c…" | Eureka authorization is missing or expired.
2026-09-12T12:52:37.891075+00:00 task_update brief_id=978efc09-9f63-4769-956a-75ba7eb2c690 status=prepared share_status=pending completion_status= polls=0
2026-09-12T12:52:37.899594+00:00 task_update brief_id=978efc09-9f63-4769-956a-75ba7eb2c690 status=needs_auth share_status=pending completion_status= polls=0
2026-09-12T12:52:37.901794+00:00 [854/3960 |  21.6%] completed_this_run=854 attention=854 elapsed=11:29 eta=41:49 brief_id=978efc09-9f63-4769-956a-75ba7eb2c690 status=needs_auth title="Which research tasks would best scan technology trends supporting construction …" | Eureka authorization is missing or expired.
2026-09-12T12:52:37.903376+00:00 task_update brief_id=a2948f3b-8a95-4ef9-a7ce-cb060223eb2e status=prepared share_status=pending completion_status= polls=0
2026-09-12T12:52:37.910616+00:00 task_update brief_id=a2948f3b-8a95-4ef9-a7ce-cb060223eb2e status=needs_auth share_status=pending completion_status= polls=0
2026-09-12T12:52:37.912783+00:00 [855/3960 |  21.6%] completed_this_run=855 attention=855 elapsed=11:29 eta=41:45 brief_id=a2948f3b-8a95-4ef9-a7ce-cb060223eb2e status=needs_auth title="Which research tasks would clarify recent directions in construction automation…" | Eureka authorization is missing or expired.
2026-09-12T12:52:37.914241+00:00 task_update brief_id=e2972bc3-7dbc-4772-9353-ba320fe24542 status=prepared share_status=pending completion_status= polls=0
2026-09-12T12:52:37.921759+00:00 task_update brief_id=e2972bc3-7dbc-4772-9353-ba320fe24542 status=needs_auth share_status=pending completion_status= polls=0
2026-09-12T12:52:37.923983+00:00 [856/3960 |  21.6%] completed_this_run=856 attention=856 elapsed=11:29 eta=41:41 brief_id=e2972bc3-7dbc-4772-9353-ba320fe24542 status=needs_auth title="Which research tasks would best examine the evolution of digital, data, and AI …" | Eureka authorization is missing or expired.
2026-09-12T12:52:37.925398+00:00 task_update brief_id=93725f8d-9c7d-44ac-8310-5e63ceaf7719 status=prepared share_status=pending completion_status= polls=0
2026-09-12T12:52:37.933018+00:00 task_update brief_id=93725f8d-9c7d-44ac-8310-5e63ceaf7719 status=needs_auth share_status=pending completion_status= polls=0
2026-09-12T12:52:37.935233+00:00 [857/3960 |  21.6%] completed_this_run=857 attention=857 elapsed=11:29 eta=41:37 brief_id=93725f8d-9c7d-44ac-8310-5e63ceaf7719 status=needs_auth title="Which research tasks would identify technology trends reshaping construction pr…" | Eureka authorization is missing or expired.
2026-09-12T12:52:37.936765+00:00 task_update brief_id=4d2c43ff-4077-4c46-ac12-f3139a6390e0 status=prepared share_status=pending completion_status= polls=0
2026-09-12T12:52:37.944302+00:00 task_update brief_id=4d2c43ff-4077-4c46-ac12-f3139a6390e0 status=needs_auth share_status=pending completion_status= polls=0
2026-09-12T12:52:37.946463+00:00 [858/3960 |  21.7%] completed_this_run=858 attention=858 elapsed=11:29 eta=41:34 brief_id=4d2c43ff-4077-4c46-ac12-f3139a6390e0 status=needs_auth title="Which research tasks would best map emerging construction technologies for resi…" | Eureka authorization is missing or expired.
2026-09-12T12:52:37.948110+00:00 task_update brief_id=d1be15ca-5e69-491b-b7bf-809f5c9e2e31 status=prepared share_status=pending completion_status= polls=0
2026-09-12T12:52:37.955293+00:00 task_update brief_id=d1be15ca-5e69-491b-b7bf-809f5c9e2e31 status=needs_auth share_status=pending completion_status= polls=0
2026-09-12T12:52:37.957771+00:00 [859/3960 |  21.7%] completed_this_run=859 attention=859 elapsed=11:29 eta=41:30 brief_id=d1be15ca-5e69-491b-b7bf-809f5c9e2e31 status=needs_auth title="Which research tasks would show how regulation, standards, procurement, and int…" | Eureka authorization is missing or expired.
2026-09-12T12:52:37.959168+00:00 task_update brief_id=dbb8c9c7-93de-4485-ae68-b8caec079b6b status=prepared share_status=pending completion_status= polls=0
2026-09-12T12:52:37.966304+00:00 task_update brief_id=dbb8c9c7-93de-4485-ae68-b8caec079b6b status=needs_auth share_status=pending completion_status= polls=0
2026-09-12T12:52:37.968387+00:00 [860/3960 |  21.7%] completed_this_run=860 attention=860 elapsed=11:29 eta=41:26 brief_id=dbb8c9c7-93de-4485-ae68-b8caec079b6b status=needs_auth title="Which research tasks would best identify converging technology fields and likel…" | Eureka authorization is missing or expired.
2026-09-12T12:52:37.970190+00:00 task_update brief_id=a6ec4aa7-42e4-4f79-af49-63ff44fd5911 status=prepared share_status=pending completion_status= polls=0
2026-09-12T12:52:37.977924+00:00 task_update brief_id=a6ec4aa7-42e4-4f79-af49-63ff44fd5911 status=needs_auth share_status=pending completion_status= polls=0
2026-09-12T12:52:37.980476+00:00 [861/3960 |  21.7%] completed_this_run=861 attention=861 elapsed=11:29 eta=41:23 brief_id=a6ec4aa7-42e4-4f79-af49-63ff44fd5911 status=needs_auth title="How are patent filing trends shifting across the major technology fields of the…" | Eureka authorization is missing or expired.
2026-09-12T12:52:37.982154+00:00 task_update brief_id=377b0944-0749-4bba-aaf5-0625249d1fe2 status=prepared share_status=pending completion_status= polls=0
2026-09-12T12:52:37.989975+00:00 task_update brief_id=377b0944-0749-4bba-aaf5-0625249d1fe2 status=needs_auth share_status=pending completion_status= polls=0
2026-09-12T12:52:37.992247+00:00 [862/3960 |  21.8%] completed_this_run=862 attention=862 elapsed=11:29 eta=41:19 brief_id=377b0944-0749-4bba-aaf5-0625249d1fe2 status=needs_auth title="Which construction lifecycle stages are attracting growing patent activity, and…" | Eureka authorization is missing or expired.
2026-09-12T12:52:37.994085+00:00 task_update brief_id=83f12154-93e6-4201-b708-da82980f4947 status=prepared share_status=pending completion_status= polls=0
2026-09-12T12:52:38.002375+00:00 task_update brief_id=83f12154-93e6-4201-b708-da82980f4947 status=needs_auth share_status=pending completion_status= polls=0
2026-09-12T12:52:38.004760+00:00 [863/3960 |  21.8%] completed_this_run=863 attention=863 elapsed=11:29 eta=41:16 brief_id=83f12154-93e6-4201-b708-da82980f4947 status=needs_auth title="How is the geographic distribution of construction patent activity changing acr…" | Eureka authorization is missing or expired.
2026-09-12T12:52:38.006679+00:00 task_update brief_id=11c0f8aa-af3c-4d65-adae-9bf9f059bd91 status=prepared share_status=pending completion_status= polls=0
2026-09-12T12:52:38.014634+00:00 task_update brief_id=11c0f8aa-af3c-4d65-adae-9bf9f059bd91 status=needs_auth share_status=pending completion_status= polls=0
2026-09-12T12:52:38.016971+00:00 [864/3960 |  21.8%] completed_this_run=864 attention=864 elapsed=11:29 eta=41:12 brief_id=11c0f8aa-af3c-4d65-adae-9bf9f059bd91 status=needs_auth title="How is the mix of major patent applicants in construction changing among establ…" | Eureka authorization is missing or expired.
2026-09-12T12:52:38.018619+00:00 task_update brief_id=a9276187-8e78-4211-81d4-b068f09056a9 status=prepared share_status=pending completion_status= polls=0
2026-09-12T12:52:38.026345+00:00 task_update brief_id=a9276187-8e78-4211-81d4-b068f09056a9 status=needs_auth share_status=pending completion_status= polls=0
2026-09-12T12:52:38.028627+00:00 [865/3960 |  21.8%] completed_this_run=865 attention=865 elapsed=11:29 eta=41:08 brief_id=a9276187-8e78-4211-81d4-b068f09056a9 status=needs_auth title="Which technology convergences are emerging most clearly in the construction pat…" | Eureka authorization is missing or expired.
2026-09-12T12:52:38.030233+00:00 task_update brief_id=3bce2640-0cfe-487e-b0c6-8c958f3af90e status=prepared share_status=pending completion_status= polls=0
2026-09-12T12:52:38.038083+00:00 task_update brief_id=3bce2640-0cfe-487e-b0c6-8c958f3af90e status=needs_auth share_status=pending completion_status= polls=0
2026-09-12T12:52:38.040393+00:00 [866/3960 |  21.9%] completed_this_run=866 attention=866 elapsed=11:30 eta=41:05 brief_id=3bce2640-0cfe-487e-b0c6-8c958f3af90e status=needs_auth title="What does the construction patent landscape indicate about the changing maturit…" | Eureka authorization is missing or expired.
2026-09-12T12:52:38.041854+00:00 task_update brief_id=03a2cb1b-e30d-4d67-9b0c-2ba770eaf994 status=prepared share_status=pending completion_status= polls=0
2026-09-12T12:52:38.050371+00:00 task_update brief_id=03a2cb1b-e30d-4d67-9b0c-2ba770eaf994 status=needs_auth share_status=pending completion_status= polls=0
2026-09-12T12:52:38.053124+00:00 [867/3960 |  21.9%] completed_this_run=867 attention=867 elapsed=11:30 eta=41:01 brief_id=03a2cb1b-e30d-4d67-9b0c-2ba770eaf994 status=needs_auth title="Which construction technology fields show rising patent influence based on cita…" | Eureka authorization is missing or expired.
2026-09-12T12:52:38.054684+00:00 task_update brief_id=b3651c44-7c69-4fdc-b4aa-4a230ef80834 status=prepared share_status=pending completion_status= polls=0
2026-09-12T12:52:38.062947+00:00 task_update brief_id=b3651c44-7c69-4fdc-b4aa-4a230ef80834 status=needs_auth share_status=pending completion_status= polls=0
2026-09-12T12:52:38.065781+00:00 [868/3960 |  21.9%] completed_this_run=868 attention=868 elapsed=11:30 eta=40:58 brief_id=b3651c44-7c69-4fdc-b4aa-4a230ef80834 status=needs_auth title="How are sustainability-oriented technology directions changing within the const…" | Eureka authorization is missing or expired.
2026-09-12T12:52:38.067306+00:00 task_update brief_id=a4507fa5-2315-40c9-a8c5-9fd43d9b9fb4 status=prepared share_status=pending completion_status= polls=0
2026-09-12T12:52:38.076517+00:00 task_update brief_id=a4507fa5-2315-40c9-a8c5-9fd43d9b9fb4 status=needs_auth share_status=pending completion_status= polls=0
2026-09-12T12:52:38.080142+00:00 [869/3960 |  21.9%] completed_this_run=869 attention=869 elapsed=11:30 eta=40:54 brief_id=a4507fa5-2315-40c9-a8c5-9fd43d9b9fb4 status=needs_auth title="How are automation and digitalization reshaping technology clusters in the cons…" | Eureka authorization is missing or expired.
2026-09-12T12:52:38.081994+00:00 task_update brief_id=8b2bf080-0205-4726-bdb3-82e70b35b493 status=prepared share_status=pending completion_status= polls=0
2026-09-12T12:52:38.090699+00:00 task_update brief_id=8b2bf080-0205-4726-bdb3-82e70b35b493 status=needs_auth share_status=pending completion_status= polls=0
2026-09-12T12:52:38.092915+00:00 [870/3960 |  22.0%] completed_this_run=870 attention=870 elapsed=11:30 eta=40:50 brief_id=8b2bf080-0205-4726-bdb3-82e70b35b493 status=needs_auth title="How are patent trends changing around safety, resilience, and risk reduction ac…" | Eureka authorization is missing or expired.
2026-09-12T12:52:38.094600+00:00 task_update brief_id=53108963-6598-4e4c-a87b-f8c8532664e5 status=prepared share_status=pending completion_status= polls=0
2026-09-12T13:03:04.724258+00:00 task_update brief_id=53108963-6598-4e4c-a87b-f8c8532664e5 status=needs_auth share_status=pending completion_status= polls=0
2026-09-12T13:03:04.736428+00:00 [871/3960 |  22.0%] completed_this_run=871 attention=871 elapsed=11:30 eta=40:48 brief_id=53108963-6598-4e4c-a87b-f8c8532664e5 status=needs_auth title="Which intellectual-property risks are most significant when positioning new pro…" | Eureka authorization is missing or expired.
2026-09-12T13:03:04.740773+00:00 task_update brief_id=e548d420-18ef-4995-bb89-a8f52c14f4bd status=prepared share_status=pending completion_status= polls=0
2026-09-12T13:03:05.289028+00:00 task_update brief_id=e548d420-18ef-4995-bb89-a8f52c14f4bd status=needs_auth share_status=pending completion_status= polls=0
2026-09-12T13:03:05.391315+00:00 [872/3960 |  22.0%] completed_this_run=872 attention=872 elapsed=11:31 eta=40:47 brief_id=e548d420-18ef-4995-bb89-a8f52c14f4bd status=needs_auth title="What intellectual-property risks should construction product teams assess befor…" | Eureka authorization is missing or expired.
2026-09-12T13:03:05.402485+00:00 task_update brief_id=9749798d-7fc9-457a-82c3-75d30c654c10 status=prepared share_status=pending completion_status= polls=0
2026-09-12T13:03:05.586392+00:00 task_update brief_id=9749798d-7fc9-457a-82c3-75d30c654c10 status=needs_auth share_status=pending completion_status= polls=0
2026-09-12T13:03:05.590901+00:00 [873/3960 |  22.0%] completed_this_run=873 attention=873 elapsed=11:31 eta=40:44 brief_id=9749798d-7fc9-457a-82c3-75d30c654c10 status=needs_auth title="How do digital construction workflows create intellectual-property risks for pr…" | Eureka authorization is missing or expired.
2026-09-12T13:03:05.592914+00:00 task_update brief_id=57472961-d7e7-493b-9bd1-4c8af5220a4b status=prepared share_status=pending completion_status= polls=0
2026-09-12T13:03:05.664320+00:00 task_update brief_id=57472961-d7e7-493b-9bd1-4c8af5220a4b status=needs_auth share_status=pending completion_status= polls=0
2026-09-12T13:03:05.669141+00:00 [874/3960 |  22.1%] completed_this_run=874 attention=874 elapsed=11:31 eta=40:40 brief_id=57472961-d7e7-493b-9bd1-4c8af5220a4b status=needs_auth title="What intellectual-property risks could affect product strategies for low-carbon…" | Eureka authorization is missing or expired.
2026-09-12T13:03:05.756166+00:00 task_update brief_id=015d518e-c87b-461d-8e91-6bab4dc52046 status=prepared share_status=pending completion_status= polls=0
2026-09-12T13:03:05.791858+00:00 task_update brief_id=015d518e-c87b-461d-8e91-6bab4dc52046 status=needs_auth share_status=pending completion_status= polls=0
2026-09-12T13:03:05.866674+00:00 [875/3960 |  22.1%] completed_this_run=875 attention=875 elapsed=11:31 eta=40:38 brief_id=015d518e-c87b-461d-8e91-6bab4dc52046 status=needs_auth title="Which intellectual-property risks should guide product decisions in off-site an…" | Eureka authorization is missing or expired.
2026-09-12T13:03:05.874488+00:00 task_update brief_id=ef4538c6-26ae-464c-818f-1d8fd07a3087 status=prepared share_status=pending completion_status= polls=0
2026-09-12T13:03:05.883367+00:00 task_update brief_id=ef4538c6-26ae-464c-818f-1d8fd07a3087 status=needs_auth share_status=pending completion_status= polls=0
2026-09-12T13:03:05.889041+00:00 [876/3960 |  22.1%] completed_this_run=876 attention=876 elapsed=11:31 eta=40:34 brief_id=ef4538c6-26ae-464c-818f-1d8fd07a3087 status=needs_auth title="What intellectual-property risks arise when construction product strategies inc…" | Eureka authorization is missing or expired.
2026-09-12T13:03:05.890973+00:00 task_update brief_id=64383beb-143a-4505-8841-9b951691f4ea status=prepared share_status=pending completion_status= polls=0
2026-09-12T13:03:05.905687+00:00 task_update brief_id=64383beb-143a-4505-8841-9b951691f4ea status=needs_auth share_status=pending completion_status= polls=0
2026-09-12T13:03:05.908589+00:00 [877/3960 |  22.1%] completed_this_run=877 attention=877 elapsed=11:31 eta=40:31 brief_id=64383beb-143a-4505-8841-9b951691f4ea status=needs_auth title="How should intellectual-property risks be assessed for connected and smart-buil…" | Eureka authorization is missing or expired.
2026-09-12T13:03:05.910243+00:00 task_update brief_id=044eed00-4eb4-4181-9336-5e909431d9a5 status=prepared share_status=pending completion_status= polls=0
2026-09-12T13:03:05.952521+00:00 task_update brief_id=044eed00-4eb4-4181-9336-5e909431d9a5 status=needs_auth share_status=pending completion_status= polls=0
2026-09-12T13:03:05.969594+00:00 [878/3960 |  22.2%] completed_this_run=878 attention=878 elapsed=11:31 eta=40:27 brief_id=044eed00-4eb4-4181-9336-5e909431d9a5 status=needs_auth title="Which intellectual-property risks could constrain construction product strategi…" | Eureka authorization is missing or expired.
2026-09-12T13:03:05.972639+00:00 task_update brief_id=a07134df-656e-446f-b936-d2a5ae61d42e status=prepared share_status=pending completion_status= polls=0
2026-09-12T13:03:06.067735+00:00 task_update brief_id=a07134df-656e-446f-b936-d2a5ae61d42e status=needs_auth share_status=pending completion_status= polls=0
2026-09-12T13:03:06.081169+00:00 [879/3960 |  22.2%] completed_this_run=879 attention=879 elapsed=11:31 eta=40:24 brief_id=a07134df-656e-446f-b936-d2a5ae61d42e status=needs_auth title="What intellectual-property risks should product strategists evaluate in circula…" | Eureka authorization is missing or expired.
2026-09-12T13:03:06.091257+00:00 task_update brief_id=d5a9a850-603c-4a35-b963-362d6e11e69a status=prepared share_status=pending completion_status= polls=0
2026-09-12T13:03:06.105921+00:00 task_update brief_id=d5a9a850-603c-4a35-b963-362d6e11e69a status=needs_auth share_status=pending completion_status= polls=0
2026-09-12T13:03:06.108593+00:00 [880/3960 |  22.2%] completed_this_run=880 attention=880 elapsed=11:31 eta=40:21 brief_id=d5a9a850-603c-4a35-b963-362d6e11e69a status=needs_auth title="How can interoperability and industry standards create intellectual-property ri…" | Eureka authorization is missing or expired.
2026-09-12T13:03:06.110091+00:00 task_update brief_id=3d19d207-293c-4702-989b-194955115d13 status=prepared share_status=pending completion_status= polls=0
2026-09-12T13:03:06.127508+00:00 task_update brief_id=3d19d207-293c-4702-989b-194955115d13 status=needs_auth share_status=pending completion_status= polls=0
2026-09-12T13:03:06.139241+00:00 [881/3960 |  22.2%] completed_this_run=881 attention=881 elapsed=11:31 eta=40:17 brief_id=3d19d207-293c-4702-989b-194955115d13 status=needs_auth title="Which design and engineering technology trends should the construction industry…" | Eureka authorization is missing or expired.
2026-09-12T13:03:06.141074+00:00 task_update brief_id=6780d01f-d936-4f13-b73b-c2ba3c1dbaa7 status=prepared share_status=pending completion_status= polls=0
2026-09-12T13:03:07.841633+00:00 task_update brief_id=6780d01f-d936-4f13-b73b-c2ba3c1dbaa7 status=needs_auth share_status=pending completion_status= polls=0
2026-09-12T13:03:07.860402+00:00 [882/3960 |  22.3%] completed_this_run=882 attention=882 elapsed=11:33 eta=40:20 brief_id=6780d01f-d936-4f13-b73b-c2ba3c1dbaa7 status=needs_auth title="Which construction automation and robotics trends offer the strongest direction…" | Eureka authorization is missing or expired.
2026-09-12T13:03:07.881939+00:00 task_update brief_id=c4e9ede1-5941-4e01-b06f-0333cdf10730 status=prepared share_status=pending completion_status= polls=0
2026-09-12T13:03:07.920409+00:00 task_update brief_id=c4e9ede1-5941-4e01-b06f-0333cdf10730 status=needs_auth share_status=pending completion_status= polls=0
2026-09-12T13:03:07.925205+00:00 [883/3960 |  22.3%] completed_this_run=883 attention=883 elapsed=11:33 eta=40:16 brief_id=c4e9ede1-5941-4e01-b06f-0333cdf10730 status=needs_auth title="Which emerging construction material technologies warrant priority in industry …" | Eureka authorization is missing or expired.
2026-09-12T13:03:07.927163+00:00 task_update brief_id=2b7cdaf9-40fe-4adc-8f12-7bb7372c8056 status=prepared share_status=pending completion_status= polls=0
2026-09-12T13:03:07.938210+00:00 task_update brief_id=2b7cdaf9-40fe-4adc-8f12-7bb7372c8056 status=needs_auth share_status=pending completion_status= polls=0
2026-09-12T13:03:07.941903+00:00 [884/3960 |  22.3%] completed_this_run=884 attention=884 elapsed=11:33 eta=40:13 brief_id=2b7cdaf9-40fe-4adc-8f12-7bb7372c8056 status=needs_auth title="Which digital twin, sensing, and connected-data trends should guide constructio…" | Eureka authorization is missing or expired.
2026-09-12T13:03:07.944240+00:00 task_update brief_id=3d46705f-a0e9-4b75-b79a-92f53c1b83fe status=prepared share_status=pending completion_status= polls=0
2026-09-12T13:03:07.957119+00:00 task_update brief_id=3d46705f-a0e9-4b75-b79a-92f53c1b83fe status=needs_auth share_status=pending completion_status= polls=0
2026-09-12T13:03:07.960369+00:00 [885/3960 |  22.3%] completed_this_run=885 attention=885 elapsed=11:33 eta=40:09 brief_id=3d46705f-a0e9-4b75-b79a-92f53c1b83fe status=needs_auth title="Which artificial intelligence trends are becoming the most consequential for co…" | Eureka authorization is missing or expired.
2026-09-12T13:03:07.964235+00:00 task_update brief_id=2c2b3f64-2d9e-4979-9b4b-cfba1a29bbea status=prepared share_status=pending completion_status= polls=0
2026-09-12T13:03:07.973567+00:00 task_update brief_id=2c2b3f64-2d9e-4979-9b4b-cfba1a29bbea status=needs_auth share_status=pending completion_status= polls=0
2026-09-12T13:03:07.976061+00:00 [886/3960 |  22.4%] completed_this_run=886 attention=886 elapsed=11:33 eta=40:06 brief_id=2c2b3f64-2d9e-4979-9b4b-cfba1a29bbea status=needs_auth title="Which industrialized and off-site construction technology trends deserve greate…" | Eureka authorization is missing or expired.
2026-09-12T13:03:07.980096+00:00 task_update brief_id=62cb7d02-c928-4988-ab31-294acf9b6271 status=prepared share_status=pending completion_status= polls=0
2026-09-12T13:03:08.020285+00:00 task_update brief_id=62cb7d02-c928-4988-ab31-294acf9b6271 status=needs_auth share_status=pending completion_status= polls=0
2026-09-12T13:03:08.027165+00:00 [887/3960 |  22.4%] completed_this_run=887 attention=887 elapsed=11:33 eta=40:03 brief_id=62cb7d02-c928-4988-ab31-294acf9b6271 status=needs_auth title="Which circular construction technology trends should be prioritized for further…" | Eureka authorization is missing or expired.
2026-09-12T13:03:08.030875+00:00 task_update brief_id=34942f31-bb4a-4bce-8d4f-778e078f91b0 status=prepared share_status=pending completion_status= polls=0
2026-09-12T13:03:08.041481+00:00 task_update brief_id=34942f31-bb4a-4bce-8d4f-778e078f91b0 status=needs_auth share_status=pending completion_status= polls=0
2026-09-12T13:03:08.044104+00:00 [888/3960 |  22.4%] completed_this_run=888 attention=888 elapsed=11:33 eta=39:59 brief_id=34942f31-bb4a-4bce-8d4f-778e078f91b0 status=needs_auth title="Which decarbonization technology trends present the most promising construction…" | Eureka authorization is missing or expired.
2026-09-12T13:03:08.048934+00:00 task_update brief_id=a8742fbf-7b79-404e-a112-3e316bb053d0 status=prepared share_status=pending completion_status= polls=0
2026-09-12T13:03:08.059989+00:00 task_update brief_id=a8742fbf-7b79-404e-a112-3e316bb053d0 status=needs_auth share_status=pending completion_status= polls=0
2026-09-12T13:03:08.063335+00:00 [889/3960 |  22.4%] completed_this_run=889 attention=889 elapsed=11:33 eta=39:56 brief_id=a8742fbf-7b79-404e-a112-3e316bb053d0 status=needs_auth title="Which climate-resilience technologies should shape the construction industry's …" | Eureka authorization is missing or expired.
2026-09-12T13:03:08.065120+00:00 task_update brief_id=4d367f92-911e-4c31-81ea-658c3c2dd3fb status=prepared share_status=pending completion_status= polls=0
2026-09-12T13:03:08.074071+00:00 task_update brief_id=4d367f92-911e-4c31-81ea-658c3c2dd3fb status=needs_auth share_status=pending completion_status= polls=0
2026-09-12T13:03:08.076486+00:00 [890/3960 |  22.5%] completed_this_run=890 attention=890 elapsed=11:33 eta=39:52 brief_id=4d367f92-911e-4c31-81ea-658c3c2dd3fb status=needs_auth title="Which worker safety and human-technology interaction trends merit priority in c…" | Eureka authorization is missing or expired.
2026-09-12T13:03:08.079076+00:00 task_update brief_id=6732b19a-98c2-4458-82a6-916784fc3711 status=prepared share_status=pending completion_status= polls=0
2026-09-12T13:03:08.089715+00:00 task_update brief_id=6732b19a-98c2-4458-82a6-916784fc3711 status=needs_auth share_status=pending completion_status= polls=0
2026-09-12T13:03:08.092569+00:00 [891/3960 |  22.5%] completed_this_run=891 attention=891 elapsed=11:33 eta=39:49 brief_id=6732b19a-98c2-4458-82a6-916784fc3711 status=needs_auth title="How have major construction technology competitors shifted their technology bet…" | Eureka authorization is missing or expired.
2026-09-12T13:03:08.094160+00:00 task_update brief_id=ceb5208b-6067-42f2-aa15-de79019798f9 status=prepared share_status=pending completion_status= polls=0
2026-09-12T13:03:08.102631+00:00 task_update brief_id=ceb5208b-6067-42f2-aa15-de79019798f9 status=needs_auth share_status=pending completion_status= polls=0
2026-09-12T13:03:08.105841+00:00 [892/3960 |  22.5%] completed_this_run=892 attention=892 elapsed=11:33 eta=39:46 brief_id=ceb5208b-6067-42f2-aa15-de79019798f9 status=needs_auth title="Which partnerships, acquisitions, and investments are changing the construction…" | Eureka authorization is missing or expired.
2026-09-12T13:03:08.107548+00:00 task_update brief_id=d55c1e0e-036a-4992-873f-e42cd2a2ac56 status=prepared share_status=pending completion_status= polls=0
2026-09-12T13:03:08.117767+00:00 task_update brief_id=d55c1e0e-036a-4992-873f-e42cd2a2ac56 status=needs_auth share_status=pending completion_status= polls=0
2026-09-12T13:03:08.120394+00:00 [893/3960 |  22.6%] completed_this_run=893 attention=893 elapsed=11:33 eta=39:42 brief_id=d55c1e0e-036a-4992-873f-e42cd2a2ac56 status=needs_auth title="Which construction technology competitors are progressing from pilots to broade…" | Eureka authorization is missing or expired.
2026-09-12T13:03:08.121932+00:00 task_update brief_id=64680e54-3648-4e64-b352-d9482f3f777b status=prepared share_status=pending completion_status= polls=0
2026-09-12T13:03:08.177352+00:00 task_update brief_id=64680e54-3648-4e64-b352-d9482f3f777b status=needs_auth share_status=pending completion_status= polls=0
2026-09-12T13:03:08.181739+00:00 [894/3960 |  22.6%] completed_this_run=894 attention=894 elapsed=11:33 eta=39:39 brief_id=64680e54-3648-4e64-b352-d9482f3f777b status=needs_auth title="How are major construction technology competitors expanding across regions and …" | Eureka authorization is missing or expired.
2026-09-12T13:03:08.183563+00:00 task_update brief_id=d5244177-a14c-49cf-8097-977f7b3a977e status=prepared share_status=pending completion_status= polls=0
2026-09-12T13:03:08.193046+00:00 task_update brief_id=d5244177-a14c-49cf-8097-977f7b3a977e status=needs_auth share_status=pending completion_status= polls=0
2026-09-12T13:03:08.195200+00:00 [895/3960 |  22.6%] completed_this_run=895 attention=895 elapsed=11:33 eta=39:36 brief_id=d5244177-a14c-49cf-8097-977f7b3a977e status=needs_auth title="How are construction technology competitors changing their differentiation clai…" | Eureka authorization is missing or expired.
2026-09-12T13:03:08.196414+00:00 task_update brief_id=f589ff24-5b22-4e29-8abe-61192aa85342 status=prepared share_status=pending completion_status= polls=0
2026-09-12T13:03:08.203631+00:00 task_update brief_id=f589ff24-5b22-4e29-8abe-61192aa85342 status=needs_auth share_status=pending completion_status= polls=0
2026-09-12T13:03:08.205860+00:00 [896/3960 |  22.6%] completed_this_run=896 attention=896 elapsed=11:33 eta=39:32 brief_id=f589ff24-5b22-4e29-8abe-61192aa85342 status=needs_auth title="Which competitors are increasing research, development, and commercialization a…" | Eureka authorization is missing or expired.
2026-09-12T13:03:08.207284+00:00 task_update brief_id=620c8c75-b385-4890-bdd4-6fba39ae2a10 status=prepared share_status=pending completion_status= polls=0
2026-09-12T13:03:08.214660+00:00 task_update brief_id=620c8c75-b385-4890-bdd4-6fba39ae2a10 status=needs_auth share_status=pending completion_status= polls=0
2026-09-12T13:03:08.217268+00:00 [897/3960 |  22.7%] completed_this_run=897 attention=897 elapsed=11:33 eta=39:29 brief_id=620c8c75-b385-4890-bdd4-6fba39ae2a10 status=needs_auth title="How are competitors building technology platforms and partner ecosystems across…" | Eureka authorization is missing or expired.
2026-09-12T13:03:08.218587+00:00 task_update brief_id=f36a014f-7417-4e96-b0f8-efbd651c2f3a status=prepared share_status=pending completion_status= polls=0
2026-09-12T13:03:08.225858+00:00 task_update brief_id=f36a014f-7417-4e96-b0f8-efbd651c2f3a status=needs_auth share_status=pending completion_status= polls=0
2026-09-12T13:03:08.228436+00:00 [898/3960 |  22.7%] completed_this_run=898 attention=898 elapsed=11:33 eta=39:25 brief_id=f36a014f-7417-4e96-b0f8-efbd651c2f3a status=needs_auth title="How are construction technology competitors responding to changing standards an…" | Eureka authorization is missing or expired.
2026-09-12T13:03:08.230615+00:00 task_update brief_id=cf6ae58f-d0c0-411c-bbef-3b6b3b0d317f status=prepared share_status=pending completion_status= polls=0
2026-09-12T13:03:08.299536+00:00 task_update brief_id=cf6ae58f-d0c0-411c-bbef-3b6b3b0d317f status=needs_auth share_status=pending completion_status= polls=0
2026-09-12T13:03:08.315975+00:00 [899/3960 |  22.7%] completed_this_run=899 attention=899 elapsed=11:33 eta=39:22 brief_id=cf6ae58f-d0c0-411c-bbef-3b6b3b0d317f status=needs_auth title="Which competitors are strengthening their positions in low-carbon and resource-…" | Eureka authorization is missing or expired.
2026-09-12T13:03:08.871159+00:00 task_update brief_id=764ad30c-a887-406b-8912-9f5231ab6446 status=prepared share_status=pending completion_status= polls=0
2026-09-12T13:03:12.773776+00:00 task_update brief_id=764ad30c-a887-406b-8912-9f5231ab6446 status=needs_auth share_status=pending completion_status= polls=0
2026-09-12T13:03:12.949359+00:00 [900/3960 |  22.7%] completed_this_run=900 attention=900 elapsed=11:38 eta=39:35 brief_id=764ad30c-a887-406b-8912-9f5231ab6446 status=needs_auth title="How are construction competitors combining digitalization, automation, and data…" | Eureka authorization is missing or expired.
2026-09-12T13:03:12.954183+00:00 task_update brief_id=6b3eafbd-852b-4292-8029-f59a55eff746 status=prepared share_status=pending completion_status= polls=0
2026-09-12T13:03:12.964703+00:00 task_update brief_id=6b3eafbd-852b-4292-8029-f59a55eff746 status=needs_auth share_status=pending completion_status= polls=0
2026-09-12T13:03:12.967424+00:00 [901/3960 |  22.8%] completed_this_run=901 attention=901 elapsed=11:38 eta=39:31 brief_id=6b3eafbd-852b-4292-8029-f59a55eff746 status=needs_auth title="Which emerging technologies offer the strongest opportunities to improve flexib…" | Eureka authorization is missing or expired.
2026-09-12T13:03:12.969208+00:00 task_update brief_id=1d336865-704e-4d83-a037-74c80a180f33 status=prepared share_status=pending completion_status= polls=0
2026-09-12T13:03:12.981142+00:00 task_update brief_id=1d336865-704e-4d83-a037-74c80a180f33 status=needs_auth share_status=pending completion_status= polls=0
2026-09-12T13:03:12.984428+00:00 [902/3960 |  22.8%] completed_this_run=902 attention=902 elapsed=11:38 eta=39:28 brief_id=1d336865-704e-4d83-a037-74c80a180f33 status=needs_auth title="Which emerging inspection and metrology technologies represent the most promisi…" | Eureka authorization is missing or expired.
2026-09-12T13:03:12.988399+00:00 task_update brief_id=45e8495c-2fad-410b-b574-cfd51e0a34cb status=prepared share_status=pending completion_status= polls=0
2026-09-12T13:03:12.997050+00:00 task_update brief_id=45e8495c-2fad-410b-b574-cfd51e0a34cb status=needs_auth share_status=pending completion_status= polls=0
2026-09-12T13:03:13.000092+00:00 [903/3960 |  22.8%] completed_this_run=903 attention=903 elapsed=11:38 eta=39:25 brief_id=45e8495c-2fad-410b-b574-cfd51e0a34cb status=needs_auth title="Which emerging technologies could create the greatest opportunities for energy …" | Eureka authorization is missing or expired.
2026-09-12T13:03:13.001948+00:00 task_update brief_id=ef28fe5e-92a0-4d99-a95e-10da97b2955c status=prepared share_status=pending completion_status= polls=0
2026-09-12T13:03:13.011136+00:00 task_update brief_id=ef28fe5e-92a0-4d99-a95e-10da97b2955c status=needs_auth share_status=pending completion_status= polls=0
2026-09-12T13:03:13.013665+00:00 [904/3960 |  22.8%] completed_this_run=904 attention=904 elapsed=11:38 eta=39:21 brief_id=ef28fe5e-92a0-4d99-a95e-10da97b2955c status=needs_auth title="Which emerging traceability and provenance technologies offer new opportunities…" | Eureka authorization is missing or expired.
2026-09-12T13:03:13.015733+00:00 task_update brief_id=c152b4c1-1e37-4d62-b328-ecebb15633f8 status=prepared share_status=pending completion_status= polls=0
2026-09-12T13:03:13.027706+00:00 task_update brief_id=c152b4c1-1e37-4d62-b328-ecebb15633f8 status=needs_auth share_status=pending completion_status= polls=0
2026-09-12T13:03:13.031417+00:00 [905/3960 |  22.9%] completed_this_run=905 attention=905 elapsed=11:38 eta=39:18 brief_id=c152b4c1-1e37-4d62-b328-ecebb15633f8 status=needs_auth title="Which emerging advanced-packaging capabilities present the most significant inn…" | Eureka authorization is missing or expired.
2026-09-12T13:03:13.033509+00:00 task_update brief_id=84903a99-2c36-42af-bb3d-c9ee6af7f255 status=prepared share_status=pending completion_status= polls=0
2026-09-12T13:03:13.043318+00:00 task_update brief_id=84903a99-2c36-42af-bb3d-c9ee6af7f255 status=needs_auth share_status=pending completion_status= polls=0
2026-09-12T13:03:13.046780+00:00 [906/3960 |  22.9%] completed_this_run=906 attention=906 elapsed=11:38 eta=39:15 brief_id=84903a99-2c36-42af-bb3d-c9ee6af7f255 status=needs_auth title="Which digital-engineering technologies offer the strongest opportunities to acc…" | Eureka authorization is missing or expired.
2026-09-12T13:03:13.049545+00:00 task_update brief_id=051770d2-80dd-4f69-9698-37cbcdc9f095 status=prepared share_status=pending completion_status= polls=0
2026-09-12T13:03:13.059795+00:00 task_update brief_id=051770d2-80dd-4f69-9698-37cbcdc9f095 status=needs_auth share_status=pending completion_status= polls=0
2026-09-12T13:03:13.063563+00:00 [907/3960 |  22.9%] completed_this_run=907 attention=907 elapsed=11:38 eta=39:11 brief_id=051770d2-80dd-4f69-9698-37cbcdc9f095 status=needs_auth title="Which emerging human-machine collaboration technologies create new opportunitie…" | Eureka authorization is missing or expired.
2026-09-12T13:03:13.066875+00:00 task_update brief_id=002afc10-6916-4ea3-91f8-c311dbbeaccc status=prepared share_status=pending completion_status= polls=0
2026-09-12T13:03:13.077312+00:00 task_update brief_id=002afc10-6916-4ea3-91f8-c311dbbeaccc status=needs_auth share_status=pending completion_status= polls=0
2026-09-12T13:03:13.080798+00:00 [908/3960 |  22.9%] completed_this_run=908 attention=908 elapsed=11:38 eta=39:08 brief_id=002afc10-6916-4ea3-91f8-c311dbbeaccc status=needs_auth title="Which emerging cybersecurity technologies offer promising opportunities for inc…" | Eureka authorization is missing or expired.
2026-09-12T13:03:13.082372+00:00 task_update brief_id=b6d340b8-7ea4-4749-b6af-0fba2b5654ce status=prepared share_status=pending completion_status= polls=0
2026-09-12T13:03:13.091707+00:00 task_update brief_id=b6d340b8-7ea4-4749-b6af-0fba2b5654ce status=needs_auth share_status=pending completion_status= polls=0
2026-09-12T13:03:13.095002+00:00 [909/3960 |  23.0%] completed_this_run=909 attention=909 elapsed=11:38 eta=39:05 brief_id=b6d340b8-7ea4-4749-b6af-0fba2b5654ce status=needs_auth title="Which emerging technologies could unlock new repair, refurbishment, and remanuf…" | Eureka authorization is missing or expired.
2026-09-12T13:03:13.098548+00:00 task_update brief_id=383dcc5a-84f9-42b5-bc8e-01c3886c0781 status=prepared share_status=pending completion_status= polls=0
2026-09-12T13:03:13.108495+00:00 task_update brief_id=383dcc5a-84f9-42b5-bc8e-01c3886c0781 status=needs_auth share_status=pending completion_status= polls=0
2026-09-12T13:03:13.111449+00:00 [910/3960 |  23.0%] completed_this_run=910 attention=910 elapsed=11:38 eta=39:01 brief_id=383dcc5a-84f9-42b5-bc8e-01c3886c0781 status=needs_auth title="Which emerging manufacturing technologies could enable new electronics form fac…" | Eureka authorization is missing or expired.
2026-09-12T13:03:13.113286+00:00 task_update brief_id=a9e22298-a784-4898-9e8b-90f288db75cf status=prepared share_status=pending completion_status= polls=0
2026-09-12T13:03:13.122648+00:00 task_update brief_id=a9e22298-a784-4898-9e8b-90f288db75cf status=needs_auth share_status=pending completion_status= polls=0
2026-09-12T13:03:13.129691+00:00 [911/3960 |  23.0%] completed_this_run=911 attention=911 elapsed=11:38 eta=38:58 brief_id=a9e22298-a784-4898-9e8b-90f288db75cf status=needs_auth title="Which technology domains are changing fastest across electronics manufacturing,…" | Eureka authorization is missing or expired.
2026-09-12T13:03:13.131721+00:00 task_update brief_id=52a2397d-3e77-472d-b425-d9b0768a26cf status=prepared share_status=pending completion_status= polls=0
2026-09-12T13:03:13.142285+00:00 task_update brief_id=52a2397d-3e77-472d-b425-d9b0768a26cf status=needs_auth share_status=pending completion_status= polls=0
2026-09-12T13:03:13.153347+00:00 [912/3960 |  23.0%] completed_this_run=912 attention=912 elapsed=11:38 eta=38:55 brief_id=52a2397d-3e77-472d-b425-d9b0768a26cf status=needs_auth title="Where are technology priorities shifting across the electronics manufacturing l…" | Eureka authorization is missing or expired.
2026-09-12T13:03:13.156445+00:00 task_update brief_id=85665981-cde9-4401-aa45-25308e6af8a0 status=prepared share_status=pending completion_status= polls=0
2026-09-12T13:03:13.168437+00:00 task_update brief_id=85665981-cde9-4401-aa45-25308e6af8a0 status=needs_auth share_status=pending completion_status= polls=0
2026-09-12T13:03:13.173056+00:00 [913/3960 |  23.1%] completed_this_run=913 attention=913 elapsed=11:38 eta=38:52 brief_id=85665981-cde9-4401-aa45-25308e6af8a0 status=needs_auth title="Which electronics manufacturing technologies are moving from experimentation to…" | Eureka authorization is missing or expired.
2026-09-12T13:03:13.175034+00:00 task_update brief_id=49958e74-f386-45bf-98ad-adcb6a7d6a48 status=prepared share_status=pending completion_status= polls=0
2026-09-12T13:03:13.189024+00:00 task_update brief_id=49958e74-f386-45bf-98ad-adcb6a7d6a48 status=needs_auth share_status=pending completion_status= polls=0
2026-09-12T13:03:13.191750+00:00 [914/3960 |  23.1%] completed_this_run=914 attention=914 elapsed=11:38 eta=38:48 brief_id=49958e74-f386-45bf-98ad-adcb6a7d6a48 status=needs_auth title="How are automation, AI, connectivity, and digital engineering converging across…" | Eureka authorization is missing or expired.
2026-09-12T13:03:13.195531+00:00 task_update brief_id=844cc5dd-ef5c-4b0e-afbf-dac6f0c82ba0 status=prepared share_status=pending completion_status= polls=0
2026-09-12T13:03:13.204077+00:00 task_update brief_id=844cc5dd-ef5c-4b0e-afbf-dac6f0c82ba0 status=needs_auth share_status=pending completion_status= polls=0
2026-09-12T13:03:13.206660+00:00 [915/3960 |  23.1%] completed_this_run=915 attention=915 elapsed=11:38 eta=38:45 brief_id=844cc5dd-ef5c-4b0e-afbf-dac6f0c82ba0 status=needs_auth title="How are quality and reliability technologies evolving across electronics manufa…" | Eureka authorization is missing or expired.
2026-09-12T13:03:13.208872+00:00 task_update brief_id=374d517d-1392-4f47-9deb-3ab35e7f3420 status=prepared share_status=pending completion_status= polls=0
2026-09-12T13:03:13.222310+00:00 task_update brief_id=374d517d-1392-4f47-9deb-3ab35e7f3420 status=needs_auth share_status=pending completion_status= polls=0
2026-09-12T13:03:13.232664+00:00 [916/3960 |  23.1%] completed_this_run=916 attention=916 elapsed=11:38 eta=38:42 brief_id=374d517d-1392-4f47-9deb-3ab35e7f3420 status=needs_auth title="Which sustainability and circularity technology trends are reshaping electronic…" | Eureka authorization is missing or expired.
2026-09-12T13:03:13.235567+00:00 task_update brief_id=1826676e-02fa-4584-9c74-fb8b6717861f status=prepared share_status=pending completion_status= polls=0
2026-09-12T13:03:13.243635+00:00 task_update brief_id=1826676e-02fa-4584-9c74-fb8b6717861f status=needs_auth share_status=pending completion_status= polls=0
2026-09-12T13:03:13.246773+00:00 [917/3960 |  23.2%] completed_this_run=917 attention=917 elapsed=11:38 eta=38:39 brief_id=1826676e-02fa-4584-9c74-fb8b6717861f status=needs_auth title="How are resilience and production-flexibility technologies changing across elec…" | Eureka authorization is missing or expired.
2026-09-12T13:03:13.248373+00:00 task_update brief_id=a14134b6-a44e-4ea6-a612-5acdcfcebe4b status=prepared share_status=pending completion_status= polls=0
2026-09-12T13:03:13.256875+00:00 task_update brief_id=a14134b6-a44e-4ea6-a612-5acdcfcebe4b status=needs_auth share_status=pending completion_status= polls=0
2026-09-12T13:03:13.259022+00:00 [918/3960 |  23.2%] completed_this_run=918 attention=918 elapsed=11:38 eta=38:35 brief_id=a14134b6-a44e-4ea6-a612-5acdcfcebe4b status=needs_auth title="How are interoperability, data governance, and cybersecurity trends reshaping t…" | Eureka authorization is missing or expired.
2026-09-12T13:03:13.261027+00:00 task_update brief_id=dbedad32-1c9d-41b5-bd86-04063892deb9 status=prepared share_status=pending completion_status= polls=0
2026-09-12T13:03:13.269511+00:00 task_update brief_id=dbedad32-1c9d-41b5-bd86-04063892deb9 status=needs_auth share_status=pending completion_status= polls=0
2026-09-12T13:03:13.272523+00:00 [919/3960 |  23.2%] completed_this_run=919 attention=919 elapsed=11:38 eta=38:32 brief_id=dbedad32-1c9d-41b5-bd86-04063892deb9 status=needs_auth title="How do electronics manufacturing technology trajectories differ across major gl…" | Eureka authorization is missing or expired.
2026-09-12T13:03:13.274978+00:00 task_update brief_id=d993652a-2eb8-4a02-828e-ba92a377ed22 status=prepared share_status=pending completion_status= polls=0
2026-09-12T13:03:13.285199+00:00 task_update brief_id=d993652a-2eb8-4a02-828e-ba92a377ed22 status=needs_auth share_status=pending completion_status= polls=0
2026-09-12T13:03:13.288429+00:00 [920/3960 |  23.2%] completed_this_run=920 attention=920 elapsed=11:38 eta=38:29 brief_id=d993652a-2eb8-4a02-828e-ba92a377ed22 status=needs_auth title="Which emerging technology signals could define the next phase of electronics ma…" | Eureka authorization is missing or expired.
2026-09-12T13:03:13.289850+00:00 task_update brief_id=0cca41f1-6cb6-4115-97d0-5aafe02e7e73 status=prepared share_status=pending completion_status= polls=0
2026-09-12T13:03:13.316970+00:00 task_update brief_id=0cca41f1-6cb6-4115-97d0-5aafe02e7e73 status=needs_auth share_status=pending completion_status= polls=0
2026-09-12T13:03:13.319909+00:00 [921/3960 |  23.3%] completed_this_run=921 attention=921 elapsed=11:38 eta=38:26 brief_id=0cca41f1-6cb6-4115-97d0-5aafe02e7e73 status=needs_auth title="Which technology clusters show the strongest patent-filing growth across the el…" | Eureka authorization is missing or expired.
2026-09-12T13:03:13.322193+00:00 task_update brief_id=bdff4344-4cf6-41f1-8167-cbb8d76d40e8 status=prepared share_status=pending completion_status= polls=0
2026-09-12T13:03:43.513111+00:00 Stop requested; queued tasks were cancelled. Waiting for 1 in-flight task(s) so their run records can be checkpointed.
2026-09-12T13:04:41.414076+00:00 task_update brief_id=bdff4344-4cf6-41f1-8167-cbb8d76d40e8 status=needs_auth share_status=pending completion_status= polls=0
2026-09-12T13:04:41.421991+00:00 [922/3960 |  23.3%] completed_this_run=922 attention=922 elapsed=13:07 eta=43:13 brief_id=bdff4344-4cf6-41f1-8167-cbb8d76d40e8 status=needs_auth title="How is the landscape of major patent rights holders changing across electronics…" | Eureka authorization is missing or expired.
2026-09-12T13:04:41.670082+00:00 run_finished: {"node": "call_curl_task", "status": "failed", "source_json": "outputs/profile_topics/node2_research_prompts.json", "state_db": "outputs/profile_topics/html/state.sqlite", "output_csv": "outputs/profile_topics/html/results.csv", "log_file": "outputs/profile_topics/html/run.log", "format": "html", "wait_for_completion": false, "source_status": "succeeded", "successful_source_tag_sets": 396, "failed_source_tag_sets": 0, "selected_tasks": 3960, "already_satisfied": 0, "scheduled_tasks": 3960, "bounded_pause": false, "interrupted": true, "eligible_tasks": 3960, "tracked_tasks": 922, "unstarted_tasks": 3038, "prepared_tasks": 0, "submitted_tasks": 0, "pending_tasks": 0, "completed_tasks": 0, "needs_auth_tasks": 922, "failed_tasks": 0, "submitting_tasks": 0, "execution_error_tasks": 0, "share_unavailable_tasks": 0, "submission_unknown_tasks": 0}
