input,generated_prompt,session_url,share_url,title,categories,keywords,description,role,industry,jtbd,date,sub_industry
,"请据《Bazaarvoice, Inc.》生成结构化报告。分类:competitor_analysis；对象:innovation_product_strategy；行业:other/general_strategy；任务:track_technologies_and_competitors；关键词:Bazaarvoice, Inc、social media、software、saas、technical research。概述:本文概述Bazaarvoice, Inc.的业务与技术研发，并涵盖专利组合、竞争动态及市场趋势，可用于竞品跟踪和研发/IP决策。须含标题、摘要、结论、背景、技术/产品/市场/IP、风险机会、可落地建议、未来研究。",,,"Bazaarvoice, Inc.","[""competitor_analysis""]","[""Bazaarvoice, Inc"", ""social media"", ""software"", ""saas"", ""technical research"", ""patent portfolio"", ""competitor monitoring"", ""market trends""]","本文概述Bazaarvoice, Inc.的业务与技术研发，并涵盖专利组合、竞争动态及市场趋势，可用于竞品跟踪和研发/IP决策。",innovation_product_strategy,other,"[""track_technologies_and_competitors""]",2026-09-08,"[""general_strategy""]"
,"请据《Jacuzzi, Inc.》生成结构化报告。分类:competitor_analysis；对象:innovation_product_strategy；行业:other/consumer_products；任务:track_technologies_and_competitors；关键词:Jacuzzi, Inc、shower systems、spa products、towel、technical research。概述:本文概述Jacuzzi, Inc.的业务与技术研发，并涵盖专利组合、竞争动态及市场趋势，可用于竞品跟踪和研发/IP决策。须含标题、摘要、结论、背景、技术/产品/市场/IP、风险机会、可落地建议、未来研究。",,,"Jacuzzi, Inc.","[""competitor_analysis""]","[""Jacuzzi, Inc"", ""shower systems"", ""spa products"", ""towel"", ""technical research"", ""patent portfolio"", ""competitor monitoring"", ""market trends""]","本文概述Jacuzzi, Inc.的业务与技术研发，并涵盖专利组合、竞争动态及市场趋势，可用于竞品跟踪和研发/IP决策。",innovation_product_strategy,other,"[""track_technologies_and_competitors""]",2026-09-08,"[""consumer_products""]"
,请据《Mohalla Tech Pvt Ltd.》生成结构化报告。分类:competitor_analysis；对象:innovation_product_strategy；行业:engineering/mechanical_systems；任务:track_technologies_and_competitors；关键词:Mohalla Tech Pvt Ltd、technical research、patent portfolio、competitor monitoring、market trends。概述:本文概述Mohalla Tech Pvt Ltd.的业务与技术研发，并涵盖专利组合、竞争动态及市场趋势，可用于竞品跟踪和研发/IP决策。须含标题、摘要、结论、背景、技术/产品/市场/IP、风险机会、可落地建议、未来研究。,,,Mohalla Tech Pvt Ltd.,"[""competitor_analysis""]","[""Mohalla Tech Pvt Ltd"", ""technical research"", ""patent portfolio"", ""competitor monitoring"", ""market trends""]",本文概述Mohalla Tech Pvt Ltd.的业务与技术研发，并涵盖专利组合、竞争动态及市场趋势，可用于竞品跟踪和研发/IP决策。,innovation_product_strategy,engineering,"[""track_technologies_and_competitors""]",2026-09-08,"[""mechanical_systems""]"
,"请据《Bazaarvoice, Inc.》生成结构化报告。分类:competitor_analysis；对象:innovation_product_strategy；行业:other/general_strategy；任务:track_technologies_and_competitors；关键词:Bazaarvoice, Inc、social media、software、saas、technical research。概述:本文概述Bazaarvoice, Inc.的业务与技术研发，并涵盖专利组合、竞争动态及市场趋势，可用于竞品跟踪和研发/IP决策。须含标题、摘要、结论、背景、技术/产品/市场/IP、风险机会、可落地建议、未来研究。",,,"Bazaarvoice, Inc.","[""competitor_analysis""]","[""Bazaarvoice, Inc"", ""social media"", ""software"", ""saas"", ""technical research"", ""patent portfolio"", ""competitor monitoring"", ""market trends""]","本文概述Bazaarvoice, Inc.的业务与技术研发，并涵盖专利组合、竞争动态及市场趋势，可用于竞品跟踪和研发/IP决策。",innovation_product_strategy,other,"[""track_technologies_and_competitors""]",2026-09-08,"[""general_strategy""]"
,"请据《Jacuzzi, Inc.》生成结构化报告。分类:competitor_analysis；对象:innovation_product_strategy；行业:other/consumer_products；任务:track_technologies_and_competitors；关键词:Jacuzzi, Inc、shower systems、spa products、towel、technical research。概述:本文概述Jacuzzi, Inc.的业务与技术研发，并涵盖专利组合、竞争动态及市场趋势，可用于竞品跟踪和研发/IP决策。须含标题、摘要、结论、背景、技术/产品/市场/IP、风险机会、可落地建议、未来研究。",,,"Jacuzzi, Inc.","[""competitor_analysis""]","[""Jacuzzi, Inc"", ""shower systems"", ""spa products"", ""towel"", ""technical research"", ""patent portfolio"", ""competitor monitoring"", ""market trends""]","本文概述Jacuzzi, Inc.的业务与技术研发，并涵盖专利组合、竞争动态及市场趋势，可用于竞品跟踪和研发/IP决策。",innovation_product_strategy,other,"[""track_technologies_and_competitors""]",2026-09-08,"[""consumer_products""]"
,请据《Mohalla Tech Pvt Ltd.》生成结构化报告。分类:competitor_analysis；对象:innovation_product_strategy；行业:engineering/mechanical_systems；任务:track_technologies_and_competitors；关键词:Mohalla Tech Pvt Ltd、technical research、patent portfolio、competitor monitoring、market trends。概述:本文概述Mohalla Tech Pvt Ltd.的业务与技术研发，并涵盖专利组合、竞争动态及市场趋势，可用于竞品跟踪和研发/IP决策。须含标题、摘要、结论、背景、技术/产品/市场/IP、风险机会、可落地建议、未来研究。,,,Mohalla Tech Pvt Ltd.,"[""competitor_analysis""]","[""Mohalla Tech Pvt Ltd"", ""technical research"", ""patent portfolio"", ""competitor monitoring"", ""market trends""]",本文概述Mohalla Tech Pvt Ltd.的业务与技术研发，并涵盖专利组合、竞争动态及市场趋势，可用于竞品跟踪和研发/IP决策。,innovation_product_strategy,engineering,"[""track_technologies_and_competitors""]",2026-09-08,"[""mechanical_systems""]"
,"请据《Bazaarvoice, Inc.》生成结构化报告。分类:competitor_analysis；对象:innovation_product_strategy；行业:other/general_strategy；任务:track_technologies_and_competitors；关键词:Bazaarvoice, Inc、social media、software、saas、technical research。概述:本文概述Bazaarvoice, Inc.的业务与技术研发，并涵盖专利组合、竞争动态及市场趋势，可用于竞品跟踪和研发/IP决策。须含标题、摘要、结论、背景、技术/产品/市场/IP、风险机会、可落地建议、未来研究。",,,"Bazaarvoice, Inc.","[""competitor_analysis""]","[""Bazaarvoice, Inc"", ""social media"", ""software"", ""saas"", ""technical research"", ""patent portfolio"", ""competitor monitoring"", ""market trends""]","本文概述Bazaarvoice, Inc.的业务与技术研发，并涵盖专利组合、竞争动态及市场趋势，可用于竞品跟踪和研发/IP决策。",innovation_product_strategy,other,"[""track_technologies_and_competitors""]",2026-09-08,"[""general_strategy""]"
,"请据《Bazaarvoice, Inc.》生成结构化报告。分类:competitor_analysis；对象:innovation_product_strategy；行业:other/general_strategy；任务:track_technologies_and_competitors；关键词:Bazaarvoice, Inc、social media、software、saas、technical research。概述:本文概述Bazaarvoice, Inc.的业务与技术研发，并涵盖专利组合、竞争动态及市场趋势，可用于竞品跟踪和研发/IP决策。须含标题、摘要、结论、背景、技术/产品/市场/IP、风险机会、可落地建议、未来研究。",,,"Bazaarvoice, Inc.","[""competitor_analysis""]","[""Bazaarvoice, Inc"", ""social media"", ""software"", ""saas"", ""technical research"", ""patent portfolio"", ""competitor monitoring"", ""market trends""]","本文概述Bazaarvoice, Inc.的业务与技术研发，并涵盖专利组合、竞争动态及市场趋势，可用于竞品跟踪和研发/IP决策。",innovation_product_strategy,other,"[""track_technologies_and_competitors""]",2026-09-08,"[""general_strategy""]"
,"请据《Jacuzzi, Inc.》生成结构化报告。分类:competitor_analysis；对象:innovation_product_strategy；行业:other/consumer_products；任务:track_technologies_and_competitors；关键词:Jacuzzi, Inc、shower systems、spa products、towel、technical research。概述:本文概述Jacuzzi, Inc.的业务与技术研发，并涵盖专利组合、竞争动态及市场趋势，可用于竞品跟踪和研发/IP决策。须含标题、摘要、结论、背景、技术/产品/市场/IP、风险机会、可落地建议、未来研究。",,,"Jacuzzi, Inc.","[""competitor_analysis""]","[""Jacuzzi, Inc"", ""shower systems"", ""spa products"", ""towel"", ""technical research"", ""patent portfolio"", ""competitor monitoring"", ""market trends""]","本文概述Jacuzzi, Inc.的业务与技术研发，并涵盖专利组合、竞争动态及市场趋势，可用于竞品跟踪和研发/IP决策。",innovation_product_strategy,other,"[""track_technologies_and_competitors""]",2026-09-08,"[""consumer_products""]"
,请据《Mohalla Tech Pvt Ltd.》生成结构化报告。分类:competitor_analysis；对象:innovation_product_strategy；行业:engineering/mechanical_systems；任务:track_technologies_and_competitors；关键词:Mohalla Tech Pvt Ltd、technical research、patent portfolio、competitor monitoring、market trends。概述:本文概述Mohalla Tech Pvt Ltd.的业务与技术研发，并涵盖专利组合、竞争动态及市场趋势，可用于竞品跟踪和研发/IP决策。须含标题、摘要、结论、背景、技术/产品/市场/IP、风险机会、可落地建议、未来研究。,,,Mohalla Tech Pvt Ltd.,"[""competitor_analysis""]","[""Mohalla Tech Pvt Ltd"", ""technical research"", ""patent portfolio"", ""competitor monitoring"", ""market trends""]",本文概述Mohalla Tech Pvt Ltd.的业务与技术研发，并涵盖专利组合、竞争动态及市场趋势，可用于竞品跟踪和研发/IP决策。,innovation_product_strategy,engineering,"[""track_technologies_and_competitors""]",2026-09-08,"[""mechanical_systems""]"
,"请据《Bazaarvoice, Inc.》生成结构化报告。分类:competitor_analysis；对象:innovation_product_strategy；行业:other/general_strategy；任务:track_technologies_and_competitors；关键词:Bazaarvoice, Inc、social media、software、saas、technical research。概述:本文概述Bazaarvoice, Inc.的业务与技术研发，并涵盖专利组合、竞争动态及市场趋势，可用于竞品跟踪和研发/IP决策。须含标题、摘要、结论、背景、技术/产品/市场/IP、风险机会、可落地建议、未来研究。",,,"Bazaarvoice, Inc.","[""competitor_analysis""]","[""Bazaarvoice, Inc"", ""social media"", ""software"", ""saas"", ""technical research"", ""patent portfolio"", ""competitor monitoring"", ""market trends""]","本文概述Bazaarvoice, Inc.的业务与技术研发，并涵盖专利组合、竞争动态及市场趋势，可用于竞品跟踪和研发/IP决策。",innovation_product_strategy,other,"[""track_technologies_and_competitors""]",2026-09-08,"[""general_strategy""]"
,"请据《Jacuzzi, Inc.》生成结构化报告。分类:competitor_analysis；对象:innovation_product_strategy；行业:other/consumer_products；任务:track_technologies_and_competitors；关键词:Jacuzzi, Inc、shower systems、spa products、towel、technical research。概述:本文概述Jacuzzi, Inc.的业务与技术研发，并涵盖专利组合、竞争动态及市场趋势，可用于竞品跟踪和研发/IP决策。须含标题、摘要、结论、背景、技术/产品/市场/IP、风险机会、可落地建议、未来研究。",,,"Jacuzzi, Inc.","[""competitor_analysis""]","[""Jacuzzi, Inc"", ""shower systems"", ""spa products"", ""towel"", ""technical research"", ""patent portfolio"", ""competitor monitoring"", ""market trends""]","本文概述Jacuzzi, Inc.的业务与技术研发，并涵盖专利组合、竞争动态及市场趋势，可用于竞品跟踪和研发/IP决策。",innovation_product_strategy,other,"[""track_technologies_and_competitors""]",2026-09-08,"[""consumer_products""]"
,请据《Mohalla Tech Pvt Ltd.》生成结构化报告。分类:competitor_analysis；对象:innovation_product_strategy；行业:engineering/mechanical_systems；任务:track_technologies_and_competitors；关键词:Mohalla Tech Pvt Ltd、technical research、patent portfolio、competitor monitoring、market trends。概述:本文概述Mohalla Tech Pvt Ltd.的业务与技术研发，并涵盖专利组合、竞争动态及市场趋势，可用于竞品跟踪和研发/IP决策。须含标题、摘要、结论、背景、技术/产品/市场/IP、风险机会、可落地建议、未来研究。,,,Mohalla Tech Pvt Ltd.,"[""competitor_analysis""]","[""Mohalla Tech Pvt Ltd"", ""technical research"", ""patent portfolio"", ""competitor monitoring"", ""market trends""]",本文概述Mohalla Tech Pvt Ltd.的业务与技术研发，并涵盖专利组合、竞争动态及市场趋势，可用于竞品跟踪和研发/IP决策。,innovation_product_strategy,engineering,"[""track_technologies_and_competitors""]",2026-09-08,"[""mechanical_systems""]"
,"请据《Bazaarvoice, Inc.》生成结构化报告。分类:competitor_analysis；对象:innovation_product_strategy；行业:other/general_strategy；任务:track_technologies_and_competitors；关键词:Bazaarvoice, Inc、social media、software、saas、technical research。概述:本文概述Bazaarvoice, Inc.的业务与技术研发，并涵盖专利组合、竞争动态及市场趋势，可用于竞品跟踪和研发/IP决策。须含标题、摘要、结论、背景、技术/产品/市场/IP、风险机会、可落地建议、未来研究。",,,"Bazaarvoice, Inc.","[""competitor_analysis""]","[""Bazaarvoice, Inc"", ""social media"", ""software"", ""saas"", ""technical research"", ""patent portfolio"", ""competitor monitoring"", ""market trends""]","本文概述Bazaarvoice, Inc.的业务与技术研发，并涵盖专利组合、竞争动态及市场趋势，可用于竞品跟踪和研发/IP决策。",innovation_product_strategy,other,"[""track_technologies_and_competitors""]",2026-09-08,"[""general_strategy""]"
,"请据《Jacuzzi, Inc.》生成结构化报告。分类:competitor_analysis；对象:innovation_product_strategy；行业:other/consumer_products；任务:track_technologies_and_competitors；关键词:Jacuzzi, Inc、shower systems、spa products、towel、technical research。概述:本文概述Jacuzzi, Inc.的业务与技术研发，并涵盖专利组合、竞争动态及市场趋势，可用于竞品跟踪和研发/IP决策。须含标题、摘要、结论、背景、技术/产品/市场/IP、风险机会、可落地建议、未来研究。",,,"Jacuzzi, Inc.","[""competitor_analysis""]","[""Jacuzzi, Inc"", ""shower systems"", ""spa products"", ""towel"", ""technical research"", ""patent portfolio"", ""competitor monitoring"", ""market trends""]","本文概述Jacuzzi, Inc.的业务与技术研发，并涵盖专利组合、竞争动态及市场趋势，可用于竞品跟踪和研发/IP决策。",innovation_product_strategy,other,"[""track_technologies_and_competitors""]",2026-09-08,"[""consumer_products""]"
,请据《Mohalla Tech Pvt Ltd.》生成结构化报告。分类:competitor_analysis；对象:innovation_product_strategy；行业:engineering/mechanical_systems；任务:track_technologies_and_competitors；关键词:Mohalla Tech Pvt Ltd、technical research、patent portfolio、competitor monitoring、market trends。概述:本文概述Mohalla Tech Pvt Ltd.的业务与技术研发，并涵盖专利组合、竞争动态及市场趋势，可用于竞品跟踪和研发/IP决策。须含标题、摘要、结论、背景、技术/产品/市场/IP、风险机会、可落地建议、未来研究。,,,Mohalla Tech Pvt Ltd.,"[""competitor_analysis""]","[""Mohalla Tech Pvt Ltd"", ""technical research"", ""patent portfolio"", ""competitor monitoring"", ""market trends""]",本文概述Mohalla Tech Pvt Ltd.的业务与技术研发，并涵盖专利组合、竞争动态及市场趋势，可用于竞品跟踪和研发/IP决策。,innovation_product_strategy,engineering,"[""track_technologies_and_competitors""]",2026-09-08,"[""mechanical_systems""]"
,"请据《Bazaarvoice, Inc.》生成结构化报告。分类:competitor_analysis；对象:innovation_product_strategy；行业:other/general_strategy；任务:track_technologies_and_competitors；关键词:Bazaarvoice, Inc、social media、software、saas、technical research。概述:本文概述Bazaarvoice, Inc.的业务与技术研发，并涵盖专利组合、竞争动态及市场趋势，可用于竞品跟踪和研发/IP决策。须含标题、摘要、结论、背景、技术/产品/市场/IP、风险机会、可落地建议、未来研究。",,,"Bazaarvoice, Inc.","[""competitor_analysis""]","[""Bazaarvoice, Inc"", ""social media"", ""software"", ""saas"", ""technical research"", ""patent portfolio"", ""competitor monitoring"", ""market trends""]","本文概述Bazaarvoice, Inc.的业务与技术研发，并涵盖专利组合、竞争动态及市场趋势，可用于竞品跟踪和研发/IP决策。",innovation_product_strategy,other,"[""track_technologies_and_competitors""]",2026-09-08,"[""general_strategy""]"
,"请据《Jacuzzi, Inc.》生成结构化报告。分类:competitor_analysis；对象:innovation_product_strategy；行业:other/consumer_products；任务:track_technologies_and_competitors；关键词:Jacuzzi, Inc、shower systems、spa products、towel、technical research。概述:本文概述Jacuzzi, Inc.的业务与技术研发，并涵盖专利组合、竞争动态及市场趋势，可用于竞品跟踪和研发/IP决策。须含标题、摘要、结论、背景、技术/产品/市场/IP、风险机会、可落地建议、未来研究。",,,"Jacuzzi, Inc.","[""competitor_analysis""]","[""Jacuzzi, Inc"", ""shower systems"", ""spa products"", ""towel"", ""technical research"", ""patent portfolio"", ""competitor monitoring"", ""market trends""]","本文概述Jacuzzi, Inc.的业务与技术研发，并涵盖专利组合、竞争动态及市场趋势，可用于竞品跟踪和研发/IP决策。",innovation_product_strategy,other,"[""track_technologies_and_competitors""]",2026-09-08,"[""consumer_products""]"
,请据《Mohalla Tech Pvt Ltd.》生成结构化报告。分类:competitor_analysis；对象:innovation_product_strategy；行业:engineering/mechanical_systems；任务:track_technologies_and_competitors；关键词:Mohalla Tech Pvt Ltd、technical research、patent portfolio、competitor monitoring、market trends。概述:本文概述Mohalla Tech Pvt Ltd.的业务与技术研发，并涵盖专利组合、竞争动态及市场趋势，可用于竞品跟踪和研发/IP决策。须含标题、摘要、结论、背景、技术/产品/市场/IP、风险机会、可落地建议、未来研究。,,,Mohalla Tech Pvt Ltd.,"[""competitor_analysis""]","[""Mohalla Tech Pvt Ltd"", ""technical research"", ""patent portfolio"", ""competitor monitoring"", ""market trends""]",本文概述Mohalla Tech Pvt Ltd.的业务与技术研发，并涵盖专利组合、竞争动态及市场趋势，可用于竞品跟踪和研发/IP决策。,innovation_product_strategy,engineering,"[""track_technologies_and_competitors""]",2026-09-08,"[""mechanical_systems""]"
,"请据《Bazaarvoice, Inc.》生成结构化报告。分类:competitor_analysis；对象:innovation_product_strategy；行业:other/general_strategy；任务:track_technologies_and_competitors；关键词:Bazaarvoice, Inc、social media、software、saas、technical research。概述:本文概述Bazaarvoice, Inc.的业务与技术研发，并涵盖专利组合、竞争动态及市场趋势，可用于竞品跟踪和研发/IP决策。须含标题、摘要、结论、背景、技术/产品/市场/IP、风险机会、可落地建议、未来研究。",https://eureka.patsnap.com/ai-search/sess_cd565b2fd5334c2c?from=rd-home&start_from=eureka_landingpage,https://eureka.patsnap.com/share/?id=7703b09979993ac9cf035d33c5ac33d7&from=invite-eureakplg-result&content=,"Bazaarvoice, Inc.","[""competitor_analysis""]","[""Bazaarvoice, Inc"", ""social media"", ""software"", ""saas"", ""technical research"", ""patent portfolio"", ""competitor monitoring"", ""market trends""]","本文概述Bazaarvoice, Inc.的业务与技术研发，并涵盖专利组合、竞争动态及市场趋势，可用于竞品跟踪和研发/IP决策。",innovation_product_strategy,other,"[""track_technologies_and_competitors""]",2026-09-08,"[""general_strategy""]"
,"请据《Jacuzzi, Inc.》生成结构化报告。分类:competitor_analysis；对象:innovation_product_strategy；行业:other/consumer_products；任务:track_technologies_and_competitors；关键词:Jacuzzi, Inc、shower systems、spa products、towel、technical research。概述:本文概述Jacuzzi, Inc.的业务与技术研发，并涵盖专利组合、竞争动态及市场趋势，可用于竞品跟踪和研发/IP决策。须含标题、摘要、结论、背景、技术/产品/市场/IP、风险机会、可落地建议、未来研究。",https://eureka.patsnap.com/ai-search/sess_bd2f5e3115354d8c?from=rd-home&start_from=eureka_landingpage,https://eureka.patsnap.com/share/?id=411cc6e3391affc6057785811433fb22&from=invite-eureakplg-result&content=,"Jacuzzi, Inc.","[""competitor_analysis""]","[""Jacuzzi, Inc"", ""shower systems"", ""spa products"", ""towel"", ""technical research"", ""patent portfolio"", ""competitor monitoring"", ""market trends""]","本文概述Jacuzzi, Inc.的业务与技术研发，并涵盖专利组合、竞争动态及市场趋势，可用于竞品跟踪和研发/IP决策。",innovation_product_strategy,other,"[""track_technologies_and_competitors""]",2026-09-08,"[""consumer_products""]"
,请据《Mohalla Tech Pvt Ltd.》生成结构化报告。分类:competitor_analysis；对象:innovation_product_strategy；行业:engineering/mechanical_systems；任务:track_technologies_and_competitors；关键词:Mohalla Tech Pvt Ltd、technical research、patent portfolio、competitor monitoring、market trends。概述:本文概述Mohalla Tech Pvt Ltd.的业务与技术研发，并涵盖专利组合、竞争动态及市场趋势，可用于竞品跟踪和研发/IP决策。须含标题、摘要、结论、背景、技术/产品/市场/IP、风险机会、可落地建议、未来研究。,https://eureka.patsnap.com/ai-search/sess_b8292c2f0eec4c52?from=rd-home&start_from=eureka_landingpage,https://eureka.patsnap.com/share/?id=99ef2babb072c31100d1f42d2df74d5c&from=invite-eureakplg-result&content=,Mohalla Tech Pvt Ltd.,"[""competitor_analysis""]","[""Mohalla Tech Pvt Ltd"", ""technical research"", ""patent portfolio"", ""competitor monitoring"", ""market trends""]",本文概述Mohalla Tech Pvt Ltd.的业务与技术研发，并涵盖专利组合、竞争动态及市场趋势，可用于竞品跟踪和研发/IP决策。,innovation_product_strategy,engineering,"[""track_technologies_and_competitors""]",2026-09-08,"[""mechanical_systems""]"
,"请据《Bazaarvoice, Inc.》生成结构化报告。分类:competitor_analysis；对象:innovation_product_strategy；行业:other/general_strategy；任务:track_technologies_and_competitors；关键词:Bazaarvoice, Inc、social media、software、saas、technical research。概述:本文概述Bazaarvoice, Inc.的业务与技术研发，并涵盖专利组合、竞争动态及市场趋势，可用于竞品跟踪和研发/IP决策。须含标题、摘要、结论、背景、技术/产品/市场/IP、风险机会、可落地建议、未来研究。",https://eureka.patsnap.com/ai-search/sess_b867d5216df940ea?from=rd-home&start_from=eureka_landingpage,https://eureka.patsnap.com/share/?id=21aef2ffcf1b2283592c8b2688075acb&from=invite-eureakplg-result&content=,"Bazaarvoice, Inc.","[""competitor_analysis""]","[""Bazaarvoice, Inc"", ""social media"", ""software"", ""saas"", ""technical research"", ""patent portfolio"", ""competitor monitoring"", ""market trends""]","本文概述Bazaarvoice, Inc.的业务与技术研发，并涵盖专利组合、竞争动态及市场趋势，可用于竞品跟踪和研发/IP决策。",innovation_product_strategy,other,"[""track_technologies_and_competitors""]",2026-09-08,"[""general_strategy""]"
,"请据《Jacuzzi, Inc.》生成结构化报告。分类:competitor_analysis；对象:innovation_product_strategy；行业:other/consumer_products；任务:track_technologies_and_competitors；关键词:Jacuzzi, Inc、shower systems、spa products、towel、technical research。概述:本文概述Jacuzzi, Inc.的业务与技术研发，并涵盖专利组合、竞争动态及市场趋势，可用于竞品跟踪和研发/IP决策。须含标题、摘要、结论、背景、技术/产品/市场/IP、风险机会、可落地建议、未来研究。",https://eureka.patsnap.com/ai-search/sess_356b7b20f6b44be7?from=rd-home&start_from=eureka_landingpage,https://eureka.patsnap.com/share/?id=3ba1ed72ad796286206ec7cf8ab44b85&from=invite-eureakplg-result&content=,"Jacuzzi, Inc.","[""competitor_analysis""]","[""Jacuzzi, Inc"", ""shower systems"", ""spa products"", ""towel"", ""technical research"", ""patent portfolio"", ""competitor monitoring"", ""market trends""]","本文概述Jacuzzi, Inc.的业务与技术研发，并涵盖专利组合、竞争动态及市场趋势，可用于竞品跟踪和研发/IP决策。",innovation_product_strategy,other,"[""track_technologies_and_competitors""]",2026-09-08,"[""consumer_products""]"
,请据《Mohalla Tech Pvt Ltd.》生成结构化报告。分类:competitor_analysis；对象:innovation_product_strategy；行业:engineering/mechanical_systems；任务:track_technologies_and_competitors；关键词:Mohalla Tech Pvt Ltd、technical research、patent portfolio、competitor monitoring、market trends。概述:本文概述Mohalla Tech Pvt Ltd.的业务与技术研发，并涵盖专利组合、竞争动态及市场趋势，可用于竞品跟踪和研发/IP决策。须含标题、摘要、结论、背景、技术/产品/市场/IP、风险机会、可落地建议、未来研究。,https://eureka.patsnap.com/ai-search/sess_53355ac52d24465e?from=rd-home&start_from=eureka_landingpage,https://eureka.patsnap.com/share/?id=93c75a6135a9c775ada520a0ba1315c3&from=invite-eureakplg-result&content=,Mohalla Tech Pvt Ltd.,"[""competitor_analysis""]","[""Mohalla Tech Pvt Ltd"", ""technical research"", ""patent portfolio"", ""competitor monitoring"", ""market trends""]",本文概述Mohalla Tech Pvt Ltd.的业务与技术研发，并涵盖专利组合、竞争动态及市场趋势，可用于竞品跟踪和研发/IP决策。,innovation_product_strategy,engineering,"[""track_technologies_and_competitors""]",2026-09-08,"[""mechanical_systems""]"
,请据《SNECMA SA》生成结构化报告。分类:competitor_analysis；对象:innovation_product_strategy；行业:automotive/automotive_manufacturing；任务:track_technologies_and_competitors；关键词:SNECMA SA、engine、technical research、patent portfolio、competitor monitoring。概述:本文概述SNECMA SA的业务与技术研发，并涵盖专利组合、竞争动态及市场趋势，可用于竞品跟踪和研发/IP决策。须含标题、摘要、结论、背景、技术/产品/市场/IP、风险机会、可落地建议、未来研究。,,,SNECMA SA,"[""competitor_analysis""]","[""SNECMA SA"", ""engine"", ""technical research"", ""patent portfolio"", ""competitor monitoring"", ""market trends""]",本文概述SNECMA SA的业务与技术研发，并涵盖专利组合、竞争动态及市场趋势，可用于竞品跟踪和研发/IP决策。,innovation_product_strategy,automotive,"[""track_technologies_and_competitors""]",2026-09-08,"[""automotive_manufacturing""]"
,"请据《Chuo Spring Co., Ltd.》生成结构化报告。分类:competitor_analysis；对象:innovation_product_strategy；行业:automotive/automotive_manufacturing；任务:track_technologies_and_competitors；关键词:Chuo Spring Co., Ltd、agricultural、automotive、industrial、technical research。概述:本文概述Chuo Spring Co., Ltd.的业务与技术研发，并涵盖专利组合、竞争动态及市场趋势，可用于竞品跟踪和研发/IP决策。须含标题、摘要、结论、背景、技术/产品/市场/IP、风险机会、可落地建议、未来研究。",,,"Chuo Spring Co., Ltd.","[""competitor_analysis""]","[""Chuo Spring Co., Ltd"", ""agricultural"", ""automotive"", ""industrial"", ""technical research"", ""patent portfolio"", ""competitor monitoring"", ""market trends""]","本文概述Chuo Spring Co., Ltd.的业务与技术研发，并涵盖专利组合、竞争动态及市场趋势，可用于竞品跟踪和研发/IP决策。",innovation_product_strategy,automotive,"[""track_technologies_and_competitors""]",2026-09-08,"[""automotive_manufacturing""]"
,"请据《Alpine Electronics, Inc.》生成结构化报告。分类:competitor_analysis；对象:innovation_product_strategy；行业:automotive/automotive_manufacturing；任务:track_technologies_and_competitors；关键词:Alpine Electronics, Inc、car、technical research、patent portfolio、competitor monitoring。概述:本文概述Alpine Electronics, Inc.的业务与技术研发，并涵盖专利组合、竞争动态及市场趋势，可用于竞品跟踪和研发/IP决策。须含标题、摘要、结论、背景、技术/产品/市场/IP、风险机会、可落地建议、未来研究。",,,"Alpine Electronics, Inc.","[""competitor_analysis""]","[""Alpine Electronics, Inc"", ""car"", ""technical research"", ""patent portfolio"", ""competitor monitoring"", ""market trends""]","本文概述Alpine Electronics, Inc.的业务与技术研发，并涵盖专利组合、竞争动态及市场趋势，可用于竞品跟踪和研发/IP决策。",innovation_product_strategy,automotive,"[""track_technologies_and_competitors""]",2026-09-08,"[""automotive_manufacturing""]"
,"请据《How to Troubleshoot 5.4 Triton Engine Misfire Problems?》生成结构化报告。分类:scout_report；对象:researcher_scientist；行业:automotive/vehicle_components；任务:find_research_methods,track_research_trends；关键词:triton engine、engine、5 4 Triton Engine、4 Triton Engine Misfire、common misfire issues。概述:本文梳理triton engine、engine、5 4 Triton Engine的技术原理、研究或验证方法与应用证据，并讨论性能和可行性，为研发方向选择与后续验证提供参考。须含标题、摘要、结论、背景、技术/产品/市场/IP、风险机会、可落地建议、未来研究。",,,How to Troubleshoot 5.4 Triton Engine Misfire Problems?,"[""scout_report""]","[""triton engine"", ""engine"", ""5 4 Triton Engine"", ""4 Triton Engine Misfire"", ""common misfire issues"", ""Ford"", ""5 4 Triton V8"", ""4 Triton V8 engine""]",本文梳理triton engine、engine、5 4 Triton Engine的技术原理、研究或验证方法与应用证据，并讨论性能和可行性，为研发方向选择与后续验证提供参考。,researcher_scientist,automotive,"[""find_research_methods"", ""track_research_trends""]",2025-08-12,"[""vehicle_components""]"
,"请据《Comparing LS2 Engine vs LS3: Power Output and Durability》生成结构化报告。分类:competitor_analysis；对象:innovation_product_strategy；行业:automotive/vehicle_components；任务:evaluate_r_and_d_directions,identify_innovation_opportunities；关键词:engine、ls2、ls3、LS2 Engine、LS3 Power Output。概述:本文比较engine、ls2、ls3在性能、成本、可靠性和适用条件上的差异，并给出验证思路，为技术选型与研发决策提供参考。须含标题、摘要、结论、背景、技术/产品/市场/IP、风险机会、可落地建议、未来研究。",,,Comparing LS2 Engine vs LS3: Power Output and Durability,"[""competitor_analysis""]","[""engine"", ""ls2"", ""ls3"", ""LS2 Engine"", ""LS3 Power Output"", ""Durability"", ""automotive"", ""Exploring""]",本文比较engine、ls2、ls3在性能、成本、可靠性和适用条件上的差异，并给出验证思路，为技术选型与研发决策提供参考。,innovation_product_strategy,automotive,"[""evaluate_r_and_d_directions"", ""identify_innovation_opportunities""]",2025-09-03,"[""vehicle_components""]"
,"请据《Sodium silicate-based corrosion inhibitors in automotive coolants》生成结构化报告。分类:scout_report；对象:researcher_scientist；行业:automotive/vehicle_components；任务:explore_new_research_fields,track_research_trends；关键词:sodium silicate、automotive、Sodium silicate-based corrosion inhibitors、automotive coolants、Innovative coolant formulations。概述:本文梳理sodium silicate、automotive、Sodium silicate-based corrosion inhibitors的技术原理、研究或验证方法与应用证据，并讨论性能和可行性，为研发方向选择与后续验证提供参考。须含标题、摘要、结论、背景、技术/产品/市场/IP、风险机会、可落地建议、未来研究。",,,Sodium silicate-based corrosion inhibitors in automotive coolants,"[""scout_report""]","[""sodium silicate"", ""automotive"", ""Sodium silicate-based corrosion inhibitors"", ""automotive coolants"", ""Innovative coolant formulations"", ""lightweight engines"", ""compatibility"", ""sustainability""]",本文梳理sodium silicate、automotive、Sodium silicate-based corrosion inhibitors的技术原理、研究或验证方法与应用证据，并讨论性能和可行性，为研发方向选择与后续验证提供参考。,researcher_scientist,automotive,"[""explore_new_research_fields"", ""track_research_trends""]",2025-08-21,"[""vehicle_components""]"
,"请据《How to Troubleshoot Common K24 Engine Problems?》生成结构化报告。分类:scout_report；对象:researcher_scientist；行业:automotive/vehicle_components；任务:find_research_methods,track_research_trends；关键词:engine、k24、Common K24 Engine、reliability、Honda。概述:本文梳理engine、k24、Common K24 Engine的技术原理、研究或验证方法与应用证据，并讨论性能和可行性，为研发方向选择与后续验证提供参考。须含标题、摘要、结论、背景、技术/产品/市场/IP、风险机会、可落地建议、未来研究。",,,How to Troubleshoot Common K24 Engine Problems?,"[""scout_report""]","[""engine"", ""k24"", ""Common K24 Engine"", ""reliability"", ""Honda"", ""K24 engine reliability"", ""versatility"", ""various models Learn about""]",本文梳理engine、k24、Common K24 Engine的技术原理、研究或验证方法与应用证据，并讨论性能和可行性，为研发方向选择与后续验证提供参考。,researcher_scientist,automotive,"[""find_research_methods"", ""track_research_trends""]",2025-07-03,"[""vehicle_components""]"
,"请据《LT1 Engine vs LT4 Engine: Key Differences》生成结构化报告。分类:competitor_analysis；对象:innovation_product_strategy；行业:automotive/vehicle_components；任务:evaluate_r_and_d_directions,identify_innovation_opportunities；关键词:engine、lt1、lt4、LT1 Engine、LT4 Engine。概述:本文比较engine、lt1、lt4在性能、成本、可靠性和适用条件上的差异，并给出验证思路，为技术选型与研发决策提供参考。须含标题、摘要、结论、背景、技术/产品/市场/IP、风险机会、可落地建议、未来研究。",,,LT1 Engine vs LT4 Engine: Key Differences,"[""competitor_analysis""]","[""engine"", ""lt1"", ""lt4"", ""LT1 Engine"", ""LT4 Engine"", ""Differences"", ""Exploring GM"", ""LT4 engines""]",本文比较engine、lt1、lt4在性能、成本、可靠性和适用条件上的差异，并给出验证思路，为技术选型与研发决策提供参考。,innovation_product_strategy,automotive,"[""evaluate_r_and_d_directions"", ""identify_innovation_opportunities""]",2025-08-25,"[""vehicle_components""]"
,"请据《How to Diagnose Common 5.4 Triton Engine Issues?》生成结构化报告。分类:scout_report；对象:researcher_scientist；行业:automotive/vehicle_components；任务:find_research_methods,track_research_trends；关键词:triton engine、engine、Common 5 4 Triton、4 Triton Engine Issues、Ford。概述:本文梳理triton engine、engine、Common 5 4 Triton的技术原理、研究或验证方法与应用证据，并讨论性能和可行性，为研发方向选择与后续验证提供参考。须含标题、摘要、结论、背景、技术/产品/市场/IP、风险机会、可落地建议、未来研究。",,,How to Diagnose Common 5.4 Triton Engine Issues?,"[""scout_report""]","[""triton engine"", ""engine"", ""Common 5 4 Triton"", ""4 Triton Engine Issues"", ""Ford"", ""5 4 Triton V8"", ""V8 engine history features"", ""common issues Essential""]",本文梳理triton engine、engine、Common 5 4 Triton的技术原理、研究或验证方法与应用证据，并讨论性能和可行性，为研发方向选择与后续验证提供参考。,researcher_scientist,automotive,"[""find_research_methods"", ""track_research_trends""]",2025-08-12,"[""vehicle_components""]"
,"请据《How to Enhance 5.4 Triton Engine Performance with Aftermarket Parts?》生成结构化报告。分类:scout_report；对象:researcher_scientist；行业:automotive/vehicle_components；任务:find_research_methods,track_research_trends；关键词:triton engine、engine、5 4 Triton Engine、Aftermarket Parts、vehicle。概述:本文梳理triton engine、engine、5 4 Triton Engine的技术原理、研究或验证方法与应用证据，并讨论性能和可行性，为研发方向选择与后续验证提供参考。须含标题、摘要、结论、背景、技术/产品/市场/IP、风险机会、可落地建议、未来研究。",,,How to Enhance 5.4 Triton Engine Performance with Aftermarket Parts?,"[""scout_report""]","[""triton engine"", ""engine"", ""5 4 Triton Engine"", ""Aftermarket Parts"", ""vehicle"", ""innovative aftermarket"", ""boost fuel efficiency"", ""compromising""]",本文梳理triton engine、engine、5 4 Triton Engine的技术原理、研究或验证方法与应用证据，并讨论性能和可行性，为研发方向选择与后续验证提供参考。,researcher_scientist,automotive,"[""find_research_methods"", ""track_research_trends""]",2025-08-12,"[""vehicle_components""]"
,"请据《LS1 Engine vs LS3: Application Comparison》生成结构化报告。分类:competitor_analysis；对象:innovation_product_strategy；行业:automotive/vehicle_components；任务:evaluate_r_and_d_directions,identify_innovation_opportunities；关键词:engine、ls1、ls3、LS1 Engine、technological evolution。概述:本文比较engine、ls1、ls3在性能、成本、可靠性和适用条件上的差异，并给出验证思路，为技术选型与研发决策提供参考。须含标题、摘要、结论、背景、技术/产品/市场/IP、风险机会、可落地建议、未来研究。",,,LS1 Engine vs LS3: Application Comparison,"[""competitor_analysis""]","[""engine"", ""ls1"", ""ls3"", ""LS1 Engine"", ""technological evolution"", ""GM"", ""LS3 engines exploring"", ""gains""]",本文比较engine、ls1、ls3在性能、成本、可靠性和适用条件上的差异，并给出验证思路，为技术选型与研发决策提供参考。,innovation_product_strategy,automotive,"[""evaluate_r_and_d_directions"", ""identify_innovation_opportunities""]",2025-08-25,"[""vehicle_components""]"
,"请据《How to Calculate Brake Horsepower From Torque and RPM》生成结构化报告。分类:scout_report；对象:rd_engineer_inventor；行业:automotive/vehicle_components；任务:find_technical_solutions,assess_technical_feasibility；关键词:brake horsepower、Calculate Brake Horsepower、Torque、RPM、engine。概述:本文梳理brake horsepower、Calculate Brake Horsepower、Torque的技术原理、研究或验证方法与应用证据，并讨论性能和可行性，为研发方向选择与后续验证提供参考。须含标题、摘要、结论、背景、技术/产品/市场/IP、风险机会、可落地建议、未来研究。",,,How to Calculate Brake Horsepower From Torque and RPM,"[""scout_report""]","[""brake horsepower"", ""Calculate Brake Horsepower"", ""Torque"", ""RPM"", ""engine"", ""brake horsepower BHP measures"", ""true engine power output"", ""crankshaft Essential insights""]",本文梳理brake horsepower、Calculate Brake Horsepower、Torque的技术原理、研究或验证方法与应用证据，并讨论性能和可行性，为研发方向选择与后续验证提供参考。,rd_engineer_inventor,automotive,"[""find_technical_solutions"", ""assess_technical_feasibility""]",2026-09-08,"[""vehicle_components""]"
,"请据《Brake Horsepower vs Electric Motor Power for Hybrid Design》生成结构化报告。分类:competitor_analysis；对象:innovation_product_strategy；行业:automotive/ev_and_battery_systems；任务:evaluate_r_and_d_directions,identify_innovation_opportunities；关键词:brake horsepower、motor、Electric Motor Power、Hybrid、automotive。概述:本文比较brake horsepower、motor、Electric Motor Power在性能、成本、可靠性和适用条件上的差异，并给出验证思路，为技术选型与研发决策提供参考。须含标题、摘要、结论、背景、技术/产品/市场/IP、风险机会、可落地建议、未来研究。",,,Brake Horsepower vs Electric Motor Power for Hybrid Design,"[""competitor_analysis""]","[""brake horsepower"", ""motor"", ""Electric Motor Power"", ""Hybrid"", ""automotive"", ""automotive industry evolved"", ""combustion engines"", ""advanced hybrid electric vehicles""]",本文比较brake horsepower、motor、Electric Motor Power在性能、成本、可靠性和适用条件上的差异，并给出验证思路，为技术选型与研发决策提供参考。,innovation_product_strategy,automotive,"[""evaluate_r_and_d_directions"", ""identify_innovation_opportunities""]",2026-09-08,"[""ev_and_battery_systems""]"
,"请据《Brake Horsepower vs Wheel Horsepower Under Load》生成结构化报告。分类:competitor_analysis；对象:innovation_product_strategy；行业:automotive/vehicle_components；任务:evaluate_r_and_d_directions,identify_innovation_opportunities；关键词:brake horsepower、wheel horsepower、Load、drivetrain、critical differences between brake。概述:本文比较brake horsepower、wheel horsepower、Load在性能、成本、可靠性和适用条件上的差异，并给出验证思路，为技术选型与研发决策提供参考。须含标题、摘要、结论、背景、技术/产品/市场/IP、风险机会、可落地建议、未来研究。",,,Brake Horsepower vs Wheel Horsepower Under Load,"[""competitor_analysis""]","[""brake horsepower"", ""wheel horsepower"", ""Load"", ""drivetrain"", ""critical differences between brake"", ""differences between brake horsepower"", ""insights now""]",本文比较brake horsepower、wheel horsepower、Load在性能、成本、可靠性和适用条件上的差异，并给出验证思路，为技术选型与研发决策提供参考。,innovation_product_strategy,automotive,"[""evaluate_r_and_d_directions"", ""identify_innovation_opportunities""]",2026-09-08,"[""vehicle_components""]"
,"请据《How to Compare Brake Horsepower Before and After Tuning》生成结构化报告。分类:competitor_analysis；对象:innovation_product_strategy；行业:automotive/vehicle_components；任务:evaluate_r_and_d_directions,identify_innovation_opportunities；关键词:brake horsepower、After Tuning、automotive、cutting-edge brake horsepower tuning、maximize automotive。概述:本文比较brake horsepower、After Tuning、automotive在性能、成本、可靠性和适用条件上的差异，并给出验证思路，为技术选型与研发决策提供参考。须含标题、摘要、结论、背景、技术/产品/市场/IP、风险机会、可落地建议、未来研究。",,,How to Compare Brake Horsepower Before and After Tuning,"[""competitor_analysis""]","[""brake horsepower"", ""After Tuning"", ""automotive"", ""cutting-edge brake horsepower tuning"", ""maximize automotive"", ""efficiency"", ""modern engines""]",本文比较brake horsepower、After Tuning、automotive在性能、成本、可靠性和适用条件上的差异，并给出验证思路，为技术选型与研发决策提供参考。,innovation_product_strategy,automotive,"[""evaluate_r_and_d_directions"", ""identify_innovation_opportunities""]",2026-09-08,"[""vehicle_components""]"
,"请据《Brake Horsepower Correction for Humidity and Intake Conditions》生成结构化报告。分类:scout_report；对象:rd_engineer_inventor；行业:automotive/vehicle_components；任务:find_technical_solutions,assess_technical_feasibility；关键词:brake horsepower、Brake Horsepower Correction、Humidity、Intake Conditions、automotive。概述:本文梳理brake horsepower、Brake Horsepower Correction、Humidity的技术原理、研究或验证方法与应用证据，并讨论性能和可行性，为研发方向选择与后续验证提供参考。须含标题、摘要、结论、背景、技术/产品/市场/IP、风险机会、可落地建议、未来研究。",,,Brake Horsepower Correction for Humidity and Intake Conditions,"[""scout_report""]","[""brake horsepower"", ""Brake Horsepower Correction"", ""Humidity"", ""Intake Conditions"", ""automotive"", ""industrial"", ""engine"", ""brake horsepower measurement fundamentals""]",本文梳理brake horsepower、Brake Horsepower Correction、Humidity的技术原理、研究或验证方法与应用证据，并讨论性能和可行性，为研发方向选择与后续验证提供参考。,rd_engineer_inventor,automotive,"[""find_technical_solutions"", ""assess_technical_feasibility""]",2026-09-08,"[""vehicle_components""]"
,"请据《Brake Horsepower Correction Standards: SAE vs JIS》生成结构化报告。分类:competitor_analysis；对象:innovation_product_strategy；行业:automotive/automotive_manufacturing；任务:evaluate_r_and_d_directions,identify_innovation_opportunities；关键词:brake horsepower、Brake Horsepower Correction Standards、Horsepower Correction Standards SAE、JIS、SAE。概述:本文比较brake horsepower、Brake Horsepower Correction Standards、Horsepower Correction Standards SAE在性能、成本、可靠性和适用条件上的差异，并给出验证思路，为技术选型与研发决策提供参考。须含标题、摘要、结论、背景、技术/产品/市场/IP、风险机会、可落地建议、未来研究。",,,Brake Horsepower Correction Standards: SAE vs JIS,"[""competitor_analysis""]","[""brake horsepower"", ""Brake Horsepower Correction Standards"", ""Horsepower Correction Standards SAE"", ""JIS"", ""SAE"", ""manufacturing"", ""automotive"", ""engine"", ""brake power correction standards""]",本文比较brake horsepower、Brake Horsepower Correction Standards、Horsepower Correction Standards SAE在性能、成本、可靠性和适用条件上的差异，并给出验证思路，为技术选型与研发决策提供参考。,innovation_product_strategy,automotive,"[""evaluate_r_and_d_directions"", ""identify_innovation_opportunities""]",2026-09-08,"[""automotive_manufacturing""]"
,"请据《Brake Horsepower vs Gross Power Under Different Standards》生成结构化报告。分类:competitor_analysis；对象:innovation_product_strategy；行业:automotive/vehicle_components；任务:evaluate_r_and_d_directions,identify_innovation_opportunities；关键词:brake horsepower、gross power、Standards、automotive、engine。概述:本文比较brake horsepower、gross power、Standards在性能、成本、可靠性和适用条件上的差异，并给出验证思路，为技术选型与研发决策提供参考。须含标题、摘要、结论、背景、技术/产品/市场/IP、风险机会、可落地建议、未来研究。",,,Brake Horsepower vs Gross Power Under Different Standards,"[""competitor_analysis""]","[""brake horsepower"", ""gross power"", ""Standards"", ""automotive"", ""engine"", ""evolution"", ""engine power measurement standards"", ""early combustion engines""]",本文比较brake horsepower、gross power、Standards在性能、成本、可靠性和适用条件上的差异，并给出验证思路，为技术选型与研发决策提供参考。,innovation_product_strategy,automotive,"[""evaluate_r_and_d_directions"", ""identify_innovation_opportunities""]",2026-09-08,"[""vehicle_components""]"
,"请据《Brake Horsepower vs Net Horsepower: Rating Consistency》生成结构化报告。分类:competitor_analysis；对象:innovation_product_strategy；行业:automotive/vehicle_components；任务:evaluate_r_and_d_directions,identify_innovation_opportunities；关键词:brake horsepower、net horsepower、Net Horsepower Rating Consistency、horsepower rating、evolved。概述:本文比较brake horsepower、net horsepower、Net Horsepower Rating Consistency在性能、成本、可靠性和适用条件上的差异，并给出验证思路，为技术选型与研发决策提供参考。须含标题、摘要、结论、背景、技术/产品/市场/IP、风险机会、可落地建议、未来研究。",,,Brake Horsepower vs Net Horsepower: Rating Consistency,"[""competitor_analysis""]","[""brake horsepower"", ""net horsepower"", ""Net Horsepower Rating Consistency"", ""horsepower rating"", ""evolved"", ""persistent measurement inconsistencies across"", ""inconsistencies across industries today""]",本文比较brake horsepower、net horsepower、Net Horsepower Rating Consistency在性能、成本、可靠性和适用条件上的差异，并给出验证思路，为技术选型与研发决策提供参考。,innovation_product_strategy,automotive,"[""evaluate_r_and_d_directions"", ""identify_innovation_opportunities""]",2026-09-08,"[""vehicle_components""]"
,"请据《Brake Horsepower vs Torque: Choosing Engine Control Targets》生成结构化报告。分类:competitor_analysis；对象:innovation_product_strategy；行业:automotive/vehicle_components；任务:evaluate_r_and_d_directions,identify_innovation_opportunities；关键词:brake horsepower、engine、Torque、Targets、evolved。概述:本文比较brake horsepower、engine、Torque在性能、成本、可靠性和适用条件上的差异，并给出验证思路，为技术选型与研发决策提供参考。须含标题、摘要、结论、背景、技术/产品/市场/IP、风险机会、可落地建议、未来研究。",,,Brake Horsepower vs Torque: Choosing Engine Control Targets,"[""competitor_analysis""]","[""brake horsepower"", ""engine"", ""Torque"", ""Targets"", ""evolved"", ""meet strict emission standards"", ""standards fuel economy goals"", ""demands""]",本文比较brake horsepower、engine、Torque在性能、成本、可靠性和适用条件上的差异，并给出验证思路，为技术选型与研发决策提供参考。,innovation_product_strategy,automotive,"[""evaluate_r_and_d_directions"", ""identify_innovation_opportunities""]",2026-09-08,"[""vehicle_components""]"
,"请据《How to Separate Brake Horsepower Gains From Dyno Error》生成结构化报告。分类:scout_report；对象:rd_engineer_inventor；行业:automotive/vehicle_components；任务:find_technical_solutions,assess_technical_feasibility；关键词:brake horsepower、Separate Brake Horsepower Gains、Dyno Error、mechanical、engine。概述:本文梳理brake horsepower、Separate Brake Horsepower Gains、Dyno Error的技术原理、研究或验证方法与应用证据，并讨论性能和可行性，为研发方向选择与后续验证提供参考。须含标题、摘要、结论、背景、技术/产品/市场/IP、风险机会、可落地建议、未来研究。",,,How to Separate Brake Horsepower Gains From Dyno Error,"[""scout_report""]","[""brake horsepower"", ""Separate Brake Horsepower Gains"", ""Dyno Error"", ""mechanical"", ""engine"", ""dynamometer testing evolved"", ""advanced computerized"", ""precise engine""]",本文梳理brake horsepower、Separate Brake Horsepower Gains、Dyno Error的技术原理、研究或验证方法与应用证据，并讨论性能和可行性，为研发方向选择与后续验证提供参考。,rd_engineer_inventor,automotive,"[""find_technical_solutions"", ""assess_technical_feasibility""]",2026-09-08,"[""vehicle_components""]"
,"请据《Brake Horsepower and Turbocharger Sizing Trade-Offs》生成结构化报告。分类:competitor_analysis；对象:innovation_product_strategy；行业:automotive/vehicle_components；任务:evaluate_r_and_d_directions,identify_innovation_opportunities；关键词:brake horsepower、turbocharger、Turbocharger Sizing Trade-Offs、automotive、industrial。概述:本文比较brake horsepower、turbocharger、Turbocharger Sizing Trade-Offs在性能、成本、可靠性和适用条件上的差异，并给出验证思路，为技术选型与研发决策提供参考。须含标题、摘要、结论、背景、技术/产品/市场/IP、风险机会、可落地建议、未来研究。",,,Brake Horsepower and Turbocharger Sizing Trade-Offs,"[""competitor_analysis""]","[""brake horsepower"", ""turbocharger"", ""Turbocharger Sizing Trade-Offs"", ""automotive"", ""industrial"", ""engine"", ""turbocharging"", ""revolutionizes engine""]",本文比较brake horsepower、turbocharger、Turbocharger Sizing Trade-Offs在性能、成本、可靠性和适用条件上的差异，并给出验证思路，为技术选型与研发决策提供参考。,innovation_product_strategy,automotive,"[""evaluate_r_and_d_directions"", ""identify_innovation_opportunities""]",2026-09-08,"[""vehicle_components""]"
,"请据《Brake Horsepower vs Peak Torque for Drivability》生成结构化报告。分类:competitor_analysis；对象:innovation_product_strategy；行业:automotive/vehicle_components；任务:evaluate_r_and_d_directions,identify_innovation_opportunities；关键词:brake horsepower、Peak Torque、Drivability、automotive、critical relationship between brake。概述:本文比较brake horsepower、Peak Torque、Drivability在性能、成本、可靠性和适用条件上的差异，并给出验证思路，为技术选型与研发决策提供参考。须含标题、摘要、结论、背景、技术/产品/市场/IP、风险机会、可落地建议、未来研究。",,,Brake Horsepower vs Peak Torque for Drivability,"[""competitor_analysis""]","[""brake horsepower"", ""Peak Torque"", ""Drivability"", ""automotive"", ""critical relationship between brake"", ""relationship between brake horsepower"", ""insights now""]",本文比较brake horsepower、Peak Torque、Drivability在性能、成本、可靠性和适用条件上的差异，并给出验证思路，为技术选型与研发决策提供参考。,innovation_product_strategy,automotive,"[""evaluate_r_and_d_directions"", ""identify_innovation_opportunities""]",2026-09-08,"[""vehicle_components""]"
,"请据《Brake Horsepower Correction for Temperature and Pressure》生成结构化报告。分类:scout_report；对象:rd_engineer_inventor；行业:automotive/vehicle_components；任务:find_technical_solutions,assess_technical_feasibility；关键词:brake horsepower、Brake Horsepower Correction、Temperature、Pressure、engine。概述:本文梳理brake horsepower、Brake Horsepower Correction、Temperature的技术原理、研究或验证方法与应用证据，并讨论性能和可行性，为研发方向选择与后续验证提供参考。须含标题、摘要、结论、背景、技术/产品/市场/IP、风险机会、可落地建议、未来研究。",,,Brake Horsepower Correction for Temperature and Pressure,"[""scout_report""]","[""brake horsepower"", ""Brake Horsepower Correction"", ""Temperature"", ""Pressure"", ""engine"", ""brake horsepower fundamentals"", ""actual engine power output"", ""crankshaft""]",本文梳理brake horsepower、Brake Horsepower Correction、Temperature的技术原理、研究或验证方法与应用证据，并讨论性能和可行性，为研发方向选择与后续验证提供参考。,rd_engineer_inventor,automotive,"[""find_technical_solutions"", ""assess_technical_feasibility""]",2026-09-08,"[""vehicle_components""]"
,"请据《Brake Horsepower Measurement for Engine Quality Control》生成结构化报告。分类:scout_report；对象:rd_engineer_inventor；行业:automotive/automotive_manufacturing；任务:find_technical_solutions,assess_technical_feasibility；关键词:brake horsepower、quality control、engine、Brake Horsepower Measurement、Engine Quality。概述:本文梳理brake horsepower、quality control、engine的技术原理、研究或验证方法与应用证据，并讨论性能和可行性，为研发方向选择与后续验证提供参考。须含标题、摘要、结论、背景、技术/产品/市场/IP、风险机会、可落地建议、未来研究。",,,Brake Horsepower Measurement for Engine Quality Control,"[""scout_report""]","[""brake horsepower"", ""quality control"", ""engine"", ""Brake Horsepower Measurement"", ""Engine Quality"", ""brake horsepower measurement revolutionizes"", ""measurement revolutionizes engine quality"", ""assessment""]",本文梳理brake horsepower、quality control、engine的技术原理、研究或验证方法与应用证据，并讨论性能和可行性，为研发方向选择与后续验证提供参考。,rd_engineer_inventor,automotive,"[""find_technical_solutions"", ""assess_technical_feasibility""]",2026-09-08,"[""automotive_manufacturing""]"
,"请据《Brake Horsepower Validation for Motorsport Engine Builds》生成结构化报告。分类:scout_report；对象:rd_engineer_inventor；行业:automotive/vehicle_components；任务:find_technical_solutions,assess_technical_feasibility；关键词:brake horsepower、motorsport、engine、Motorsport Engine Builds、decades。概述:本文梳理brake horsepower、motorsport、engine的技术原理、研究或验证方法与应用证据，并讨论性能和可行性，为研发方向选择与后续验证提供参考。须含标题、摘要、结论、背景、技术/产品/市场/IP、风险机会、可落地建议、未来研究。",,,Brake Horsepower Validation for Motorsport Engine Builds,"[""scout_report""]","[""brake horsepower"", ""motorsport"", ""engine"", ""Motorsport Engine Builds"", ""decades"", ""motorsport engine evolution"", ""advanced brake horsepower measurement"", ""techniques""]",本文梳理brake horsepower、motorsport、engine的技术原理、研究或验证方法与应用证据，并讨论性能和可行性，为研发方向选择与后续验证提供参考。,rd_engineer_inventor,automotive,"[""find_technical_solutions"", ""assess_technical_feasibility""]",2026-09-08,"[""vehicle_components""]"
,"请据《Brake Horsepower vs Wheel Power: Locating Drivetrain Faults》生成结构化报告。分类:competitor_analysis；对象:innovation_product_strategy；行业:automotive/vehicle_components；任务:evaluate_r_and_d_directions,identify_innovation_opportunities；关键词:brake horsepower、drivetrain、Wheel Power Locating Drivetrain、Power Locating Drivetrain Faults、automotive。概述:本文比较brake horsepower、drivetrain、Wheel Power Locating Drivetrain在性能、成本、可靠性和适用条件上的差异，并给出验证思路，为技术选型与研发决策提供参考。须含标题、摘要、结论、背景、技术/产品/市场/IP、风险机会、可落地建议、未来研究。",,,Brake Horsepower vs Wheel Power: Locating Drivetrain Faults,"[""competitor_analysis""]","[""brake horsepower"", ""drivetrain"", ""Wheel Power Locating Drivetrain"", ""Power Locating Drivetrain Faults"", ""automotive"", ""engine"", ""automotive drivetrain"", ""power transmission""]",本文比较brake horsepower、drivetrain、Wheel Power Locating Drivetrain在性能、成本、可靠性和适用条件上的差异，并给出验证思路，为技术选型与研发决策提供参考。,innovation_product_strategy,automotive,"[""evaluate_r_and_d_directions"", ""identify_innovation_opportunities""]",2026-09-08,"[""vehicle_components""]"
,"请据《e-Axle Rotor Balancing Techniques for NVH Reduction》生成结构化报告。分类:scout_report；对象:rd_engineer_inventor；行业:automotive/ev_and_battery_systems；任务:find_technical_solutions,explore_existing_technologies；关键词:e-axle、e-Axle Rotor Balancing Techniques、NVH Reduction、NVH、vibration。概述:本文梳理e-axle、e-Axle Rotor Balancing Techniques、NVH Reduction的技术原理、研究或验证方法与应用证据，并讨论性能和可行性，为研发方向选择与后续验证提供参考。须含标题、摘要、结论、背景、技术/产品/市场/IP、风险机会、可落地建议、未来研究。",,,e-Axle Rotor Balancing Techniques for NVH Reduction,"[""scout_report""]","[""e-axle"", ""e-Axle Rotor Balancing Techniques"", ""NVH Reduction"", ""NVH"", ""vibration"", ""rotor assembly"", ""mass distribution non-uniformity generates"", ""generates harmful centrifugal forces""]",本文梳理e-axle、e-Axle Rotor Balancing Techniques、NVH Reduction的技术原理、研究或验证方法与应用证据，并讨论性能和可行性，为研发方向选择与后续验证提供参考。,rd_engineer_inventor,automotive,"[""find_technical_solutions"", ""explore_existing_technologies""]",2026-09-08,"[""ev_and_battery_systems""]"
,"请据《ADAS Functional Safety Requirements for ISO 26262 Compliance》生成结构化报告。分类:risk_watch；对象:rd_engineer_inventor；行业:automotive/autonomous_and_connected_vehicle；任务:find_technical_solutions,assess_technical_feasibility；关键词:functional safety、ISO 26262、adas、ADAS Functional Safety、ISO 26262 Compliance。概述:本文分析functional safety、ISO 26262、adas的失效机理、风险来源与控制方法，并给出检测或验证要点，为降低研发和应用风险提供参考。须含标题、摘要、结论、背景、技术/产品/市场/IP、风险机会、可落地建议、未来研究。",,,ADAS Functional Safety Requirements for ISO 26262 Compliance,"[""risk_watch""]","[""functional safety"", ""ISO 26262"", ""adas"", ""ADAS Functional Safety"", ""ISO 26262 Compliance"", ""ISO"", ""vehicle"", ""diagnostic modules provide insufficient""]",本文分析functional safety、ISO 26262、adas的失效机理、风险来源与控制方法，并给出检测或验证要点，为降低研发和应用风险提供参考。,rd_engineer_inventor,automotive,"[""find_technical_solutions"", ""assess_technical_feasibility""]",2026-09-08,"[""autonomous_and_connected_vehicle""]"
,"请据《ADAS Sensor Cleaning System Requirements for All-Weather Operation》生成结构化报告。分类:scout_report；对象:rd_engineer_inventor；行业:automotive/autonomous_and_connected_vehicle；任务:find_technical_solutions,explore_existing_technologies；关键词:adas、ADAS Sensor Cleaning、All-Weather Operation、Environmental contaminants deposit、block ADAS sensor surfaces。概述:本文梳理adas、ADAS Sensor Cleaning、All-Weather Operation的技术原理、研究或验证方法与应用证据，并讨论性能和可行性，为研发方向选择与后续验证提供参考。须含标题、摘要、结论、背景、技术/产品/市场/IP、风险机会、可落地建议、未来研究。",,,ADAS Sensor Cleaning System Requirements for All-Weather Operation,"[""scout_report""]","[""adas"", ""ADAS Sensor Cleaning"", ""All-Weather Operation"", ""Environmental contaminants deposit"", ""block ADAS sensor surfaces"", ""temperatures cause ice formation"", ""blocks both sensors"", ""cleaning nozzles""]",本文梳理adas、ADAS Sensor Cleaning、All-Weather Operation的技术原理、研究或验证方法与应用证据，并讨论性能和可行性，为研发方向选择与后续验证提供参考。,rd_engineer_inventor,automotive,"[""find_technical_solutions"", ""explore_existing_technologies""]",2026-09-08,"[""autonomous_and_connected_vehicle""]"
,"请据《Shandong Zhuoyue Biotechnology Co., Ltd.》生成结构化报告。分类:competitor_analysis；对象:innovation_product_strategy；行业:biotechnology/diagnostics_and_biomarkers；任务:track_technologies_and_competitors；关键词:Shandong Zhuoyue Biotechnology Co., Ltd、biotechnology、clinical laboratory、computer、software。概述:本文概述Shandong Zhuoyue Biotechnology Co., Ltd.的业务与技术研发，并涵盖专利组合、竞争动态及市场趋势，可用于竞品跟踪和研发/IP决策。须含标题、摘要、结论、背景、技术/产品/市场/IP、风险机会、可落地建议、未来研究。",,,"Shandong Zhuoyue Biotechnology Co., Ltd.","[""competitor_analysis""]","[""Shandong Zhuoyue Biotechnology Co., Ltd"", ""biotechnology"", ""clinical laboratory"", ""computer"", ""software"", ""technical research"", ""patent portfolio"", ""competitor monitoring"", ""market trends""]","本文概述Shandong Zhuoyue Biotechnology Co., Ltd.的业务与技术研发，并涵盖专利组合、竞争动态及市场趋势，可用于竞品跟踪和研发/IP决策。",innovation_product_strategy,biotechnology,"[""track_technologies_and_competitors""]",2026-09-08,"[""diagnostics_and_biomarkers""]"
,请据《Sanofi-Aventis Deutschland GmbH》生成结构化报告。分类:competitor_analysis；对象:innovation_product_strategy；行业:biotechnology/drug_discovery；任务:track_technologies_and_competitors；关键词:Sanofi-Aventis Deutschland GmbH、drug、technical research、patent portfolio、competitor monitoring。概述:本文概述Sanofi-Aventis Deutschland GmbH的业务与技术研发，并涵盖专利组合、竞争动态及市场趋势，可用于竞品跟踪和研发/IP决策。须含标题、摘要、结论、背景、技术/产品/市场/IP、风险机会、可落地建议、未来研究。,,,Sanofi-Aventis Deutschland GmbH,"[""competitor_analysis""]","[""Sanofi-Aventis Deutschland GmbH"", ""drug"", ""technical research"", ""patent portfolio"", ""competitor monitoring"", ""market trends""]",本文概述Sanofi-Aventis Deutschland GmbH的业务与技术研发，并涵盖专利组合、竞争动态及市场趋势，可用于竞品跟踪和研发/IP决策。,innovation_product_strategy,biotechnology,"[""track_technologies_and_competitors""]",2026-09-08,"[""drug_discovery""]"
,请据《Janssen Pharmaceutica NV》生成结构化报告。分类:competitor_analysis；对象:innovation_product_strategy；行业:biotechnology/drug_discovery；任务:track_technologies_and_competitors；关键词:Janssen Pharmaceutica NV、pharmaceutical、technical research、patent portfolio、competitor monitoring。概述:本文概述Janssen Pharmaceutica NV的业务与技术研发，并涵盖专利组合、竞争动态及市场趋势，可用于竞品跟踪和研发/IP决策。须含标题、摘要、结论、背景、技术/产品/市场/IP、风险机会、可落地建议、未来研究。,,,Janssen Pharmaceutica NV,"[""competitor_analysis""]","[""Janssen Pharmaceutica NV"", ""pharmaceutical"", ""technical research"", ""patent portfolio"", ""competitor monitoring"", ""market trends""]",本文概述Janssen Pharmaceutica NV的业务与技术研发，并涵盖专利组合、竞争动态及市场趋势，可用于竞品跟踪和研发/IP决策。,innovation_product_strategy,biotechnology,"[""track_technologies_and_competitors""]",2026-09-08,"[""drug_discovery""]"
,请据《Promega Corp.》生成结构化报告。分类:competitor_analysis；对象:innovation_product_strategy；行业:biotechnology/diagnostics_and_biomarkers；任务:track_technologies_and_competitors；关键词:Promega Corp、drug、technical research、patent portfolio、competitor monitoring。概述:本文概述Promega Corp.的业务与技术研发，并涵盖专利组合、竞争动态及市场趋势，可用于竞品跟踪和研发/IP决策。须含标题、摘要、结论、背景、技术/产品/市场/IP、风险机会、可落地建议、未来研究。,,,Promega Corp.,"[""competitor_analysis""]","[""Promega Corp"", ""drug"", ""technical research"", ""patent portfolio"", ""competitor monitoring"", ""market trends""]",本文概述Promega Corp.的业务与技术研发，并涵盖专利组合、竞争动态及市场趋势，可用于竞品跟踪和研发/IP决策。,innovation_product_strategy,biotechnology,"[""track_technologies_and_competitors""]",2026-09-08,"[""diagnostics_and_biomarkers""]"
,请据《Cilag AG》生成结构化报告。分类:competitor_analysis；对象:innovation_product_strategy；行业:biotechnology/drug_discovery；任务:track_technologies_and_competitors；关键词:Cilag AG、pharmaceutical、technical research、patent portfolio、competitor monitoring。概述:本文概述Cilag AG的业务与技术研发，并涵盖专利组合、竞争动态及市场趋势，可用于竞品跟踪和研发/IP决策。须含标题、摘要、结论、背景、技术/产品/市场/IP、风险机会、可落地建议、未来研究。,,,Cilag AG,"[""competitor_analysis""]","[""Cilag AG"", ""pharmaceutical"", ""technical research"", ""patent portfolio"", ""competitor monitoring"", ""market trends""]",本文概述Cilag AG的业务与技术研发，并涵盖专利组合、竞争动态及市场趋势，可用于竞品跟踪和研发/IP决策。,innovation_product_strategy,biotechnology,"[""track_technologies_and_competitors""]",2026-09-08,"[""drug_discovery""]"
,请据《AC Immune SA》生成结构化报告。分类:competitor_analysis；对象:innovation_product_strategy；行业:biotechnology/diagnostics_and_biomarkers；任务:track_technologies_and_competitors；关键词:AC Immune SA、therapeutic、protein、technical research、patent portfolio。概述:本文概述AC Immune SA的业务与技术研发，并涵盖专利组合、竞争动态及市场趋势，可用于竞品跟踪和研发/IP决策。须含标题、摘要、结论、背景、技术/产品/市场/IP、风险机会、可落地建议、未来研究。,,,AC Immune SA,"[""competitor_analysis""]","[""AC Immune SA"", ""therapeutic"", ""protein"", ""technical research"", ""patent portfolio"", ""competitor monitoring"", ""market trends""]",本文概述AC Immune SA的业务与技术研发，并涵盖专利组合、竞争动态及市场趋势，可用于竞品跟踪和研发/IP决策。,innovation_product_strategy,biotechnology,"[""track_technologies_and_competitors""]",2026-09-08,"[""diagnostics_and_biomarkers""]"
,请据《Search results for “Biomedicine” companies》生成结构化报告。分类:market_landscape；对象:innovation_product_strategy；行业:biotechnology/drug_discovery；任务:track_technologies_and_competitors；关键词:Search results for “Biomedicine” companies、biomedicine、technical research、patent portfolio、competitor monitoring。概述:本文概述Search results for “Biomedicine” companies的业务与技术研发，并涵盖专利组合、竞争动态及市场趋势，可用于竞品跟踪和研发/IP决策。须含标题、摘要、结论、背景、技术/产品/市场/IP、风险机会、可落地建议、未来研究。,,,Search results for “Biomedicine” companies,"[""market_landscape""]","[""Search results for “Biomedicine” companies"", ""biomedicine"", ""technical research"", ""patent portfolio"", ""competitor monitoring"", ""market trends""]",本文概述Search results for “Biomedicine” companies的业务与技术研发，并涵盖专利组合、竞争动态及市场趋势，可用于竞品跟踪和研发/IP决策。,innovation_product_strategy,biotechnology,"[""track_technologies_and_competitors""]",2026-09-08,"[""drug_discovery""]"
,"请据《Affymetrix, Inc.》生成结构化报告。分类:competitor_analysis；对象:innovation_product_strategy；行业:biotechnology/drug_discovery；任务:track_technologies_and_competitors；关键词:Affymetrix, Inc、patent portfolio、manufacturing、semiconductor、dna。概述:本文概述Affymetrix, Inc.的业务与技术研发，并涵盖专利组合、竞争动态及市场趋势，可用于竞品跟踪和研发/IP决策。须含标题、摘要、结论、背景、技术/产品/市场/IP、风险机会、可落地建议、未来研究。",,,"Affymetrix, Inc.","[""competitor_analysis""]","[""Affymetrix, Inc"", ""patent portfolio"", ""manufacturing"", ""semiconductor"", ""dna"", ""technical research"", ""competitor monitoring"", ""market trends""]","本文概述Affymetrix, Inc.的业务与技术研发，并涵盖专利组合、竞争动态及市场趋势，可用于竞品跟踪和研发/IP决策。",innovation_product_strategy,biotechnology,"[""track_technologies_and_competitors""]",2026-09-08,"[""drug_discovery""]"
,请据《BIONEER Corp.》生成结构化报告。分类:competitor_analysis；对象:innovation_product_strategy；行业:biotechnology/synthetic_biology；任务:track_technologies_and_competitors；关键词:BIONEER Corp、fermentation、acid、dna、technical research。概述:本文概述BIONEER Corp.的业务与技术研发，并涵盖专利组合、竞争动态及市场趋势，可用于竞品跟踪和研发/IP决策。须含标题、摘要、结论、背景、技术/产品/市场/IP、风险机会、可落地建议、未来研究。,,,BIONEER Corp.,"[""competitor_analysis""]","[""BIONEER Corp"", ""fermentation"", ""acid"", ""dna"", ""technical research"", ""patent portfolio"", ""competitor monitoring"", ""market trends""]",本文概述BIONEER Corp.的业务与技术研发，并涵盖专利组合、竞争动态及市场趋势，可用于竞品跟踪和研发/IP决策。,innovation_product_strategy,biotechnology,"[""track_technologies_and_competitors""]",2026-09-08,"[""synthetic_biology""]"
,"请据《Alexion Pharmaceuticals, Inc.》生成结构化报告。分类:competitor_analysis；对象:innovation_product_strategy；行业:biotechnology/drug_discovery；任务:track_technologies_and_competitors；关键词:Alexion Pharmaceuticals, Inc、manufacturing、therapeutic、therapy、drug。概述:本文概述Alexion Pharmaceuticals, Inc.的业务与技术研发，并涵盖专利组合、竞争动态及市场趋势，可用于竞品跟踪和研发/IP决策。须含标题、摘要、结论、背景、技术/产品/市场/IP、风险机会、可落地建议、未来研究。",,,"Alexion Pharmaceuticals, Inc.","[""competitor_analysis""]","[""Alexion Pharmaceuticals, Inc"", ""manufacturing"", ""therapeutic"", ""therapy"", ""drug"", ""food"", ""technical research"", ""patent portfolio"", ""competitor monitoring"", ""market trends""]","本文概述Alexion Pharmaceuticals, Inc.的业务与技术研发，并涵盖专利组合、竞争动态及市场趋势，可用于竞品跟踪和研发/IP决策。",innovation_product_strategy,biotechnology,"[""track_technologies_and_competitors""]",2026-09-08,"[""drug_discovery""]"
,"请据《Lithium orotate's potential in addiction therapy frameworks》生成结构化报告。分类:trend_brief；对象:researcher_scientist；行业:biotechnology/drug_discovery；任务:track_research_trends,explore_new_research_fields；关键词:lithium orotate、therapy、addiction therapy frameworks、therapeutic、Exploring lithium orotate。概述:本文梳理lithium orotate、therapy、addiction therapy frameworks的研究进展、应用潜力与关键不确定性，为趋势跟踪和后续研究方向选择提供参考。须含标题、摘要、结论、背景、技术/产品/市场/IP、风险机会、可落地建议、未来研究。",,,Lithium orotate's potential in addiction therapy frameworks,"[""trend_brief""]","[""lithium orotate"", ""therapy"", ""addiction therapy frameworks"", ""therapeutic"", ""Exploring lithium orotate"", ""addiction treatment"", ""unique properties""]",本文梳理lithium orotate、therapy、addiction therapy frameworks的研究进展、应用潜力与关键不确定性，为趋势跟踪和后续研究方向选择提供参考。,researcher_scientist,biotechnology,"[""track_research_trends"", ""explore_new_research_fields""]",2025-08-19,"[""drug_discovery""]"
,"请据《Comparative study on lithium orotate and lithium aspartate in mood regulation》生成结构化报告。分类:competitor_analysis；对象:innovation_product_strategy；行业:biotechnology/drug_discovery；任务:evaluate_r_and_d_directions,identify_innovation_opportunities；关键词:lithium aspartate、lithium orotate、mood regulation、efficacy、aspartate。概述:本文比较lithium aspartate、lithium orotate、mood regulation在性能、成本、可靠性和适用条件上的差异，并给出验证思路，为技术选型与研发决策提供参考。须含标题、摘要、结论、背景、技术/产品/市场/IP、风险机会、可落地建议、未来研究。",,,Comparative study on lithium orotate and lithium aspartate in mood regulation,"[""competitor_analysis""]","[""lithium aspartate"", ""lithium orotate"", ""mood regulation"", ""efficacy"", ""aspartate"", ""advantages over traditional formulations""]",本文比较lithium aspartate、lithium orotate、mood regulation在性能、成本、可靠性和适用条件上的差异，并给出验证思路，为技术选型与研发决策提供参考。,innovation_product_strategy,biotechnology,"[""evaluate_r_and_d_directions"", ""identify_innovation_opportunities""]",2025-08-19,"[""drug_discovery""]"
,"请据《Lithium orotate's potential in managing obsessive-compulsive behavior》生成结构化报告。分类:trend_brief；对象:researcher_scientist；行业:biotechnology/drug_discovery；任务:track_research_trends,explore_new_research_fields；关键词:lithium orotate、managing obsessive-compulsive behavior、managing obsessive-compulsive behavior efficacy、obsessive-compulsive behavior efficacy safety、future。概述:本文梳理lithium orotate、managing obsessive-compulsive behavior、managing obsessive-compulsive behavior efficacy的研究进展、应用潜力与关键不确定性，为趋势跟踪和后续研究方向选择提供参考。须含标题、摘要、结论、背景、技术/产品/市场/IP、风险机会、可落地建议、未来研究。",,,Lithium orotate's potential in managing obsessive-compulsive behavior,"[""trend_brief""]","[""lithium orotate"", ""managing obsessive-compulsive behavior"", ""managing obsessive-compulsive behavior efficacy"", ""obsessive-compulsive behavior efficacy safety"", ""future""]",本文梳理lithium orotate、managing obsessive-compulsive behavior、managing obsessive-compulsive behavior efficacy的研究进展、应用潜力与关键不确定性，为趋势跟踪和后续研究方向选择提供参考。,researcher_scientist,biotechnology,"[""track_research_trends"", ""explore_new_research_fields""]",2025-08-19,"[""drug_discovery""]"
,"请据《Role of Glycerol in Enhancing Bioplastic Compostability》生成结构化报告。分类:scout_report；对象:researcher_scientist；行业:biotechnology/bio_based_materials；任务:explore_new_research_fields,track_research_trends；关键词:compostability、bioplastic、Glycerol、Bioplastic Compostability、evolution。概述:本文梳理compostability、bioplastic、Glycerol的技术原理、研究或验证方法与应用证据，并讨论性能和可行性，为研发方向选择与后续验证提供参考。须含标题、摘要、结论、背景、技术/产品/市场/IP、风险机会、可落地建议、未来研究。",,,Role of Glycerol in Enhancing Bioplastic Compostability,"[""scout_report""]","[""compostability"", ""bioplastic"", ""Glycerol"", ""Bioplastic Compostability"", ""evolution"", ""bioplastics"", ""byproduct"", ""player""]",本文梳理compostability、bioplastic、Glycerol的技术原理、研究或验证方法与应用证据，并讨论性能和可行性，为研发方向选择与后续验证提供参考。,researcher_scientist,biotechnology,"[""explore_new_research_fields"", ""track_research_trends""]",2025-07-23,"[""bio_based_materials""]"
,"请据《Isotonic solutions and their role in pharmaceutical formulations》生成结构化报告。分类:scout_report；对象:researcher_scientist；行业:biotechnology/drug_discovery；任务:explore_new_research_fields,track_research_trends；关键词:pharmaceutical、Isotonic、pharmaceutical formulations、drug、crucial。概述:本文梳理pharmaceutical、Isotonic、pharmaceutical formulations的技术原理、研究或验证方法与应用证据，并讨论性能和可行性，为研发方向选择与后续验证提供参考。须含标题、摘要、结论、背景、技术/产品/市场/IP、风险机会、可落地建议、未来研究。",,,Isotonic solutions and their role in pharmaceutical formulations,"[""scout_report""]","[""pharmaceutical"", ""Isotonic"", ""pharmaceutical formulations"", ""drug"", ""crucial"", ""impact"", ""drug efficacy"", ""future innovations""]",本文梳理pharmaceutical、Isotonic、pharmaceutical formulations的技术原理、研究或验证方法与应用证据，并讨论性能和可行性，为研发方向选择与后续验证提供参考。,researcher_scientist,biotechnology,"[""explore_new_research_fields"", ""track_research_trends""]",2025-08-19,"[""drug_discovery""]"
,"请据《The effect of lithium orotate on hormonal pathways in the endocrine system》生成结构化报告。分类:scout_report；对象:researcher_scientist；行业:biotechnology/drug_discovery；任务:explore_new_research_fields,track_research_trends；关键词:lithium orotate、endocrine、hormonal、hormonal pathways、impact。概述:本文梳理lithium orotate、endocrine、hormonal的技术原理、研究或验证方法与应用证据，并讨论性能和可行性，为研发方向选择与后续验证提供参考。须含标题、摘要、结论、背景、技术/产品/市场/IP、风险机会、可落地建议、未来研究。",,,The effect of lithium orotate on hormonal pathways in the endocrine system,"[""scout_report""]","[""lithium orotate"", ""endocrine"", ""hormonal"", ""hormonal pathways"", ""impact"", ""HPA axis thyroid reproduction"", ""metabolism"", ""benefits""]",本文梳理lithium orotate、endocrine、hormonal的技术原理、研究或验证方法与应用证据，并讨论性能和可行性，为研发方向选择与后续验证提供参考。,researcher_scientist,biotechnology,"[""explore_new_research_fields"", ""track_research_trends""]",2025-08-19,"[""drug_discovery""]"
,"请据《Efficacy of lithium orotate in managing ADHD symptoms》生成结构化报告。分类:scout_report；对象:researcher_scientist；行业:biotechnology/drug_discovery；任务:explore_new_research_fields,track_research_trends；关键词:lithium orotate、Efficacy、managing ADHD symptoms、ADHD、traditional treatments。概述:本文梳理lithium orotate、Efficacy、managing ADHD symptoms的技术原理、研究或验证方法与应用证据，并讨论性能和可行性，为研发方向选择与后续验证提供参考。须含标题、摘要、结论、背景、技术/产品/市场/IP、风险机会、可落地建议、未来研究。",,,Efficacy of lithium orotate in managing ADHD symptoms,"[""scout_report""]","[""lithium orotate"", ""Efficacy"", ""managing ADHD symptoms"", ""ADHD"", ""traditional treatments""]",本文梳理lithium orotate、Efficacy、managing ADHD symptoms的技术原理、研究或验证方法与应用证据，并讨论性能和可行性，为研发方向选择与后续验证提供参考。,researcher_scientist,biotechnology,"[""explore_new_research_fields"", ""track_research_trends""]",2025-08-19,"[""drug_discovery""]"
,"请据《How Trimethylglycine Modulates Hormonal Equilibrium in the Body》生成结构化报告。分类:scout_report；对象:researcher_scientist；行业:biotechnology/drug_discovery；任务:explore_new_research_fields,track_research_trends；关键词:hormonal、Trimethylglycine Modulates Hormonal Equilibrium、Body、endocrine、standardized protocols。概述:本文梳理hormonal、Trimethylglycine Modulates Hormonal Equilibrium、Body的技术原理、研究或验证方法与应用证据，并讨论性能和可行性，为研发方向选择与后续验证提供参考。须含标题、摘要、结论、背景、技术/产品/市场/IP、风险机会、可落地建议、未来研究。",,,How Trimethylglycine Modulates Hormonal Equilibrium in the Body,"[""scout_report""]","[""hormonal"", ""Trimethylglycine Modulates Hormonal Equilibrium"", ""Body"", ""endocrine"", ""standardized protocols"", ""TMG bioavailability"", ""endocrine organs"", ""genetic factors affecting individual""]",本文梳理hormonal、Trimethylglycine Modulates Hormonal Equilibrium、Body的技术原理、研究或验证方法与应用证据，并讨论性能和可行性，为研发方向选择与后续验证提供参考。,researcher_scientist,biotechnology,"[""explore_new_research_fields"", ""track_research_trends""]",2025-09-10,"[""drug_discovery""]"
,"请据《Measuring Trimethylglycine's Effect on Blood Pressure Regulation》生成结构化报告。分类:scout_report；对象:researcher_scientist；行业:biotechnology/drug_discovery；任务:explore_new_research_fields,track_research_trends；关键词:Trimethylglycine、Blood Pressure Regulation、therapy、Exploring trimethylglycine、impact。概述:本文梳理Trimethylglycine、Blood Pressure Regulation、therapy的技术原理、研究或验证方法与应用证据，并讨论性能和可行性，为研发方向选择与后续验证提供参考。须含标题、摘要、结论、背景、技术/产品/市场/IP、风险机会、可落地建议、未来研究。",,,Measuring Trimethylglycine's Effect on Blood Pressure Regulation,"[""scout_report""]","[""Trimethylglycine"", ""Blood Pressure Regulation"", ""therapy"", ""Exploring trimethylglycine"", ""impact"", ""cardiovascular health"", ""report analyzes"", ""mechanisms""]",本文梳理Trimethylglycine、Blood Pressure Regulation、therapy的技术原理、研究或验证方法与应用证据，并讨论性能和可行性，为研发方向选择与后续验证提供参考。,researcher_scientist,biotechnology,"[""explore_new_research_fields"", ""track_research_trends""]",2025-09-10,"[""drug_discovery""]"
,"请据《How can lithium orotate affect benzodiazepine receptor modulation》生成结构化报告。分类:scout_report；对象:researcher_scientist；行业:biotechnology/drug_discovery；任务:explore_new_research_fields,track_research_trends；关键词:lithium orotate、benzodiazepine、lithium orotate affect benzodiazepine、affect benzodiazepine receptor modulation、complex interaction between lithium。概述:本文梳理lithium orotate、benzodiazepine、lithium orotate affect benzodiazepine的技术原理、研究或验证方法与应用证据，并讨论性能和可行性，为研发方向选择与后续验证提供参考。须含标题、摘要、结论、背景、技术/产品/市场/IP、风险机会、可落地建议、未来研究。",,,How can lithium orotate affect benzodiazepine receptor modulation,"[""scout_report""]","[""lithium orotate"", ""benzodiazepine"", ""lithium orotate affect benzodiazepine"", ""affect benzodiazepine receptor modulation"", ""complex interaction between lithium"", ""interaction between lithium orotate"", ""benzodiazepine receptors"", ""neuropsychopharmacology""]",本文梳理lithium orotate、benzodiazepine、lithium orotate affect benzodiazepine的技术原理、研究或验证方法与应用证据，并讨论性能和可行性，为研发方向选择与后续验证提供参考。,researcher_scientist,biotechnology,"[""explore_new_research_fields"", ""track_research_trends""]",2025-08-19,"[""drug_discovery""]"
,"请据《Muscimol Tolerance and Withdrawal: A Scientific Overview》生成结构化报告。分类:scout_report；对象:researcher_scientist；行业:biotechnology/drug_discovery；任务:explore_new_research_fields,track_research_trends；关键词:muscimol、Muscimol Tolerance、Withdrawal、Scientific Overview、pharmacology tolerance mechanisms GABA。概述:本文梳理muscimol、Muscimol Tolerance、Withdrawal的技术原理、研究或验证方法与应用证据，并讨论性能和可行性，为研发方向选择与后续验证提供参考。须含标题、摘要、结论、背景、技术/产品/市场/IP、风险机会、可落地建议、未来研究。",,,Muscimol Tolerance and Withdrawal: A Scientific Overview,"[""scout_report""]","[""muscimol"", ""Muscimol Tolerance"", ""Withdrawal"", ""Scientific Overview"", ""pharmacology tolerance mechanisms GABA"", ""mechanisms GABA receptor changes"", ""sustained efficacy"", ""clinical""]",本文梳理muscimol、Muscimol Tolerance、Withdrawal的技术原理、研究或验证方法与应用证据，并讨论性能和可行性，为研发方向选择与后续验证提供参考。,researcher_scientist,biotechnology,"[""explore_new_research_fields"", ""track_research_trends""]",2025-07-04,"[""drug_discovery""]"
,"请据《Gel Electrophoresis in Forensic Science: Key Innovations》生成结构化报告。分类:trend_brief；对象:researcher_scientist；行业:biotechnology/diagnostics_and_biomarkers；任务:track_research_trends,explore_new_research_fields；关键词:gel electrophoresis、Forensic Science、Innovations、dna、advanced gel electrophoresis revolutionizes。概述:本文梳理gel electrophoresis、Forensic Science、Innovations的研究进展、应用潜力与关键不确定性，为趋势跟踪和后续研究方向选择提供参考。须含标题、摘要、结论、背景、技术/产品/市场/IP、风险机会、可落地建议、未来研究。",,,Gel Electrophoresis in Forensic Science: Key Innovations,"[""trend_brief""]","[""gel electrophoresis"", ""Forensic Science"", ""Innovations"", ""dna"", ""advanced gel electrophoresis revolutionizes"", ""electrophoresis revolutionizes forensic DNA"", ""ensuring accurate"", ""legally admissible results""]",本文梳理gel electrophoresis、Forensic Science、Innovations的研究进展、应用潜力与关键不确定性，为趋势跟踪和后续研究方向选择提供参考。,researcher_scientist,biotechnology,"[""track_research_trends"", ""explore_new_research_fields""]",2025-06-30,"[""diagnostics_and_biomarkers""]"
,"请据《Optimize Hydrothermal Liquefaction for Pharmaceutical Sludge》生成结构化报告。分类:scout_report；对象:rd_engineer_inventor；行业:biotechnology/drug_discovery；任务:find_technical_solutions,assess_technical_feasibility；关键词:pharmaceutical、Hydrothermal Liquefaction、Pharmaceutical Sludge、has evolved since、1970s。概述:本文梳理pharmaceutical、Hydrothermal Liquefaction、Pharmaceutical Sludge的技术原理、研究或验证方法与应用证据，并讨论性能和可行性，为研发方向选择与后续验证提供参考。须含标题、摘要、结论、背景、技术/产品/市场/IP、风险机会、可落地建议、未来研究。",,,Optimize Hydrothermal Liquefaction for Pharmaceutical Sludge,"[""scout_report""]","[""pharmaceutical"", ""Hydrothermal Liquefaction"", ""Pharmaceutical Sludge"", ""has evolved since"", ""1970s"", ""advanced thermochemical conversion""]",本文梳理pharmaceutical、Hydrothermal Liquefaction、Pharmaceutical Sludge的技术原理、研究或验证方法与应用证据，并讨论性能和可行性，为研发方向选择与后续验证提供参考。,rd_engineer_inventor,biotechnology,"[""find_technical_solutions"", ""assess_technical_feasibility""]",2026-09-08,"[""drug_discovery""]"
,"请据《Fermentation Bioreactor Photobioreactor Hybrid Design for Microalgae-Bacteria Co-Culture》生成结构化报告。分类:scout_report；对象:rd_engineer_inventor；行业:biotechnology/synthetic_biology；任务:find_technical_solutions,explore_existing_technologies；关键词:fermentation、bioreactor、microalgae、Fermentation Bioreactor Photobioreactor Hybrid、Microalgae-Bacteria Co-Culture。概述:本文梳理fermentation、bioreactor、microalgae的技术原理、研究或验证方法与应用证据，并讨论性能和可行性，为研发方向选择与后续验证提供参考。须含标题、摘要、结论、背景、技术/产品/市场/IP、风险机会、可落地建议、未来研究。",,,Fermentation Bioreactor Photobioreactor Hybrid Design for Microalgae-Bacteria Co-Culture,"[""scout_report""]","[""fermentation"", ""bioreactor"", ""microalgae"", ""Fermentation Bioreactor Photobioreactor Hybrid"", ""Microalgae-Bacteria Co-Culture"", ""microalgae-bacteria co-culture hybrid"", ""bacterial cells"", ""metabolites accumulate""]",本文梳理fermentation、bioreactor、microalgae的技术原理、研究或验证方法与应用证据，并讨论性能和可行性，为研发方向选择与后续验证提供参考。,rd_engineer_inventor,biotechnology,"[""find_technical_solutions"", ""explore_existing_technologies""]",2026-09-08,"[""synthetic_biology""]"
,"请据《Sakai Chemical Industry Co., Ltd.》生成结构化报告。分类:competitor_analysis；对象:innovation_product_strategy；行业:chemical/polymers_and_additives；任务:track_technologies_and_competitors；关键词:Sakai Chemical Industry Co., Ltd、chemical、titanium、resin、food。概述:本文概述Sakai Chemical Industry Co., Ltd.的业务与技术研发，并涵盖专利组合、竞争动态及市场趋势，可用于竞品跟踪和研发/IP决策。须含标题、摘要、结论、背景、技术/产品/市场/IP、风险机会、可落地建议、未来研究。",,,"Sakai Chemical Industry Co., Ltd.","[""competitor_analysis""]","[""Sakai Chemical Industry Co., Ltd"", ""chemical"", ""titanium"", ""resin"", ""food"", ""technical research"", ""patent portfolio"", ""competitor monitoring"", ""market trends""]","本文概述Sakai Chemical Industry Co., Ltd.的业务与技术研发，并涵盖专利组合、竞争动态及市场趋势，可用于竞品跟踪和研发/IP决策。",innovation_product_strategy,chemical,"[""track_technologies_and_competitors""]",2026-09-08,"[""polymers_and_additives""]"
,"请据《Comparison of Sodium Percarbonate and Borax as Cleaning Agents》生成结构化报告。分类:competitor_analysis；对象:innovation_product_strategy；行业:chemical/household_and_personal_care_chemistry；任务:evaluate_r_and_d_directions,identify_innovation_opportunities；关键词:borax、Sodium Percarbonate、Cleaning Agents、evolution、ancient。概述:本文比较borax、Sodium Percarbonate、Cleaning Agents在性能、成本、可靠性和适用条件上的差异，并给出验证思路，为技术选型与研发决策提供参考。须含标题、摘要、结论、背景、技术/产品/市场/IP、风险机会、可落地建议、未来研究。",,,Comparison of Sodium Percarbonate and Borax as Cleaning Agents,"[""competitor_analysis""]","[""borax"", ""Sodium Percarbonate"", ""Cleaning Agents"", ""evolution"", ""ancient"", ""modern times highlighting"", ""innovations"", ""future trends""]",本文比较borax、Sodium Percarbonate、Cleaning Agents在性能、成本、可靠性和适用条件上的差异，并给出验证思路，为技术选型与研发决策提供参考。,innovation_product_strategy,chemical,"[""evaluate_r_and_d_directions"", ""identify_innovation_opportunities""]",2025-07-22,"[""household_and_personal_care_chemistry""]"
,"请据《How Muriatic Acid Reacts with Different Types of Metals》生成结构化报告。分类:scout_report；对象:researcher_scientist；行业:chemical/specialty_chemicals；任务:explore_new_research_fields,track_research_trends；关键词:acid、Muriatic Acid Reacts、Types、Metals、industrial。概述:本文梳理acid、Muriatic Acid Reacts、Types的技术原理、研究或验证方法与应用证据，并讨论性能和可行性，为研发方向选择与后续验证提供参考。须含标题、摘要、结论、背景、技术/产品/市场/IP、风险机会、可落地建议、未来研究。",,,How Muriatic Acid Reacts with Different Types of Metals,"[""scout_report""]","[""acid"", ""Muriatic Acid Reacts"", ""Types"", ""Metals"", ""industrial"", ""Exploring"", ""complex interplay between muriatic"", ""interplay between muriatic acid""]",本文梳理acid、Muriatic Acid Reacts、Types的技术原理、研究或验证方法与应用证据，并讨论性能和可行性，为研发方向选择与后续验证提供参考。,researcher_scientist,chemical,"[""explore_new_research_fields"", ""track_research_trends""]",2025-07-18,"[""specialty_chemicals""]"
,"请据《How to Detect Water Content Using FTIR Techniques》生成结构化报告。分类:scout_report；对象:researcher_scientist；行业:chemical/specialty_chemicals；任务:find_research_methods,track_research_trends；关键词:ftir、Detect Water Content、FTIR Techniques、evaluation、FTIR water detection。概述:本文梳理ftir、Detect Water Content、FTIR Techniques的技术原理、研究或验证方法与应用证据，并讨论性能和可行性，为研发方向选择与后续验证提供参考。须含标题、摘要、结论、背景、技术/产品/市场/IP、风险机会、可落地建议、未来研究。",,,How to Detect Water Content Using FTIR Techniques,"[""scout_report""]","[""ftir"", ""Detect Water Content"", ""FTIR Techniques"", ""evaluation"", ""FTIR water detection"", ""strengths"", ""limitations"", ""create""]",本文梳理ftir、Detect Water Content、FTIR Techniques的技术原理、研究或验证方法与应用证据，并讨论性能和可行性，为研发方向选择与后续验证提供参考。,researcher_scientist,chemical,"[""find_research_methods"", ""track_research_trends""]",2025-09-22,"[""specialty_chemicals""]"
,"请据《What are the Health Risks Associated with Muriatic Acid Fumes?》生成结构化报告。分类:risk_watch；对象:rd_engineer_inventor；行业:chemical/specialty_chemicals；任务:find_technical_solutions,assess_technical_feasibility；关键词:acid、Health Risks Associated、Muriatic Acid Fumes、health risks、impact。概述:本文分析acid、Health Risks Associated、Muriatic Acid Fumes的失效机理、风险来源与控制方法，并给出检测或验证要点，为降低研发和应用风险提供参考。须含标题、摘要、结论、背景、技术/产品/市场/IP、风险机会、可落地建议、未来研究。",,,What are the Health Risks Associated with Muriatic Acid Fumes?,"[""risk_watch""]","[""acid"", ""Health Risks Associated"", ""Muriatic Acid Fumes"", ""health risks"", ""impact"", ""respiratory health"", ""essential safety measures"", ""handling""]",本文分析acid、Health Risks Associated、Muriatic Acid Fumes的失效机理、风险来源与控制方法，并给出检测或验证要点，为降低研发和应用风险提供参考。,rd_engineer_inventor,chemical,"[""find_technical_solutions"", ""assess_technical_feasibility""]",2025-07-18,"[""specialty_chemicals""]"
,"请据《Compare Boric Acid and Borax in Ant Killer Mixes》生成结构化报告。分类:competitor_analysis；对象:innovation_product_strategy；行业:chemical/industrial_formulations；任务:evaluate_r_and_d_directions,identify_innovation_opportunities；关键词:borax、acid、Boric Acid、Ant Killer Mixes、optimal ant killer formulations。概述:本文比较borax、acid、Boric Acid在性能、成本、可靠性和适用条件上的差异，并给出验证思路，为技术选型与研发决策提供参考。须含标题、摘要、结论、背景、技术/产品/市场/IP、风险机会、可落地建议、未来研究。",,,Compare Boric Acid and Borax in Ant Killer Mixes,"[""competitor_analysis""]","[""borax"", ""acid"", ""Boric Acid"", ""Ant Killer Mixes"", ""optimal ant killer formulations"", ""maximum pest"", ""efficacy"", ""safety standards""]",本文比较borax、acid、Boric Acid在性能、成本、可靠性和适用条件上的差异，并给出验证思路，为技术选型与研发决策提供参考。,innovation_product_strategy,chemical,"[""evaluate_r_and_d_directions"", ""identify_innovation_opportunities""]",2026-02-26,"[""industrial_formulations""]"
,"请据《How to Analyze Polydispersity Index in Dynamic Light Scattering》生成结构化报告。分类:scout_report；对象:researcher_scientist；行业:chemical/industrial_formulations；任务:find_research_methods,track_research_trends；关键词:dynamic light scattering、polydispersity index、Analyze Polydispersity Index、formulation、reliable methodologies。概述:本文梳理dynamic light scattering、polydispersity index、Analyze Polydispersity Index的技术原理、研究或验证方法与应用证据，并讨论性能和可行性，为研发方向选择与后续验证提供参考。须含标题、摘要、结论、背景、技术/产品/市场/IP、风险机会、可落地建议、未来研究。",,,How to Analyze Polydispersity Index in Dynamic Light Scattering,"[""scout_report""]","[""dynamic light scattering"", ""polydispersity index"", ""Analyze Polydispersity Index"", ""formulation"", ""reliable methodologies"", ""determining sample homogeneity"", ""PDI"", ""DLS""]",本文梳理dynamic light scattering、polydispersity index、Analyze Polydispersity Index的技术原理、研究或验证方法与应用证据，并讨论性能和可行性，为研发方向选择与后续验证提供参考。,researcher_scientist,chemical,"[""find_research_methods"", ""track_research_trends""]",2025-09-05,"[""industrial_formulations""]"
,"请据《How to Extract Kinetic Parameters from CV Using Laviron and Nicholson Methods — Step-by-Step》生成结构化报告。分类:scout_report；对象:researcher_scientist；行业:chemical/specialty_chemicals；任务:find_research_methods,track_research_trends；关键词:Extract Kinetic Parameters、CV、Laviron、Nicholson、Step-by-Step。概述:本文梳理Extract Kinetic Parameters、CV、Laviron的技术原理、研究或验证方法与应用证据，并讨论性能和可行性，为研发方向选择与后续验证提供参考。须含标题、摘要、结论、背景、技术/产品/市场/IP、风险机会、可落地建议、未来研究。",,,How to Extract Kinetic Parameters from CV Using Laviron and Nicholson Methods — Step-by-Step,"[""scout_report""]","[""Extract Kinetic Parameters"", ""CV"", ""Laviron"", ""Nicholson"", ""Step-by-Step"", ""energy storage"", ""electrode"", ""quantitative electrode-solution interface dynamics""]",本文梳理Extract Kinetic Parameters、CV、Laviron的技术原理、研究或验证方法与应用证据，并讨论性能和可行性，为研发方向选择与后续验证提供参考。,researcher_scientist,chemical,"[""find_research_methods"", ""track_research_trends""]",2025-08-21,"[""specialty_chemicals""]"
,"请据《Ethyl Acetate Production: Enhancing Yield and Purity》生成结构化报告。分类:scout_report；对象:researcher_scientist；行业:chemical/specialty_chemicals；任务:explore_new_research_fields,track_research_trends；关键词:ethyl acetate、Ethyl Acetate Production、Yield、Purity、innovative approaches。概述:本文梳理ethyl acetate、Ethyl Acetate Production、Yield的技术原理、研究或验证方法与应用证据，并讨论性能和可行性，为研发方向选择与后续验证提供参考。须含标题、摘要、结论、背景、技术/产品/市场/IP、风险机会、可落地建议、未来研究。",,,Ethyl Acetate Production: Enhancing Yield and Purity,"[""scout_report""]","[""ethyl acetate"", ""Ethyl Acetate Production"", ""Yield"", ""Purity"", ""innovative approaches"", ""ethyl acetate production Boost"", ""Boost yield purity sustainability"", ""cutting-edge synthesis routes optimization""]",本文梳理ethyl acetate、Ethyl Acetate Production、Yield的技术原理、研究或验证方法与应用证据，并讨论性能和可行性，为研发方向选择与后续验证提供参考。,researcher_scientist,chemical,"[""explore_new_research_fields"", ""track_research_trends""]",2025-06-27,"[""specialty_chemicals""]"
,"请据《The Effectiveness of Muriatic Acid in Removing Algae》生成结构化报告。分类:scout_report；对象:researcher_scientist；行业:chemical/specialty_chemicals；任务:explore_new_research_fields,track_research_trends；关键词:acid、Effectiveness、Muriatic Acid、Removing Algae、power。概述:本文梳理acid、Effectiveness、Muriatic Acid的技术原理、研究或验证方法与应用证据，并讨论性能和可行性，为研发方向选择与后续验证提供参考。须含标题、摘要、结论、背景、技术/产品/市场/IP、风险机会、可落地建议、未来研究。",,,The Effectiveness of Muriatic Acid in Removing Algae,"[""scout_report""]","[""acid"", ""Effectiveness"", ""Muriatic Acid"", ""Removing Algae"", ""power"", ""effective algaecide"", ""pools Learn"", ""history mechanism""]",本文梳理acid、Effectiveness、Muriatic Acid的技术原理、研究或验证方法与应用证据，并讨论性能和可行性，为研发方向选择与后续验证提供参考。,researcher_scientist,chemical,"[""explore_new_research_fields"", ""track_research_trends""]",2025-07-18,"[""specialty_chemicals""]"
,"请据《Comprehensive Guide to Ethyl Acetate Reactivity and Use》生成结构化报告。分类:scout_report；对象:researcher_scientist；行业:chemical/specialty_chemicals；任务:explore_new_research_fields,track_research_trends；关键词:ethyl acetate、Ethyl Acetate Reactivity、industrial、chemical、versatile properties。概述:本文梳理ethyl acetate、Ethyl Acetate Reactivity、industrial的技术原理、研究或验证方法与应用证据，并讨论性能和可行性，为研发方向选择与后续验证提供参考。须含标题、摘要、结论、背景、技术/产品/市场/IP、风险机会、可落地建议、未来研究。",,,Comprehensive Guide to Ethyl Acetate Reactivity and Use,"[""scout_report""]","[""ethyl acetate"", ""Ethyl Acetate Reactivity"", ""industrial"", ""chemical"", ""versatile properties"", ""chemical reactivity"", ""impact""]",本文梳理ethyl acetate、Ethyl Acetate Reactivity、industrial的技术原理、研究或验证方法与应用证据，并讨论性能和可行性，为研发方向选择与后续验证提供参考。,researcher_scientist,chemical,"[""explore_new_research_fields"", ""track_research_trends""]",2025-06-27,"[""specialty_chemicals""]"
,"请据《ATR-FTIR Crystal Choices: Diamond Vs ZnSe Vs Ge—Spectral Range, Hardness And Chemistry》生成结构化报告。分类:competitor_analysis；对象:innovation_product_strategy；行业:chemical/specialty_chemicals；任务:evaluate_r_and_d_directions,identify_innovation_opportunities；关键词:ATR-FTIR、ftir、ATR-FTIR Crystal Choices Diamond、ZnSe、Ge Spectral Range Hardness。概述:本文比较ATR-FTIR、ftir、ATR-FTIR Crystal Choices Diamond在性能、成本、可靠性和适用条件上的差异，并给出验证思路，为技术选型与研发决策提供参考。须含标题、摘要、结论、背景、技术/产品/市场/IP、风险机会、可落地建议、未来研究。",,,"ATR-FTIR Crystal Choices: Diamond Vs ZnSe Vs Ge—Spectral Range, Hardness And Chemistry","[""competitor_analysis""]","[""ATR-FTIR"", ""ftir"", ""ATR-FTIR Crystal Choices Diamond"", ""ZnSe"", ""Ge Spectral Range Hardness"", ""Chemistry"", ""chemical"", ""breakthrough ATR crystal development""]",本文比较ATR-FTIR、ftir、ATR-FTIR Crystal Choices Diamond在性能、成本、可靠性和适用条件上的差异，并给出验证思路，为技术选型与研发决策提供参考。,innovation_product_strategy,chemical,"[""evaluate_r_and_d_directions"", ""identify_innovation_opportunities""]",2025-09-22,"[""specialty_chemicals""]"
,"请据《How to Test Fulvic Acid Quality Using HPLC — Standards》生成结构化报告。分类:scout_report；对象:researcher_scientist；行业:chemical/specialty_chemicals；任务:find_research_methods,track_research_trends；关键词:fulvic acid、acid、hplc、Test Fulvic Acid Quality、HPLC Standards。概述:本文梳理fulvic acid、acid、hplc的技术原理、研究或验证方法与应用证据，并讨论性能和可行性，为研发方向选择与后续验证提供参考。须含标题、摘要、结论、背景、技术/产品/市场/IP、风险机会、可落地建议、未来研究。",,,How to Test Fulvic Acid Quality Using HPLC — Standards,"[""scout_report""]","[""fulvic acid"", ""acid"", ""hplc"", ""Test Fulvic Acid Quality"", ""HPLC Standards"", ""standardized HPLC protocols"", ""fulvic acid quality assessment"", ""assessment ensuring reliable quantification""]",本文梳理fulvic acid、acid、hplc的技术原理、研究或验证方法与应用证据，并讨论性能和可行性，为研发方向选择与后续验证提供参考。,researcher_scientist,chemical,"[""find_research_methods"", ""track_research_trends""]",2025-08-28,"[""specialty_chemicals""]"
,"请据《Measure Peak Area in HPLC for Quantitative Analysis》生成结构化报告。分类:scout_report；对象:researcher_scientist；行业:chemical/specialty_chemicals；任务:find_research_methods,track_research_trends；关键词:hplc、Peak Area、Quantitative、Exploring HPLC peak area、peak area measurement evolution。概述:本文梳理hplc、Peak Area、Quantitative的技术原理、研究或验证方法与应用证据，并讨论性能和可行性，为研发方向选择与后续验证提供参考。须含标题、摘要、结论、背景、技术/产品/市场/IP、风险机会、可落地建议、未来研究。",,,Measure Peak Area in HPLC for Quantitative Analysis,"[""scout_report""]","[""hplc"", ""Peak Area"", ""Quantitative"", ""Exploring HPLC peak area"", ""peak area measurement evolution"", ""manual"", ""AI-driven"", ""report analyzes technological trends""]",本文梳理hplc、Peak Area、Quantitative的技术原理、研究或验证方法与应用证据，并讨论性能和可行性，为研发方向选择与后续验证提供参考。,researcher_scientist,chemical,"[""find_research_methods"", ""track_research_trends""]",2025-09-19,"[""specialty_chemicals""]"
,"请据《How To Quantify Lithium Hydroxide Purity Using Titration》生成结构化报告。分类:scout_report；对象:researcher_scientist；行业:chemical/specialty_chemicals；任务:find_research_methods,track_research_trends；关键词:titration、Lithium Hydroxide Purity、advanced titration techniques、lithium hydroxide purity assessment、precision reproducibility。概述:本文梳理titration、Lithium Hydroxide Purity、advanced titration techniques的技术原理、研究或验证方法与应用证据，并讨论性能和可行性，为研发方向选择与后续验证提供参考。须含标题、摘要、结论、背景、技术/产品/市场/IP、风险机会、可落地建议、未来研究。",,,How To Quantify Lithium Hydroxide Purity Using Titration,"[""scout_report""]","[""titration"", ""Lithium Hydroxide Purity"", ""advanced titration techniques"", ""lithium hydroxide purity assessment"", ""precision reproducibility"", ""sensitivity while minimizing interference"", ""impurities""]",本文梳理titration、Lithium Hydroxide Purity、advanced titration techniques的技术原理、研究或验证方法与应用证据，并讨论性能和可行性，为研发方向选择与后续验证提供参考。,researcher_scientist,chemical,"[""find_research_methods"", ""track_research_trends""]",2025-08-28,"[""specialty_chemicals""]"
,"请据《Breaking Down Alkyl Halides: Key Reactions and Uses》生成结构化报告。分类:scout_report；对象:researcher_scientist；行业:chemical/specialty_chemicals；任务:explore_new_research_fields,track_research_trends；关键词:Breaking Down Alkyl Halides、Reactions、alkyl halides structure properties、crucial、organic synthesis。概述:本文梳理Breaking Down Alkyl Halides、Reactions、alkyl halides structure properties的技术原理、研究或验证方法与应用证据，并讨论性能和可行性，为研发方向选择与后续验证提供参考。须含标题、摘要、结论、背景、技术/产品/市场/IP、风险机会、可落地建议、未来研究。",,,Breaking Down Alkyl Halides: Key Reactions and Uses,"[""scout_report""]","[""Breaking Down Alkyl Halides"", ""Reactions"", ""alkyl halides structure properties"", ""crucial"", ""organic synthesis"", ""versatile"", ""chemistry""]",本文梳理Breaking Down Alkyl Halides、Reactions、alkyl halides structure properties的技术原理、研究或验证方法与应用证据，并讨论性能和可行性，为研发方向选择与后续验证提供参考。,researcher_scientist,chemical,"[""explore_new_research_fields"", ""track_research_trends""]",2025-07-15,"[""specialty_chemicals""]"
,"请据《Quantify Analyte Recovery in HPLC—Validation Methods》生成结构化报告。分类:scout_report；对象:researcher_scientist；行业:chemical/specialty_chemicals；任务:find_research_methods,track_research_trends；关键词:hplc、Analyte Recovery、evaluation、recovery、addressing limitations。概述:本文梳理hplc、Analyte Recovery、evaluation的技术原理、研究或验证方法与应用证据，并讨论性能和可行性，为研发方向选择与后续验证提供参考。须含标题、摘要、结论、背景、技术/产品/市场/IP、风险机会、可落地建议、未来研究。",,,Quantify Analyte Recovery in HPLC—Validation Methods,"[""scout_report""]","[""hplc"", ""Analyte Recovery"", ""evaluation"", ""recovery"", ""addressing limitations"", ""providing"", ""systematic framework"", ""selection""]",本文梳理hplc、Analyte Recovery、evaluation的技术原理、研究或验证方法与应用证据，并讨论性能和可行性，为研发方向选择与后续验证提供参考。,researcher_scientist,chemical,"[""find_research_methods"", ""track_research_trends""]",2025-09-19,"[""specialty_chemicals""]"
,"请据《How to Design CV Experiments to Distinguish Surface vs Diffusion-controlled Processes — Protocols》生成结构化报告。分类:competitor_analysis；对象:innovation_product_strategy；行业:chemical/specialty_chemicals；任务:evaluate_r_and_d_directions,identify_innovation_opportunities；关键词:CV Experiments、Distinguish Surface、Diffusion-controlled Processes Protocols、CV、robust experimental protocols。概述:本文比较CV Experiments、Distinguish Surface、Diffusion-controlled Processes Protocols在性能、成本、可靠性和适用条件上的差异，并给出验证思路，为技术选型与研发决策提供参考。须含标题、摘要、结论、背景、技术/产品/市场/IP、风险机会、可落地建议、未来研究。",,,How to Design CV Experiments to Distinguish Surface vs Diffusion-controlled Processes — Protocols,"[""competitor_analysis""]","[""CV Experiments"", ""Distinguish Surface"", ""Diffusion-controlled Processes Protocols"", ""CV"", ""robust experimental protocols"", ""distinguishing surface"", ""diffusion-controlled electrochemical processes"", ""CV experiments Expert insights""]",本文比较CV Experiments、Distinguish Surface、Diffusion-controlled Processes Protocols在性能、成本、可靠性和适用条件上的差异，并给出验证思路，为技术选型与研发决策提供参考。,innovation_product_strategy,chemical,"[""evaluate_r_and_d_directions"", ""identify_innovation_opportunities""]",2025-08-21,"[""specialty_chemicals""]"
,"请据《Hydrochloric Acid in Public Safety and Environmental Impact》生成结构化报告。分类:risk_watch；对象:rd_engineer_inventor；行业:chemical/specialty_chemicals；任务:find_technical_solutions,assess_technical_feasibility；关键词:acid、Hydrochloric Acid、Public Safety、Environmental Impact、industrial。概述:本文分析acid、Hydrochloric Acid、Public Safety的失效机理、风险来源与控制方法，并给出检测或验证要点，为降低研发和应用风险提供参考。须含标题、摘要、结论、背景、技术/产品/市场/IP、风险机会、可落地建议、未来研究。",,,Hydrochloric Acid in Public Safety and Environmental Impact,"[""risk_watch""]","[""acid"", ""Hydrochloric Acid"", ""Public Safety"", ""Environmental Impact"", ""industrial"", ""safety challenges"", ""environmental impacts"", ""ongoing efforts""]",本文分析acid、Hydrochloric Acid、Public Safety的失效机理、风险来源与控制方法，并给出检测或验证要点，为降低研发和应用风险提供参考。,rd_engineer_inventor,chemical,"[""find_technical_solutions"", ""assess_technical_feasibility""]",2025-07-02,"[""specialty_chemicals""]"
,"请据《Deep eutectic solvents vs ionic liquids: cost and performance》生成结构化报告。分类:competitor_analysis；对象:innovation_product_strategy；行业:chemical/specialty_chemicals；任务:evaluate_r_and_d_directions,identify_innovation_opportunities；关键词:deep eutectic、Deep eutectic solvents、ionic liquids cost、ionic liquid、cost-effective eco-friendly ionic liquid。概述:本文比较deep eutectic、Deep eutectic solvents、ionic liquids cost在性能、成本、可靠性和适用条件上的差异，并给出验证思路，为技术选型与研发决策提供参考。须含标题、摘要、结论、背景、技术/产品/市场/IP、风险机会、可落地建议、未来研究。",,,Deep eutectic solvents vs ionic liquids: cost and performance,"[""competitor_analysis""]","[""deep eutectic"", ""Deep eutectic solvents"", ""ionic liquids cost"", ""ionic liquid"", ""cost-effective eco-friendly ionic liquid"", ""eco-friendly ionic liquid solvents"", ""outperform conventional"", ""while addressing historical production""]",本文比较deep eutectic、Deep eutectic solvents、ionic liquids cost在性能、成本、可靠性和适用条件上的差异，并给出验证思路，为技术选型与研发决策提供参考。,innovation_product_strategy,chemical,"[""evaluate_r_and_d_directions"", ""identify_innovation_opportunities""]",2025-08-25,"[""specialty_chemicals""]"
,"请据《ICP-MS Calibration Drift: Causes and Solutions》生成结构化报告。分类:scout_report；对象:researcher_scientist；行业:chemical/specialty_chemicals；任务:find_research_methods,track_research_trends；关键词:icp-ms、ICP-MS Calibration Drift Causes、primary objective、development today、achieving long-term calibration stability。概述:本文梳理icp-ms、ICP-MS Calibration Drift Causes、primary objective的技术原理、研究或验证方法与应用证据，并讨论性能和可行性，为研发方向选择与后续验证提供参考。须含标题、摘要、结论、背景、技术/产品/市场/IP、风险机会、可落地建议、未来研究。",,,ICP-MS Calibration Drift: Causes and Solutions,"[""scout_report""]","[""icp-ms"", ""ICP-MS Calibration Drift Causes"", ""primary objective"", ""development today"", ""achieving long-term calibration stability"", ""sacrificing sensitivity"", ""accuracy"", ""includes minimizing""]",本文梳理icp-ms、ICP-MS Calibration Drift Causes、primary objective的技术原理、研究或验证方法与应用证据，并讨论性能和可行性，为研发方向选择与后续验证提供参考。,researcher_scientist,chemical,"[""find_research_methods"", ""track_research_trends""]",2025-09-19,"[""specialty_chemicals""]"
,"请据《How to Mitigate Environmental Concerns with Hydrochloric Acid?》生成结构化报告。分类:scout_report；对象:researcher_scientist；行业:chemical/specialty_chemicals；任务:find_research_methods,track_research_trends；关键词:acid、Mitigate Environmental Concerns、Hydrochloric Acid、innovative、safer HCl handling。概述:本文梳理acid、Mitigate Environmental Concerns、Hydrochloric Acid的技术原理、研究或验证方法与应用证据，并讨论性能和可行性，为研发方向选择与后续验证提供参考。须含标题、摘要、结论、背景、技术/产品/市场/IP、风险机会、可落地建议、未来研究。",,,How to Mitigate Environmental Concerns with Hydrochloric Acid?,"[""scout_report""]","[""acid"", ""Mitigate Environmental Concerns"", ""Hydrochloric Acid"", ""innovative"", ""safer HCl handling"", ""robust containment advanced monitoring"", ""eco-friendly alternatives"", ""safety now""]",本文梳理acid、Mitigate Environmental Concerns、Hydrochloric Acid的技术原理、研究或验证方法与应用证据，并讨论性能和可行性，为研发方向选择与后续验证提供参考。,researcher_scientist,chemical,"[""find_research_methods"", ""track_research_trends""]",2025-07-01,"[""specialty_chemicals""]"
,"请据《What are the Long-Term Environmental Effects of Muriatic Acid?》生成结构化报告。分类:trend_brief；对象:researcher_scientist；行业:chemical/specialty_chemicals；任务:track_research_trends,explore_new_research_fields；关键词:acid、Long-Term Environmental、Muriatic Acid、long-term environmental impact、muriatic acid exposure Gain。概述:本文梳理acid、Long-Term Environmental、Muriatic Acid的研究进展、应用潜力与关键不确定性，为趋势跟踪和后续研究方向选择提供参考。须含标题、摘要、结论、背景、技术/产品/市场/IP、风险机会、可落地建议、未来研究。",,,What are the Long-Term Environmental Effects of Muriatic Acid?,"[""trend_brief""]","[""acid"", ""Long-Term Environmental"", ""Muriatic Acid"", ""long-term environmental impact"", ""muriatic acid exposure Gain"", ""acid exposure Gain insights"", ""effective management"", ""regulation""]",本文梳理acid、Long-Term Environmental、Muriatic Acid的研究进展、应用潜力与关键不确定性，为趋势跟踪和后续研究方向选择提供参考。,researcher_scientist,chemical,"[""track_research_trends"", ""explore_new_research_fields""]",2025-07-18,"[""specialty_chemicals""]"
,"请据《Tartaric Acid vs Oxalic Acid in Cleaning Solutions》生成结构化报告。分类:competitor_analysis；对象:innovation_product_strategy；行业:chemical/household_and_personal_care_chemistry；任务:evaluate_r_and_d_directions,identify_innovation_opportunities；关键词:acid、Tartaric Acid、Oxalic Acid、Cleaning、tartaric。概述:本文比较acid、Tartaric Acid、Oxalic Acid在性能、成本、可靠性和适用条件上的差异，并给出验证思路，为技术选型与研发决策提供参考。须含标题、摘要、结论、背景、技术/产品/市场/IP、风险机会、可落地建议、未来研究。",,,Tartaric Acid vs Oxalic Acid in Cleaning Solutions,"[""competitor_analysis""]","[""acid"", ""Tartaric Acid"", ""Oxalic Acid"", ""Cleaning"", ""tartaric"", ""oxalic acids"", ""evaluating efficacy environmental impact"", ""commercial viability""]",本文比较acid、Tartaric Acid、Oxalic Acid在性能、成本、可靠性和适用条件上的差异，并给出验证思路，为技术选型与研发决策提供参考。,innovation_product_strategy,chemical,"[""evaluate_r_and_d_directions"", ""identify_innovation_opportunities""]",2025-08-25,"[""household_and_personal_care_chemistry""]"
,"请据《Hydrochloric Acid in Acidizing Wells: Best Practices》生成结构化报告。分类:scout_report；对象:researcher_scientist；行业:chemical/specialty_chemicals；任务:explore_new_research_fields,track_research_trends；关键词:acid、Hydrochloric Acid、Acidizing Wells Best Practices、HCl acidizing creates flow、acidizing creates flow channels。概述:本文梳理acid、Hydrochloric Acid、Acidizing Wells Best Practices的技术原理、研究或验证方法与应用证据，并讨论性能和可行性，为研发方向选择与后续验证提供参考。须含标题、摘要、结论、背景、技术/产品/市场/IP、风险机会、可落地建议、未来研究。",,,Hydrochloric Acid in Acidizing Wells: Best Practices,"[""scout_report""]","[""acid"", ""Hydrochloric Acid"", ""Acidizing Wells Best Practices"", ""HCl acidizing creates flow"", ""acidizing creates flow channels"", ""carbonate formations"", ""oil"", ""gas production Learn about""]",本文梳理acid、Hydrochloric Acid、Acidizing Wells Best Practices的技术原理、研究或验证方法与应用证据，并讨论性能和可行性，为研发方向选择与后续验证提供参考。,researcher_scientist,chemical,"[""explore_new_research_fields"", ""track_research_trends""]",2025-07-01,"[""specialty_chemicals""]"
,"请据《Fulvic Acid vs. Humic Acid: Effectiveness in Toxic Metal Absorption》生成结构化报告。分类:competitor_analysis；对象:innovation_product_strategy；行业:chemical/specialty_chemicals；任务:evaluate_r_and_d_directions,identify_innovation_opportunities；关键词:fulvic acid、humic acid、metal、acid、Humic Acid Effectiveness。概述:本文比较fulvic acid、humic acid、metal在性能、成本、可靠性和适用条件上的差异，并给出验证思路，为技术选型与研发决策提供参考。须含标题、摘要、结论、背景、技术/产品/市场/IP、风险机会、可落地建议、未来研究。",,,Fulvic Acid vs. Humic Acid: Effectiveness in Toxic Metal Absorption,"[""competitor_analysis""]","[""fulvic acid"", ""humic acid"", ""metal"", ""acid"", ""Humic Acid Effectiveness"", ""Toxic Metal Absorption"", ""which organic acid offers"", ""superior toxic metal remediation""]",本文比较fulvic acid、humic acid、metal在性能、成本、可靠性和适用条件上的差异，并给出验证思路，为技术选型与研发决策提供参考。,innovation_product_strategy,chemical,"[""evaluate_r_and_d_directions"", ""identify_innovation_opportunities""]",2025-08-28,"[""specialty_chemicals""]"
,"请据《Fossil Naphtha vs Bio-Naphtha: Drop-In Processing Risks》生成结构化报告。分类:risk_watch；对象:rd_engineer_inventor；行业:chemical/specialty_chemicals；任务:find_technical_solutions,assess_technical_feasibility；关键词:naphtha、Fossil Naphtha、Bio-Naphtha Drop-In Processing Risks、naphtha drives petrochemical innovation、feedstock。概述:本文分析naphtha、Fossil Naphtha、Bio-Naphtha Drop-In Processing Risks的失效机理、风险来源与控制方法，并给出检测或验证要点，为降低研发和应用风险提供参考。须含标题、摘要、结论、背景、技术/产品/市场/IP、风险机会、可落地建议、未来研究。",,,Fossil Naphtha vs Bio-Naphtha: Drop-In Processing Risks,"[""risk_watch""]","[""naphtha"", ""Fossil Naphtha"", ""Bio-Naphtha Drop-In Processing Risks"", ""naphtha drives petrochemical innovation"", ""feedstock"", ""steam cracker operations"", ""refining processes""]",本文分析naphtha、Fossil Naphtha、Bio-Naphtha Drop-In Processing Risks的失效机理、风险来源与控制方法，并给出检测或验证要点，为降低研发和应用风险提供参考。,rd_engineer_inventor,chemical,"[""find_technical_solutions"", ""assess_technical_feasibility""]",2026-09-08,"[""specialty_chemicals""]"
,"请据《Naphtha Reforming vs Alkylation: Hydrogen and Octane》生成结构化报告。分类:competitor_analysis；对象:innovation_product_strategy；行业:chemical/specialty_chemicals；任务:evaluate_r_and_d_directions,identify_innovation_opportunities；关键词:reforming、hydrogen、naphtha、Naphtha Reforming、Alkylation Hydrogen。概述:本文比较reforming、hydrogen、naphtha在性能、成本、可靠性和适用条件上的差异，并给出验证思路，为技术选型与研发决策提供参考。须含标题、摘要、结论、背景、技术/产品/市场/IP、风险机会、可落地建议、未来研究。",,,Naphtha Reforming vs Alkylation: Hydrogen and Octane,"[""competitor_analysis""]","[""reforming"", ""hydrogen"", ""naphtha"", ""Naphtha Reforming"", ""Alkylation Hydrogen"", ""Octane"", ""naphtha transforms crude oil"", ""high-value fuels""]",本文比较reforming、hydrogen、naphtha在性能、成本、可靠性和适用条件上的差异，并给出验证思路，为技术选型与研发决策提供参考。,innovation_product_strategy,chemical,"[""evaluate_r_and_d_directions"", ""identify_innovation_opportunities""]",2026-09-08,"[""specialty_chemicals""]"
,"请据《How to Manage Naphtha Feed Variability in Reformers》生成结构化报告。分类:scout_report；对象:rd_engineer_inventor；行业:chemical/specialty_chemicals；任务:find_technical_solutions,assess_technical_feasibility；关键词:naphtha、Manage Naphtha Feed Variability、Reformers、reforming、naphtha reforming transforms low-octane。概述:本文梳理naphtha、Manage Naphtha Feed Variability、Reformers的技术原理、研究或验证方法与应用证据，并讨论性能和可行性，为研发方向选择与后续验证提供参考。须含标题、摘要、结论、背景、技术/产品/市场/IP、风险机会、可落地建议、未来研究。",,,How to Manage Naphtha Feed Variability in Reformers,"[""scout_report""]","[""naphtha"", ""Manage Naphtha Feed Variability"", ""Reformers"", ""reforming"", ""naphtha reforming transforms low-octane"", ""reforming transforms low-octane fractions"", ""high-octane reformate"", ""superior gasoline blending""]",本文梳理naphtha、Manage Naphtha Feed Variability、Reformers的技术原理、研究或验证方法与应用证据，并讨论性能和可行性，为研发方向选择与后续验证提供参考。,rd_engineer_inventor,chemical,"[""find_technical_solutions"", ""assess_technical_feasibility""]",2026-09-08,"[""specialty_chemicals""]"
,"请据《Quantify Hydrophobic Sealant Aging Under Chemical Exposure》生成结构化报告。分类:scout_report；对象:rd_engineer_inventor；行业:chemical/specialty_chemicals；任务:find_technical_solutions,assess_technical_feasibility；关键词:chemical exposure、chemical、Hydrophobic Sealant Aging、automotive、hydrophobic sealants revolutionize aerospace。概述:本文梳理chemical exposure、chemical、Hydrophobic Sealant Aging的技术原理、研究或验证方法与应用证据，并讨论性能和可行性，为研发方向选择与后续验证提供参考。须含标题、摘要、结论、背景、技术/产品/市场/IP、风险机会、可落地建议、未来研究。",,,Quantify Hydrophobic Sealant Aging Under Chemical Exposure,"[""scout_report""]","[""chemical exposure"", ""chemical"", ""Hydrophobic Sealant Aging"", ""automotive"", ""hydrophobic sealants revolutionize aerospace"", ""sealants revolutionize aerospace automotive"", ""electronics industries"", ""cutting-edge""]",本文梳理chemical exposure、chemical、Hydrophobic Sealant Aging的技术原理、研究或验证方法与应用证据，并讨论性能和可行性，为研发方向选择与后续验证提供参考。,rd_engineer_inventor,chemical,"[""find_technical_solutions"", ""assess_technical_feasibility""]",2026-09-08,"[""specialty_chemicals""]"
,"请据《Trimble, Inc.》生成结构化报告。分类:competitor_analysis；对象:innovation_product_strategy；行业:construction/infrastructure；任务:track_technologies_and_competitors；关键词:Trimble, Inc、infrastructure、construction、agriculture、technical research。概述:本文概述Trimble, Inc.的业务与技术研发，并涵盖专利组合、竞争动态及市场趋势，可用于竞品跟踪和研发/IP决策。须含标题、摘要、结论、背景、技术/产品/市场/IP、风险机会、可落地建议、未来研究。",,,"Trimble, Inc.","[""competitor_analysis""]","[""Trimble, Inc"", ""infrastructure"", ""construction"", ""agriculture"", ""technical research"", ""patent portfolio"", ""competitor monitoring"", ""market trends""]","本文概述Trimble, Inc.的业务与技术研发，并涵盖专利组合、竞争动态及市场趋势，可用于竞品跟踪和研发/IP决策。",innovation_product_strategy,construction,"[""track_technologies_and_competitors""]",2026-09-08,"[""infrastructure""]"
,"请据《Nittetsu Mining Co., Ltd.》生成结构化报告。分类:competitor_analysis；对象:innovation_product_strategy；行业:construction/building_materials；任务:track_technologies_and_competitors；关键词:Nittetsu Mining Co., Ltd、renewable energy、construction、concrete、cement。概述:本文概述Nittetsu Mining Co., Ltd.的业务与技术研发，并涵盖专利组合、竞争动态及市场趋势，可用于竞品跟踪和研发/IP决策。须含标题、摘要、结论、背景、技术/产品/市场/IP、风险机会、可落地建议、未来研究。",,,"Nittetsu Mining Co., Ltd.","[""competitor_analysis""]","[""Nittetsu Mining Co., Ltd"", ""renewable energy"", ""construction"", ""concrete"", ""cement"", ""technical research"", ""patent portfolio"", ""competitor monitoring"", ""market trends""]","本文概述Nittetsu Mining Co., Ltd.的业务与技术研发，并涵盖专利组合、竞争动态及市场趋势，可用于竞品跟踪和研发/IP决策。",innovation_product_strategy,construction,"[""track_technologies_and_competitors""]",2026-09-08,"[""building_materials""]"
,"请据《Schneider Electric USA, Inc.》生成结构化报告。分类:competitor_analysis；对象:innovation_product_strategy；行业:construction/infrastructure；任务:track_technologies_and_competitors；关键词:Schneider Electric USA, Inc、infrastructure、software、technical research、patent portfolio。概述:本文概述Schneider Electric USA, Inc.的业务与技术研发，并涵盖专利组合、竞争动态及市场趋势，可用于竞品跟踪和研发/IP决策。须含标题、摘要、结论、背景、技术/产品/市场/IP、风险机会、可落地建议、未来研究。",,,"Schneider Electric USA, Inc.","[""competitor_analysis""]","[""Schneider Electric USA, Inc"", ""infrastructure"", ""software"", ""technical research"", ""patent portfolio"", ""competitor monitoring"", ""market trends""]","本文概述Schneider Electric USA, Inc.的业务与技术研发，并涵盖专利组合、竞争动态及市场趋势，可用于竞品跟踪和研发/IP决策。",innovation_product_strategy,construction,"[""track_technologies_and_competitors""]",2026-09-08,"[""infrastructure""]"
,请据《Infosys Ltd.》生成结构化报告。分类:competitor_analysis；对象:innovation_product_strategy；行业:construction/building_materials；任务:track_technologies_and_competitors；关键词:Infosys Ltd、building、technical research、patent portfolio、competitor monitoring。概述:本文概述Infosys Ltd.的业务与技术研发，并涵盖专利组合、竞争动态及市场趋势，可用于竞品跟踪和研发/IP决策。须含标题、摘要、结论、背景、技术/产品/市场/IP、风险机会、可落地建议、未来研究。,,,Infosys Ltd.,"[""competitor_analysis""]","[""Infosys Ltd"", ""building"", ""technical research"", ""patent portfolio"", ""competitor monitoring"", ""market trends""]",本文概述Infosys Ltd.的业务与技术研发，并涵盖专利组合、竞争动态及市场趋势，可用于竞品跟踪和研发/IP决策。,innovation_product_strategy,construction,"[""track_technologies_and_competitors""]",2026-09-08,"[""building_materials""]"
,"请据《How sodium silicate enhances waterproofing solutions?》生成结构化报告。分类:scout_report；对象:researcher_scientist；行业:construction/building_materials；任务:explore_new_research_fields,track_research_trends；关键词:sodium silicate、waterproofing、sodium silicate enhances waterproofing、construction、enduring power。概述:本文梳理sodium silicate、waterproofing、sodium silicate enhances waterproofing的技术原理、研究或验证方法与应用证据，并讨论性能和可行性，为研发方向选择与后续验证提供参考。须含标题、摘要、结论、背景、技术/产品/市场/IP、风险机会、可落地建议、未来研究。",,,How sodium silicate enhances waterproofing solutions?,"[""scout_report""]","[""sodium silicate"", ""waterproofing"", ""sodium silicate enhances waterproofing"", ""construction"", ""enduring power"", ""history eco-friendly nature"", ""innovative""]",本文梳理sodium silicate、waterproofing、sodium silicate enhances waterproofing的技术原理、研究或验证方法与应用证据，并讨论性能和可行性，为研发方向选择与后续验证提供参考。,researcher_scientist,construction,"[""explore_new_research_fields"", ""track_research_trends""]",2025-08-21,"[""building_materials""]"
,"请据《Distillation Column Troubleshooting: Flooding, Weeping, And Tray Damage》生成结构化报告。分类:risk_watch；对象:rd_engineer_inventor；行业:construction/construction_methods；任务:find_technical_solutions,assess_technical_feasibility；关键词:column、Distillation Column Troubleshooting Flooding、Column Troubleshooting Flooding Weeping、Tray Damage、energy efficiency。概述:本文分析column、Distillation Column Troubleshooting Flooding、Column Troubleshooting Flooding Weeping的失效机理、风险来源与控制方法，并给出检测或验证要点，为降低研发和应用风险提供参考。须含标题、摘要、结论、背景、技术/产品/市场/IP、风险机会、可落地建议、未来研究。",,,"Distillation Column Troubleshooting: Flooding, Weeping, And Tray Damage","[""risk_watch""]","[""column"", ""Distillation Column Troubleshooting Flooding"", ""Column Troubleshooting Flooding Weeping"", ""Tray Damage"", ""energy efficiency"", ""reliability"", ""Exploring distillation"", ""evolution""]",本文分析column、Distillation Column Troubleshooting Flooding、Column Troubleshooting Flooding Weeping的失效机理、风险来源与控制方法，并给出检测或验证要点，为降低研发和应用风险提供参考。,rd_engineer_inventor,construction,"[""find_technical_solutions"", ""assess_technical_feasibility""]",2025-08-22,"[""construction_methods""]"
,"请据《Compare Transverse Steel vs Axial Studs for Punching Shear》生成结构化报告。分类:opportunity_brief；对象:innovation_product_strategy；行业:construction/construction_methods；任务:evaluate_r_and_d_directions,identify_innovation_opportunities；关键词:punching shear、steel、Transverse Steel、Axial Studs、risk controls。概述:本文比较punching shear、steel、Transverse Steel在性能、成本、可靠性和适用条件上的差异，并给出验证思路，为技术选型与研发决策提供参考。须含标题、摘要、结论、背景、技术/产品/市场/IP、风险机会、可落地建议、未来研究。",,,Compare Transverse Steel vs Axial Studs for Punching Shear,"[""opportunity_brief""]","[""punching shear"", ""steel"", ""Transverse Steel"", ""Axial Studs"", ""risk controls""]",本文比较punching shear、steel、Transverse Steel在性能、成本、可靠性和适用条件上的差异，并给出验证思路，为技术选型与研发决策提供参考。,innovation_product_strategy,construction,"[""evaluate_r_and_d_directions"", ""identify_innovation_opportunities""]",2026-09-08,"[""construction_methods""]"
,"请据《How to Detail Transverse Steel at Beam-Column Joints》生成结构化报告。分类:scout_report；对象:rd_engineer_inventor；行业:construction/construction_methods；任务:find_technical_solutions,explore_existing_technologies；关键词:beam-column、column、steel、Detail Transverse Steel、Beam-Column Joints。概述:本文梳理beam-column、column、steel的技术原理、研究或验证方法与应用证据，并讨论性能和可行性，为研发方向选择与后续验证提供参考。须含标题、摘要、结论、背景、技术/产品/市场/IP、风险机会、可落地建议、未来研究。",,,How to Detail Transverse Steel at Beam-Column Joints,"[""scout_report""]","[""beam-column"", ""column"", ""steel"", ""Detail Transverse Steel"", ""Beam-Column Joints"", ""risk controls"", ""transverse steel""]",本文梳理beam-column、column、steel的技术原理、研究或验证方法与应用证据，并讨论性能和可行性，为研发方向选择与后续验证提供参考。,rd_engineer_inventor,construction,"[""find_technical_solutions"", ""explore_existing_technologies""]",2026-09-08,"[""construction_methods""]"
,"请据《Closed Air Cavity Design for Double Skin Facade Systems》生成结构化报告。分类:scout_report；对象:rd_engineer_inventor；行业:construction/building_systems；任务:find_technical_solutions,explore_existing_technologies；关键词:facade、Closed Air Cavity、Double Skin Facade、solar、closed air cavity double。概述:本文梳理facade、Closed Air Cavity、Double Skin Facade的技术原理、研究或验证方法与应用证据，并讨论性能和可行性，为研发方向选择与后续验证提供参考。须含标题、摘要、结论、背景、技术/产品/市场/IP、风险机会、可落地建议、未来研究。",,,Closed Air Cavity Design for Double Skin Facade Systems,"[""scout_report""]","[""facade"", ""Closed Air Cavity"", ""Double Skin Facade"", ""solar"", ""closed air cavity double"", ""cavity double skin facade"", ""solar radiation excessively heats"", ""sealed air cavity while""]",本文梳理facade、Closed Air Cavity、Double Skin Facade的技术原理、研究或验证方法与应用证据，并讨论性能和可行性，为研发方向选择与后续验证提供参考。,rd_engineer_inventor,construction,"[""find_technical_solutions"", ""explore_existing_technologies""]",2026-09-08,"[""building_systems""]"
,"请据《How to Choose Electric Drive Units for Cement Mixer Truck Platforms》生成结构化报告。分类:opportunity_brief；对象:innovation_product_strategy；行业:construction/building_materials；任务:evaluate_r_and_d_directions,identify_innovation_opportunities；关键词:cement、Electric Drive Units、Cement Mixer Truck Platforms、vibration、selection。概述:本文比较cement、Electric Drive Units、Cement Mixer Truck Platforms在性能、成本、可靠性和适用条件上的差异，并给出验证思路，为技术选型与研发决策提供参考。须含标题、摘要、结论、背景、技术/产品/市场/IP、风险机会、可落地建议、未来研究。",,,How to Choose Electric Drive Units for Cement Mixer Truck Platforms,"[""opportunity_brief""]","[""cement"", ""Electric Drive Units"", ""Cement Mixer Truck Platforms"", ""vibration"", ""selection"", ""electric drive units shows"", ""insufficiency lacking clear criteria"", ""account""]",本文比较cement、Electric Drive Units、Cement Mixer Truck Platforms在性能、成本、可靠性和适用条件上的差异，并给出验证思路，为技术选型与研发决策提供参考。,innovation_product_strategy,construction,"[""evaluate_r_and_d_directions"", ""identify_innovation_opportunities""]",2026-09-08,"[""building_materials""]"
,"请据《How to Validate HVAC Performance After Retrofit》生成结构化报告。分类:scout_report；对象:rd_engineer_inventor；行业:construction/building_systems；任务:find_technical_solutions,explore_existing_technologies；关键词:retrofit、hvac、After Retrofit、energy efficiency、measurement。概述:本文梳理retrofit、hvac、After Retrofit的技术原理、研究或验证方法与应用证据，并讨论性能和可行性，为研发方向选择与后续验证提供参考。须含标题、摘要、结论、背景、技术/产品/市场/IP、风险机会、可落地建议、未来研究。",,,How to Validate HVAC Performance After Retrofit,"[""scout_report""]","[""retrofit"", ""hvac"", ""After Retrofit"", ""energy efficiency"", ""measurement"", ""detection components provide insufficient"", ""data after"", ""HVAC retrofit preventing verification""]",本文梳理retrofit、hvac、After Retrofit的技术原理、研究或验证方法与应用证据，并讨论性能和可行性，为研发方向选择与后续验证提供参考。,rd_engineer_inventor,construction,"[""find_technical_solutions"", ""explore_existing_technologies""]",2026-09-08,"[""building_systems""]"
,"请据《Optimize Fiber Reinforcement in Concrete for Crack Control》生成结构化报告。分类:scout_report；对象:rd_engineer_inventor；行业:construction/building_materials；任务:find_technical_solutions,explore_existing_technologies；关键词:concrete、Fiber Reinforcement、Crack、risk controls、reinforced concrete。概述:本文梳理concrete、Fiber Reinforcement、Crack的技术原理、研究或验证方法与应用证据，并讨论性能和可行性，为研发方向选择与后续验证提供参考。须含标题、摘要、结论、背景、技术/产品/市场/IP、风险机会、可落地建议、未来研究。",,,Optimize Fiber Reinforcement in Concrete for Crack Control,"[""scout_report""]","[""concrete"", ""Fiber Reinforcement"", ""Crack"", ""risk controls"", ""reinforced concrete""]",本文梳理concrete、Fiber Reinforcement、Crack的技术原理、研究或验证方法与应用证据，并讨论性能和可行性，为研发方向选择与后续验证提供参考。,rd_engineer_inventor,construction,"[""find_technical_solutions"", ""explore_existing_technologies""]",2026-09-08,"[""building_materials""]"
,"请据《Plastic Hinge Behavior Under High Axial Load in Columns》生成结构化报告。分类:scout_report；对象:rd_engineer_inventor；行业:construction/construction_methods；任务:find_technical_solutions,explore_existing_technologies；关键词:plastic、Plastic Hinge Behavior、High Axial Load、Columns、risk controls。概述:本文梳理plastic、Plastic Hinge Behavior、High Axial Load的技术原理、研究或验证方法与应用证据，并讨论性能和可行性，为研发方向选择与后续验证提供参考。须含标题、摘要、结论、背景、技术/产品/市场/IP、风险机会、可落地建议、未来研究。",,,Plastic Hinge Behavior Under High Axial Load in Columns,"[""scout_report""]","[""plastic"", ""Plastic Hinge Behavior"", ""High Axial Load"", ""Columns"", ""risk controls"", ""plastic hinge""]",本文梳理plastic、Plastic Hinge Behavior、High Axial Load的技术原理、研究或验证方法与应用证据，并讨论性能和可行性，为研发方向选择与后续验证提供参考。,rd_engineer_inventor,construction,"[""find_technical_solutions"", ""explore_existing_technologies""]",2026-09-08,"[""construction_methods""]"
,"请据《Taiwan Semiconductor Manufacturing Co., Ltd.》生成结构化报告。分类:competitor_analysis；对象:innovation_product_strategy；行业:electronics_manufacturing/semiconductor_and_packaging；任务:track_technologies_and_competitors；关键词:Taiwan Semiconductor Manufacturing Co., Ltd、manufacturing、semiconductor、automotive、industrial。概述:本文概述Taiwan Semiconductor Manufacturing Co., Ltd.的业务与技术研发，并涵盖专利组合、竞争动态及市场趋势，可用于竞品跟踪和研发/IP决策。须含标题、摘要、结论、背景、技术/产品/市场/IP、风险机会、可落地建议、未来研究。",,,"Taiwan Semiconductor Manufacturing Co., Ltd.","[""competitor_analysis""]","[""Taiwan Semiconductor Manufacturing Co., Ltd"", ""manufacturing"", ""semiconductor"", ""automotive"", ""industrial"", ""wafer"", ""technical research"", ""patent portfolio"", ""competitor monitoring"", ""market trends""]","本文概述Taiwan Semiconductor Manufacturing Co., Ltd.的业务与技术研发，并涵盖专利组合、竞争动态及市场趋势，可用于竞品跟踪和研发/IP决策。",innovation_product_strategy,electronics_manufacturing,"[""track_technologies_and_competitors""]",2026-09-08,"[""semiconductor_and_packaging""]"
,请据《DISCO Corp.》生成结构化报告。分类:competitor_analysis；对象:innovation_product_strategy；行业:electronics_manufacturing/semiconductor_and_packaging；任务:track_technologies_and_competitors；关键词:DISCO Corp、manufacturing、laser、wafer、technical research。概述:本文概述DISCO Corp.的业务与技术研发，并涵盖专利组合、竞争动态及市场趋势，可用于竞品跟踪和研发/IP决策。须含标题、摘要、结论、背景、技术/产品/市场/IP、风险机会、可落地建议、未来研究。,,,DISCO Corp.,"[""competitor_analysis""]","[""DISCO Corp"", ""manufacturing"", ""laser"", ""wafer"", ""technical research"", ""patent portfolio"", ""competitor monitoring"", ""market trends""]",本文概述DISCO Corp.的业务与技术研发，并涵盖专利组合、竞争动态及市场趋势，可用于竞品跟踪和研发/IP决策。,innovation_product_strategy,electronics_manufacturing,"[""track_technologies_and_competitors""]",2026-09-08,"[""semiconductor_and_packaging""]"
,请据《Nichia Corp.》生成结构化报告。分类:competitor_analysis；对象:innovation_product_strategy；行业:electronics_manufacturing/photonics_and_optics；任务:track_technologies_and_competitors；关键词:Nichia Corp、manufacturing、semiconductor、laser、led。概述:本文概述Nichia Corp.的业务与技术研发，并涵盖专利组合、竞争动态及市场趋势，可用于竞品跟踪和研发/IP决策。须含标题、摘要、结论、背景、技术/产品/市场/IP、风险机会、可落地建议、未来研究。,,,Nichia Corp.,"[""competitor_analysis""]","[""Nichia Corp"", ""manufacturing"", ""semiconductor"", ""laser"", ""led"", ""technical research"", ""patent portfolio"", ""competitor monitoring"", ""market trends""]",本文概述Nichia Corp.的业务与技术研发，并涵盖专利组合、竞争动态及市场趋势，可用于竞品跟踪和研发/IP决策。,innovation_product_strategy,electronics_manufacturing,"[""track_technologies_and_competitors""]",2026-09-08,"[""photonics_and_optics""]"
,请据《OSRAM Opto Semiconductors GmbH》生成结构化报告。分类:competitor_analysis；对象:innovation_product_strategy；行业:electronics_manufacturing/semiconductor_and_packaging；任务:track_technologies_and_competitors；关键词:OSRAM Opto Semiconductors GmbH、laser、technical research、patent portfolio、competitor monitoring。概述:本文概述OSRAM Opto Semiconductors GmbH的业务与技术研发，并涵盖专利组合、竞争动态及市场趋势，可用于竞品跟踪和研发/IP决策。须含标题、摘要、结论、背景、技术/产品/市场/IP、风险机会、可落地建议、未来研究。,,,OSRAM Opto Semiconductors GmbH,"[""competitor_analysis""]","[""OSRAM Opto Semiconductors GmbH"", ""laser"", ""technical research"", ""patent portfolio"", ""competitor monitoring"", ""market trends""]",本文概述OSRAM Opto Semiconductors GmbH的业务与技术研发，并涵盖专利组合、竞争动态及市场趋势，可用于竞品跟踪和研发/IP决策。,innovation_product_strategy,electronics_manufacturing,"[""track_technologies_and_competitors""]",2026-09-08,"[""semiconductor_and_packaging""]"
,"请据《Freescale Semiconductor, Inc.》生成结构化报告。分类:competitor_analysis；对象:innovation_product_strategy；行业:electronics_manufacturing/semiconductor_and_packaging；任务:track_technologies_and_competitors；关键词:Freescale Semiconductor, Inc、semiconductor、manufacturing、technical research、patent portfolio。概述:本文概述Freescale Semiconductor, Inc.的业务与技术研发，并涵盖专利组合、竞争动态及市场趋势，可用于竞品跟踪和研发/IP决策。须含标题、摘要、结论、背景、技术/产品/市场/IP、风险机会、可落地建议、未来研究。",,,"Freescale Semiconductor, Inc.","[""competitor_analysis""]","[""Freescale Semiconductor, Inc"", ""semiconductor"", ""manufacturing"", ""technical research"", ""patent portfolio"", ""competitor monitoring"", ""market trends""]","本文概述Freescale Semiconductor, Inc.的业务与技术研发，并涵盖专利组合、竞争动态及市场趋势，可用于竞品跟踪和研发/IP决策。",innovation_product_strategy,electronics_manufacturing,"[""track_technologies_and_competitors""]",2026-09-08,"[""semiconductor_and_packaging""]"
,请据《MiTAC International Corp.》生成结构化报告。分类:competitor_analysis；对象:innovation_product_strategy；行业:electronics_manufacturing/consumer_electronics_components；任务:track_technologies_and_competitors；关键词:MiTAC International Corp、computer、technical research、patent portfolio、competitor monitoring。概述:本文概述MiTAC International Corp.的业务与技术研发，并涵盖专利组合、竞争动态及市场趋势，可用于竞品跟踪和研发/IP决策。须含标题、摘要、结论、背景、技术/产品/市场/IP、风险机会、可落地建议、未来研究。,,,MiTAC International Corp.,"[""competitor_analysis""]","[""MiTAC International Corp"", ""computer"", ""technical research"", ""patent portfolio"", ""competitor monitoring"", ""market trends""]",本文概述MiTAC International Corp.的业务与技术研发，并涵盖专利组合、竞争动态及市场趋势，可用于竞品跟踪和研发/IP决策。,innovation_product_strategy,electronics_manufacturing,"[""track_technologies_and_competitors""]",2026-09-08,"[""consumer_electronics_components""]"
,请据《Hewlett-Packard Development Co. LP》生成结构化报告。分类:competitor_analysis；对象:innovation_product_strategy；行业:electronics_manufacturing/consumer_electronics_components；任务:track_technologies_and_competitors；关键词:Hewlett-Packard Development Co. LP、information technology、printing solutions、industrial、technical research。概述:本文概述Hewlett-Packard Development Co. LP的业务与技术研发，并涵盖专利组合、竞争动态及市场趋势，可用于竞品跟踪和研发/IP决策。须含标题、摘要、结论、背景、技术/产品/市场/IP、风险机会、可落地建议、未来研究。,,,Hewlett-Packard Development Co. LP,"[""competitor_analysis""]","[""Hewlett-Packard Development Co. LP"", ""information technology"", ""printing solutions"", ""industrial"", ""technical research"", ""patent portfolio"", ""competitor monitoring"", ""market trends""]",本文概述Hewlett-Packard Development Co. LP的业务与技术研发，并涵盖专利组合、竞争动态及市场趋势，可用于竞品跟踪和研发/IP决策。,innovation_product_strategy,electronics_manufacturing,"[""track_technologies_and_competitors""]",2026-09-08,"[""consumer_electronics_components""]"
,"请据《Photonic Integrated Circuits and their Impact on Sensor Technology》生成结构化报告。分类:scout_report；对象:researcher_scientist；行业:electronics_manufacturing/photonics_and_optics；任务:explore_new_research_fields,track_research_trends；关键词:photonic、Photonic Integrated Circuits、Impact、Sensor、programmable photonic circuits。概述:本文梳理photonic、Photonic Integrated Circuits、Impact的技术原理、研究或验证方法与应用证据，并讨论性能和可行性，为研发方向选择与后续验证提供参考。须含标题、摘要、结论、背景、技术/产品/市场/IP、风险机会、可落地建议、未来研究。",,,Photonic Integrated Circuits and their Impact on Sensor Technology,"[""scout_report""]","[""photonic"", ""Photonic Integrated Circuits"", ""Impact"", ""Sensor"", ""programmable photonic circuits"", ""revolutionizing sensing"", ""heterogeneous integration"", ""fully integrated""]",本文梳理photonic、Photonic Integrated Circuits、Impact的技术原理、研究或验证方法与应用证据，并讨论性能和可行性，为研发方向选择与后续验证提供参考。,researcher_scientist,electronics_manufacturing,"[""explore_new_research_fields"", ""track_research_trends""]",2025-09-29,"[""photonics_and_optics""]"
,"请据《Optimizing WOLED Light Extraction for Enhanced Display》生成结构化报告。分类:scout_report；对象:researcher_scientist；行业:electronics_manufacturing/photonics_and_optics；任务:find_research_methods,track_research_trends；关键词:display、woled、WOLED Light Extraction、Enhanced Display、manufacturing。概述:本文梳理display、woled、WOLED Light Extraction的技术原理、研究或验证方法与应用证据，并讨论性能和可行性，为研发方向选择与后续验证提供参考。须含标题、摘要、结论、背景、技术/产品/市场/IP、风险机会、可落地建议、未来研究。",,,Optimizing WOLED Light Extraction for Enhanced Display,"[""scout_report""]","[""display"", ""woled"", ""WOLED Light Extraction"", ""Enhanced Display"", ""manufacturing"", ""maximize WOLED light extraction"", ""50 reducing power consumption"", ""40 while maintaining color""]",本文梳理display、woled、WOLED Light Extraction的技术原理、研究或验证方法与应用证据，并讨论性能和可行性，为研发方向选择与后续验证提供参考。,researcher_scientist,electronics_manufacturing,"[""find_research_methods"", ""track_research_trends""]",2025-09-15,"[""photonics_and_optics""]"
,"请据《Hydrofluoric Acid Applications in Semiconductor Manufacturing》生成结构化报告。分类:scout_report；对象:researcher_scientist；行业:electronics_manufacturing/semiconductor_and_packaging；任务:explore_new_research_fields,track_research_trends；关键词:manufacturing、semiconductor、acid、Hydrofluoric Acid、Semiconductor Manufacturing。概述:本文梳理manufacturing、semiconductor、acid的技术原理、研究或验证方法与应用证据，并讨论性能和可行性，为研发方向选择与后续验证提供参考。须含标题、摘要、结论、背景、技术/产品/市场/IP、风险机会、可落地建议、未来研究。",,,Hydrofluoric Acid Applications in Semiconductor Manufacturing,"[""scout_report""]","[""manufacturing"", ""semiconductor"", ""acid"", ""Hydrofluoric Acid"", ""Semiconductor Manufacturing"", ""HF acid"", ""atomic-level precision"", ""semiconductor fabrication""]",本文梳理manufacturing、semiconductor、acid的技术原理、研究或验证方法与应用证据，并讨论性能和可行性，为研发方向选择与后续验证提供参考。,researcher_scientist,electronics_manufacturing,"[""explore_new_research_fields"", ""track_research_trends""]",2025-08-25,"[""semiconductor_and_packaging""]"
,"请据《FinFET Vs GAAFET: Performance Comparison In Nanometer Nodes》生成结构化报告。分类:competitor_analysis；对象:innovation_product_strategy；行业:electronics_manufacturing/semiconductor_and_packaging；任务:evaluate_r_and_d_directions,identify_innovation_opportunities；关键词:finfet、gaafet、Nanometer Nodes、semiconductor、Exploring transistor evolution。概述:本文比较finfet、gaafet、Nanometer Nodes在性能、成本、可靠性和适用条件上的差异，并给出验证思路，为技术选型与研发决策提供参考。须含标题、摘要、结论、背景、技术/产品/市场/IP、风险机会、可落地建议、未来研究。",,,FinFET Vs GAAFET: Performance Comparison In Nanometer Nodes,"[""competitor_analysis""]","[""finfet"", ""gaafet"", ""Nanometer Nodes"", ""semiconductor"", ""Exploring transistor evolution"", ""GAAFET breakthrough architectures enabling"", ""scaling beyond physical limitations"", ""next-gen computing""]",本文比较finfet、gaafet、Nanometer Nodes在性能、成本、可靠性和适用条件上的差异，并给出验证思路，为技术选型与研发决策提供参考。,innovation_product_strategy,electronics_manufacturing,"[""evaluate_r_and_d_directions"", ""identify_innovation_opportunities""]",2025-09-11,"[""semiconductor_and_packaging""]"
,"请据《HBM4 TSV Pitch: Density Targets And SI/PI Trade-Offs》生成结构化报告。分类:competitor_analysis；对象:innovation_product_strategy；行业:electronics_manufacturing/semiconductor_and_packaging；任务:evaluate_r_and_d_directions,identify_innovation_opportunities；关键词:hbm4、HBM4 TSV Pitch Density、TSV Pitch Density Targets、SI/PI Trade-Offs、TSV。概述:本文比较hbm4、HBM4 TSV Pitch Density、TSV Pitch Density Targets在性能、成本、可靠性和适用条件上的差异，并给出验证思路，为技术选型与研发决策提供参考。须含标题、摘要、结论、背景、技术/产品/市场/IP、风险机会、可落地建议、未来研究。",,,HBM4 TSV Pitch: Density Targets And SI/PI Trade-Offs,"[""competitor_analysis""]","[""hbm4"", ""HBM4 TSV Pitch Density"", ""TSV Pitch Density Targets"", ""SI/PI Trade-Offs"", ""TSV"", ""SI/PI"", ""reliability"", ""advanced TSV""]",本文比较hbm4、HBM4 TSV Pitch Density、TSV Pitch Density Targets在性能、成本、可靠性和适用条件上的差异，并给出验证思路，为技术选型与研发决策提供参考。,innovation_product_strategy,electronics_manufacturing,"[""evaluate_r_and_d_directions"", ""identify_innovation_opportunities""]",2025-09-12,"[""semiconductor_and_packaging""]"
,"请据《Package Comparison For GaN Power Devices: QFN, LGA, And Flip-Chip》生成结构化报告。分类:competitor_analysis；对象:innovation_product_strategy；行业:electronics_manufacturing/semiconductor_and_packaging；任务:evaluate_r_and_d_directions,identify_innovation_opportunities；关键词:gan power、Package、QFN LGA、Flip-Chip、QFN。概述:本文比较gan power、Package、QFN LGA在性能、成本、可靠性和适用条件上的差异，并给出验证思路，为技术选型与研发决策提供参考。须含标题、摘要、结论、背景、技术/产品/市场/IP、风险机会、可落地建议、未来研究。",,,"Package Comparison For GaN Power Devices: QFN, LGA, And Flip-Chip","[""competitor_analysis""]","[""gan power"", ""Package"", ""QFN LGA"", ""Flip-Chip"", ""QFN"", ""LGA"", ""Exploring GaN power"", ""packaging evolution""]",本文比较gan power、Package、QFN LGA在性能、成本、可靠性和适用条件上的差异，并给出验证思路，为技术选型与研发决策提供参考。,innovation_product_strategy,electronics_manufacturing,"[""evaluate_r_and_d_directions"", ""identify_innovation_opportunities""]",2025-08-26,"[""semiconductor_and_packaging""]"
,"请据《Benchmark DDR5 Power Consumption at Different Loads》生成结构化报告。分类:competitor_analysis；对象:innovation_product_strategy；行业:electronics_manufacturing/semiconductor_and_packaging；任务:evaluate_r_and_d_directions,identify_innovation_opportunities；关键词:ddr5、Benchmark DDR5 Power Consumption、Loads、artificial intelligence、signal integrity。概述:本文比较ddr5、Benchmark DDR5 Power Consumption、Loads在性能、成本、可靠性和适用条件上的差异，并给出验证思路，为技术选型与研发决策提供参考。须含标题、摘要、结论、背景、技术/产品/市场/IP、风险机会、可落地建议、未来研究。",,,Benchmark DDR5 Power Consumption at Different Loads,"[""competitor_analysis""]","[""ddr5"", ""Benchmark DDR5 Power Consumption"", ""Loads"", ""artificial intelligence"", ""signal integrity"", ""building"", ""DDR5 memory"", ""represents""]",本文比较ddr5、Benchmark DDR5 Power Consumption、Loads在性能、成本、可靠性和适用条件上的差异，并给出验证思路，为技术选型与研发决策提供参考。,innovation_product_strategy,electronics_manufacturing,"[""evaluate_r_and_d_directions"", ""identify_innovation_opportunities""]",2025-09-17,"[""semiconductor_and_packaging""]"
,"请据《Wire Bonding On Aluminum Pads: Pad Damage, Cratering And Passivation Integrity》生成结构化报告。分类:risk_watch；对象:rd_engineer_inventor；行业:electronics_manufacturing/semiconductor_and_packaging；任务:find_technical_solutions,assess_technical_feasibility；关键词:wire bonding、aluminum、Aluminum Pads Pad Damage、Pads Pad Damage Cratering、Passivation Integrity。概述:本文分析wire bonding、aluminum、Aluminum Pads Pad Damage的失效机理、风险来源与控制方法，并给出检测或验证要点，为降低研发和应用风险提供参考。须含标题、摘要、结论、背景、技术/产品/市场/IP、风险机会、可落地建议、未来研究。",,,"Wire Bonding On Aluminum Pads: Pad Damage, Cratering And Passivation Integrity","[""risk_watch""]","[""wire bonding"", ""aluminum"", ""Aluminum Pads Pad Damage"", ""Pads Pad Damage Cratering"", ""Passivation Integrity"", ""semiconductor"", ""reliability"", ""has evolved significantly since""]",本文分析wire bonding、aluminum、Aluminum Pads Pad Damage的失效机理、风险来源与控制方法，并给出检测或验证要点，为降低研发和应用风险提供参考。,rd_engineer_inventor,electronics_manufacturing,"[""find_technical_solutions"", ""assess_technical_feasibility""]",2025-09-16,"[""semiconductor_and_packaging""]"
,"请据《Benchmarking MRAM Against SRAM: Latency, Density and Power Profiles》生成结构化报告。分类:competitor_analysis；对象:innovation_product_strategy；行业:electronics_manufacturing/semiconductor_and_packaging；任务:evaluate_r_and_d_directions,identify_innovation_opportunities；关键词:mram、sram、Benchmarking MRAM Against SRAM、Against SRAM Latency Density、Power Profiles。概述:本文比较mram、sram、Benchmarking MRAM Against SRAM在性能、成本、可靠性和适用条件上的差异，并给出验证思路，为技术选型与研发决策提供参考。须含标题、摘要、结论、背景、技术/产品/市场/IP、风险机会、可落地建议、未来研究。",,,"Benchmarking MRAM Against SRAM: Latency, Density and Power Profiles","[""competitor_analysis""]","[""mram"", ""sram"", ""Benchmarking MRAM Against SRAM"", ""Against SRAM Latency Density"", ""Power Profiles"", ""our"", ""cache hierarchies evaluating"", ""metrics""]",本文比较mram、sram、Benchmarking MRAM Against SRAM在性能、成本、可靠性和适用条件上的差异，并给出验证思路，为技术选型与研发决策提供参考。,innovation_product_strategy,electronics_manufacturing,"[""evaluate_r_and_d_directions"", ""identify_innovation_opportunities""]",2025-08-27,"[""semiconductor_and_packaging""]"
,"请据《HBM4 Stack Configurations: 12-Hi And 16-Hi Structures And Reliability》生成结构化报告。分类:scout_report；对象:researcher_scientist；行业:electronics_manufacturing/semiconductor_and_packaging；任务:explore_new_research_fields,track_research_trends；关键词:reliability、hbm4、HBM4 Stack Configurations 12-Hi、16-Hi Structures、advanced HBM4 reliability。概述:本文梳理reliability、hbm4、HBM4 Stack Configurations 12-Hi的技术原理、研究或验证方法与应用证据，并讨论性能和可行性，为研发方向选择与后续验证提供参考。须含标题、摘要、结论、背景、技术/产品/市场/IP、风险机会、可落地建议、未来研究。",,,HBM4 Stack Configurations: 12-Hi And 16-Hi Structures And Reliability,"[""scout_report""]","[""reliability"", ""hbm4"", ""HBM4 Stack Configurations 12-Hi"", ""16-Hi Structures"", ""advanced HBM4 reliability"", ""robust TSV structures error"", ""structures error correction mechanisms"", ""thermal management""]",本文梳理reliability、hbm4、HBM4 Stack Configurations 12-Hi的技术原理、研究或验证方法与应用证据，并讨论性能和可行性，为研发方向选择与后续验证提供参考。,researcher_scientist,electronics_manufacturing,"[""explore_new_research_fields"", ""track_research_trends""]",2025-09-12,"[""semiconductor_and_packaging""]"
,"请据《LPDDR5X Vs LPDDR5: Data Rate, Latency And Power Efficiency》生成结构化报告。分类:competitor_analysis；对象:innovation_product_strategy；行业:electronics_manufacturing/semiconductor_and_packaging；任务:evaluate_r_and_d_directions,identify_innovation_opportunities；关键词:LPDDR5X、LPDDR5 Data Rate Latency、Power Efficiency、LPDDR5、signal integrity。概述:本文比较LPDDR5X、LPDDR5 Data Rate Latency、Power Efficiency在性能、成本、可靠性和适用条件上的差异，并给出验证思路，为技术选型与研发决策提供参考。须含标题、摘要、结论、背景、技术/产品/市场/IP、风险机会、可落地建议、未来研究。",,,"LPDDR5X Vs LPDDR5: Data Rate, Latency And Power Efficiency","[""competitor_analysis""]","[""LPDDR5X"", ""LPDDR5 Data Rate Latency"", ""Power Efficiency"", ""LPDDR5"", ""signal integrity"", ""LPDDR5X achieves lower latency"", ""refined architecture"", ""responsiveness""]",本文比较LPDDR5X、LPDDR5 Data Rate Latency、Power Efficiency在性能、成本、可靠性和适用条件上的差异，并给出验证思路，为技术选型与研发决策提供参考。,innovation_product_strategy,electronics_manufacturing,"[""evaluate_r_and_d_directions"", ""identify_innovation_opportunities""]",2025-09-17,"[""semiconductor_and_packaging""]"
,"请据《OLED Display Response vs CRT: Speed Analysis for Gamers》生成结构化报告。分类:competitor_analysis；对象:innovation_product_strategy；行业:electronics_manufacturing/photonics_and_optics；任务:evaluate_r_and_d_directions,identify_innovation_opportunities；关键词:display、oled、OLED Display Response、CRT Speed、Gamers。概述:本文比较display、oled、OLED Display Response在性能、成本、可靠性和适用条件上的差异，并给出验证思路，为技术选型与研发决策提供参考。须含标题、摘要、结论、背景、技术/产品/市场/IP、风险机会、可落地建议、未来研究。",,,OLED Display Response vs CRT: Speed Analysis for Gamers,"[""competitor_analysis""]","[""display"", ""oled"", ""OLED Display Response"", ""CRT Speed"", ""Gamers"", ""CRT"", ""evolution"", ""OLED display""]",本文比较display、oled、OLED Display Response在性能、成本、可靠性和适用条件上的差异，并给出验证思路，为技术选型与研发决策提供参考。,innovation_product_strategy,electronics_manufacturing,"[""evaluate_r_and_d_directions"", ""identify_innovation_opportunities""]",2025-09-12,"[""photonics_and_optics""]"
,"请据《HBM4 TSV Engineering: Resistance, Capacitance And Signal Quality》生成结构化报告。分类:scout_report；对象:researcher_scientist；行业:electronics_manufacturing/semiconductor_and_packaging；任务:explore_new_research_fields,track_research_trends；关键词:hbm4、HBM4 TSV Engineering Resistance、TSV Engineering Resistance Capacitance、Signal Quality、TSV。概述:本文梳理hbm4、HBM4 TSV Engineering Resistance、TSV Engineering Resistance Capacitance的技术原理、研究或验证方法与应用证据，并讨论性能和可行性，为研发方向选择与后续验证提供参考。须含标题、摘要、结论、背景、技术/产品/市场/IP、风险机会、可落地建议、未来研究。",,,"HBM4 TSV Engineering: Resistance, Capacitance And Signal Quality","[""scout_report""]","[""hbm4"", ""HBM4 TSV Engineering Resistance"", ""TSV Engineering Resistance Capacitance"", ""Signal Quality"", ""TSV"", ""evolution"", ""HBM"", ""TSV advancements""]",本文梳理hbm4、HBM4 TSV Engineering Resistance、TSV Engineering Resistance Capacitance的技术原理、研究或验证方法与应用证据，并讨论性能和可行性，为研发方向选择与后续验证提供参考。,researcher_scientist,electronics_manufacturing,"[""explore_new_research_fields"", ""track_research_trends""]",2025-09-12,"[""semiconductor_and_packaging""]"
,"请据《Measure Heat Dissipation to Prevent LED Lumen Depreciation》生成结构化报告。分类:risk_watch；对象:rd_engineer_inventor；行业:electronics_manufacturing/photonics_and_optics；任务:find_technical_solutions,assess_technical_feasibility；关键词:led、Heat Dissipation、LED Lumen Depreciation、LEDs transformed、basic indicators。概述:本文分析led、Heat Dissipation、LED Lumen Depreciation的失效机理、风险来源与控制方法，并给出检测或验证要点，为降低研发和应用风险提供参考。须含标题、摘要、结论、背景、技术/产品/市场/IP、风险机会、可落地建议、未来研究。",,,Measure Heat Dissipation to Prevent LED Lumen Depreciation,"[""risk_watch""]","[""led"", ""Heat Dissipation"", ""LED Lumen Depreciation"", ""LEDs transformed"", ""basic indicators"", ""advanced lighting"", ""revolutionizing"", ""industry since""]",本文分析led、Heat Dissipation、LED Lumen Depreciation的失效机理、风险来源与控制方法，并给出检测或验证要点，为降低研发和应用风险提供参考。,rd_engineer_inventor,electronics_manufacturing,"[""find_technical_solutions"", ""assess_technical_feasibility""]",2026-09-08,"[""photonics_and_optics""]"
,"请据《How to Integrate Flip Chip Bonding With Panel-Level Packaging》生成结构化报告。分类:scout_report；对象:rd_engineer_inventor；行业:electronics_manufacturing/semiconductor_and_packaging；任务:find_technical_solutions,assess_technical_feasibility；关键词:panel-level packaging、flip chip、Integrate Flip Chip Bonding、semiconductor、flip chip bonding revolutionizes。概述:本文梳理panel-level packaging、flip chip、Integrate Flip Chip Bonding的技术原理、研究或验证方法与应用证据，并讨论性能和可行性，为研发方向选择与后续验证提供参考。须含标题、摘要、结论、背景、技术/产品/市场/IP、风险机会、可落地建议、未来研究。",,,How to Integrate Flip Chip Bonding With Panel-Level Packaging,"[""scout_report""]","[""panel-level packaging"", ""flip chip"", ""Integrate Flip Chip Bonding"", ""semiconductor"", ""flip chip bonding revolutionizes"", ""bonding revolutionizes semiconductor packaging"", ""superior electrical"", ""direct connections""]",本文梳理panel-level packaging、flip chip、Integrate Flip Chip Bonding的技术原理、研究或验证方法与应用证据，并讨论性能和可行性，为研发方向选择与后续验证提供参考。,rd_engineer_inventor,electronics_manufacturing,"[""find_technical_solutions"", ""assess_technical_feasibility""]",2026-09-08,"[""semiconductor_and_packaging""]"
,"请据《Flip Chip Bonding With NCF vs ACF: Fine-Pitch Yield》生成结构化报告。分类:competitor_analysis；对象:innovation_product_strategy；行业:electronics_manufacturing/semiconductor_and_packaging；任务:evaluate_r_and_d_directions,identify_innovation_opportunities；关键词:flip chip、Flip Chip Bonding、NCF、ACF Fine-Pitch Yield、ACF。概述:本文比较flip chip、Flip Chip Bonding、NCF在性能、成本、可靠性和适用条件上的差异，并给出验证思路，为技术选型与研发决策提供参考。须含标题、摘要、结论、背景、技术/产品/市场/IP、风险机会、可落地建议、未来研究。",,,Flip Chip Bonding With NCF vs ACF: Fine-Pitch Yield,"[""competitor_analysis""]","[""flip chip"", ""Flip Chip Bonding"", ""NCF"", ""ACF Fine-Pitch Yield"", ""ACF"", ""semiconductor"", ""revolutionizes semiconductor packaging"", ""enhanced density""]",本文比较flip chip、Flip Chip Bonding、NCF在性能、成本、可靠性和适用条件上的差异，并给出验证思路，为技术选型与研发决策提供参考。,innovation_product_strategy,electronics_manufacturing,"[""evaluate_r_and_d_directions"", ""identify_innovation_opportunities""]",2026-09-08,"[""semiconductor_and_packaging""]"
,"请据《Conduction Band Engineering for Resistive Switching Memory》生成结构化报告。分类:scout_report；对象:rd_engineer_inventor；行业:electronics_manufacturing/consumer_electronics_components；任务:find_technical_solutions,explore_existing_technologies；关键词:resistive switching memory、Conduction Band Engineering、risk controls、conduction band、technical validation。概述:本文梳理resistive switching memory、Conduction Band Engineering、risk controls的技术原理、研究或验证方法与应用证据，并讨论性能和可行性，为研发方向选择与后续验证提供参考。须含标题、摘要、结论、背景、技术/产品/市场/IP、风险机会、可落地建议、未来研究。",,,Conduction Band Engineering for Resistive Switching Memory,"[""scout_report""]","[""resistive switching memory"", ""Conduction Band Engineering"", ""risk controls"", ""conduction band"", ""technical validation""]",本文梳理resistive switching memory、Conduction Band Engineering、risk controls的技术原理、研究或验证方法与应用证据，并讨论性能和可行性，为研发方向选择与后续验证提供参考。,rd_engineer_inventor,electronics_manufacturing,"[""find_technical_solutions"", ""explore_existing_technologies""]",2026-09-08,"[""consumer_electronics_components""]"
,"请据《Semiconductor Manufacturing Photoresist Poisoning Root Cause for Metal Contamination》生成结构化报告。分类:scout_report；对象:rd_engineer_inventor；行业:electronics_manufacturing/semiconductor_and_packaging；任务:find_technical_solutions,explore_existing_technologies；关键词:metal contamination、manufacturing、semiconductor、photoresist、metal。概述:本文梳理metal contamination、manufacturing、semiconductor的技术原理、研究或验证方法与应用证据，并讨论性能和可行性，为研发方向选择与后续验证提供参考。须含标题、摘要、结论、背景、技术/产品/市场/IP、风险机会、可落地建议、未来研究。",,,Semiconductor Manufacturing Photoresist Poisoning Root Cause for Metal Contamination,"[""scout_report""]","[""metal contamination"", ""manufacturing"", ""semiconductor"", ""photoresist"", ""metal"", ""Semiconductor Manufacturing Photoresist Poisoning"", ""Photoresist Poisoning Root Cause"", ""Metal contaminants""]",本文梳理metal contamination、manufacturing、semiconductor的技术原理、研究或验证方法与应用证据，并讨论性能和可行性，为研发方向选择与后续验证提供参考。,rd_engineer_inventor,electronics_manufacturing,"[""find_technical_solutions"", ""explore_existing_technologies""]",2026-09-08,"[""semiconductor_and_packaging""]"
,"请据《How to Qualify Semiconductor Manufacturing Selective Area Growth for Monolithic 3D Integration》生成结构化报告。分类:opportunity_brief；对象:innovation_product_strategy；行业:electronics_manufacturing/semiconductor_and_packaging；任务:evaluate_r_and_d_directions,identify_innovation_opportunities；关键词:manufacturing、semiconductor、Qualify Semiconductor Manufacturing Selective、Manufacturing Selective Area Growth、Monolithic 3D Integration。概述:本文比较manufacturing、semiconductor、Qualify Semiconductor Manufacturing Selective在性能、成本、可靠性和适用条件上的差异，并给出验证思路，为技术选型与研发决策提供参考。须含标题、摘要、结论、背景、技术/产品/市场/IP、风险机会、可落地建议、未来研究。",,,How to Qualify Semiconductor Manufacturing Selective Area Growth for Monolithic 3D Integration,"[""opportunity_brief""]","[""manufacturing"", ""semiconductor"", ""Qualify Semiconductor Manufacturing Selective"", ""Manufacturing Selective Area Growth"", ""Monolithic 3D Integration"", ""control system"", ""patterned mask structure provides"", ""structure provides insufficient constraint""]",本文比较manufacturing、semiconductor、Qualify Semiconductor Manufacturing Selective在性能、成本、可靠性和适用条件上的差异，并给出验证思路，为技术选型与研发决策提供参考。,innovation_product_strategy,electronics_manufacturing,"[""evaluate_r_and_d_directions"", ""identify_innovation_opportunities""]",2026-09-08,"[""semiconductor_and_packaging""]"
,"请据《Wafer Process Equipment Matching for Multi-Chamber Tools》生成结构化报告。分类:scout_report；对象:rd_engineer_inventor；行业:electronics_manufacturing/semiconductor_and_packaging；任务:find_technical_solutions,explore_existing_technologies；关键词:wafer、Equipment Matching、Multi-Chamber Tools、multi-chamber wafer processing tools、chambers have mismatched processing。概述:本文梳理wafer、Equipment Matching、Multi-Chamber Tools的技术原理、研究或验证方法与应用证据，并讨论性能和可行性，为研发方向选择与后续验证提供参考。须含标题、摘要、结论、背景、技术/产品/市场/IP、风险机会、可落地建议、未来研究。",,,Wafer Process Equipment Matching for Multi-Chamber Tools,"[""scout_report""]","[""wafer"", ""Equipment Matching"", ""Multi-Chamber Tools"", ""multi-chamber wafer processing tools"", ""chambers have mismatched processing"", ""have mismatched processing rates"", ""insufficient throughput coordination causing"", ""coordination causing faster chambers""]",本文梳理wafer、Equipment Matching、Multi-Chamber Tools的技术原理、研究或验证方法与应用证据，并讨论性能和可行性，为研发方向选择与后续验证提供参考。,rd_engineer_inventor,electronics_manufacturing,"[""find_technical_solutions"", ""explore_existing_technologies""]",2026-09-08,"[""semiconductor_and_packaging""]"
,"请据《Wafer Process Defect Pareto Analysis for Yield Improvement》生成结构化报告。分类:risk_watch；对象:rd_engineer_inventor；行业:electronics_manufacturing/semiconductor_and_packaging；任务:find_technical_solutions,assess_technical_feasibility；关键词:wafer、Defect Pareto、Yield Improvement、manufacturing、wafer manufacturing contamination particles。概述:本文分析wafer、Defect Pareto、Yield Improvement的失效机理、风险来源与控制方法，并给出检测或验证要点，为降低研发和应用风险提供参考。须含标题、摘要、结论、背景、技术/产品/市场/IP、风险机会、可落地建议、未来研究。",,,Wafer Process Defect Pareto Analysis for Yield Improvement,"[""risk_watch""]","[""wafer"", ""Defect Pareto"", ""Yield Improvement"", ""manufacturing"", ""wafer manufacturing contamination particles"", ""particles harmfully deposit onto"", ""wafer substrate causing electrical"", ""substrate causing electrical shorts""]",本文分析wafer、Defect Pareto、Yield Improvement的失效机理、风险来源与控制方法，并给出检测或验证要点，为降低研发和应用风险提供参考。,rd_engineer_inventor,electronics_manufacturing,"[""find_technical_solutions"", ""assess_technical_feasibility""]",2026-09-08,"[""semiconductor_and_packaging""]"
,"请据《Pcb Technical Solutions》生成结构化报告。分类:scout_report；对象:rd_engineer_inventor；行业:electronics_manufacturing/semiconductor_and_packaging；任务:find_technical_solutions,explore_existing_technologies；关键词:pcb、technical validation、engineering performance、risk control、application scenarios。概述:本文梳理pcb、technical validation、engineering performance的技术原理、研究或验证方法与应用证据，并讨论性能和可行性，为研发方向选择与后续验证提供参考。须含标题、摘要、结论、背景、技术/产品/市场/IP、风险机会、可落地建议、未来研究。",,,Pcb Technical Solutions,"[""scout_report""]","[""pcb"", ""technical validation"", ""engineering performance"", ""risk control"", ""application scenarios""]",本文梳理pcb、technical validation、engineering performance的技术原理、研究或验证方法与应用证据，并讨论性能和可行性，为研发方向选择与后续验证提供参考。,rd_engineer_inventor,electronics_manufacturing,"[""find_technical_solutions"", ""explore_existing_technologies""]",2026-09-08,"[""semiconductor_and_packaging""]"
,"请据《PCB Annular Ring Design Rules for IPC Class 3 Compliance》生成结构化报告。分类:scout_report；对象:rd_engineer_inventor；行业:electronics_manufacturing/semiconductor_and_packaging；任务:find_technical_solutions,explore_existing_technologies；关键词:pcb、PCB Annular Ring、Rules、IPC Class 3 Compliance、IPC。概述:本文梳理pcb、PCB Annular Ring、Rules的技术原理、研究或验证方法与应用证据，并讨论性能和可行性，为研发方向选择与后续验证提供参考。须含标题、摘要、结论、背景、技术/产品/市场/IP、风险机会、可落地建议、未来研究。",,,PCB Annular Ring Design Rules for IPC Class 3 Compliance,"[""scout_report""]","[""pcb"", ""PCB Annular Ring"", ""Rules"", ""IPC Class 3 Compliance"", ""IPC"", ""mechanical"", ""drilling positional deviation reduces"", ""copper annular ring width""]",本文梳理pcb、PCB Annular Ring、Rules的技术原理、研究或验证方法与应用证据，并讨论性能和可行性，为研发方向选择与后续验证提供参考。,rd_engineer_inventor,electronics_manufacturing,"[""find_technical_solutions"", ""explore_existing_technologies""]",2026-09-08,"[""semiconductor_and_packaging""]"
,"请据《Alkaline Water Electrolyzer Stack Design: Compression, Seals And Pressure Balance》生成结构化报告。分类:scout_report；对象:researcher_scientist；行业:energy/hydrogen_and_fuel_cells；任务:find_research_methods,track_research_trends；关键词:alkaline water electrolyzer、electrolyzer、Alkaline Water Electrolyzer Stack、Compression Seals、Pressure Balance。概述:本文梳理alkaline water electrolyzer、electrolyzer、Alkaline Water Electrolyzer Stack的技术原理、研究或验证方法与应用证据，并讨论性能和可行性，为研发方向选择与后续验证提供参考。须含标题、摘要、结论、背景、技术/产品/市场/IP、风险机会、可落地建议、未来研究。",,,"Alkaline Water Electrolyzer Stack Design: Compression, Seals And Pressure Balance","[""scout_report""]","[""alkaline water electrolyzer"", ""electrolyzer"", ""Alkaline Water Electrolyzer Stack"", ""Compression Seals"", ""Pressure Balance"", ""renewable energy"", ""electrolysis"", ""hydrogen"", ""Exploring alkaline water electrolysis""]",本文梳理alkaline water electrolyzer、electrolyzer、Alkaline Water Electrolyzer Stack的技术原理、研究或验证方法与应用证据，并讨论性能和可行性，为研发方向选择与后续验证提供参考。,researcher_scientist,energy,"[""find_research_methods"", ""track_research_trends""]",2025-09-17,"[""hydrogen_and_fuel_cells""]"
,"请据《How to Architect a Medium-Voltage SST: MMC vs DAB vs LLC — Topology Selection》生成结构化报告。分类:competitor_analysis；对象:innovation_product_strategy；行业:energy/solar_and_power_electronics；任务:evaluate_r_and_d_directions,identify_innovation_opportunities；关键词:Architect、Medium-Voltage SST MMC、DAB、LLC Topology Selection、SST。概述:本文比较Architect、Medium-Voltage SST MMC、DAB在性能、成本、可靠性和适用条件上的差异，并给出验证思路，为技术选型与研发决策提供参考。须含标题、摘要、结论、背景、技术/产品/市场/IP、风险机会、可落地建议、未来研究。",,,How to Architect a Medium-Voltage SST: MMC vs DAB vs LLC — Topology Selection,"[""competitor_analysis""]","[""Architect"", ""Medium-Voltage SST MMC"", ""DAB"", ""LLC Topology Selection"", ""SST"", ""MMC"", ""LLC"", ""renewable energy"", ""Exploring Solid-State Transformers evolution""]",本文比较Architect、Medium-Voltage SST MMC、DAB在性能、成本、可靠性和适用条件上的差异，并给出验证思路，为技术选型与研发决策提供参考。,innovation_product_strategy,energy,"[""evaluate_r_and_d_directions"", ""identify_innovation_opportunities""]",2025-08-28,"[""solar_and_power_electronics""]"
,"请据《SST vs Conventional Transformer + Power Electronics: Weight, Efficiency and Faults》生成结构化报告。分类:competitor_analysis；对象:innovation_product_strategy；行业:energy/solar_and_power_electronics；任务:evaluate_r_and_d_directions,identify_innovation_opportunities；关键词:power electronics、transformer、SST、Conventional Transformer Power Electronics、Power Electronics Weight Efficiency。概述:本文比较power electronics、transformer、SST在性能、成本、可靠性和适用条件上的差异，并给出验证思路，为技术选型与研发决策提供参考。须含标题、摘要、结论、背景、技术/产品/市场/IP、风险机会、可落地建议、未来研究。",,,"SST vs Conventional Transformer + Power Electronics: Weight, Efficiency and Faults","[""competitor_analysis""]","[""power electronics"", ""transformer"", ""SST"", ""Conventional Transformer Power Electronics"", ""Power Electronics Weight Efficiency"", ""Faults"", ""Solid-State Transformers achieve 70-80"", ""revolutionizing offshore wind marine""]",本文比较power electronics、transformer、SST在性能、成本、可靠性和适用条件上的差异，并给出验证思路，为技术选型与研发决策提供参考。,innovation_product_strategy,energy,"[""evaluate_r_and_d_directions"", ""identify_innovation_opportunities""]",2025-08-28,"[""solar_and_power_electronics""]"
,"请据《LFP Battery Vs NMC: Safety Margin, Cycle Life And Low-Temperature Performance》生成结构化报告。分类:risk_watch；对象:rd_engineer_inventor；行业:energy/batteries_and_storage；任务:find_technical_solutions,assess_technical_feasibility；关键词:battery、LFP Battery、NMC Safety Margin Cycle、Safety Margin Cycle Life、Low-Temperature。概述:本文分析battery、LFP Battery、NMC Safety Margin Cycle的失效机理、风险来源与控制方法，并给出检测或验证要点，为降低研发和应用风险提供参考。须含标题、摘要、结论、背景、技术/产品/市场/IP、风险机会、可落地建议、未来研究。",,,"LFP Battery Vs NMC: Safety Margin, Cycle Life And Low-Temperature Performance","[""risk_watch""]","[""battery"", ""LFP Battery"", ""NMC Safety Margin Cycle"", ""Safety Margin Cycle Life"", ""Low-Temperature"", ""LFP"", ""NMC"", ""lithium-ion batteries""]",本文分析battery、LFP Battery、NMC Safety Margin Cycle的失效机理、风险来源与控制方法，并给出检测或验证要点，为降低研发和应用风险提供参考。,rd_engineer_inventor,energy,"[""find_technical_solutions"", ""assess_technical_feasibility""]",2025-09-17,"[""batteries_and_storage""]"
,"请据《Muriatic Acid's Application in Battery Maintenance》生成结构化报告。分类:scout_report；对象:researcher_scientist；行业:energy/batteries_and_storage；任务:explore_new_research_fields,track_research_trends；关键词:battery、acid、Muriatic Acid、Battery Maintenance、energy storage。概述:本文梳理battery、acid、Muriatic Acid的技术原理、研究或验证方法与应用证据，并讨论性能和可行性，为研发方向选择与后续验证提供参考。须含标题、摘要、结论、背景、技术/产品/市场/IP、风险机会、可落地建议、未来研究。",,,Muriatic Acid's Application in Battery Maintenance,"[""scout_report""]","[""battery"", ""acid"", ""Muriatic Acid"", ""Battery Maintenance"", ""energy storage"", ""muriatic acid revolutionizes battery"", ""boosting"", ""longevity""]",本文梳理battery、acid、Muriatic Acid的技术原理、研究或验证方法与应用证据，并讨论性能和可行性，为研发方向选择与后续验证提供参考。,researcher_scientist,energy,"[""explore_new_research_fields"", ""track_research_trends""]",2025-07-18,"[""batteries_and_storage""]"
,"请据《NMC Battery vs SSB: Temperature Range for Maximum Output》生成结构化报告。分类:competitor_analysis；对象:innovation_product_strategy；行业:energy/batteries_and_storage；任务:evaluate_r_and_d_directions,identify_innovation_opportunities；关键词:battery、NMC Battery、SSB Temperature Range、Maximum Output、NMC。概述:本文比较battery、NMC Battery、SSB Temperature Range在性能、成本、可靠性和适用条件上的差异，并给出验证思路，为技术选型与研发决策提供参考。须含标题、摘要、结论、背景、技术/产品/市场/IP、风险机会、可落地建议、未来研究。",,,NMC Battery vs SSB: Temperature Range for Maximum Output,"[""competitor_analysis""]","[""battery"", ""NMC Battery"", ""SSB Temperature Range"", ""Maximum Output"", ""NMC"", ""SSB"", ""solid-state batteries"", ""batteries"", ""Exploring""]",本文比较battery、NMC Battery、SSB Temperature Range在性能、成本、可靠性和适用条件上的差异，并给出验证思路，为技术选型与研发决策提供参考。,innovation_product_strategy,energy,"[""evaluate_r_and_d_directions"", ""identify_innovation_opportunities""]",2025-08-27,"[""batteries_and_storage""]"
,"请据《Comparative Analysis: PSA vs Membrane vs Getter for H₂ Cleanup》生成结构化报告。分类:competitor_analysis；对象:innovation_product_strategy；行业:energy/hydrogen_and_fuel_cells；任务:evaluate_r_and_d_directions,identify_innovation_opportunities；关键词:PSA、Membrane、Getter、H Cleanup、hydrogen。概述:本文比较PSA、Membrane、Getter在性能、成本、可靠性和适用条件上的差异，并给出验证思路，为技术选型与研发决策提供参考。须含标题、摘要、结论、背景、技术/产品/市场/IP、风险机会、可落地建议、未来研究。",,,Comparative Analysis: PSA vs Membrane vs Getter for H₂ Cleanup,"[""competitor_analysis""]","[""PSA"", ""Membrane"", ""Getter"", ""H Cleanup"", ""hydrogen"", ""which hydrogen purification"", ""excels"", ""efficiency cost""]",本文比较PSA、Membrane、Getter在性能、成本、可靠性和适用条件上的差异，并给出验证思路，为技术选型与研发决策提供参考。,innovation_product_strategy,energy,"[""evaluate_r_and_d_directions"", ""identify_innovation_opportunities""]",2025-08-21,"[""hydrogen_and_fuel_cells""]"
,"请据《Gas Crossover And Safety Considerations In AEM Electrolyzer Operation》生成结构化报告。分类:risk_watch；对象:rd_engineer_inventor；行业:energy/hydrogen_and_fuel_cells；任务:find_technical_solutions,assess_technical_feasibility；关键词:electrolyzer、Gas Crossover、Safety Considerations、AEM Electrolyzer Operation、AEM。概述:本文分析electrolyzer、Gas Crossover、Safety Considerations的失效机理、风险来源与控制方法，并给出检测或验证要点，为降低研发和应用风险提供参考。须含标题、摘要、结论、背景、技术/产品/市场/IP、风险机会、可落地建议、未来研究。",,,Gas Crossover And Safety Considerations In AEM Electrolyzer Operation,"[""risk_watch""]","[""electrolyzer"", ""Gas Crossover"", ""Safety Considerations"", ""AEM Electrolyzer Operation"", ""AEM"", ""hydrogen"", ""groundbreaking safety standards"", ""in-situ monitoring techniques enabling""]",本文分析electrolyzer、Gas Crossover、Safety Considerations的失效机理、风险来源与控制方法，并给出检测或验证要点，为降低研发和应用风险提供参考。,rd_engineer_inventor,energy,"[""find_technical_solutions"", ""assess_technical_feasibility""]",2025-08-22,"[""hydrogen_and_fuel_cells""]"
,"请据《Energy And Carbon Footprint Comparison With Anthraquinone Process》生成结构化报告。分类:competitor_analysis；对象:innovation_product_strategy；行业:energy/carbon_and_efficiency；任务:evaluate_r_and_d_directions,identify_innovation_opportunities；关键词:carbon footprint、Energy、Anthraquinone、dominates H O production、production despite energy challenges。概述:本文比较carbon footprint、Energy、Anthraquinone在性能、成本、可靠性和适用条件上的差异，并给出验证思路，为技术选型与研发决策提供参考。须含标题、摘要、结论、背景、技术/产品/市场/IP、风险机会、可落地建议、未来研究。",,,Energy And Carbon Footprint Comparison With Anthraquinone Process,"[""competitor_analysis""]","[""carbon footprint"", ""Energy"", ""Anthraquinone"", ""dominates H O production"", ""production despite energy challenges"", ""efficiency improvements""]",本文比较carbon footprint、Energy、Anthraquinone在性能、成本、可靠性和适用条件上的差异，并给出验证思路，为技术选型与研发决策提供参考。,innovation_product_strategy,energy,"[""evaluate_r_and_d_directions"", ""identify_innovation_opportunities""]",2025-08-29,"[""carbon_and_efficiency""]"
,"请据《How to Use Cyclic Voltammetry to Characterize Supercapacitor Materials — Step-by-Step Guide》生成结构化报告。分类:scout_report；对象:researcher_scientist；行业:energy/batteries_and_storage；任务:find_research_methods,track_research_trends；关键词:cyclic voltammetry、supercapacitor、Characterize Supercapacitor Materials Step-by-Step、energy storage、Exploring cyclic voltammetry。概述:本文梳理cyclic voltammetry、supercapacitor、Characterize Supercapacitor Materials Step-by-Step的技术原理、研究或验证方法与应用证据，并讨论性能和可行性，为研发方向选择与后续验证提供参考。须含标题、摘要、结论、背景、技术/产品/市场/IP、风险机会、可落地建议、未来研究。",,,How to Use Cyclic Voltammetry to Characterize Supercapacitor Materials — Step-by-Step Guide,"[""scout_report""]","[""cyclic voltammetry"", ""supercapacitor"", ""Characterize Supercapacitor Materials Step-by-Step"", ""energy storage"", ""Exploring cyclic voltammetry"", ""evolution"", ""supercapacitor material characterization"", ""optimized energy storage""]",本文梳理cyclic voltammetry、supercapacitor、Characterize Supercapacitor Materials Step-by-Step的技术原理、研究或验证方法与应用证据，并讨论性能和可行性，为研发方向选择与后续验证提供参考。,researcher_scientist,energy,"[""find_research_methods"", ""track_research_trends""]",2025-08-21,"[""batteries_and_storage""]"
,"请据《Quantify Lithium Mine Water Consumption Per Kilogram of Lithium Output》生成结构化报告。分类:scout_report；对象:researcher_scientist；行业:energy/carbon_and_efficiency；任务:find_research_methods,track_research_trends；关键词:lithium mine、Lithium Mine Water Consumption、Water Consumption Per Kilogram、Lithium Output、Standardized metrics。概述:本文梳理lithium mine、Lithium Mine Water Consumption、Water Consumption Per Kilogram的技术原理、研究或验证方法与应用证据，并讨论性能和可行性，为研发方向选择与后续验证提供参考。须含标题、摘要、结论、背景、技术/产品/市场/IP、风险机会、可落地建议、未来研究。",,,Quantify Lithium Mine Water Consumption Per Kilogram of Lithium Output,"[""scout_report""]","[""lithium mine"", ""Lithium Mine Water Consumption"", ""Water Consumption Per Kilogram"", ""Lithium Output"", ""Standardized metrics"", ""lithium extraction water usage"", ""transparent"", ""across""]",本文梳理lithium mine、Lithium Mine Water Consumption、Water Consumption Per Kilogram的技术原理、研究或验证方法与应用证据，并讨论性能和可行性，为研发方向选择与后续验证提供参考。,researcher_scientist,energy,"[""find_research_methods"", ""track_research_trends""]",2025-10-08,"[""carbon_and_efficiency""]"
,"请据《Perovskite vs Silicon: Stability Comparison for Long-Term Field Deployment》生成结构化报告。分类:competitor_analysis；对象:innovation_product_strategy；行业:energy/solar_and_power_electronics；任务:evaluate_r_and_d_directions,identify_innovation_opportunities；关键词:perovskite、Silicon Stability、Long-Term Field Deployment、solar、silicon solar cell stability。概述:本文比较perovskite、Silicon Stability、Long-Term Field Deployment在性能、成本、可靠性和适用条件上的差异，并给出验证思路，为技术选型与研发决策提供参考。须含标题、摘要、结论、背景、技术/产品/市场/IP、风险机会、可落地建议、未来研究。",,,Perovskite vs Silicon: Stability Comparison for Long-Term Field Deployment,"[""competitor_analysis""]","[""perovskite"", ""Silicon Stability"", ""Long-Term Field Deployment"", ""solar"", ""silicon solar cell stability"", ""long-term field"", ""challenges"", ""advancements""]",本文比较perovskite、Silicon Stability、Long-Term Field Deployment在性能、成本、可靠性和适用条件上的差异，并给出验证思路，为技术选型与研发决策提供参考。,innovation_product_strategy,energy,"[""evaluate_r_and_d_directions"", ""identify_innovation_opportunities""]",2025-08-20,"[""solar_and_power_electronics""]"
,"请据《How to Size Renewable Energy Storage for Peak Demand》生成结构化报告。分类:scout_report；对象:rd_engineer_inventor；行业:energy/batteries_and_storage；任务:find_technical_solutions,assess_technical_feasibility；关键词:renewable energy、energy storage、Size Renewable Energy Storage、Peak Demand、solar。概述:本文梳理renewable energy、energy storage、Size Renewable Energy Storage的技术原理、研究或验证方法与应用证据，并讨论性能和可行性，为研发方向选择与后续验证提供参考。须含标题、摘要、结论、背景、技术/产品/市场/IP、风险机会、可落地建议、未来研究。",,,How to Size Renewable Energy Storage for Peak Demand,"[""scout_report""]","[""renewable energy"", ""energy storage"", ""Size Renewable Energy Storage"", ""Peak Demand"", ""solar"", ""wind power integration"", ""revolutionizing modern grids"", ""insights""]",本文梳理renewable energy、energy storage、Size Renewable Energy Storage的技术原理、研究或验证方法与应用证据，并讨论性能和可行性，为研发方向选择与后续验证提供参考。,rd_engineer_inventor,energy,"[""find_technical_solutions"", ""assess_technical_feasibility""]",2026-09-08,"[""batteries_and_storage""]"
,"请据《Measure Round-Trip Efficiency for Storage Project Decisions》生成结构化报告。分类:scout_report；对象:rd_engineer_inventor；行业:energy/batteries_and_storage；任务:find_technical_solutions,assess_technical_feasibility；关键词:round-trip efficiency、Storage Project Decisions、renewable energy、energy storage、round-trip efficiency drives renewable。概述:本文梳理round-trip efficiency、Storage Project Decisions、renewable energy的技术原理、研究或验证方法与应用证据，并讨论性能和可行性，为研发方向选择与后续验证提供参考。须含标题、摘要、结论、背景、技术/产品/市场/IP、风险机会、可落地建议、未来研究。",,,Measure Round-Trip Efficiency for Storage Project Decisions,"[""scout_report""]","[""round-trip efficiency"", ""Storage Project Decisions"", ""renewable energy"", ""energy storage"", ""round-trip efficiency drives renewable"", ""renewable energy storage decisions"", ""shapes"", ""investments""]",本文梳理round-trip efficiency、Storage Project Decisions、renewable energy的技术原理、研究或验证方法与应用证据，并讨论性能和可行性，为研发方向选择与后续验证提供参考。,rd_engineer_inventor,energy,"[""find_technical_solutions"", ""assess_technical_feasibility""]",2026-09-08,"[""batteries_and_storage""]"
,"请据《Thermal Storage vs Lithium Batteries for Solar Shifting》生成结构化报告。分类:competitor_analysis；对象:innovation_product_strategy；行业:energy/batteries_and_storage；任务:evaluate_r_and_d_directions,identify_innovation_opportunities；关键词:thermal storage、batteries、solar、Lithium Batteries、Solar Shifting。概述:本文比较thermal storage、batteries、solar在性能、成本、可靠性和适用条件上的差异，并给出验证思路，为技术选型与研发决策提供参考。须含标题、摘要、结论、背景、技术/产品/市场/IP、风险机会、可落地建议、未来研究。",,,Thermal Storage vs Lithium Batteries for Solar Shifting,"[""competitor_analysis""]","[""thermal storage"", ""batteries"", ""solar"", ""Lithium Batteries"", ""Solar Shifting"", ""renewable energy"", ""solar power intermittency challenges"", ""addressed""]",本文比较thermal storage、batteries、solar在性能、成本、可靠性和适用条件上的差异，并给出验证思路，为技术选型与研发决策提供参考。,innovation_product_strategy,energy,"[""evaluate_r_and_d_directions"", ""identify_innovation_opportunities""]",2026-09-08,"[""batteries_and_storage""]"
,"请据《Optimize Storage State Estimation for Renewable Microgrids》生成结构化报告。分类:scout_report；对象:rd_engineer_inventor；行业:energy/batteries_and_storage；任务:find_technical_solutions,assess_technical_feasibility；关键词:Storage State Estimation、Renewable Microgrids、solar、renewable microgrids revolutionize energy、microgrids revolutionize energy distribution。概述:本文梳理Storage State Estimation、Renewable Microgrids、solar的技术原理、研究或验证方法与应用证据，并讨论性能和可行性，为研发方向选择与后续验证提供参考。须含标题、摘要、结论、背景、技术/产品/市场/IP、风险机会、可落地建议、未来研究。",,,Optimize Storage State Estimation for Renewable Microgrids,"[""scout_report""]","[""Storage State Estimation"", ""Renewable Microgrids"", ""solar"", ""renewable microgrids revolutionize energy"", ""microgrids revolutionize energy distribution"", ""solar wind"", ""storage integration"", ""sustainable power""]",本文梳理Storage State Estimation、Renewable Microgrids、solar的技术原理、研究或验证方法与应用证据，并讨论性能和可行性，为研发方向选择与后续验证提供参考。,rd_engineer_inventor,energy,"[""find_technical_solutions"", ""assess_technical_feasibility""]",2026-09-08,"[""batteries_and_storage""]"
,"请据《How to Design Hydrogen Storage for Seasonal Demand》生成结构化报告。分类:scout_report；对象:rd_engineer_inventor；行业:energy/batteries_and_storage；任务:find_technical_solutions,assess_technical_feasibility；关键词:hydrogen、Hydrogen Storage、Seasonal Demand、clean energy carrier driving、driving decarbonization across transportation。概述:本文梳理hydrogen、Hydrogen Storage、Seasonal Demand的技术原理、研究或验证方法与应用证据，并讨论性能和可行性，为研发方向选择与后续验证提供参考。须含标题、摘要、结论、背景、技术/产品/市场/IP、风险机会、可落地建议、未来研究。",,,How to Design Hydrogen Storage for Seasonal Demand,"[""scout_report""]","[""hydrogen"", ""Hydrogen Storage"", ""Seasonal Demand"", ""clean energy carrier driving"", ""driving decarbonization across transportation"", ""industry sectors""]",本文梳理hydrogen、Hydrogen Storage、Seasonal Demand的技术原理、研究或验证方法与应用证据，并讨论性能和可行性，为研发方向选择与后续验证提供参考。,rd_engineer_inventor,energy,"[""find_technical_solutions"", ""assess_technical_feasibility""]",2026-09-08,"[""batteries_and_storage""]"
,"请据《How to Select Battery Insulation for Prismatic Cells》生成结构化报告。分类:scout_report；对象:rd_engineer_inventor；行业:energy/batteries_and_storage；任务:find_technical_solutions,assess_technical_feasibility；关键词:battery、Battery Insulation、Prismatic Cells、lithium-ion batteries、energy storage。概述:本文梳理battery、Battery Insulation、Prismatic Cells的技术原理、研究或验证方法与应用证据，并讨论性能和可行性，为研发方向选择与后续验证提供参考。须含标题、摘要、结论、背景、技术/产品/市场/IP、风险机会、可落地建议、未来研究。",,,How to Select Battery Insulation for Prismatic Cells,"[""scout_report""]","[""battery"", ""Battery Insulation"", ""Prismatic Cells"", ""lithium-ion batteries"", ""energy storage"", ""batteries"", ""prismatic lithium-ion batteries revolutionize"", ""lithium-ion batteries revolutionize EVs""]",本文梳理battery、Battery Insulation、Prismatic Cells的技术原理、研究或验证方法与应用证据，并讨论性能和可行性，为研发方向选择与后续验证提供参考。,rd_engineer_inventor,energy,"[""find_technical_solutions"", ""assess_technical_feasibility""]",2026-09-08,"[""batteries_and_storage""]"
,"请据《Measure Heavy Fuel Oil Density for Mass Flow Control》生成结构化报告。分类:scout_report；对象:rd_engineer_inventor；行业:energy/carbon_and_efficiency；任务:find_technical_solutions,assess_technical_feasibility；关键词:heavy fuel oil、Heavy Fuel Oil Density、Mass Flow、industrial、heavy fuel oil drives。概述:本文梳理heavy fuel oil、Heavy Fuel Oil Density、Mass Flow的技术原理、研究或验证方法与应用证据，并讨论性能和可行性，为研发方向选择与后续验证提供参考。须含标题、摘要、结论、背景、技术/产品/市场/IP、风险机会、可落地建议、未来研究。",,,Measure Heavy Fuel Oil Density for Mass Flow Control,"[""scout_report""]","[""heavy fuel oil"", ""Heavy Fuel Oil Density"", ""Mass Flow"", ""industrial"", ""heavy fuel oil drives"", ""oil drives maritime power"", ""industrial sectors"", ""proven economic advantages""]",本文梳理heavy fuel oil、Heavy Fuel Oil Density、Mass Flow的技术原理、研究或验证方法与应用证据，并讨论性能和可行性，为研发方向选择与后续验证提供参考。,rd_engineer_inventor,energy,"[""find_technical_solutions"", ""assess_technical_feasibility""]",2026-09-08,"[""carbon_and_efficiency""]"
,"请据《Battery Insulation vs Busbar Sleeves: HV Fault Protection》生成结构化报告。分类:competitor_analysis；对象:innovation_product_strategy；行业:energy/batteries_and_storage；任务:evaluate_r_and_d_directions,identify_innovation_opportunities；关键词:battery、Battery Insulation、Busbar Sleeves HV Fault、Sleeves HV Fault Protection、HV。概述:本文比较battery、Battery Insulation、Busbar Sleeves HV Fault在性能、成本、可靠性和适用条件上的差异，并给出验证思路，为技术选型与研发决策提供参考。须含标题、摘要、结论、背景、技术/产品/市场/IP、风险机会、可落地建议、未来研究。",,,Battery Insulation vs Busbar Sleeves: HV Fault Protection,"[""competitor_analysis""]","[""battery"", ""Battery Insulation"", ""Busbar Sleeves HV Fault"", ""Sleeves HV Fault Protection"", ""HV"", ""automotive"", ""evolution"", ""high-voltage EV battery""]",本文比较battery、Battery Insulation、Busbar Sleeves HV Fault在性能、成本、可靠性和适用条件上的差异，并给出验证思路，为技术选型与研发决策提供参考。,innovation_product_strategy,energy,"[""evaluate_r_and_d_directions"", ""identify_innovation_opportunities""]",2026-09-08,"[""batteries_and_storage""]"
,"请据《How to Validate Hydrogen Dispensing Accuracy Under Variable Pressure》生成结构化报告。分类:scout_report；对象:rd_engineer_inventor；行业:energy/hydrogen_and_fuel_cells；任务:find_technical_solutions,assess_technical_feasibility；关键词:hydrogen dispensing、hydrogen、Hydrogen Dispensing Accuracy、Variable Pressure、infrastructure。概述:本文梳理hydrogen dispensing、hydrogen、Hydrogen Dispensing Accuracy的技术原理、研究或验证方法与应用证据，并讨论性能和可行性，为研发方向选择与后续验证提供参考。须含标题、摘要、结论、背景、技术/产品/市场/IP、风险机会、可落地建议、未来研究。",,,How to Validate Hydrogen Dispensing Accuracy Under Variable Pressure,"[""scout_report""]","[""hydrogen dispensing"", ""hydrogen"", ""Hydrogen Dispensing Accuracy"", ""Variable Pressure"", ""infrastructure"", ""critical"", ""refueling infrastructure development""]",本文梳理hydrogen dispensing、hydrogen、Hydrogen Dispensing Accuracy的技术原理、研究或验证方法与应用证据，并讨论性能和可行性，为研发方向选择与后续验证提供参考。,rd_engineer_inventor,energy,"[""find_technical_solutions"", ""assess_technical_feasibility""]",2026-09-08,"[""hydrogen_and_fuel_cells""]"
,"请据《Combined Cycle Plant Waste Heat for District Heating》生成结构化报告。分类:scout_report；对象:rd_engineer_inventor；行业:energy/carbon_and_efficiency；任务:find_technical_solutions,assess_technical_feasibility；关键词:district heating、combined cycle、Combined Cycle Plant Waste、Cycle Plant Waste Heat、turbine。概述:本文梳理district heating、combined cycle、Combined Cycle Plant Waste的技术原理、研究或验证方法与应用证据，并讨论性能和可行性，为研发方向选择与后续验证提供参考。须含标题、摘要、结论、背景、技术/产品/市场/IP、风险机会、可落地建议、未来研究。",,,Combined Cycle Plant Waste Heat for District Heating,"[""scout_report""]","[""district heating"", ""combined cycle"", ""Combined Cycle Plant Waste"", ""Cycle Plant Waste Heat"", ""turbine"", ""combined cycle power plants"", ""achieve 60 thermal efficiency"", ""integrated gas""]",本文梳理district heating、combined cycle、Combined Cycle Plant Waste的技术原理、研究或验证方法与应用证据，并讨论性能和可行性，为研发方向选择与后续验证提供参考。,rd_engineer_inventor,energy,"[""find_technical_solutions"", ""assess_technical_feasibility""]",2026-09-08,"[""carbon_and_efficiency""]"
,"请据《Heavy Fuel Oil vs Biofuel: Deposit Formation in Engines》生成结构化报告。分类:competitor_analysis；对象:innovation_product_strategy；行业:energy/carbon_and_efficiency；任务:evaluate_r_and_d_directions,identify_innovation_opportunities；关键词:heavy fuel oil、biofuel、Biofuel Deposit Formation、Engines、engine。概述:本文比较heavy fuel oil、biofuel、Biofuel Deposit Formation在性能、成本、可靠性和适用条件上的差异，并给出验证思路，为技术选型与研发决策提供参考。须含标题、摘要、结论、背景、技术/产品/市场/IP、风险机会、可落地建议、未来研究。",,,Heavy Fuel Oil vs Biofuel: Deposit Formation in Engines,"[""competitor_analysis""]","[""heavy fuel oil"", ""biofuel"", ""Biofuel Deposit Formation"", ""Engines"", ""engine"", ""fuel combustion causes engine"", ""combustion causes engine deposits"", ""injectors""]",本文比较heavy fuel oil、biofuel、Biofuel Deposit Formation在性能、成本、可靠性和适用条件上的差异，并给出验证思路，为技术选型与研发决策提供参考。,innovation_product_strategy,energy,"[""evaluate_r_and_d_directions"", ""identify_innovation_opportunities""]",2026-09-08,"[""carbon_and_efficiency""]"
,"请据《Heavy Fuel Oil vs Marine Gas Oil: Sulfur Compliance》生成结构化报告。分类:competitor_analysis；对象:innovation_product_strategy；行业:energy/carbon_and_efficiency；任务:evaluate_r_and_d_directions,identify_innovation_opportunities；关键词:sulfur compliance、heavy fuel oil、marine gas oil、Marine Gas Oil Sulfur、Gas Oil Sulfur Compliance。概述:本文比较sulfur compliance、heavy fuel oil、marine gas oil在性能、成本、可靠性和适用条件上的差异，并给出验证思路，为技术选型与研发决策提供参考。须含标题、摘要、结论、背景、技术/产品/市场/IP、风险机会、可落地建议、未来研究。",,,Heavy Fuel Oil vs Marine Gas Oil: Sulfur Compliance,"[""competitor_analysis""]","[""sulfur compliance"", ""heavy fuel oil"", ""marine gas oil"", ""Marine Gas Oil Sulfur"", ""Gas Oil Sulfur Compliance"", ""maritime industry"", ""transition"", ""cost-effective Heavy Fuel Oil""]",本文比较sulfur compliance、heavy fuel oil、marine gas oil在性能、成本、可靠性和适用条件上的差异，并给出验证思路，为技术选型与研发决策提供参考。,innovation_product_strategy,energy,"[""evaluate_r_and_d_directions"", ""identify_innovation_opportunities""]",2026-09-08,"[""carbon_and_efficiency""]"
,"请据《Heavy Fuel Oil vs VLSFO: Tank Cleaning Requirements》生成结构化报告。分类:competitor_analysis；对象:innovation_product_strategy；行业:energy/carbon_and_efficiency；任务:evaluate_r_and_d_directions,identify_innovation_opportunities；关键词:heavy fuel oil、vlsfo、VLSFO Tank Cleaning、IMO 2020 sulfur cap、maritime fuel usage patterns。概述:本文比较heavy fuel oil、vlsfo、VLSFO Tank Cleaning在性能、成本、可靠性和适用条件上的差异，并给出验证思路，为技术选型与研发决策提供参考。须含标题、摘要、结论、背景、技术/产品/市场/IP、风险机会、可落地建议、未来研究。",,,Heavy Fuel Oil vs VLSFO: Tank Cleaning Requirements,"[""competitor_analysis""]","[""heavy fuel oil"", ""vlsfo"", ""VLSFO Tank Cleaning"", ""IMO 2020 sulfur cap"", ""maritime fuel usage patterns"", ""industry transformation""]",本文比较heavy fuel oil、vlsfo、VLSFO Tank Cleaning在性能、成本、可靠性和适用条件上的差异，并给出验证思路，为技术选型与研发决策提供参考。,innovation_product_strategy,energy,"[""evaluate_r_and_d_directions"", ""identify_innovation_opportunities""]",2026-09-08,"[""carbon_and_efficiency""]"
,"请据《How to Improve Heavy Fuel Oil Centrifuge Separation》生成结构化报告。分类:scout_report；对象:rd_engineer_inventor；行业:energy/carbon_and_efficiency；任务:find_technical_solutions,assess_technical_feasibility；关键词:heavy fuel oil、Heavy Fuel Oil Centrifuge、Fuel Oil Centrifuge Separation、industrial、separation revolutionizes marine propulsion。概述:本文梳理heavy fuel oil、Heavy Fuel Oil Centrifuge、Fuel Oil Centrifuge Separation的技术原理、研究或验证方法与应用证据，并讨论性能和可行性，为研发方向选择与后续验证提供参考。须含标题、摘要、结论、背景、技术/产品/市场/IP、风险机会、可落地建议、未来研究。",,,How to Improve Heavy Fuel Oil Centrifuge Separation,"[""scout_report""]","[""heavy fuel oil"", ""Heavy Fuel Oil Centrifuge"", ""Fuel Oil Centrifuge Separation"", ""industrial"", ""separation revolutionizes marine propulsion"", ""industrial power generation efficiency""]",本文梳理heavy fuel oil、Heavy Fuel Oil Centrifuge、Fuel Oil Centrifuge Separation的技术原理、研究或验证方法与应用证据，并讨论性能和可行性，为研发方向选择与后续验证提供参考。,rd_engineer_inventor,energy,"[""find_technical_solutions"", ""assess_technical_feasibility""]",2026-09-08,"[""carbon_and_efficiency""]"
,"请据《How to Improve Hydrogen Generator Startup and Shutdown》生成结构化报告。分类:scout_report；对象:rd_engineer_inventor；行业:energy/hydrogen_and_fuel_cells；任务:find_technical_solutions,assess_technical_feasibility；关键词:hydrogen、Hydrogen Generator Startup、Shutdown、electrolysis、industrial。概述:本文梳理hydrogen、Hydrogen Generator Startup、Shutdown的技术原理、研究或验证方法与应用证据，并讨论性能和可行性，为研发方向选择与后续验证提供参考。须含标题、摘要、结论、背景、技术/产品/市场/IP、风险机会、可落地建议、未来研究。",,,How to Improve Hydrogen Generator Startup and Shutdown,"[""scout_report""]","[""hydrogen"", ""Hydrogen Generator Startup"", ""Shutdown"", ""electrolysis"", ""industrial"", ""hydrogen generation evolved"", ""industrial electrolysis"", ""advanced modular""]",本文梳理hydrogen、Hydrogen Generator Startup、Shutdown的技术原理、研究或验证方法与应用证据，并讨论性能和可行性，为研发方向选择与后续验证提供参考。,rd_engineer_inventor,energy,"[""find_technical_solutions"", ""assess_technical_feasibility""]",2026-09-08,"[""hydrogen_and_fuel_cells""]"
,"请据《Compare Silver vs Aluminum Back Metal Electrodes for PSCs》生成结构化报告。分类:opportunity_brief；对象:innovation_product_strategy；行业:energy/solar_and_power_electronics；任务:evaluate_r_and_d_directions,identify_innovation_opportunities；关键词:back metal electrodes、aluminum、metal、pscs、Silver。概述:本文比较back metal electrodes、aluminum、metal在性能、成本、可靠性和适用条件上的差异，并给出验证思路，为技术选型与研发决策提供参考。须含标题、摘要、结论、背景、技术/产品/市场/IP、风险机会、可落地建议、未来研究。",,,Compare Silver vs Aluminum Back Metal Electrodes for PSCs,"[""opportunity_brief""]","[""back metal electrodes"", ""aluminum"", ""metal"", ""pscs"", ""Silver"", ""Aluminum Back Metal Electrodes"", ""electrode"", ""risk controls""]",本文比较back metal electrodes、aluminum、metal在性能、成本、可靠性和适用条件上的差异，并给出验证思路，为技术选型与研发决策提供参考。,innovation_product_strategy,energy,"[""evaluate_r_and_d_directions"", ""identify_innovation_opportunities""]",2026-09-08,"[""solar_and_power_electronics""]"
,"请据《Anodes for Solid-State Batteries: Interface Engineering》生成结构化报告。分类:scout_report；对象:rd_engineer_inventor；行业:energy/batteries_and_storage；任务:find_technical_solutions,explore_existing_technologies；关键词:interface engineering、solid-state batteries、batteries、Anodes、Solid-State Batteries Interface Engineering。概述:本文梳理interface engineering、solid-state batteries、batteries的技术原理、研究或验证方法与应用证据，并讨论性能和可行性，为研发方向选择与后续验证提供参考。须含标题、摘要、结论、背景、技术/产品/市场/IP、风险机会、可落地建议、未来研究。",,,Anodes for Solid-State Batteries: Interface Engineering,"[""scout_report""]","[""interface engineering"", ""solid-state batteries"", ""batteries"", ""Anodes"", ""Solid-State Batteries Interface Engineering"", ""charge-discharge cycles"", ""anode material undergoes volume"", ""material undergoes volume changes""]",本文梳理interface engineering、solid-state batteries、batteries的技术原理、研究或验证方法与应用证据，并讨论性能和可行性，为研发方向选择与后续验证提供参考。,rd_engineer_inventor,energy,"[""find_technical_solutions"", ""explore_existing_technologies""]",2026-09-08,"[""batteries_and_storage""]"
,"请据《How to Design BMS for Sodium-Ion Battery Chemistry》生成结构化报告。分类:scout_report；对象:rd_engineer_inventor；行业:energy/batteries_and_storage；任务:find_technical_solutions,explore_existing_technologies；关键词:sodium-ion battery、battery、BMS、Sodium-Ion Battery Chemistry、designing。概述:本文梳理sodium-ion battery、battery、BMS的技术原理、研究或验证方法与应用证据，并讨论性能和可行性，为研发方向选择与后续验证提供参考。须含标题、摘要、结论、背景、技术/产品/市场/IP、风险机会、可落地建议、未来研究。",,,How to Design BMS for Sodium-Ion Battery Chemistry,"[""scout_report""]","[""sodium-ion battery"", ""battery"", ""BMS"", ""Sodium-Ion Battery Chemistry"", ""designing"", ""conventional lithium-ion calibration parameters"", ""state estimation processor provides"", ""insufficient calculation accuracy due""]",本文梳理sodium-ion battery、battery、BMS的技术原理、研究或验证方法与应用证据，并讨论性能和可行性，为研发方向选择与后续验证提供参考。,rd_engineer_inventor,energy,"[""find_technical_solutions"", ""explore_existing_technologies""]",2026-09-08,"[""batteries_and_storage""]"
,请据《Mohalla Tech Pvt Ltd.》生成结构化报告。分类:competitor_analysis；对象:innovation_product_strategy；行业:engineering/mechanical_systems；任务:track_technologies_and_competitors；关键词:Mohalla Tech Pvt Ltd、technical research、patent portfolio、competitor monitoring、market trends。概述:本文概述Mohalla Tech Pvt Ltd.的业务与技术研发，并涵盖专利组合、竞争动态及市场趋势，可用于竞品跟踪和研发/IP决策。须含标题、摘要、结论、背景、技术/产品/市场/IP、风险机会、可落地建议、未来研究。,,,Mohalla Tech Pvt Ltd.,"[""competitor_analysis""]","[""Mohalla Tech Pvt Ltd"", ""technical research"", ""patent portfolio"", ""competitor monitoring"", ""market trends""]",本文概述Mohalla Tech Pvt Ltd.的业务与技术研发，并涵盖专利组合、竞争动态及市场趋势，可用于竞品跟踪和研发/IP决策。,innovation_product_strategy,engineering,"[""track_technologies_and_competitors""]",2026-09-08,"[""mechanical_systems""]"
,请据《4titude Ltd.》生成结构化报告。分类:competitor_analysis；对象:innovation_product_strategy；行业:engineering/manufacturing_process_engineering；任务:track_technologies_and_competitors；关键词:4titude Ltd、technical research、patent portfolio、competitor monitoring、market trends。概述:本文概述4titude Ltd.的业务与技术研发，并涵盖专利组合、竞争动态及市场趋势，可用于竞品跟踪和研发/IP决策。须含标题、摘要、结论、背景、技术/产品/市场/IP、风险机会、可落地建议、未来研究。,,,4titude Ltd.,"[""competitor_analysis""]","[""4titude Ltd"", ""technical research"", ""patent portfolio"", ""competitor monitoring"", ""market trends""]",本文概述4titude Ltd.的业务与技术研发，并涵盖专利组合、竞争动态及市场趋势，可用于竞品跟踪和研发/IP决策。,innovation_product_strategy,engineering,"[""track_technologies_and_competitors""]",2026-09-08,"[""manufacturing_process_engineering""]"
,请据《List of companies starting with Alphabet J – Discovery》生成结构化报告。分类:market_landscape；对象:innovation_product_strategy；行业:engineering/mechanical_systems；任务:track_technologies_and_competitors；关键词:List of companies starting with Alphabet J – Discovery、technical research、patent portfolio、competitor monitoring、market trends。概述:本文概述List of companies starting with Alphabet J – Discovery的业务与技术研发，并涵盖专利组合、竞争动态及市场趋势，可用于竞品跟踪和研发/IP决策。须含标题、摘要、结论、背景、技术/产品/市场/IP、风险机会、可落地建议、未来研究。,,,List of companies starting with Alphabet J – Discovery,"[""market_landscape""]","[""List of companies starting with Alphabet J – Discovery"", ""technical research"", ""patent portfolio"", ""competitor monitoring"", ""market trends""]",本文概述List of companies starting with Alphabet J – Discovery的业务与技术研发，并涵盖专利组合、竞争动态及市场趋势，可用于竞品跟踪和研发/IP决策。,innovation_product_strategy,engineering,"[""track_technologies_and_competitors""]",2026-09-08,"[""mechanical_systems""]"
,"请据《ServiceNow, Inc.》生成结构化报告。分类:competitor_analysis；对象:innovation_product_strategy；行业:engineering/mechanical_systems；任务:track_technologies_and_competitors；关键词:ServiceNow, Inc、technical research、patent portfolio、competitor monitoring、market trends。概述:本文概述ServiceNow, Inc.的业务与技术研发，并涵盖专利组合、竞争动态及市场趋势，可用于竞品跟踪和研发/IP决策。须含标题、摘要、结论、背景、技术/产品/市场/IP、风险机会、可落地建议、未来研究。",,,"ServiceNow, Inc.","[""competitor_analysis""]","[""ServiceNow, Inc"", ""technical research"", ""patent portfolio"", ""competitor monitoring"", ""market trends""]","本文概述ServiceNow, Inc.的业务与技术研发，并涵盖专利组合、竞争动态及市场趋势，可用于竞品跟踪和研发/IP决策。",innovation_product_strategy,engineering,"[""track_technologies_and_competitors""]",2026-09-08,"[""mechanical_systems""]"
,请据《Dribbble Holdings Ltd.》生成结构化报告。分类:competitor_analysis；对象:innovation_product_strategy；行业:engineering/mechanical_systems；任务:track_technologies_and_competitors；关键词:Dribbble Holdings Ltd、technical research、patent portfolio、competitor monitoring、market trends。概述:本文概述Dribbble Holdings Ltd.的业务与技术研发，并涵盖专利组合、竞争动态及市场趋势，可用于竞品跟踪和研发/IP决策。须含标题、摘要、结论、背景、技术/产品/市场/IP、风险机会、可落地建议、未来研究。,,,Dribbble Holdings Ltd.,"[""competitor_analysis""]","[""Dribbble Holdings Ltd"", ""technical research"", ""patent portfolio"", ""competitor monitoring"", ""market trends""]",本文概述Dribbble Holdings Ltd.的业务与技术研发，并涵盖专利组合、竞争动态及市场趋势，可用于竞品跟踪和研发/IP决策。,innovation_product_strategy,engineering,"[""track_technologies_and_competitors""]",2026-09-08,"[""mechanical_systems""]"
,"请据《Huawei Device Co., Ltd.》生成结构化报告。分类:competitor_analysis；对象:innovation_product_strategy；行业:engineering/industrial_equipment；任务:track_technologies_and_competitors；关键词:Huawei Device Co., Ltd、technical research、patent portfolio、competitor monitoring、market trends。概述:本文概述Huawei Device Co., Ltd.的业务与技术研发，并涵盖专利组合、竞争动态及市场趋势，可用于竞品跟踪和研发/IP决策。须含标题、摘要、结论、背景、技术/产品/市场/IP、风险机会、可落地建议、未来研究。",,,"Huawei Device Co., Ltd.","[""competitor_analysis""]","[""Huawei Device Co., Ltd"", ""technical research"", ""patent portfolio"", ""competitor monitoring"", ""market trends""]","本文概述Huawei Device Co., Ltd.的业务与技术研发，并涵盖专利组合、竞争动态及市场趋势，可用于竞品跟踪和研发/IP决策。",innovation_product_strategy,engineering,"[""track_technologies_and_competitors""]",2026-09-08,"[""industrial_equipment""]"
,请据《NEC Platforms Ltd.》生成结构化报告。分类:competitor_analysis；对象:innovation_product_strategy；行业:engineering/manufacturing_process_engineering；任务:track_technologies_and_competitors；关键词:NEC Platforms Ltd、technical research、patent portfolio、competitor monitoring、market trends。概述:本文概述NEC Platforms Ltd.的业务与技术研发，并涵盖专利组合、竞争动态及市场趋势，可用于竞品跟踪和研发/IP决策。须含标题、摘要、结论、背景、技术/产品/市场/IP、风险机会、可落地建议、未来研究。,,,NEC Platforms Ltd.,"[""competitor_analysis""]","[""NEC Platforms Ltd"", ""technical research"", ""patent portfolio"", ""competitor monitoring"", ""market trends""]",本文概述NEC Platforms Ltd.的业务与技术研发，并涵盖专利组合、竞争动态及市场趋势，可用于竞品跟踪和研发/IP决策。,innovation_product_strategy,engineering,"[""track_technologies_and_competitors""]",2026-09-08,"[""manufacturing_process_engineering""]"
,"请据《Suzuki Co., Ltd.》生成结构化报告。分类:competitor_analysis；对象:innovation_product_strategy；行业:engineering/manufacturing_process_engineering；任务:track_technologies_and_competitors；关键词:Suzuki Co., Ltd、motor、technical research、patent portfolio、competitor monitoring。概述:本文概述Suzuki Co., Ltd.的业务与技术研发，并涵盖专利组合、竞争动态及市场趋势，可用于竞品跟踪和研发/IP决策。须含标题、摘要、结论、背景、技术/产品/市场/IP、风险机会、可落地建议、未来研究。",,,"Suzuki Co., Ltd.","[""competitor_analysis""]","[""Suzuki Co., Ltd"", ""motor"", ""technical research"", ""patent portfolio"", ""competitor monitoring"", ""market trends""]","本文概述Suzuki Co., Ltd.的业务与技术研发，并涵盖专利组合、竞争动态及市场趋势，可用于竞品跟踪和研发/IP决策。",innovation_product_strategy,engineering,"[""track_technologies_and_competitors""]",2026-09-08,"[""manufacturing_process_engineering""]"
,请据《Oppo》生成结构化报告。分类:competitor_analysis；对象:innovation_product_strategy；行业:engineering/manufacturing_process_engineering；任务:track_technologies_and_competitors；关键词:Oppo、technical research、patent portfolio、competitor monitoring、market trends。概述:本文概述Oppo的业务与技术研发，并涵盖专利组合、竞争动态及市场趋势，可用于竞品跟踪和研发/IP决策。须含标题、摘要、结论、背景、技术/产品/市场/IP、风险机会、可落地建议、未来研究。,,,Oppo,"[""competitor_analysis""]","[""Oppo"", ""technical research"", ""patent portfolio"", ""competitor monitoring"", ""market trends""]",本文概述Oppo的业务与技术研发，并涵盖专利组合、竞争动态及市场趋势，可用于竞品跟踪和研发/IP决策。,innovation_product_strategy,engineering,"[""track_technologies_and_competitors""]",2026-09-08,"[""manufacturing_process_engineering""]"
,"请据《Graco, Inc.》生成结构化报告。分类:competitor_analysis；对象:innovation_product_strategy；行业:engineering/manufacturing_process_engineering；任务:track_technologies_and_competitors；关键词:Graco, Inc、manufacturing、industrial、food、technical research。概述:本文概述Graco, Inc.的业务与技术研发，并涵盖专利组合、竞争动态及市场趋势，可用于竞品跟踪和研发/IP决策。须含标题、摘要、结论、背景、技术/产品/市场/IP、风险机会、可落地建议、未来研究。",,,"Graco, Inc.","[""competitor_analysis""]","[""Graco, Inc"", ""manufacturing"", ""industrial"", ""food"", ""technical research"", ""patent portfolio"", ""competitor monitoring"", ""market trends""]","本文概述Graco, Inc.的业务与技术研发，并涵盖专利组合、竞争动态及市场趋势，可用于竞品跟踪和研发/IP决策。",innovation_product_strategy,engineering,"[""track_technologies_and_competitors""]",2026-09-08,"[""manufacturing_process_engineering""]"
,请据《Arenco AB》生成结构化报告。分类:competitor_analysis；对象:innovation_product_strategy；行业:engineering/manufacturing_process_engineering；任务:track_technologies_and_competitors；关键词:Arenco AB、mechanical、technical research、patent portfolio、competitor monitoring。概述:本文概述Arenco AB的业务与技术研发，并涵盖专利组合、竞争动态及市场趋势，可用于竞品跟踪和研发/IP决策。须含标题、摘要、结论、背景、技术/产品/市场/IP、风险机会、可落地建议、未来研究。,,,Arenco AB,"[""competitor_analysis""]","[""Arenco AB"", ""mechanical"", ""technical research"", ""patent portfolio"", ""competitor monitoring"", ""market trends""]",本文概述Arenco AB的业务与技术研发，并涵盖专利组合、竞争动态及市场趋势，可用于竞品跟踪和研发/IP决策。,innovation_product_strategy,engineering,"[""track_technologies_and_competitors""]",2026-09-08,"[""manufacturing_process_engineering""]"
,请据《Hexcel Corp.》生成结构化报告。分类:competitor_analysis；对象:innovation_product_strategy；行业:engineering/manufacturing_process_engineering；任务:track_technologies_and_competitors；关键词:Hexcel Corp、automotive、industrial、composite、turbine。概述:本文概述Hexcel Corp.的业务与技术研发，并涵盖专利组合、竞争动态及市场趋势，可用于竞品跟踪和研发/IP决策。须含标题、摘要、结论、背景、技术/产品/市场/IP、风险机会、可落地建议、未来研究。,,,Hexcel Corp.,"[""competitor_analysis""]","[""Hexcel Corp"", ""automotive"", ""industrial"", ""composite"", ""turbine"", ""technical research"", ""patent portfolio"", ""competitor monitoring"", ""market trends""]",本文概述Hexcel Corp.的业务与技术研发，并涵盖专利组合、竞争动态及市场趋势，可用于竞品跟踪和研发/IP决策。,innovation_product_strategy,engineering,"[""track_technologies_and_competitors""]",2026-09-08,"[""manufacturing_process_engineering""]"
,请据《Leica Geosystems AG》生成结构化报告。分类:competitor_analysis；对象:innovation_product_strategy；行业:engineering/manufacturing_process_engineering；任务:track_technologies_and_competitors；关键词:Leica Geosystems AG、manufacturing、construction、industrial、software。概述:本文概述Leica Geosystems AG的业务与技术研发，并涵盖专利组合、竞争动态及市场趋势，可用于竞品跟踪和研发/IP决策。须含标题、摘要、结论、背景、技术/产品/市场/IP、风险机会、可落地建议、未来研究。,,,Leica Geosystems AG,"[""competitor_analysis""]","[""Leica Geosystems AG"", ""manufacturing"", ""construction"", ""industrial"", ""software"", ""technical research"", ""patent portfolio"", ""competitor monitoring"", ""market trends""]",本文概述Leica Geosystems AG的业务与技术研发，并涵盖专利组合、竞争动态及市场趋势，可用于竞品跟踪和研发/IP决策。,innovation_product_strategy,engineering,"[""track_technologies_and_competitors""]",2026-09-08,"[""manufacturing_process_engineering""]"
,"请据《ABB Automation, Inc.》生成结构化报告。分类:competitor_analysis；对象:innovation_product_strategy；行业:engineering/manufacturing_process_engineering；任务:track_technologies_and_competitors；关键词:ABB Automation, Inc、industrial、technical research、patent portfolio、competitor monitoring。概述:本文概述ABB Automation, Inc.的业务与技术研发，并涵盖专利组合、竞争动态及市场趋势，可用于竞品跟踪和研发/IP决策。须含标题、摘要、结论、背景、技术/产品/市场/IP、风险机会、可落地建议、未来研究。",,,"ABB Automation, Inc.","[""competitor_analysis""]","[""ABB Automation, Inc"", ""industrial"", ""technical research"", ""patent portfolio"", ""competitor monitoring"", ""market trends""]","本文概述ABB Automation, Inc.的业务与技术研发，并涵盖专利组合、竞争动态及市场趋势，可用于竞品跟踪和研发/IP决策。",innovation_product_strategy,engineering,"[""track_technologies_and_competitors""]",2026-09-08,"[""manufacturing_process_engineering""]"
,"请据《Fuji Electronics Co., Ltd.》生成结构化报告。分类:competitor_analysis；对象:innovation_product_strategy；行业:engineering/industrial_equipment；任务:track_technologies_and_competitors；关键词:Fuji Electronics Co., Ltd、technical research、patent portfolio、competitor monitoring、market trends。概述:本文概述Fuji Electronics Co., Ltd.的业务与技术研发，并涵盖专利组合、竞争动态及市场趋势，可用于竞品跟踪和研发/IP决策。须含标题、摘要、结论、背景、技术/产品/市场/IP、风险机会、可落地建议、未来研究。",,,"Fuji Electronics Co., Ltd.","[""competitor_analysis""]","[""Fuji Electronics Co., Ltd"", ""technical research"", ""patent portfolio"", ""competitor monitoring"", ""market trends""]","本文概述Fuji Electronics Co., Ltd.的业务与技术研发，并涵盖专利组合、竞争动态及市场趋势，可用于竞品跟踪和研发/IP决策。",innovation_product_strategy,engineering,"[""track_technologies_and_competitors""]",2026-09-08,"[""industrial_equipment""]"
,"请据《Kennametal, Inc.》生成结构化报告。分类:competitor_analysis；对象:innovation_product_strategy；行业:engineering/manufacturing_process_engineering；任务:track_technologies_and_competitors；关键词:Kennametal, Inc、infrastructure、manufacturing、industrial、car。概述:本文概述Kennametal, Inc.的业务与技术研发，并涵盖专利组合、竞争动态及市场趋势，可用于竞品跟踪和研发/IP决策。须含标题、摘要、结论、背景、技术/产品/市场/IP、风险机会、可落地建议、未来研究。",,,"Kennametal, Inc.","[""competitor_analysis""]","[""Kennametal, Inc"", ""infrastructure"", ""manufacturing"", ""industrial"", ""car"", ""technical research"", ""patent portfolio"", ""competitor monitoring"", ""market trends""]","本文概述Kennametal, Inc.的业务与技术研发，并涵盖专利组合、竞争动态及市场趋势，可用于竞品跟踪和研发/IP决策。",innovation_product_strategy,engineering,"[""track_technologies_and_competitors""]",2026-09-08,"[""manufacturing_process_engineering""]"
,"请据《Qingdao Haier Air Conditioning Electronics Co., Ltd.》生成结构化报告。分类:competitor_analysis；对象:innovation_product_strategy；行业:engineering/manufacturing_process_engineering；任务:track_technologies_and_competitors；关键词:Qingdao Haier Air Conditioning Electronics Co., Ltd、air conditioning、smart home、technical research、patent portfolio。概述:本文概述Qingdao Haier Air Conditioning Electronics Co., Ltd.的业务与技术研发，并涵盖专利组合、竞争动态及市场趋势，可用于竞品跟踪和研发/IP决策。须含标题、摘要、结论、背景、技术/产品/市场/IP、风险机会、可落地建议、未来研究。",,,"Qingdao Haier Air Conditioning Electronics Co., Ltd.","[""competitor_analysis""]","[""Qingdao Haier Air Conditioning Electronics Co., Ltd"", ""air conditioning"", ""smart home"", ""technical research"", ""patent portfolio"", ""competitor monitoring"", ""market trends""]","本文概述Qingdao Haier Air Conditioning Electronics Co., Ltd.的业务与技术研发，并涵盖专利组合、竞争动态及市场趋势，可用于竞品跟踪和研发/IP决策。",innovation_product_strategy,engineering,"[""track_technologies_and_competitors""]",2026-09-08,"[""manufacturing_process_engineering""]"
,"请据《S.C. Johnson & Son, Inc.》生成结构化报告。分类:competitor_analysis；对象:innovation_product_strategy；行业:engineering/mechanical_systems；任务:track_technologies_and_competitors；关键词:S.C. Johnson & Son, Inc、technical research、patent portfolio、competitor monitoring、market trends。概述:本文概述S.C. Johnson & Son, Inc.的业务与技术研发，并涵盖专利组合、竞争动态及市场趋势，可用于竞品跟踪和研发/IP决策。须含标题、摘要、结论、背景、技术/产品/市场/IP、风险机会、可落地建议、未来研究。",,,"S.C. Johnson & Son, Inc.","[""competitor_analysis""]","[""S.C. Johnson & Son, Inc"", ""technical research"", ""patent portfolio"", ""competitor monitoring"", ""market trends""]","本文概述S.C. Johnson & Son, Inc.的业务与技术研发，并涵盖专利组合、竞争动态及市场趋势，可用于竞品跟踪和研发/IP决策。",innovation_product_strategy,engineering,"[""track_technologies_and_competitors""]",2026-09-08,"[""mechanical_systems""]"
,请据《Procter & Gamble GmbH》生成结构化报告。分类:competitor_analysis；对象:innovation_product_strategy；行业:engineering/manufacturing_process_engineering；任务:track_technologies_and_competitors；关键词:Procter & Gamble GmbH、technical research、patent portfolio、competitor monitoring、market trends。概述:本文概述Procter & Gamble GmbH的业务与技术研发，并涵盖专利组合、竞争动态及市场趋势，可用于竞品跟踪和研发/IP决策。须含标题、摘要、结论、背景、技术/产品/市场/IP、风险机会、可落地建议、未来研究。,,,Procter & Gamble GmbH,"[""competitor_analysis""]","[""Procter & Gamble GmbH"", ""technical research"", ""patent portfolio"", ""competitor monitoring"", ""market trends""]",本文概述Procter & Gamble GmbH的业务与技术研发，并涵盖专利组合、竞争动态及市场趋势，可用于竞品跟踪和研发/IP决策。,innovation_product_strategy,engineering,"[""track_technologies_and_competitors""]",2026-09-08,"[""manufacturing_process_engineering""]"
,"请据《Guangdong OPPO Mobile Telecommunications Corp., Ltd.》生成结构化报告。分类:competitor_analysis；对象:innovation_product_strategy；行业:engineering/manufacturing_process_engineering；任务:track_technologies_and_competitors；关键词:Guangdong OPPO Mobile Telecommunications Corp., Ltd、technical research、patent portfolio、competitor monitoring、market trends。概述:本文概述Guangdong OPPO Mobile Telecommunications Corp., Ltd.的业务与技术研发，并涵盖专利组合、竞争动态及市场趋势，可用于竞品跟踪和研发/IP决策。须含标题、摘要、结论、背景、技术/产品/市场/IP、风险机会、可落地建议、未来研究。",,,"Guangdong OPPO Mobile Telecommunications Corp., Ltd.","[""competitor_analysis""]","[""Guangdong OPPO Mobile Telecommunications Corp., Ltd"", ""technical research"", ""patent portfolio"", ""competitor monitoring"", ""market trends""]","本文概述Guangdong OPPO Mobile Telecommunications Corp., Ltd.的业务与技术研发，并涵盖专利组合、竞争动态及市场趋势，可用于竞品跟踪和研发/IP决策。",innovation_product_strategy,engineering,"[""track_technologies_and_competitors""]",2026-09-08,"[""manufacturing_process_engineering""]"
,"请据《Fujian Electric Power Co., Ltd. Quanzhou Electric Power Technology Research Institute》生成结构化报告。分类:competitor_analysis；对象:innovation_product_strategy；行业:engineering/mechanical_systems；任务:track_technologies_and_competitors；关键词:technical research、patent portfolio、competitor monitoring、market trends、technical validation。概述:本文概述Fujian Electric Power Co., Ltd. Quanzhou Electric Power Technology Research Institute的业务与技术研发，并涵盖专利组合、竞争动态及市场趋势，可用于竞品跟踪和研发/IP决策。须含标题、摘要、结论、背景、技术/产品/市场/IP、风险机会、可落地建议、未来研究。",,,"Fujian Electric Power Co., Ltd. Quanzhou Electric Power Technology Research Institute","[""competitor_analysis""]","[""technical research"", ""patent portfolio"", ""competitor monitoring"", ""market trends"", ""technical validation""]","本文概述Fujian Electric Power Co., Ltd. Quanzhou Electric Power Technology Research Institute的业务与技术研发，并涵盖专利组合、竞争动态及市场趋势，可用于竞品跟踪和研发/IP决策。",innovation_product_strategy,engineering,"[""track_technologies_and_competitors""]",2026-09-08,"[""mechanical_systems""]"
,请据《manroland AG》生成结构化报告。分类:competitor_analysis；对象:innovation_product_strategy；行业:engineering/manufacturing_process_engineering；任务:track_technologies_and_competitors；关键词:manroland AG、technical research、patent portfolio、competitor monitoring、market trends。概述:本文概述manroland AG的业务与技术研发，并涵盖专利组合、竞争动态及市场趋势，可用于竞品跟踪和研发/IP决策。须含标题、摘要、结论、背景、技术/产品/市场/IP、风险机会、可落地建议、未来研究。,,,manroland AG,"[""competitor_analysis""]","[""manroland AG"", ""technical research"", ""patent portfolio"", ""competitor monitoring"", ""market trends""]",本文概述manroland AG的业务与技术研发，并涵盖专利组合、竞争动态及市场趋势，可用于竞品跟踪和研发/IP决策。,innovation_product_strategy,engineering,"[""track_technologies_and_competitors""]",2026-09-08,"[""manufacturing_process_engineering""]"
,请据《Atlas Copco AB》生成结构化报告。分类:competitor_analysis；对象:innovation_product_strategy；行业:engineering/manufacturing_process_engineering；任务:track_technologies_and_competitors；关键词:Atlas Copco AB、compressor、industrial、software、technical research。概述:本文概述Atlas Copco AB的业务与技术研发，并涵盖专利组合、竞争动态及市场趋势，可用于竞品跟踪和研发/IP决策。须含标题、摘要、结论、背景、技术/产品/市场/IP、风险机会、可落地建议、未来研究。,,,Atlas Copco AB,"[""competitor_analysis""]","[""Atlas Copco AB"", ""compressor"", ""industrial"", ""software"", ""technical research"", ""patent portfolio"", ""competitor monitoring"", ""market trends""]",本文概述Atlas Copco AB的业务与技术研发，并涵盖专利组合、竞争动态及市场趋势，可用于竞品跟踪和研发/IP决策。,innovation_product_strategy,engineering,"[""track_technologies_and_competitors""]",2026-09-08,"[""manufacturing_process_engineering""]"
,"请据《Mabuchi Motor Co., Ltd.》生成结构化报告。分类:competitor_analysis；对象:innovation_product_strategy；行业:engineering/manufacturing_process_engineering；任务:track_technologies_and_competitors；关键词:Mabuchi Motor Co., Ltd、motor、automotive、car、technical research。概述:本文概述Mabuchi Motor Co., Ltd.的业务与技术研发，并涵盖专利组合、竞争动态及市场趋势，可用于竞品跟踪和研发/IP决策。须含标题、摘要、结论、背景、技术/产品/市场/IP、风险机会、可落地建议、未来研究。",,,"Mabuchi Motor Co., Ltd.","[""competitor_analysis""]","[""Mabuchi Motor Co., Ltd"", ""motor"", ""automotive"", ""car"", ""technical research"", ""patent portfolio"", ""competitor monitoring"", ""market trends""]","本文概述Mabuchi Motor Co., Ltd.的业务与技术研发，并涵盖专利组合、竞争动态及市场趋势，可用于竞品跟踪和研发/IP决策。",innovation_product_strategy,engineering,"[""track_technologies_and_competitors""]",2026-09-08,"[""manufacturing_process_engineering""]"
,请据《International Paper Co.》生成结构化报告。分类:competitor_analysis；对象:innovation_product_strategy；行业:engineering/manufacturing_process_engineering；任务:track_technologies_and_competitors；关键词:International Paper Co、manufacturing、industrial、technical research、patent portfolio。概述:本文概述International Paper Co.的业务与技术研发，并涵盖专利组合、竞争动态及市场趋势，可用于竞品跟踪和研发/IP决策。须含标题、摘要、结论、背景、技术/产品/市场/IP、风险机会、可落地建议、未来研究。,,,International Paper Co.,"[""competitor_analysis""]","[""International Paper Co"", ""manufacturing"", ""industrial"", ""technical research"", ""patent portfolio"", ""competitor monitoring"", ""market trends""]",本文概述International Paper Co.的业务与技术研发，并涵盖专利组合、竞争动态及市场趋势，可用于竞品跟踪和研发/IP决策。,innovation_product_strategy,engineering,"[""track_technologies_and_competitors""]",2026-09-08,"[""manufacturing_process_engineering""]"
,请据《KITZ Corp.》生成结构化报告。分类:competitor_analysis；对象:innovation_product_strategy；行业:engineering/manufacturing_process_engineering；任务:track_technologies_and_competitors；关键词:KITZ Corp、manufacturing、industrial、steel、valve。概述:本文概述KITZ Corp.的业务与技术研发，并涵盖专利组合、竞争动态及市场趋势，可用于竞品跟踪和研发/IP决策。须含标题、摘要、结论、背景、技术/产品/市场/IP、风险机会、可落地建议、未来研究。,,,KITZ Corp.,"[""competitor_analysis""]","[""KITZ Corp"", ""manufacturing"", ""industrial"", ""steel"", ""valve"", ""technical research"", ""patent portfolio"", ""competitor monitoring"", ""market trends""]",本文概述KITZ Corp.的业务与技术研发，并涵盖专利组合、竞争动态及市场趋势，可用于竞品跟踪和研发/IP决策。,innovation_product_strategy,engineering,"[""track_technologies_and_competitors""]",2026-09-08,"[""manufacturing_process_engineering""]"
,请据《Katholieke Universiteit Leuven》生成结构化报告。分类:competitor_analysis；对象:innovation_product_strategy；行业:engineering/mechanical_systems；任务:track_technologies_and_competitors；关键词:Katholieke Universiteit Leuven、technical research、patent portfolio、competitor monitoring、market trends。概述:本文概述Katholieke Universiteit Leuven的业务与技术研发，并涵盖专利组合、竞争动态及市场趋势，可用于竞品跟踪和研发/IP决策。须含标题、摘要、结论、背景、技术/产品/市场/IP、风险机会、可落地建议、未来研究。,,,Katholieke Universiteit Leuven,"[""competitor_analysis""]","[""Katholieke Universiteit Leuven"", ""technical research"", ""patent portfolio"", ""competitor monitoring"", ""market trends""]",本文概述Katholieke Universiteit Leuven的业务与技术研发，并涵盖专利组合、竞争动态及市场趋势，可用于竞品跟踪和研发/IP决策。,innovation_product_strategy,engineering,"[""track_technologies_and_competitors""]",2026-09-08,"[""mechanical_systems""]"
,请据《Sikorsky Aircraft Corp.》生成结构化报告。分类:competitor_analysis；对象:innovation_product_strategy；行业:engineering/manufacturing_process_engineering；任务:track_technologies_and_competitors；关键词:Sikorsky Aircraft Corp、manufacturing、technical research、patent portfolio、competitor monitoring。概述:本文概述Sikorsky Aircraft Corp.的业务与技术研发，并涵盖专利组合、竞争动态及市场趋势，可用于竞品跟踪和研发/IP决策。须含标题、摘要、结论、背景、技术/产品/市场/IP、风险机会、可落地建议、未来研究。,,,Sikorsky Aircraft Corp.,"[""competitor_analysis""]","[""Sikorsky Aircraft Corp"", ""manufacturing"", ""technical research"", ""patent portfolio"", ""competitor monitoring"", ""market trends""]",本文概述Sikorsky Aircraft Corp.的业务与技术研发，并涵盖专利组合、竞争动态及市场趋势，可用于竞品跟踪和研发/IP决策。,innovation_product_strategy,engineering,"[""track_technologies_and_competitors""]",2026-09-08,"[""manufacturing_process_engineering""]"
,"请据《Nikkiso Co., Ltd.》生成结构化报告。分类:competitor_analysis；对象:innovation_product_strategy；行业:engineering/manufacturing_process_engineering；任务:track_technologies_and_competitors；关键词:Nikkiso Co., Ltd、quality control、industrial、plastic、cfrp。概述:本文概述Nikkiso Co., Ltd.的业务与技术研发，并涵盖专利组合、竞争动态及市场趋势，可用于竞品跟踪和研发/IP决策。须含标题、摘要、结论、背景、技术/产品/市场/IP、风险机会、可落地建议、未来研究。",,,"Nikkiso Co., Ltd.","[""competitor_analysis""]","[""Nikkiso Co., Ltd"", ""quality control"", ""industrial"", ""plastic"", ""cfrp"", ""technical research"", ""patent portfolio"", ""competitor monitoring"", ""market trends""]","本文概述Nikkiso Co., Ltd.的业务与技术研发，并涵盖专利组合、竞争动态及市场趋势，可用于竞品跟踪和研发/IP决策。",innovation_product_strategy,engineering,"[""track_technologies_and_competitors""]",2026-09-08,"[""manufacturing_process_engineering""]"
,请据《W.R. Grace & Co.》生成结构化报告。分类:competitor_analysis；对象:innovation_product_strategy；行业:engineering/manufacturing_process_engineering；任务:track_technologies_and_competitors；关键词:W.R. Grace & Co、pharmaceutical、manufacturing、industrial、beverage。概述:本文概述W.R. Grace & Co.的业务与技术研发，并涵盖专利组合、竞争动态及市场趋势，可用于竞品跟踪和研发/IP决策。须含标题、摘要、结论、背景、技术/产品/市场/IP、风险机会、可落地建议、未来研究。,,,W.R. Grace & Co.,"[""competitor_analysis""]","[""W.R. Grace & Co"", ""pharmaceutical"", ""manufacturing"", ""industrial"", ""beverage"", ""chemical"", ""food"", ""technical research"", ""patent portfolio"", ""competitor monitoring"", ""market trends""]",本文概述W.R. Grace & Co.的业务与技术研发，并涵盖专利组合、竞争动态及市场趋势，可用于竞品跟踪和研发/IP决策。,innovation_product_strategy,engineering,"[""track_technologies_and_competitors""]",2026-09-08,"[""manufacturing_process_engineering""]"
,请据《E.I. du Pont de Nemours & Co.》生成结构化报告。分类:competitor_analysis；对象:innovation_product_strategy；行业:farming_production/crop_science；任务:track_technologies_and_competitors；关键词:E.I. du Pont de Nemours & Co、construction、agriculture、technical research、patent portfolio。概述:本文概述E.I. du Pont de Nemours & Co.的业务与技术研发，并涵盖专利组合、竞争动态及市场趋势，可用于竞品跟踪和研发/IP决策。须含标题、摘要、结论、背景、技术/产品/市场/IP、风险机会、可落地建议、未来研究。,,,E.I. du Pont de Nemours & Co.,"[""competitor_analysis""]","[""E.I. du Pont de Nemours & Co"", ""construction"", ""agriculture"", ""technical research"", ""patent portfolio"", ""competitor monitoring"", ""market trends""]",本文概述E.I. du Pont de Nemours & Co.的业务与技术研发，并涵盖专利组合、竞争动态及市场趋势，可用于竞品跟踪和研发/IP决策。,innovation_product_strategy,farming_production,"[""track_technologies_and_competitors""]",2026-09-08,"[""crop_science""]"
,"请据《Crop Protection Biological vs Chemical Actives Trade-offs》生成结构化报告。分类:opportunity_brief；对象:innovation_product_strategy；行业:farming_production/crop_science；任务:evaluate_r_and_d_directions,identify_innovation_opportunities；关键词:chemical、crop、Crop Protection Biological、Chemical Actives Trade-offs、biological active agent provides。概述:本文比较chemical、crop、Crop Protection Biological在性能、成本、可靠性和适用条件上的差异，并给出验证思路，为技术选型与研发决策提供参考。须含标题、摘要、结论、背景、技术/产品/市场/IP、风险机会、可落地建议、未来研究。",,,Crop Protection Biological vs Chemical Actives Trade-offs,"[""opportunity_brief""]","[""chemical"", ""crop"", ""Crop Protection Biological"", ""Chemical Actives Trade-offs"", ""biological active agent provides"", ""agent provides insufficient pest"", ""acting too slowly"", ""inconsistent efficacy""]",本文比较chemical、crop、Crop Protection Biological在性能、成本、可靠性和适用条件上的差异，并给出验证思路，为技术选型与研发决策提供参考。,innovation_product_strategy,farming_production,"[""evaluate_r_and_d_directions"", ""identify_innovation_opportunities""]",2026-09-08,"[""crop_science""]"
,"请据《Crop Protection Timing Strategies for Disease Prevention》生成结构化报告。分类:risk_watch；对象:rd_engineer_inventor；行业:farming_production/crop_science；任务:find_technical_solutions,assess_technical_feasibility；关键词:crop、Crop Protection Timing、Disease Prevention、timing、not。概述:本文分析crop、Crop Protection Timing、Disease Prevention的失效机理、风险来源与控制方法，并给出检测或验证要点，为降低研发和应用风险提供参考。须含标题、摘要、结论、背景、技术/产品/市场/IP、风险机会、可落地建议、未来研究。",,,Crop Protection Timing Strategies for Disease Prevention,"[""risk_watch""]","[""crop"", ""Crop Protection Timing"", ""Disease Prevention"", ""timing"", ""not"", ""crop protection"", ""precisely enough relative"", ""pathogen infection""]",本文分析crop、Crop Protection Timing、Disease Prevention的失效机理、风险来源与控制方法，并给出检测或验证要点，为降低研发和应用风险提供参考。,rd_engineer_inventor,farming_production,"[""find_technical_solutions"", ""assess_technical_feasibility""]",2026-09-08,"[""crop_science""]"
,"请据《How to Assess Crop Protection Efficacy on Herbicide-Tolerant Weeds》生成结构化报告。分类:scout_report；对象:rd_engineer_inventor；行业:farming_production/crop_science；任务:find_technical_solutions,explore_existing_technologies；关键词:herbicide、crop、Crop Protection Efficacy、Herbicide-Tolerant Weeds、efficacy measurement structure insufficiently。概述:本文梳理herbicide、crop、Crop Protection Efficacy的技术原理、研究或验证方法与应用证据，并讨论性能和可行性，为研发方向选择与后续验证提供参考。须含标题、摘要、结论、背景、技术/产品/市场/IP、风险机会、可落地建议、未来研究。",,,How to Assess Crop Protection Efficacy on Herbicide-Tolerant Weeds,"[""scout_report""]","[""herbicide"", ""crop"", ""Crop Protection Efficacy"", ""Herbicide-Tolerant Weeds"", ""efficacy measurement structure insufficiently"", ""measurement structure insufficiently detects"", ""quantifies herbicide impact"", ""tolerant weeds because""]",本文梳理herbicide、crop、Crop Protection Efficacy的技术原理、研究或验证方法与应用证据，并讨论性能和可行性，为研发方向选择与后续验证提供参考。,rd_engineer_inventor,farming_production,"[""find_technical_solutions"", ""explore_existing_technologies""]",2026-09-08,"[""crop_science""]"
,"请据《KOHJIN Co., Ltd.》生成结构化报告。分类:competitor_analysis；对象:innovation_product_strategy；行业:food/food_packaging；任务:track_technologies_and_competitors；关键词:KOHJIN Co., Ltd、building、food、technical research、patent portfolio。概述:本文概述KOHJIN Co., Ltd.的业务与技术研发，并涵盖专利组合、竞争动态及市场趋势，可用于竞品跟踪和研发/IP决策。须含标题、摘要、结论、背景、技术/产品/市场/IP、风险机会、可落地建议、未来研究。",,,"KOHJIN Co., Ltd.","[""competitor_analysis""]","[""KOHJIN Co., Ltd"", ""building"", ""food"", ""technical research"", ""patent portfolio"", ""competitor monitoring"", ""market trends""]","本文概述KOHJIN Co., Ltd.的业务与技术研发，并涵盖专利组合、竞争动态及市场趋势，可用于竞品跟踪和研发/IP决策。",innovation_product_strategy,food,"[""track_technologies_and_competitors""]",2026-09-08,"[""food_packaging""]"
,"请据《Vapour extraction device for a food preparation device, use and system》生成结构化报告。分类:case；对象:rd_engineer_inventor；行业:food/food_processing；任务:find_technical_solutions,generate_product_ideas；关键词:food preparation、food、Vapour extraction、portable extraction、integrated mounting surface reduces。概述:本文以food preparation、food、Vapour extraction为案例，解析具体工程问题、解决构型及预期效果，为类似产品或工艺的技术改进与创新提供参考。须含标题、摘要、结论、背景、技术/产品/市场/IP、风险机会、可落地建议、未来研究。",,,"Vapour extraction device for a food preparation device, use and system","[""case""]","[""food preparation"", ""food"", ""Vapour extraction"", ""portable extraction"", ""integrated mounting surface reduces"", ""mounting surface reduces extraction""]",本文以food preparation、food、Vapour extraction为案例，解析具体工程问题、解决构型及预期效果，为类似产品或工艺的技术改进与创新提供参考。,rd_engineer_inventor,food,"[""find_technical_solutions"", ""generate_product_ideas""]",2026-09-08,"[""food_processing""]"
,"请据《Culinary aid》生成结构化报告。分类:case；对象:rd_engineer_inventor；行业:food/food_processing；任务:find_technical_solutions,generate_product_ideas；关键词:culinary、Culinary aid、suction-fastened kitchen aid、adjustable positioning、safe single-handed。概述:本文以culinary、Culinary aid、suction-fastened kitchen aid为案例，解析具体工程问题、解决构型及预期效果，为类似产品或工艺的技术改进与创新提供参考。须含标题、摘要、结论、背景、技术/产品/市场/IP、风险机会、可落地建议、未来研究。",,,Culinary aid,"[""case""]","[""culinary"", ""Culinary aid"", ""suction-fastened kitchen aid"", ""adjustable positioning"", ""safe single-handed""]",本文以culinary、Culinary aid、suction-fastened kitchen aid为案例，解析具体工程问题、解决构型及预期效果，为类似产品或工艺的技术改进与创新提供参考。,rd_engineer_inventor,food,"[""find_technical_solutions"", ""generate_product_ideas""]",2026-09-08,"[""food_processing""]"
,"请据《Cooking Appliance Parameter Adjustment Based on Cookware Attributes》生成结构化报告。分类:case；对象:rd_engineer_inventor；行业:food/food_processing；任务:find_technical_solutions,generate_product_ideas；关键词:cookware、cooking、Cooking Appliance Parameter Adjustment、Cookware Attributes、cooking appliance detects cookware。概述:本文以cookware、cooking、Cooking Appliance Parameter Adjustment为案例，解析具体工程问题、解决构型及预期效果，为类似产品或工艺的技术改进与创新提供参考。须含标题、摘要、结论、背景、技术/产品/市场/IP、风险机会、可落地建议、未来研究。",,,Cooking Appliance Parameter Adjustment Based on Cookware Attributes,"[""case""]","[""cookware"", ""cooking"", ""Cooking Appliance Parameter Adjustment"", ""Cookware Attributes"", ""cooking appliance detects cookware"", ""detects cookware size weight"", ""color"", ""automatically adjust""]",本文以cookware、cooking、Cooking Appliance Parameter Adjustment为案例，解析具体工程问题、解决构型及预期效果，为类似产品或工艺的技术改进与创新提供参考。,rd_engineer_inventor,food,"[""find_technical_solutions"", ""generate_product_ideas""]",2026-09-08,"[""food_processing""]"
,"请据《Cooking assistance appliance》生成结构化报告。分类:case；对象:rd_engineer_inventor；行业:food/food_processing；任务:find_technical_solutions,generate_product_ideas；关键词:cooking、Cooking assistance appliance、integrated optical thermal、acoustic sensors monitor cooking、sensors monitor cooking surfaces。概述:本文以cooking、Cooking assistance appliance、integrated optical thermal为案例，解析具体工程问题、解决构型及预期效果，为类似产品或工艺的技术改进与创新提供参考。须含标题、摘要、结论、背景、技术/产品/市场/IP、风险机会、可落地建议、未来研究。",,,Cooking assistance appliance,"[""case""]","[""cooking"", ""Cooking assistance appliance"", ""integrated optical thermal"", ""acoustic sensors monitor cooking"", ""sensors monitor cooking surfaces"", ""detect""]",本文以cooking、Cooking assistance appliance、integrated optical thermal为案例，解析具体工程问题、解决构型及预期效果，为类似产品或工艺的技术改进与创新提供参考。,rd_engineer_inventor,food,"[""find_technical_solutions"", ""generate_product_ideas""]",2026-09-08,"[""food_processing""]"
,"请据《Multi-Utilitarian Spork-Knife-Chopstick Implement for Portable Dining》生成结构化报告。分类:case；对象:rd_engineer_inventor；行业:food/food_formulation；任务:find_technical_solutions,generate_product_ideas；关键词:spork、Multi-Utilitarian Spork-Knife-Chopstick Implement、Portable Dining、detachable spork-knife-chopstick implement merges、merges four cutlery functions。概述:本文以spork、Multi-Utilitarian Spork-Knife-Chopstick Implement、Portable Dining为案例，解析具体工程问题、解决构型及预期效果，为类似产品或工艺的技术改进与创新提供参考。须含标题、摘要、结论、背景、技术/产品/市场/IP、风险机会、可落地建议、未来研究。",,,Multi-Utilitarian Spork-Knife-Chopstick Implement for Portable Dining,"[""case""]","[""spork"", ""Multi-Utilitarian Spork-Knife-Chopstick Implement"", ""Portable Dining"", ""detachable spork-knife-chopstick implement merges"", ""merges four cutlery functions"", ""one""]",本文以spork、Multi-Utilitarian Spork-Knife-Chopstick Implement、Portable Dining为案例，解析具体工程问题、解决构型及预期效果，为类似产品或工艺的技术改进与创新提供参考。,rd_engineer_inventor,food,"[""find_technical_solutions"", ""generate_product_ideas""]",2026-09-08,"[""food_formulation""]"
,"请据《Acoustic muffler for a motorized food processing device》生成结构化报告。分类:case；对象:rd_engineer_inventor；行业:food/food_processing；任务:find_technical_solutions,generate_product_ideas；关键词:food processing、food、Acoustic muffler、motorized food processing、motor。概述:本文以food processing、food、Acoustic muffler为案例，解析具体工程问题、解决构型及预期效果，为类似产品或工艺的技术改进与创新提供参考。须含标题、摘要、结论、背景、技术/产品/市场/IP、风险机会、可落地建议、未来研究。",,,Acoustic muffler for a motorized food processing device,"[""case""]","[""food processing"", ""food"", ""Acoustic muffler"", ""motorized food processing"", ""motor"", ""multi-chamber acoustic muffler"", ""tuned cross-sectional areas reduces"", ""areas reduces motor noise""]",本文以food processing、food、Acoustic muffler为案例，解析具体工程问题、解决构型及预期效果，为类似产品或工艺的技术改进与创新提供参考。,rd_engineer_inventor,food,"[""find_technical_solutions"", ""generate_product_ideas""]",2026-09-08,"[""food_processing""]"
,"请据《Air Fryer Heating Assembly Layout to Reduce Airflow Energy Loss》生成结构化报告。分类:case；对象:rd_engineer_inventor；行业:food/food_processing；任务:find_technical_solutions,generate_product_ideas；关键词:air fryer、airflow、Air Fryer Heating Assembly、Fryer Heating Assembly Layout、Airflow Energy Loss。概述:本文以air fryer、airflow、Air Fryer Heating Assembly为案例，解析具体工程问题、解决构型及预期效果，为类似产品或工艺的技术改进与创新提供参考。须含标题、摘要、结论、背景、技术/产品/市场/IP、风险机会、可落地建议、未来研究。",,,Air Fryer Heating Assembly Layout to Reduce Airflow Energy Loss,"[""case""]","[""air fryer"", ""airflow"", ""Air Fryer Heating Assembly"", ""Fryer Heating Assembly Layout"", ""Airflow Energy Loss"", ""separating"", ""fan"", ""heating element""]",本文以air fryer、airflow、Air Fryer Heating Assembly为案例，解析具体工程问题、解决构型及预期效果，为类似产品或工艺的技术改进与创新提供参考。,rd_engineer_inventor,food,"[""find_technical_solutions"", ""generate_product_ideas""]",2026-09-08,"[""food_processing""]"
,"请据《Container for heating frozen filling-wrapping food in microwave oven and heating method using the same》生成结构化报告。分类:case；对象:rd_engineer_inventor；行业:food/food_packaging；任务:find_technical_solutions,generate_product_ideas；关键词:microwave oven、food、Container、heating frozen filling-wrapping food、heating。概述:本文以microwave oven、food、Container为案例，解析具体工程问题、解决构型及预期效果，为类似产品或工艺的技术改进与创新提供参考。须含标题、摘要、结论、背景、技术/产品/市场/IP、风险机会、可落地建议、未来研究。",,,Container for heating frozen filling-wrapping food in microwave oven and heating method using the same,"[""case""]","[""microwave oven"", ""food"", ""Container"", ""heating frozen filling-wrapping food"", ""heating"", ""composite"", ""polymer"", ""polymer-heating element composite""]",本文以microwave oven、food、Container为案例，解析具体工程问题、解决构型及预期效果，为类似产品或工艺的技术改进与创新提供参考。,rd_engineer_inventor,food,"[""find_technical_solutions"", ""generate_product_ideas""]",2026-09-08,"[""food_packaging""]"
,"请据《CrₓN₁₋ₓ Coating for Cookware Wear Resistance and Non-Stick Performance》生成结构化报告。分类:case；对象:rd_engineer_inventor；行业:food/food_formulation；任务:find_technical_solutions,generate_product_ideas；关键词:cookware、coating、Cr N Coating、Cookware Wear Resistance、Non-Stick。概述:本文以cookware、coating、Cr N Coating为案例，解析具体工程问题、解决构型及预期效果，为类似产品或工艺的技术改进与创新提供参考。须含标题、摘要、结论、背景、技术/产品/市场/IP、风险机会、可落地建议、未来研究。",,,CrₓN₁₋ₓ Coating for Cookware Wear Resistance and Non-Stick Performance,"[""case""]","[""cookware"", ""coating"", ""Cr N Coating"", ""Cookware Wear Resistance"", ""Non-Stick"", ""Cr N coating replaces"", ""N coating replaces PTFE"", ""achieve 20 000 abrasion""]",本文以cookware、coating、Cr N Coating为案例，解析具体工程问题、解决构型及预期效果，为类似产品或工艺的技术改进与创新提供参考。,rd_engineer_inventor,food,"[""find_technical_solutions"", ""generate_product_ideas""]",2026-09-08,"[""food_formulation""]"
,"请据《IBIDEN Co., Ltd.》生成结构化报告。分类:competitor_analysis；对象:innovation_product_strategy；行业:materials/polymers_and_resins；任务:track_technologies_and_competitors；关键词:IBIDEN Co., Ltd、agricultural、ceramic、resin、technical research。概述:本文概述IBIDEN Co., Ltd.的业务与技术研发，并涵盖专利组合、竞争动态及市场趋势，可用于竞品跟踪和研发/IP决策。须含标题、摘要、结论、背景、技术/产品/市场/IP、风险机会、可落地建议、未来研究。",,,"IBIDEN Co., Ltd.","[""competitor_analysis""]","[""IBIDEN Co., Ltd"", ""agricultural"", ""ceramic"", ""resin"", ""technical research"", ""patent portfolio"", ""competitor monitoring"", ""market trends""]","本文概述IBIDEN Co., Ltd.的业务与技术研发，并涵盖专利组合、竞争动态及市场趋势，可用于竞品跟踪和研发/IP决策。",innovation_product_strategy,materials,"[""track_technologies_and_competitors""]",2026-09-08,"[""polymers_and_resins""]"
,请据《Atotech Deutschland GmbH & Co. KG》生成结构化报告。分类:competitor_analysis；对象:innovation_product_strategy；行业:materials/coatings_and_surfaces；任务:track_technologies_and_competitors；关键词:Atotech Deutschland GmbH & Co. KG、metal、technical research、patent portfolio、competitor monitoring。概述:本文概述Atotech Deutschland GmbH & Co. KG的业务与技术研发，并涵盖专利组合、竞争动态及市场趋势，可用于竞品跟踪和研发/IP决策。须含标题、摘要、结论、背景、技术/产品/市场/IP、风险机会、可落地建议、未来研究。,,,Atotech Deutschland GmbH & Co. KG,"[""competitor_analysis""]","[""Atotech Deutschland GmbH & Co. KG"", ""metal"", ""technical research"", ""patent portfolio"", ""competitor monitoring"", ""market trends""]",本文概述Atotech Deutschland GmbH & Co. KG的业务与技术研发，并涵盖专利组合、竞争动态及市场趋势，可用于竞品跟踪和研发/IP决策。,innovation_product_strategy,materials,"[""track_technologies_and_competitors""]",2026-09-08,"[""coatings_and_surfaces""]"
,"请据《Kobe Steel, Ltd.》生成结构化报告。分类:competitor_analysis；对象:innovation_product_strategy；行业:materials/metals_and_alloys；任务:track_technologies_and_competitors；关键词:Kobe Steel, Ltd、steel、stainless steel、construction、aluminum。概述:本文概述Kobe Steel, Ltd.的业务与技术研发，并涵盖专利组合、竞争动态及市场趋势，可用于竞品跟踪和研发/IP决策。须含标题、摘要、结论、背景、技术/产品/市场/IP、风险机会、可落地建议、未来研究。",,,"Kobe Steel, Ltd.","[""competitor_analysis""]","[""Kobe Steel, Ltd"", ""steel"", ""stainless steel"", ""construction"", ""aluminum"", ""titanium"", ""plastic"", ""welding"", ""technical research"", ""patent portfolio"", ""competitor monitoring"", ""market trends""]","本文概述Kobe Steel, Ltd.的业务与技术研发，并涵盖专利组合、竞争动态及市场趋势，可用于竞品跟踪和研发/IP决策。",innovation_product_strategy,materials,"[""track_technologies_and_competitors""]",2026-09-08,"[""metals_and_alloys""]"
,请据《Search results for “Metallurgy” companies》生成结构化报告。分类:market_landscape；对象:innovation_product_strategy；行业:materials/metals_and_alloys；任务:track_technologies_and_competitors；关键词:Search results for “Metallurgy” companies、metallurgy、technical research、patent portfolio、competitor monitoring。概述:本文概述Search results for “Metallurgy” companies的业务与技术研发，并涵盖专利组合、竞争动态及市场趋势，可用于竞品跟踪和研发/IP决策。须含标题、摘要、结论、背景、技术/产品/市场/IP、风险机会、可落地建议、未来研究。,,,Search results for “Metallurgy” companies,"[""market_landscape""]","[""Search results for “Metallurgy” companies"", ""metallurgy"", ""technical research"", ""patent portfolio"", ""competitor monitoring"", ""market trends""]",本文概述Search results for “Metallurgy” companies的业务与技术研发，并涵盖专利组合、竞争动态及市场趋势，可用于竞品跟踪和研发/IP决策。,innovation_product_strategy,materials,"[""track_technologies_and_competitors""]",2026-09-08,"[""metals_and_alloys""]"
,"请据《Shandong Iron & Steel Co., Ltd.》生成结构化报告。分类:competitor_analysis；对象:innovation_product_strategy；行业:materials/metals_and_alloys；任务:track_technologies_and_competitors；关键词:Shandong Iron & Steel Co., Ltd、steel、metal、technical research、patent portfolio。概述:本文概述Shandong Iron & Steel Co., Ltd.的业务与技术研发，并涵盖专利组合、竞争动态及市场趋势，可用于竞品跟踪和研发/IP决策。须含标题、摘要、结论、背景、技术/产品/市场/IP、风险机会、可落地建议、未来研究。",,,"Shandong Iron & Steel Co., Ltd.","[""competitor_analysis""]","[""Shandong Iron & Steel Co., Ltd"", ""steel"", ""metal"", ""technical research"", ""patent portfolio"", ""competitor monitoring"", ""market trends""]","本文概述Shandong Iron & Steel Co., Ltd.的业务与技术研发，并涵盖专利组合、竞争动态及市场趋势，可用于竞品跟踪和研发/IP决策。",innovation_product_strategy,materials,"[""track_technologies_and_competitors""]",2026-09-08,"[""metals_and_alloys""]"
,请据《Nisshinbo Textile Inc.》生成结构化报告。分类:competitor_analysis；对象:innovation_product_strategy；行业:materials/polymers_and_resins；任务:track_technologies_and_competitors；关键词:Nisshinbo Textile Inc、textile、industrial、technical research、patent portfolio。概述:本文概述Nisshinbo Textile Inc.的业务与技术研发，并涵盖专利组合、竞争动态及市场趋势，可用于竞品跟踪和研发/IP决策。须含标题、摘要、结论、背景、技术/产品/市场/IP、风险机会、可落地建议、未来研究。,,,Nisshinbo Textile Inc.,"[""competitor_analysis""]","[""Nisshinbo Textile Inc"", ""textile"", ""industrial"", ""technical research"", ""patent portfolio"", ""competitor monitoring"", ""market trends""]",本文概述Nisshinbo Textile Inc.的业务与技术研发，并涵盖专利组合、竞争动态及市场趋势，可用于竞品跟踪和研发/IP决策。,innovation_product_strategy,materials,"[""track_technologies_and_competitors""]",2026-09-08,"[""polymers_and_resins""]"
,请据《JSW》生成结构化报告。分类:competitor_analysis；对象:innovation_product_strategy；行业:materials/polymers_and_resins；任务:track_technologies_and_competitors；关键词:JSW、industrial、steel、technical research、patent portfolio。概述:本文概述JSW的业务与技术研发，并涵盖专利组合、竞争动态及市场趋势，可用于竞品跟踪和研发/IP决策。须含标题、摘要、结论、背景、技术/产品/市场/IP、风险机会、可落地建议、未来研究。,,,JSW,"[""competitor_analysis""]","[""JSW"", ""industrial"", ""steel"", ""technical research"", ""patent portfolio"", ""competitor monitoring"", ""market trends""]",本文概述JSW的业务与技术研发，并涵盖专利组合、竞争动态及市场趋势，可用于竞品跟踪和研发/IP决策。,innovation_product_strategy,materials,"[""track_technologies_and_competitors""]",2026-09-08,"[""polymers_and_resins""]"
,请据《X Corp. (United States)》生成结构化报告。分类:competitor_analysis；对象:innovation_product_strategy；行业:materials/advanced_materials；任务:track_technologies_and_competitors；关键词:X Corp. (United States、networking、glass、technical research、patent portfolio。概述:本文概述X Corp. (United States)的业务与技术研发，并涵盖专利组合、竞争动态及市场趋势，可用于竞品跟踪和研发/IP决策。须含标题、摘要、结论、背景、技术/产品/市场/IP、风险机会、可落地建议、未来研究。,,,X Corp. (United States),"[""competitor_analysis""]","[""X Corp. (United States"", ""networking"", ""glass"", ""technical research"", ""patent portfolio"", ""competitor monitoring"", ""market trends""]",本文概述X Corp. (United States)的业务与技术研发，并涵盖专利组合、竞争动态及市场趋势，可用于竞品跟踪和研发/IP决策。,innovation_product_strategy,materials,"[""track_technologies_and_competitors""]",2026-09-08,"[""advanced_materials""]"
,请据《Nippon Sanso KK》生成结构化报告。分类:competitor_analysis；对象:innovation_product_strategy；行业:materials/metals_and_alloys；任务:track_technologies_and_competitors；关键词:Nippon Sanso KK、stainless steel、industrial、steel、technical research。概述:本文概述Nippon Sanso KK的业务与技术研发，并涵盖专利组合、竞争动态及市场趋势，可用于竞品跟踪和研发/IP决策。须含标题、摘要、结论、背景、技术/产品/市场/IP、风险机会、可落地建议、未来研究。,,,Nippon Sanso KK,"[""competitor_analysis""]","[""Nippon Sanso KK"", ""stainless steel"", ""industrial"", ""steel"", ""technical research"", ""patent portfolio"", ""competitor monitoring"", ""market trends""]",本文概述Nippon Sanso KK的业务与技术研发，并涵盖专利组合、竞争动态及市场趋势，可用于竞品跟踪和研发/IP决策。,innovation_product_strategy,materials,"[""track_technologies_and_competitors""]",2026-09-08,"[""metals_and_alloys""]"
,"请据《Shougang Group Co., Ltd.》生成结构化报告。分类:competitor_analysis；对象:innovation_product_strategy；行业:materials/metals_and_alloys；任务:track_technologies_and_competitors；关键词:Shougang Group Co., Ltd、steel、technical research、patent portfolio、competitor monitoring。概述:本文概述Shougang Group Co., Ltd.的业务与技术研发，并涵盖专利组合、竞争动态及市场趋势，可用于竞品跟踪和研发/IP决策。须含标题、摘要、结论、背景、技术/产品/市场/IP、风险机会、可落地建议、未来研究。",,,"Shougang Group Co., Ltd.","[""competitor_analysis""]","[""Shougang Group Co., Ltd"", ""steel"", ""technical research"", ""patent portfolio"", ""competitor monitoring"", ""market trends""]","本文概述Shougang Group Co., Ltd.的业务与技术研发，并涵盖专利组合、竞争动态及市场趋势，可用于竞品跟踪和研发/IP决策。",innovation_product_strategy,materials,"[""track_technologies_and_competitors""]",2026-09-08,"[""metals_and_alloys""]"
,请据《Search results for “Materials science” companies》生成结构化报告。分类:market_landscape；对象:innovation_product_strategy；行业:materials/advanced_materials；任务:track_technologies_and_competitors；关键词:Search results for “Materials science” companies、materials science、technical research、patent portfolio、competitor monitoring。概述:本文概述Search results for “Materials science” companies的业务与技术研发，并涵盖专利组合、竞争动态及市场趋势，可用于竞品跟踪和研发/IP决策。须含标题、摘要、结论、背景、技术/产品/市场/IP、风险机会、可落地建议、未来研究。,,,Search results for “Materials science” companies,"[""market_landscape""]","[""Search results for “Materials science” companies"", ""materials science"", ""technical research"", ""patent portfolio"", ""competitor monitoring"", ""market trends""]",本文概述Search results for “Materials science” companies的业务与技术研发，并涵盖专利组合、竞争动态及市场趋势，可用于竞品跟踪和研发/IP决策。,innovation_product_strategy,materials,"[""track_technologies_and_competitors""]",2026-09-08,"[""advanced_materials""]"
,"请据《Analysis of Environmental Impact in Titanium Alloy vs Stainless Steel Production》生成结构化报告。分类:competitor_analysis；对象:innovation_product_strategy；行业:materials/metals_and_alloys；任务:evaluate_r_and_d_directions,identify_innovation_opportunities；关键词:stainless steel、titanium、alloy、steel、Environmental Impact。概述:本文比较stainless steel、titanium、alloy在性能、成本、可靠性和适用条件上的差异，并给出验证思路，为技术选型与研发决策提供参考。须含标题、摘要、结论、背景、技术/产品/市场/IP、风险机会、可落地建议、未来研究。",,,Analysis of Environmental Impact in Titanium Alloy vs Stainless Steel Production,"[""competitor_analysis""]","[""stainless steel"", ""titanium"", ""alloy"", ""steel"", ""Environmental Impact"", ""Titanium Alloy"", ""Stainless Steel Production"", ""Exploring titanium""]",本文比较stainless steel、titanium、alloy在性能、成本、可靠性和适用条件上的差异，并给出验证思路，为技术选型与研发决策提供参考。,innovation_product_strategy,materials,"[""evaluate_r_and_d_directions"", ""identify_innovation_opportunities""]",2025-10-23,"[""metals_and_alloys""]"
,"请据《Glycerol as a Plasticizer in Biodegradable Films》生成结构化报告。分类:scout_report；对象:researcher_scientist；行业:materials/polymers_and_resins；任务:explore_new_research_fields,track_research_trends；关键词:Glycerol、Plasticizer、Biodegradable Films、plastic、groundbreaking biodegradable films rivaling。概述:本文梳理Glycerol、Plasticizer、Biodegradable Films的技术原理、研究或验证方法与应用证据，并讨论性能和可行性，为研发方向选择与后续验证提供参考。须含标题、摘要、结论、背景、技术/产品/市场/IP、风险机会、可落地建议、未来研究。",,,Glycerol as a Plasticizer in Biodegradable Films,"[""scout_report""]","[""Glycerol"", ""Plasticizer"", ""Biodegradable Films"", ""plastic"", ""groundbreaking biodegradable films rivaling"", ""films rivaling plastic packaging"", ""sustainable"", ""greener future Read our""]",本文梳理Glycerol、Plasticizer、Biodegradable Films的技术原理、研究或验证方法与应用证据，并讨论性能和可行性，为研发方向选择与后续验证提供参考。,researcher_scientist,materials,"[""explore_new_research_fields"", ""track_research_trends""]",2025-07-23,"[""polymers_and_resins""]"
,"请据《New Horizons: UHMWPE in the 3D Printing Industry》生成结构化报告。分类:trend_brief；对象:researcher_scientist；行业:materials/polymers_and_resins；任务:track_research_trends,explore_new_research_fields；关键词:uhmwpe、Horizons UHMWPE、3D Printing Industry、manufacturing、groundbreaking 3D printing。概述:本文梳理uhmwpe、Horizons UHMWPE、3D Printing Industry的研究进展、应用潜力与关键不确定性，为趋势跟踪和后续研究方向选择提供参考。须含标题、摘要、结论、背景、技术/产品/市场/IP、风险机会、可落地建议、未来研究。",,,New Horizons: UHMWPE in the 3D Printing Industry,"[""trend_brief""]","[""uhmwpe"", ""Horizons UHMWPE"", ""3D Printing Industry"", ""manufacturing"", ""groundbreaking 3D printing"", ""UHMWPE Unlock complex geometries"", ""durability Revolutionize manufacturing now""]",本文梳理uhmwpe、Horizons UHMWPE、3D Printing Industry的研究进展、应用潜力与关键不确定性，为趋势跟踪和后续研究方向选择提供参考。,researcher_scientist,materials,"[""track_research_trends"", ""explore_new_research_fields""]",2025-08-06,"[""polymers_and_resins""]"
,"请据《Polyketone Carbon Monoxide Ethylene Propylene Terpolymer: Comprehensive Analysis Of Structure, Properties, And Engineering Applications》生成结构化报告。分类:scout_report；对象:researcher_scientist；行业:materials/polymers_and_resins；任务:explore_new_research_fields,track_research_trends；关键词:Polyketone Carbon Monoxide Ethylene、Monoxide Ethylene Propylene Terpolymer、Structure Properties、Engineering、bio-based。概述:本文梳理Polyketone Carbon Monoxide Ethylene、Monoxide Ethylene Propylene Terpolymer、Structure Properties的技术原理、研究或验证方法与应用证据，并讨论性能和可行性，为研发方向选择与后续验证提供参考。须含标题、摘要、结论、背景、技术/产品/市场/IP、风险机会、可落地建议、未来研究。",,,"Polyketone Carbon Monoxide Ethylene Propylene Terpolymer: Comprehensive Analysis Of Structure, Properties, And Engineering Applications","[""scout_report""]","[""Polyketone Carbon Monoxide Ethylene"", ""Monoxide Ethylene Propylene Terpolymer"", ""Structure Properties"", ""Engineering"", ""bio-based"", ""kevlar"", ""sustainable innovations"", ""eco-friendly production""]",本文梳理Polyketone Carbon Monoxide Ethylene、Monoxide Ethylene Propylene Terpolymer、Structure Properties的技术原理、研究或验证方法与应用证据，并讨论性能和可行性，为研发方向选择与后续验证提供参考。,researcher_scientist,materials,"[""explore_new_research_fields"", ""track_research_trends""]",2025-07-10,"[""polymers_and_resins""]"
,"请据《CFRP vs Aluminum: Comparing Weight and Stiffness Ratios》生成结构化报告。分类:competitor_analysis；对象:innovation_product_strategy；行业:materials/metals_and_alloys；任务:evaluate_r_and_d_directions,identify_innovation_opportunities；关键词:aluminum、cfrp、Weight、Stiffness Ratios、manufacturing。概述:本文比较aluminum、cfrp、Weight在性能、成本、可靠性和适用条件上的差异，并给出验证思路，为技术选型与研发决策提供参考。须含标题、摘要、结论、背景、技术/产品/市场/IP、风险机会、可落地建议、未来研究。",,,CFRP vs Aluminum: Comparing Weight and Stiffness Ratios,"[""competitor_analysis""]","[""aluminum"", ""cfrp"", ""Weight"", ""Stiffness Ratios"", ""manufacturing"", ""mechanical"", ""objectives"", ""field focus""]",本文比较aluminum、cfrp、Weight在性能、成本、可靠性和适用条件上的差异，并给出验证思路，为技术选型与研发决策提供参考。,innovation_product_strategy,materials,"[""evaluate_r_and_d_directions"", ""identify_innovation_opportunities""]",2025-09-17,"[""metals_and_alloys""]"
,"请据《Graphene Coating Applications and Compliance with Industry Standards》生成结构化报告。分类:scout_report；对象:researcher_scientist；行业:materials/coatings_and_surfaces；任务:explore_new_research_fields,track_research_trends；关键词:graphene、coating、Graphene Coating、Compliance、Industry Standards。概述:本文梳理graphene、coating、Graphene Coating的技术原理、研究或验证方法与应用证据，并讨论性能和可行性，为研发方向选择与后续验证提供参考。须含标题、摘要、结论、背景、技术/产品/市场/IP、风险机会、可落地建议、未来研究。",,,Graphene Coating Applications and Compliance with Industry Standards,"[""scout_report""]","[""graphene"", ""coating"", ""Graphene Coating"", ""Compliance"", ""Industry Standards"", ""infrastructure"", ""industrial"", ""graphene coatings""]",本文梳理graphene、coating、Graphene Coating的技术原理、研究或验证方法与应用证据，并讨论性能和可行性，为研发方向选择与后续验证提供参考。,researcher_scientist,materials,"[""explore_new_research_fields"", ""track_research_trends""]",2025-10-24,"[""coatings_and_surfaces""]"
,"请据《Strategies To Reduce Cost Of Nanocellulose For Commodity Applications》生成结构化报告。分类:trend_brief；对象:researcher_scientist；行业:materials/advanced_materials；任务:track_research_trends,explore_new_research_fields；关键词:nanocellulose、Cost、Commodity、manufacturing、compete。概述:本文梳理nanocellulose、Cost、Commodity的研究进展、应用潜力与关键不确定性，为趋势跟踪和后续研究方向选择提供参考。须含标题、摘要、结论、背景、技术/产品/市场/IP、风险机会、可落地建议、未来研究。",,,Strategies To Reduce Cost Of Nanocellulose For Commodity Applications,"[""trend_brief""]","[""nanocellulose"", ""Cost"", ""Commodity"", ""manufacturing"", ""compete"", ""petroleum-based materials"", ""cost reduction"", ""manufacturing compatibility improvements""]",本文梳理nanocellulose、Cost、Commodity的研究进展、应用潜力与关键不确定性，为趋势跟踪和后续研究方向选择提供参考。,researcher_scientist,materials,"[""track_research_trends"", ""explore_new_research_fields""]",2025-09-03,"[""advanced_materials""]"
,"请据《Validate Hydrophobic Textiles After Laundering and Flexing》生成结构化报告。分类:scout_report；对象:rd_engineer_inventor；行业:materials/polymers_and_resins；任务:find_technical_solutions,assess_technical_feasibility；关键词:hydrophobic textiles、Hydrophobic Textiles After Laundering、Flexing、textile、cutting-edge hydrophobic textile innovations。概述:本文梳理hydrophobic textiles、Hydrophobic Textiles After Laundering、Flexing的技术原理、研究或验证方法与应用证据，并讨论性能和可行性，为研发方向选择与后续验证提供参考。须含标题、摘要、结论、背景、技术/产品/市场/IP、风险机会、可落地建议、未来研究。",,,Validate Hydrophobic Textiles After Laundering and Flexing,"[""scout_report""]","[""hydrophobic textiles"", ""Hydrophobic Textiles After Laundering"", ""Flexing"", ""textile"", ""cutting-edge hydrophobic textile innovations"", ""innovations addressing water repellency"", ""stain resistance"", ""functional fabrics""]",本文梳理hydrophobic textiles、Hydrophobic Textiles After Laundering、Flexing的技术原理、研究或验证方法与应用证据，并讨论性能和可行性，为研发方向选择与后续验证提供参考。,rd_engineer_inventor,materials,"[""find_technical_solutions"", ""assess_technical_feasibility""]",2026-09-08,"[""polymers_and_resins""]"
,"请据《How to Prevent Hydrophobic Coating Cracking During Cure》生成结构化报告。分类:risk_watch；对象:rd_engineer_inventor；行业:materials/coatings_and_surfaces；任务:find_technical_solutions,assess_technical_feasibility；关键词:hydrophobic coating、coating、Hydrophobic Coating Cracking、Cure、automotive。概述:本文分析hydrophobic coating、coating、Hydrophobic Coating Cracking的失效机理、风险来源与控制方法，并给出检测或验证要点，为降低研发和应用风险提供参考。须含标题、摘要、结论、背景、技术/产品/市场/IP、风险机会、可落地建议、未来研究。",,,How to Prevent Hydrophobic Coating Cracking During Cure,"[""risk_watch""]","[""hydrophobic coating"", ""coating"", ""Hydrophobic Coating Cracking"", ""Cure"", ""automotive"", ""hydrophobic coatings revolutionize automotive"", ""revolutionize automotive aerospace electronics"", ""medical industries""]",本文分析hydrophobic coating、coating、Hydrophobic Coating Cracking的失效机理、风险来源与控制方法，并给出检测或验证要点，为降低研发和应用风险提供参考。,rd_engineer_inventor,materials,"[""find_technical_solutions"", ""assess_technical_feasibility""]",2026-09-08,"[""coatings_and_surfaces""]"
,"请据《Cermet vs PCD: Machining Performance in Aluminum》生成结构化报告。分类:competitor_analysis；对象:innovation_product_strategy；行业:materials/coatings_and_surfaces；任务:evaluate_r_and_d_directions,identify_innovation_opportunities；关键词:machining、aluminum、Cermet、PCD Machining、PCD。概述:本文比较machining、aluminum、Cermet在性能、成本、可靠性和适用条件上的差异，并给出验证思路，为技术选型与研发决策提供参考。须含标题、摘要、结论、背景、技术/产品/市场/IP、风险机会、可落地建议、未来研究。",,,Cermet vs PCD: Machining Performance in Aluminum,"[""competitor_analysis""]","[""machining"", ""aluminum"", ""Cermet"", ""PCD Machining"", ""PCD"", ""metal"", ""cutting tool material evolution"", ""gains longer tool life""]",本文比较machining、aluminum、Cermet在性能、成本、可靠性和适用条件上的差异，并给出验证思路，为技术选型与研发决策提供参考。,innovation_product_strategy,materials,"[""evaluate_r_and_d_directions"", ""identify_innovation_opportunities""]",2026-09-08,"[""coatings_and_surfaces""]"
,"请据《Float Glass Surface Defects vs Bath Oxygen Potential》生成结构化报告。分类:risk_watch；对象:rd_engineer_inventor；行业:materials/coatings_and_surfaces；任务:find_technical_solutions,assess_technical_feasibility；关键词:float glass、glass、Float Glass Surface Defects、Bath Oxygen、manufacturing。概述:本文分析float glass、glass、Float Glass Surface Defects的失效机理、风险来源与控制方法，并给出检测或验证要点，为降低研发和应用风险提供参考。须含标题、摘要、结论、背景、技术/产品/市场/IP、风险机会、可落地建议、未来研究。",,,Float Glass Surface Defects vs Bath Oxygen Potential,"[""risk_watch""]","[""float glass"", ""glass"", ""Float Glass Surface Defects"", ""Bath Oxygen"", ""manufacturing"", ""automotive"", ""float glass manufacturing drives"", ""manufacturing drives modern architecture""]",本文分析float glass、glass、Float Glass Surface Defects的失效机理、风险来源与控制方法，并给出检测或验证要点，为降低研发和应用风险提供参考。,rd_engineer_inventor,materials,"[""find_technical_solutions"", ""assess_technical_feasibility""]",2026-09-08,"[""coatings_and_surfaces""]"
,"请据《Reduce Roller Marks in Float Glass Through Process Control》生成结构化报告。分类:scout_report；对象:rd_engineer_inventor；行业:materials/advanced_materials；任务:find_technical_solutions,assess_technical_feasibility；关键词:float glass、glass、Roller Marks、manufacturing、automotive。概述:本文梳理float glass、glass、Roller Marks的技术原理、研究或验证方法与应用证据，并讨论性能和可行性，为研发方向选择与后续验证提供参考。须含标题、摘要、结论、背景、技术/产品/市场/IP、风险机会、可落地建议、未来研究。",,,Reduce Roller Marks in Float Glass Through Process Control,"[""scout_report""]","[""float glass"", ""glass"", ""Roller Marks"", ""manufacturing"", ""automotive"", ""groundbreaking float glass manufacturing"", ""float glass manufacturing innovations"", ""1950s shaping modern architectural""]",本文梳理float glass、glass、Roller Marks的技术原理、研究或验证方法与应用证据，并讨论性能和可行性，为研发方向选择与后续验证提供参考。,rd_engineer_inventor,materials,"[""find_technical_solutions"", ""assess_technical_feasibility""]",2026-09-08,"[""advanced_materials""]"
,"请据《Fiberboard Microstructure vs MDF: Delamination Risk》生成结构化报告。分类:risk_watch；对象:rd_engineer_inventor；行业:materials/polymers_and_resins；任务:find_technical_solutions,assess_technical_feasibility；关键词:fiberboard、Fiberboard Microstructure、MDF Delamination Risk、MDF、construction。概述:本文分析fiberboard、Fiberboard Microstructure、MDF Delamination Risk的失效机理、风险来源与控制方法，并给出检测或验证要点，为降低研发和应用风险提供参考。须含标题、摘要、结论、背景、技术/产品/市场/IP、风险机会、可落地建议、未来研究。",,,Fiberboard Microstructure vs MDF: Delamination Risk,"[""risk_watch""]","[""fiberboard"", ""Fiberboard Microstructure"", ""MDF Delamination Risk"", ""MDF"", ""construction"", ""MDF revolutionized furniture"", ""construction industries"", ""innovative engineered wood""]",本文分析fiberboard、Fiberboard Microstructure、MDF Delamination Risk的失效机理、风险来源与控制方法，并给出检测或验证要点，为降低研发和应用风险提供参考。,rd_engineer_inventor,materials,"[""find_technical_solutions"", ""assess_technical_feasibility""]",2026-09-08,"[""polymers_and_resins""]"
,"请据《Float Glass Defect Rates vs Tin Bath Temperature Stability》生成结构化报告。分类:risk_watch；对象:rd_engineer_inventor；行业:materials/advanced_materials；任务:find_technical_solutions,assess_technical_feasibility；关键词:float glass、glass、Float Glass Defect Rates、Tin Bath Temperature Stability、manufacturing。概述:本文分析float glass、glass、Float Glass Defect Rates的失效机理、风险来源与控制方法，并给出检测或验证要点，为降低研发和应用风险提供参考。须含标题、摘要、结论、背景、技术/产品/市场/IP、风险机会、可落地建议、未来研究。",,,Float Glass Defect Rates vs Tin Bath Temperature Stability,"[""risk_watch""]","[""float glass"", ""glass"", ""Float Glass Defect Rates"", ""Tin Bath Temperature Stability"", ""manufacturing"", ""automotive"", ""float glass manufacturing"", ""molten tin achieves superior""]",本文分析float glass、glass、Float Glass Defect Rates的失效机理、风险来源与控制方法，并给出检测或验证要点，为降低研发和应用风险提供参考。,rd_engineer_inventor,materials,"[""find_technical_solutions"", ""assess_technical_feasibility""]",2026-09-08,"[""advanced_materials""]"
,"请据《How to Avoid Lack of Fusion in Welding Stainless Steel》生成结构化报告。分类:scout_report；对象:rd_engineer_inventor；行业:materials/metals_and_alloys；任务:find_technical_solutions,assess_technical_feasibility；关键词:stainless steel、welding、steel、Avoid Lack、Fusion。概述:本文梳理stainless steel、welding、steel的技术原理、研究或验证方法与应用证据，并讨论性能和可行性，为研发方向选择与后续验证提供参考。须含标题、摘要、结论、背景、技术/产品/市场/IP、风险机会、可落地建议、未来研究。",,,How to Avoid Lack of Fusion in Welding Stainless Steel,"[""scout_report""]","[""stainless steel"", ""welding"", ""steel"", ""Avoid Lack"", ""Fusion"", ""Welding Stainless Steel"", ""technical research"", ""advanced stainless steel welding""]",本文梳理stainless steel、welding、steel的技术原理、研究或验证方法与应用证据，并讨论性能和可行性，为研发方向选择与后续验证提供参考。,rd_engineer_inventor,materials,"[""find_technical_solutions"", ""assess_technical_feasibility""]",2026-09-08,"[""metals_and_alloys""]"
,"请据《How to Control Crucibles Porosity and Gas Pickup》生成结构化报告。分类:scout_report；对象:rd_engineer_inventor；行业:materials/metals_and_alloys；任务:find_technical_solutions,assess_technical_feasibility；关键词:Crucibles Porosity、Gas Pickup、aluminum、crucible porosity、gas pickup challenges。概述:本文梳理Crucibles Porosity、Gas Pickup、aluminum的技术原理、研究或验证方法与应用证据，并讨论性能和可行性，为研发方向选择与后续验证提供参考。须含标题、摘要、结论、背景、技术/产品/市场/IP、风险机会、可落地建议、未来研究。",,,How to Control Crucibles Porosity and Gas Pickup,"[""scout_report""]","[""Crucibles Porosity"", ""Gas Pickup"", ""aluminum"", ""crucible porosity"", ""gas pickup challenges"", ""aluminum melting"", ""innovative metallurgical"", ""now""]",本文梳理Crucibles Porosity、Gas Pickup、aluminum的技术原理、研究或验证方法与应用证据，并讨论性能和可行性，为研发方向选择与后续验证提供参考。,rd_engineer_inventor,materials,"[""find_technical_solutions"", ""assess_technical_feasibility""]",2026-09-08,"[""metals_and_alloys""]"
,"请据《How to Improve Hydrophobic Coatings on 3D-Printed Parts》生成结构化报告。分类:scout_report；对象:rd_engineer_inventor；行业:materials/coatings_and_surfaces；任务:find_technical_solutions,assess_technical_feasibility；关键词:Hydrophobic Coatings、3D-Printed Parts、hydrophobic coating、coating、cutting-edge hydrophobic coating。概述:本文梳理Hydrophobic Coatings、3D-Printed Parts、hydrophobic coating的技术原理、研究或验证方法与应用证据，并讨论性能和可行性，为研发方向选择与后续验证提供参考。须含标题、摘要、结论、背景、技术/产品/市场/IP、风险机会、可落地建议、未来研究。",,,How to Improve Hydrophobic Coatings on 3D-Printed Parts,"[""scout_report""]","[""Hydrophobic Coatings"", ""3D-Printed Parts"", ""hydrophobic coating"", ""coating"", ""cutting-edge hydrophobic coating"", ""inspired"", ""lotus"", ""breakthrough surface modifications now""]",本文梳理Hydrophobic Coatings、3D-Printed Parts、hydrophobic coating的技术原理、研究或验证方法与应用证据，并讨论性能和可行性，为研发方向选择与后续验证提供参考。,rd_engineer_inventor,materials,"[""find_technical_solutions"", ""assess_technical_feasibility""]",2026-09-08,"[""coatings_and_surfaces""]"
,"请据《How to Select Baddeleyite for Refractory Applications》生成结构化报告。分类:opportunity_brief；对象:innovation_product_strategy；行业:materials/advanced_materials；任务:evaluate_r_and_d_directions,identify_innovation_opportunities；关键词:refractory、Baddeleyite、risk controls、technical validation、engineering performance。概述:本文比较refractory、Baddeleyite、risk controls在性能、成本、可靠性和适用条件上的差异，并给出验证思路，为技术选型与研发决策提供参考。须含标题、摘要、结论、背景、技术/产品/市场/IP、风险机会、可落地建议、未来研究。",,,How to Select Baddeleyite for Refractory Applications,"[""opportunity_brief""]","[""refractory"", ""Baddeleyite"", ""risk controls"", ""technical validation"", ""engineering performance""]",本文比较refractory、Baddeleyite、risk controls在性能、成本、可靠性和适用条件上的差异，并给出验证思路，为技术选型与研发决策提供参考。,innovation_product_strategy,materials,"[""evaluate_r_and_d_directions"", ""identify_innovation_opportunities""]",2026-09-08,"[""advanced_materials""]"
,"请据《How to Control Surface Treatment Outgassing for Vacuum Systems》生成结构化报告。分类:scout_report；对象:rd_engineer_inventor；行业:materials/coatings_and_surfaces；任务:find_technical_solutions,explore_existing_technologies；关键词:surface treatment、Surface Treatment Outgassing、Vacuum、risk controls、technical validation。概述:本文梳理surface treatment、Surface Treatment Outgassing、Vacuum的技术原理、研究或验证方法与应用证据，并讨论性能和可行性，为研发方向选择与后续验证提供参考。须含标题、摘要、结论、背景、技术/产品/市场/IP、风险机会、可落地建议、未来研究。",,,How to Control Surface Treatment Outgassing for Vacuum Systems,"[""scout_report""]","[""surface treatment"", ""Surface Treatment Outgassing"", ""Vacuum"", ""risk controls"", ""technical validation""]",本文梳理surface treatment、Surface Treatment Outgassing、Vacuum的技术原理、研究或验证方法与应用证据，并讨论性能和可行性，为研发方向选择与后续验证提供参考。,rd_engineer_inventor,materials,"[""find_technical_solutions"", ""explore_existing_technologies""]",2026-09-08,"[""coatings_and_surfaces""]"
,请据《Alcon AG》生成结构化报告。分类:competitor_analysis；对象:innovation_product_strategy；行业:medical_devices/surgical_and_interventional_devices；任务:track_technologies_and_competitors；关键词:Alcon AG、pharmaceutical、surgical、technical research、patent portfolio。概述:本文概述Alcon AG的业务与技术研发，并涵盖专利组合、竞争动态及市场趋势，可用于竞品跟踪和研发/IP决策。须含标题、摘要、结论、背景、技术/产品/市场/IP、风险机会、可落地建议、未来研究。,,,Alcon AG,"[""competitor_analysis""]","[""Alcon AG"", ""pharmaceutical"", ""surgical"", ""technical research"", ""patent portfolio"", ""competitor monitoring"", ""market trends""]",本文概述Alcon AG的业务与技术研发，并涵盖专利组合、竞争动态及市场趋势，可用于竞品跟踪和研发/IP决策。,innovation_product_strategy,medical_devices,"[""track_technologies_and_competitors""]",2026-09-08,"[""surgical_and_interventional_devices""]"
,"请据《Ventana Medical Systems, Inc.》生成结构化报告。分类:competitor_analysis；对象:innovation_product_strategy；行业:medical_devices/diagnostic_devices；任务:track_technologies_and_competitors；关键词:Ventana Medical Systems, Inc、medical systems、technical research、patent portfolio、competitor monitoring。概述:本文概述Ventana Medical Systems, Inc.的业务与技术研发，并涵盖专利组合、竞争动态及市场趋势，可用于竞品跟踪和研发/IP决策。须含标题、摘要、结论、背景、技术/产品/市场/IP、风险机会、可落地建议、未来研究。",,,"Ventana Medical Systems, Inc.","[""competitor_analysis""]","[""Ventana Medical Systems, Inc"", ""medical systems"", ""technical research"", ""patent portfolio"", ""competitor monitoring"", ""market trends""]","本文概述Ventana Medical Systems, Inc.的业务与技术研发，并涵盖专利组合、竞争动态及市场趋势，可用于竞品跟踪和研发/IP决策。",innovation_product_strategy,medical_devices,"[""track_technologies_and_competitors""]",2026-09-08,"[""diagnostic_devices""]"
,请据《Nihon Kohden Corp.》生成结构化报告。分类:competitor_analysis；对象:innovation_product_strategy；行业:medical_devices/diagnostic_devices；任务:track_technologies_and_competitors；关键词:Nihon Kohden Corp、patient monitoring、technical research、patent portfolio、competitor monitoring。概述:本文概述Nihon Kohden Corp.的业务与技术研发，并涵盖专利组合、竞争动态及市场趋势，可用于竞品跟踪和研发/IP决策。须含标题、摘要、结论、背景、技术/产品/市场/IP、风险机会、可落地建议、未来研究。,,,Nihon Kohden Corp.,"[""competitor_analysis""]","[""Nihon Kohden Corp"", ""patient monitoring"", ""technical research"", ""patent portfolio"", ""competitor monitoring"", ""market trends""]",本文概述Nihon Kohden Corp.的业务与技术研发，并涵盖专利组合、竞争动态及市场趋势，可用于竞品跟踪和研发/IP决策。,innovation_product_strategy,medical_devices,"[""track_technologies_and_competitors""]",2026-09-08,"[""diagnostic_devices""]"
,"请据《How to Characterize Limit of Detection (LOD) and Dynamic Range for Resonant Biosensors》生成结构化报告。分类:scout_report；对象:researcher_scientist；行业:medical_devices/diagnostic_devices；任务:find_research_methods,track_research_trends；关键词:resonant biosensors、limit of detection、dynamic range、Characterize Limit、Detection LOD。概述:本文梳理resonant biosensors、limit of detection、dynamic range的技术原理、研究或验证方法与应用证据，并讨论性能和可行性，为研发方向选择与后续验证提供参考。须含标题、摘要、结论、背景、技术/产品/市场/IP、风险机会、可落地建议、未来研究。",,,How to Characterize Limit of Detection (LOD) and Dynamic Range for Resonant Biosensors,"[""scout_report""]","[""resonant biosensors"", ""limit of detection"", ""dynamic range"", ""Characterize Limit"", ""Detection LOD"", ""LOD"", ""critical aspects"", ""resonant biosensors Gain insights""]",本文梳理resonant biosensors、limit of detection、dynamic range的技术原理、研究或验证方法与应用证据，并讨论性能和可行性，为研发方向选择与后续验证提供参考。,researcher_scientist,medical_devices,"[""find_research_methods"", ""track_research_trends""]",2025-08-21,"[""diagnostic_devices""]"
,"请据《Hirudoid’s Potential in Treating Hemorrhoids》生成结构化报告。分类:trend_brief；对象:researcher_scientist；行业:medical_devices/device_materials_and_components；任务:track_research_trends,explore_new_research_fields；关键词:Hirudoid、Treating Hemorrhoids、hemorrhoid、Exploring Hirudoid、hemorrhoid treatment。概述:本文梳理Hirudoid、Treating Hemorrhoids、hemorrhoid的研究进展、应用潜力与关键不确定性，为趋势跟踪和后续研究方向选择提供参考。须含标题、摘要、结论、背景、技术/产品/市场/IP、风险机会、可落地建议、未来研究。",,,Hirudoid’s Potential in Treating Hemorrhoids,"[""trend_brief""]","[""Hirudoid"", ""Treating Hemorrhoids"", ""hemorrhoid"", ""Exploring Hirudoid"", ""hemorrhoid treatment"", ""properties mechanisms"", ""clinical""]",本文梳理Hirudoid、Treating Hemorrhoids、hemorrhoid的研究进展、应用潜力与关键不确定性，为趋势跟踪和后续研究方向选择提供参考。,researcher_scientist,medical_devices,"[""track_research_trends"", ""explore_new_research_fields""]",2025-06-23,"[""device_materials_and_components""]"
,"请据《How to Choose the Right Frequency in PEMF Therapy Applications?》生成结构化报告。分类:scout_report；对象:researcher_scientist；行业:medical_devices/wearable_and_digital_health_devices；任务:find_research_methods,track_research_trends；关键词:pemf therapy、therapy、Right Frequency、PEMF、evolution。概述:本文梳理pemf therapy、therapy、Right Frequency的技术原理、研究或验证方法与应用证据，并讨论性能和可行性，为研发方向选择与后续验证提供参考。须含标题、摘要、结论、背景、技术/产品/市场/IP、风险机会、可落地建议、未来研究。",,,How to Choose the Right Frequency in PEMF Therapy Applications?,"[""scout_report""]","[""pemf therapy"", ""therapy"", ""Right Frequency"", ""PEMF"", ""evolution"", ""PEMF therapy focusing"", ""frequency selection"", ""optimal cellular stimulation""]",本文梳理pemf therapy、therapy、Right Frequency的技术原理、研究或验证方法与应用证据，并讨论性能和可行性，为研发方向选择与后续验证提供参考。,researcher_scientist,medical_devices,"[""find_research_methods"", ""track_research_trends""]",2025-08-11,"[""wearable_and_digital_health_devices""]"
,"请据《Comparing Different Frequency Waves in PEMF Therapy Applications》生成结构化报告。分类:competitor_analysis；对象:innovation_product_strategy；行业:medical_devices/wearable_and_digital_health_devices；任务:evaluate_r_and_d_directions,identify_innovation_opportunities；关键词:pemf therapy、therapy、Frequency Waves、PEMF、efficacy。概述:本文比较pemf therapy、therapy、Frequency Waves在性能、成本、可靠性和适用条件上的差异，并给出验证思路，为技术选型与研发决策提供参考。须含标题、摘要、结论、背景、技术/产品/市场/IP、风险机会、可落地建议、未来研究。",,,Comparing Different Frequency Waves in PEMF Therapy Applications,"[""competitor_analysis""]","[""pemf therapy"", ""therapy"", ""Frequency Waves"", ""PEMF"", ""efficacy"", ""Pulsed Electromagnetic Field therapy"", ""therapy across various frequencies"", ""optimized healing""]",本文比较pemf therapy、therapy、Frequency Waves在性能、成本、可靠性和适用条件上的差异，并给出验证思路，为技术选型与研发决策提供参考。,innovation_product_strategy,medical_devices,"[""evaluate_r_and_d_directions"", ""identify_innovation_opportunities""]",2025-08-11,"[""wearable_and_digital_health_devices""]"
,"请据《How Hirudoid Affects Hemorrhoid Symptoms?》生成结构化报告。分类:scout_report；对象:researcher_scientist；行业:medical_devices/device_materials_and_components；任务:explore_new_research_fields,track_research_trends；关键词:hemorrhoid、Hirudoid Affects Hemorrhoid Symptoms、Hirudoid、treating hemorrhoids、efficacy。概述:本文梳理hemorrhoid、Hirudoid Affects Hemorrhoid Symptoms、Hirudoid的技术原理、研究或验证方法与应用证据，并讨论性能和可行性，为研发方向选择与后续验证提供参考。须含标题、摘要、结论、背景、技术/产品/市场/IP、风险机会、可落地建议、未来研究。",,,How Hirudoid Affects Hemorrhoid Symptoms?,"[""scout_report""]","[""hemorrhoid"", ""Hirudoid Affects Hemorrhoid Symptoms"", ""Hirudoid"", ""treating hemorrhoids"", ""efficacy"", ""safety"", ""managing"", ""common anorectal condition""]",本文梳理hemorrhoid、Hirudoid Affects Hemorrhoid Symptoms、Hirudoid的技术原理、研究或验证方法与应用证据，并讨论性能和可行性，为研发方向选择与后续验证提供参考。,researcher_scientist,medical_devices,"[""explore_new_research_fields"", ""track_research_trends""]",2025-06-20,"[""device_materials_and_components""]"
,"请据《Analyzing PEMF Therapy for Thyroid Health Optimization》生成结构化报告。分类:scout_report；对象:researcher_scientist；行业:medical_devices/wearable_and_digital_health_devices；任务:explore_new_research_fields,track_research_trends；关键词:pemf therapy、therapy、Analyzing PEMF Therapy、Thyroid Health Optimization、PEMF。概述:本文梳理pemf therapy、therapy、Analyzing PEMF Therapy的技术原理、研究或验证方法与应用证据，并讨论性能和可行性，为研发方向选择与后续验证提供参考。须含标题、摘要、结论、背景、技术/产品/市场/IP、风险机会、可落地建议、未来研究。",,,Analyzing PEMF Therapy for Thyroid Health Optimization,"[""scout_report""]","[""pemf therapy"", ""therapy"", ""Analyzing PEMF Therapy"", ""Thyroid Health Optimization"", ""PEMF"", ""PEMF therapy could revolutionize"", ""could revolutionize thyroid health"", ""glandular function""]",本文梳理pemf therapy、therapy、Analyzing PEMF Therapy的技术原理、研究或验证方法与应用证据，并讨论性能和可行性，为研发方向选择与后续验证提供参考。,researcher_scientist,medical_devices,"[""explore_new_research_fields"", ""track_research_trends""]",2025-08-11,"[""wearable_and_digital_health_devices""]"
,"请据《HDPE in Medical Devices: Current Uses and Future Potential》生成结构化报告。分类:trend_brief；对象:researcher_scientist；行业:medical_devices/device_materials_and_components；任务:track_research_trends,explore_new_research_fields；关键词:hdpe、Medical、Future、properties、innovations shaping healthcare Read。概述:本文梳理hdpe、Medical、Future的研究进展、应用潜力与关键不确定性，为趋势跟踪和后续研究方向选择提供参考。须含标题、摘要、结论、背景、技术/产品/市场/IP、风险机会、可落地建议、未来研究。",,,HDPE in Medical Devices: Current Uses and Future Potential,"[""trend_brief""]","[""hdpe"", ""Medical"", ""Future"", ""properties"", ""innovations shaping healthcare Read"", ""shaping healthcare Read now""]",本文梳理hdpe、Medical、Future的研究进展、应用潜力与关键不确定性，为趋势跟踪和后续研究方向选择提供参考。,researcher_scientist,medical_devices,"[""track_research_trends"", ""explore_new_research_fields""]",2025-06-13,"[""device_materials_and_components""]"
,"请据《The role of isotonic solutions in ophthalmic drug formulations》生成结构化报告。分类:scout_report；对象:researcher_scientist；行业:medical_devices/device_materials_and_components；任务:explore_new_research_fields,track_research_trends；关键词:ophthalmic、drug、isotonic、ophthalmic drug formulations、isotonic ophthalmic formulations revolutionize。概述:本文梳理ophthalmic、drug、isotonic的技术原理、研究或验证方法与应用证据，并讨论性能和可行性，为研发方向选择与后续验证提供参考。须含标题、摘要、结论、背景、技术/产品/市场/IP、风险机会、可落地建议、未来研究。",,,The role of isotonic solutions in ophthalmic drug formulations,"[""scout_report""]","[""ophthalmic"", ""drug"", ""isotonic"", ""ophthalmic drug formulations"", ""isotonic ophthalmic formulations revolutionize"", ""formulations revolutionize drug delivery"", ""efficacy"", ""comfort""]",本文梳理ophthalmic、drug、isotonic的技术原理、研究或验证方法与应用证据，并讨论性能和可行性，为研发方向选择与后续验证提供参考。,researcher_scientist,medical_devices,"[""explore_new_research_fields"", ""track_research_trends""]",2025-08-19,"[""device_materials_and_components""]"
,"请据《Bazaarvoice, Inc.》生成结构化报告。分类:competitor_analysis；对象:innovation_product_strategy；行业:other/general_strategy；任务:track_technologies_and_competitors；关键词:Bazaarvoice, Inc、social media、software、saas、technical research。概述:本文概述Bazaarvoice, Inc.的业务与技术研发，并涵盖专利组合、竞争动态及市场趋势，可用于竞品跟踪和研发/IP决策。须含标题、摘要、结论、背景、技术/产品/市场/IP、风险机会、可落地建议、未来研究。",,,"Bazaarvoice, Inc.","[""competitor_analysis""]","[""Bazaarvoice, Inc"", ""social media"", ""software"", ""saas"", ""technical research"", ""patent portfolio"", ""competitor monitoring"", ""market trends""]","本文概述Bazaarvoice, Inc.的业务与技术研发，并涵盖专利组合、竞争动态及市场趋势，可用于竞品跟踪和研发/IP决策。",innovation_product_strategy,other,"[""track_technologies_and_competitors""]",2026-09-08,"[""general_strategy""]"
,"请据《Jacuzzi, Inc.》生成结构化报告。分类:competitor_analysis；对象:innovation_product_strategy；行业:other/consumer_products；任务:track_technologies_and_competitors；关键词:Jacuzzi, Inc、shower systems、spa products、towel、technical research。概述:本文概述Jacuzzi, Inc.的业务与技术研发，并涵盖专利组合、竞争动态及市场趋势，可用于竞品跟踪和研发/IP决策。须含标题、摘要、结论、背景、技术/产品/市场/IP、风险机会、可落地建议、未来研究。",,,"Jacuzzi, Inc.","[""competitor_analysis""]","[""Jacuzzi, Inc"", ""shower systems"", ""spa products"", ""towel"", ""technical research"", ""patent portfolio"", ""competitor monitoring"", ""market trends""]","本文概述Jacuzzi, Inc.的业务与技术研发，并涵盖专利组合、竞争动态及市场趋势，可用于竞品跟踪和研发/IP决策。",innovation_product_strategy,other,"[""track_technologies_and_competitors""]",2026-09-08,"[""consumer_products""]"
,请据《Yandex LLC》生成结构化报告。分类:competitor_analysis；对象:innovation_product_strategy；行业:other/packaging_and_retail；任务:track_technologies_and_competitors；关键词:Yandex LLC、ecommerce、technical research、patent portfolio、competitor monitoring。概述:本文概述Yandex LLC的业务与技术研发，并涵盖专利组合、竞争动态及市场趋势，可用于竞品跟踪和研发/IP决策。须含标题、摘要、结论、背景、技术/产品/市场/IP、风险机会、可落地建议、未来研究。,,,Yandex LLC,"[""competitor_analysis""]","[""Yandex LLC"", ""ecommerce"", ""technical research"", ""patent portfolio"", ""competitor monitoring"", ""market trends""]",本文概述Yandex LLC的业务与技术研发，并涵盖专利组合、竞争动态及市场趋势，可用于竞品跟踪和研发/IP决策。,innovation_product_strategy,other,"[""track_technologies_and_competitors""]",2026-09-08,"[""packaging_and_retail""]"
,请据《Google LLC》生成结构化报告。分类:competitor_analysis；对象:innovation_product_strategy；行业:other/packaging_and_retail；任务:track_technologies_and_competitors；关键词:Google LLC、artificial intelligence、e-commerce、smart home、computer。概述:本文概述Google LLC的业务与技术研发，并涵盖专利组合、竞争动态及市场趋势，可用于竞品跟踪和研发/IP决策。须含标题、摘要、结论、背景、技术/产品/市场/IP、风险机会、可落地建议、未来研究。,,,Google LLC,"[""competitor_analysis""]","[""Google LLC"", ""artificial intelligence"", ""e-commerce"", ""smart home"", ""computer"", ""software"", ""engine"", ""email"", ""technical research"", ""patent portfolio"", ""competitor monitoring"", ""market trends""]",本文概述Google LLC的业务与技术研发，并涵盖专利组合、竞争动态及市场趋势，可用于竞品跟踪和研发/IP决策。,innovation_product_strategy,other,"[""track_technologies_and_competitors""]",2026-09-08,"[""packaging_and_retail""]"
,请据《Massachusetts Institute of Technology》生成结构化报告。分类:competitor_analysis；对象:innovation_product_strategy；行业:other/general_strategy；任务:track_technologies_and_competitors；关键词:Massachusetts Institute of Technology、technical research、patent portfolio、competitor monitoring、market trends。概述:本文概述Massachusetts Institute of Technology的业务与技术研发，并涵盖专利组合、竞争动态及市场趋势，可用于竞品跟踪和研发/IP决策。须含标题、摘要、结论、背景、技术/产品/市场/IP、风险机会、可落地建议、未来研究。,,,Massachusetts Institute of Technology,"[""competitor_analysis""]","[""Massachusetts Institute of Technology"", ""technical research"", ""patent portfolio"", ""competitor monitoring"", ""market trends""]",本文概述Massachusetts Institute of Technology的业务与技术研发，并涵盖专利组合、竞争动态及市场趋势，可用于竞品跟踪和研发/IP决策。,innovation_product_strategy,other,"[""track_technologies_and_competitors""]",2026-09-08,"[""general_strategy""]"
,"请据《JD.com, Inc.》生成结构化报告。分类:competitor_analysis；对象:innovation_product_strategy；行业:other/packaging_and_retail；任务:track_technologies_and_competitors；关键词:JD.com, Inc、infrastructure、retail、technical research、patent portfolio。概述:本文概述JD.com, Inc.的业务与技术研发，并涵盖专利组合、竞争动态及市场趋势，可用于竞品跟踪和研发/IP决策。须含标题、摘要、结论、背景、技术/产品/市场/IP、风险机会、可落地建议、未来研究。",,,"JD.com, Inc.","[""competitor_analysis""]","[""JD.com, Inc"", ""infrastructure"", ""retail"", ""technical research"", ""patent portfolio"", ""competitor monitoring"", ""market trends""]","本文概述JD.com, Inc.的业务与技术研发，并涵盖专利组合、竞争动态及市场趋势，可用于竞品跟踪和研发/IP决策。",innovation_product_strategy,other,"[""track_technologies_and_competitors""]",2026-09-08,"[""packaging_and_retail""]"
,"请据《Fiberhome Telecommunication Technologies Co., Ltd.》生成结构化报告。分类:competitor_analysis；对象:innovation_product_strategy；行业:other/general_strategy；任务:track_technologies_and_competitors；关键词:Fiberhome Telecommunication Technologies Co., Ltd、telecommunication、technical research、patent portfolio、competitor monitoring。概述:本文概述Fiberhome Telecommunication Technologies Co., Ltd.的业务与技术研发，并涵盖专利组合、竞争动态及市场趋势，可用于竞品跟踪和研发/IP决策。须含标题、摘要、结论、背景、技术/产品/市场/IP、风险机会、可落地建议、未来研究。",,,"Fiberhome Telecommunication Technologies Co., Ltd.","[""competitor_analysis""]","[""Fiberhome Telecommunication Technologies Co., Ltd"", ""telecommunication"", ""technical research"", ""patent portfolio"", ""competitor monitoring"", ""market trends""]","本文概述Fiberhome Telecommunication Technologies Co., Ltd.的业务与技术研发，并涵盖专利组合、竞争动态及市场趋势，可用于竞品跟踪和研发/IP决策。",innovation_product_strategy,other,"[""track_technologies_and_competitors""]",2026-09-08,"[""general_strategy""]"
,请据《China Agricultural University》生成结构化报告。分类:competitor_analysis；对象:innovation_product_strategy；行业:other/general_strategy；任务:track_technologies_and_competitors；关键词:China Agricultural University、agricultural、agriculture、technical research、patent portfolio。概述:本文概述China Agricultural University的业务与技术研发，并涵盖专利组合、竞争动态及市场趋势，可用于竞品跟踪和研发/IP决策。须含标题、摘要、结论、背景、技术/产品/市场/IP、风险机会、可落地建议、未来研究。,,,China Agricultural University,"[""competitor_analysis""]","[""China Agricultural University"", ""agricultural"", ""agriculture"", ""technical research"", ""patent portfolio"", ""competitor monitoring"", ""market trends""]",本文概述China Agricultural University的业务与技术研发，并涵盖专利组合、竞争动态及市场趋势，可用于竞品跟踪和研发/IP决策。,innovation_product_strategy,other,"[""track_technologies_and_competitors""]",2026-09-08,"[""general_strategy""]"
,请据《University Of Jinan》生成结构化报告。分类:competitor_analysis；对象:innovation_product_strategy；行业:other/general_strategy；任务:track_technologies_and_competitors；关键词:University Of Jinan、technical research、patent portfolio、competitor monitoring、market trends。概述:本文概述University Of Jinan的业务与技术研发，并涵盖专利组合、竞争动态及市场趋势，可用于竞品跟踪和研发/IP决策。须含标题、摘要、结论、背景、技术/产品/市场/IP、风险机会、可落地建议、未来研究。,,,University Of Jinan,"[""competitor_analysis""]","[""University Of Jinan"", ""technical research"", ""patent portfolio"", ""competitor monitoring"", ""market trends""]",本文概述University Of Jinan的业务与技术研发，并涵盖专利组合、竞争动态及市场趋势，可用于竞品跟踪和研发/IP决策。,innovation_product_strategy,other,"[""track_technologies_and_competitors""]",2026-09-08,"[""general_strategy""]"
,"请据《ADT, Inc.》生成结构化报告。分类:competitor_analysis；对象:innovation_product_strategy；行业:other/general_strategy；任务:track_technologies_and_competitors；关键词:ADT, Inc、home security、smart home、technical research、patent portfolio。概述:本文概述ADT, Inc.的业务与技术研发，并涵盖专利组合、竞争动态及市场趋势，可用于竞品跟踪和研发/IP决策。须含标题、摘要、结论、背景、技术/产品/市场/IP、风险机会、可落地建议、未来研究。",,,"ADT, Inc.","[""competitor_analysis""]","[""ADT, Inc"", ""home security"", ""smart home"", ""technical research"", ""patent portfolio"", ""competitor monitoring"", ""market trends""]","本文概述ADT, Inc.的业务与技术研发，并涵盖专利组合、竞争动态及市场趋势，可用于竞品跟踪和研发/IP决策。",innovation_product_strategy,other,"[""track_technologies_and_competitors""]",2026-09-08,"[""general_strategy""]"
,"请据《General Mills, Inc.》生成结构化报告。分类:competitor_analysis；对象:innovation_product_strategy；行业:other/packaging_and_retail；任务:track_technologies_and_competitors；关键词:General Mills, Inc、e-commerce、retail、drug、food。概述:本文概述General Mills, Inc.的业务与技术研发，并涵盖专利组合、竞争动态及市场趋势，可用于竞品跟踪和研发/IP决策。须含标题、摘要、结论、背景、技术/产品/市场/IP、风险机会、可落地建议、未来研究。",,,"General Mills, Inc.","[""competitor_analysis""]","[""General Mills, Inc"", ""e-commerce"", ""retail"", ""drug"", ""food"", ""technical research"", ""patent portfolio"", ""competitor monitoring"", ""market trends""]","本文概述General Mills, Inc.的业务与技术研发，并涵盖专利组合、竞争动态及市场趋势，可用于竞品跟踪和研发/IP决策。",innovation_product_strategy,other,"[""track_technologies_and_competitors""]",2026-09-08,"[""packaging_and_retail""]"
,请据《Microsoft Corp.》生成结构化报告。分类:competitor_analysis；对象:innovation_product_strategy；行业:other/general_strategy；任务:track_technologies_and_competitors；关键词:Microsoft Corp、software、display、retail、technical research。概述:本文概述Microsoft Corp.的业务与技术研发，并涵盖专利组合、竞争动态及市场趋势，可用于竞品跟踪和研发/IP决策。须含标题、摘要、结论、背景、技术/产品/市场/IP、风险机会、可落地建议、未来研究。,,,Microsoft Corp.,"[""competitor_analysis""]","[""Microsoft Corp"", ""software"", ""display"", ""retail"", ""technical research"", ""patent portfolio"", ""competitor monitoring"", ""market trends""]",本文概述Microsoft Corp.的业务与技术研发，并涵盖专利组合、竞争动态及市场趋势，可用于竞品跟踪和研发/IP决策。,innovation_product_strategy,other,"[""track_technologies_and_competitors""]",2026-09-08,"[""general_strategy""]"
,请据《Pilz GmbH & Co. KG》生成结构化报告。分类:competitor_analysis；对象:innovation_product_strategy；行业:other/general_strategy；任务:track_technologies_and_competitors；关键词:Pilz GmbH & Co. KG、software、technical research、patent portfolio、competitor monitoring。概述:本文概述Pilz GmbH & Co. KG的业务与技术研发，并涵盖专利组合、竞争动态及市场趋势，可用于竞品跟踪和研发/IP决策。须含标题、摘要、结论、背景、技术/产品/市场/IP、风险机会、可落地建议、未来研究。,,,Pilz GmbH & Co. KG,"[""competitor_analysis""]","[""Pilz GmbH & Co. KG"", ""software"", ""technical research"", ""patent portfolio"", ""competitor monitoring"", ""market trends""]",本文概述Pilz GmbH & Co. KG的业务与技术研发，并涵盖专利组合、竞争动态及市场趋势，可用于竞品跟踪和研发/IP决策。,innovation_product_strategy,other,"[""track_technologies_and_competitors""]",2026-09-08,"[""general_strategy""]"
,"请据《Zhejiang Hd4u Smart Home Co., Ltd.》生成结构化报告。分类:competitor_analysis；对象:innovation_product_strategy；行业:other/general_strategy；任务:track_technologies_and_competitors；关键词:Zhejiang Hd4u Smart Home Co., Ltd、smart home、manufacturing、industrial、technical research。概述:本文概述Zhejiang Hd4u Smart Home Co., Ltd.的业务与技术研发，并涵盖专利组合、竞争动态及市场趋势，可用于竞品跟踪和研发/IP决策。须含标题、摘要、结论、背景、技术/产品/市场/IP、风险机会、可落地建议、未来研究。",,,"Zhejiang Hd4u Smart Home Co., Ltd.","[""competitor_analysis""]","[""Zhejiang Hd4u Smart Home Co., Ltd"", ""smart home"", ""manufacturing"", ""industrial"", ""technical research"", ""patent portfolio"", ""competitor monitoring"", ""market trends""]","本文概述Zhejiang Hd4u Smart Home Co., Ltd.的业务与技术研发，并涵盖专利组合、竞争动态及市场趋势，可用于竞品跟踪和研发/IP决策。",innovation_product_strategy,other,"[""track_technologies_and_competitors""]",2026-09-08,"[""general_strategy""]"
,请据《Wuhan University》生成结构化报告。分类:competitor_analysis；对象:innovation_product_strategy；行业:other/general_strategy；任务:track_technologies_and_competitors；关键词:Wuhan University、technical research、patent portfolio、competitor monitoring、market trends。概述:本文概述Wuhan University的业务与技术研发，并涵盖专利组合、竞争动态及市场趋势，可用于竞品跟踪和研发/IP决策。须含标题、摘要、结论、背景、技术/产品/市场/IP、风险机会、可落地建议、未来研究。,,,Wuhan University,"[""competitor_analysis""]","[""Wuhan University"", ""technical research"", ""patent portfolio"", ""competitor monitoring"", ""market trends""]",本文概述Wuhan University的业务与技术研发，并涵盖专利组合、竞争动态及市场趋势，可用于竞品跟踪和研发/IP决策。,innovation_product_strategy,other,"[""track_technologies_and_competitors""]",2026-09-08,"[""general_strategy""]"
,请据《Swiss Federal Institute of Technology Zurich》生成结构化报告。分类:competitor_analysis；对象:innovation_product_strategy；行业:other/general_strategy；任务:track_technologies_and_competitors；关键词:Swiss Federal Institute of Technology Zurich、technical research、patent portfolio、competitor monitoring、market trends。概述:本文概述Swiss Federal Institute of Technology Zurich的业务与技术研发，并涵盖专利组合、竞争动态及市场趋势，可用于竞品跟踪和研发/IP决策。须含标题、摘要、结论、背景、技术/产品/市场/IP、风险机会、可落地建议、未来研究。,,,Swiss Federal Institute of Technology Zurich,"[""competitor_analysis""]","[""Swiss Federal Institute of Technology Zurich"", ""technical research"", ""patent portfolio"", ""competitor monitoring"", ""market trends""]",本文概述Swiss Federal Institute of Technology Zurich的业务与技术研发，并涵盖专利组合、竞争动态及市场趋势，可用于竞品跟踪和研发/IP决策。,innovation_product_strategy,other,"[""track_technologies_and_competitors""]",2026-09-08,"[""general_strategy""]"
,请据《Nagoya University》生成结构化报告。分类:competitor_analysis；对象:innovation_product_strategy；行业:other/general_strategy；任务:track_technologies_and_competitors；关键词:Nagoya University、technical research、patent portfolio、competitor monitoring、market trends。概述:本文概述Nagoya University的业务与技术研发，并涵盖专利组合、竞争动态及市场趋势，可用于竞品跟踪和研发/IP决策。须含标题、摘要、结论、背景、技术/产品/市场/IP、风险机会、可落地建议、未来研究。,,,Nagoya University,"[""competitor_analysis""]","[""Nagoya University"", ""technical research"", ""patent portfolio"", ""competitor monitoring"", ""market trends""]",本文概述Nagoya University的业务与技术研发，并涵盖专利组合、竞争动态及市场趋势，可用于竞品跟踪和研发/IP决策。,innovation_product_strategy,other,"[""track_technologies_and_competitors""]",2026-09-08,"[""general_strategy""]"
,"请据《how does the schumann resonance affect humans》生成结构化报告。分类:scout_report；对象:researcher_scientist；行业:other/general_strategy；任务:explore_new_research_fields,track_research_trends；关键词:schumann resonance、schumann resonance affect humans、impact、human health、cognition。概述:本文梳理schumann resonance、schumann resonance affect humans、impact的技术原理、研究或验证方法与应用证据，并讨论性能和可行性，为研发方向选择与后续验证提供参考。须含标题、摘要、结论、背景、技术/产品/市场/IP、风险机会、可落地建议、未来研究。",,,how does the schumann resonance affect humans,"[""scout_report""]","[""schumann resonance"", ""schumann resonance affect humans"", ""impact"", ""human health"", ""cognition"", ""groundbreaking insights"", ""electromagnetic frequencies"", ""well-being""]",本文梳理schumann resonance、schumann resonance affect humans、impact的技术原理、研究或验证方法与应用证据，并讨论性能和可行性，为研发方向选择与后续验证提供参考。,researcher_scientist,other,"[""explore_new_research_fields"", ""track_research_trends""]",2025-06-24,"[""general_strategy""]"
,"请据《ROS 2 Networking: CycloneDDS Vs Fast DDS—Throughput, Latency And CPU》生成结构化报告。分类:competitor_analysis；对象:innovation_product_strategy；行业:other/general_strategy；任务:evaluate_r_and_d_directions,identify_innovation_opportunities；关键词:networking、dds、ROS 2 Networking CycloneDDS、Fast DDS Throughput Latency、CPU。概述:本文比较networking、dds、ROS 2 Networking CycloneDDS在性能、成本、可靠性和适用条件上的差异，并给出验证思路，为技术选型与研发决策提供参考。须含标题、摘要、结论、背景、技术/产品/市场/IP、风险机会、可落地建议、未来研究。",,,"ROS 2 Networking: CycloneDDS Vs Fast DDS—Throughput, Latency And CPU","[""competitor_analysis""]","[""networking"", ""dds"", ""ROS 2 Networking CycloneDDS"", ""Fast DDS Throughput Latency"", ""CPU"", ""ROS"", ""robotics"", ""evolution""]",本文比较networking、dds、ROS 2 Networking CycloneDDS在性能、成本、可靠性和适用条件上的差异，并给出验证思路，为技术选型与研发决策提供参考。,innovation_product_strategy,other,"[""evaluate_r_and_d_directions"", ""identify_innovation_opportunities""]",2025-09-19,"[""general_strategy""]"
,"请据《How to Monitor Schumann Resonance in Real-Time?》生成结构化报告。分类:scout_report；对象:researcher_scientist；行业:other/general_strategy；任务:find_research_methods,track_research_trends；关键词:schumann resonance、Monitor Schumann Resonance、Real-Time、real-time Schumann resonance monitoring、resonance monitoring Overcoming challenges。概述:本文梳理schumann resonance、Monitor Schumann Resonance、Real-Time的技术原理、研究或验证方法与应用证据，并讨论性能和可行性，为研发方向选择与后续验证提供参考。须含标题、摘要、结论、背景、技术/产品/市场/IP、风险机会、可落地建议、未来研究。",,,How to Monitor Schumann Resonance in Real-Time?,"[""scout_report""]","[""schumann resonance"", ""Monitor Schumann Resonance"", ""Real-Time"", ""real-time Schumann resonance monitoring"", ""resonance monitoring Overcoming challenges"", ""accurate continuous measurement"", ""low-frequency EM waves"", ""global impacts""]",本文梳理schumann resonance、Monitor Schumann Resonance、Real-Time的技术原理、研究或验证方法与应用证据，并讨论性能和可行性，为研发方向选择与后续验证提供参考。,researcher_scientist,other,"[""find_research_methods"", ""track_research_trends""]",2025-06-24,"[""general_strategy""]"
,"请据《How to Measure Schumann Resonance Accurately?》生成结构化报告。分类:scout_report；对象:researcher_scientist；行业:other/general_strategy；任务:find_research_methods,track_research_trends；关键词:schumann resonance、Schumann Resonance Accurately、precise Schumann resonance measurements、groundbreaking insights、global electromagnetic phenomena。概述:本文梳理schumann resonance、Schumann Resonance Accurately、precise Schumann resonance measurements的技术原理、研究或验证方法与应用证据，并讨论性能和可行性，为研发方向选择与后续验证提供参考。须含标题、摘要、结论、背景、技术/产品/市场/IP、风险机会、可落地建议、未来研究。",,,How to Measure Schumann Resonance Accurately?,"[""scout_report""]","[""schumann resonance"", ""Schumann Resonance Accurately"", ""precise Schumann resonance measurements"", ""groundbreaking insights"", ""global electromagnetic phenomena"", ""correlations"", ""geophysical events""]",本文梳理schumann resonance、Schumann Resonance Accurately、precise Schumann resonance measurements的技术原理、研究或验证方法与应用证据，并讨论性能和可行性，为研发方向选择与后续验证提供参考。,researcher_scientist,other,"[""find_research_methods"", ""track_research_trends""]",2025-06-24,"[""general_strategy""]"
,"请据《5g Technical Solutions》生成结构化报告。分类:scout_report；对象:rd_engineer_inventor；行业:other/general_strategy；任务:find_technical_solutions,explore_existing_technologies；关键词:5g、technical validation、engineering performance、risk control、application scenarios。概述:本文梳理5g、technical validation、engineering performance的技术原理、研究或验证方法与应用证据，并讨论性能和可行性，为研发方向选择与后续验证提供参考。须含标题、摘要、结论、背景、技术/产品/市场/IP、风险机会、可落地建议、未来研究。",,,5g Technical Solutions,"[""scout_report""]","[""5g"", ""technical validation"", ""engineering performance"", ""risk control"", ""application scenarios""]",本文梳理5g、technical validation、engineering performance的技术原理、研究或验证方法与应用证据，并讨论性能和可行性，为研发方向选择与后续验证提供参考。,rd_engineer_inventor,other,"[""find_technical_solutions"", ""explore_existing_technologies""]",2026-09-08,"[""general_strategy""]"
,"请据《EML Parsing Latency Benchmarks for Edge Email Gateways》生成结构化报告。分类:opportunity_brief；对象:innovation_product_strategy；行业:other/general_strategy；任务:evaluate_r_and_d_directions,identify_innovation_opportunities；关键词:email、EML Parsing Latency Benchmarks、Edge Email Gateways、EML、risk controls。概述:本文比较email、EML Parsing Latency Benchmarks、Edge Email Gateways在性能、成本、可靠性和适用条件上的差异，并给出验证思路，为技术选型与研发决策提供参考。须含标题、摘要、结论、背景、技术/产品/市场/IP、风险机会、可落地建议、未来研究。",,,EML Parsing Latency Benchmarks for Edge Email Gateways,"[""opportunity_brief""]","[""email"", ""EML Parsing Latency Benchmarks"", ""Edge Email Gateways"", ""EML"", ""risk controls""]",本文比较email、EML Parsing Latency Benchmarks、Edge Email Gateways在性能、成本、可靠性和适用条件上的差异，并给出验证思路，为技术选型与研发决策提供参考。,innovation_product_strategy,other,"[""evaluate_r_and_d_directions"", ""identify_innovation_opportunities""]",2026-09-08,"[""general_strategy""]"
,"请据《Optimize 5G Handover for Cross-Border High-Speed Rail》生成结构化报告。分类:scout_report；对象:rd_engineer_inventor；行业:other/general_strategy；任务:find_technical_solutions,explore_existing_technologies；关键词:5G Handover、Cross-Border High-Speed Rail、high speeds exceeding 300、speeds exceeding 300 km/h、handover。概述:本文梳理5G Handover、Cross-Border High-Speed Rail、high speeds exceeding 300的技术原理、研究或验证方法与应用证据，并讨论性能和可行性，为研发方向选择与后续验证提供参考。须含标题、摘要、结论、背景、技术/产品/市场/IP、风险机会、可落地建议、未来研究。",,,Optimize 5G Handover for Cross-Border High-Speed Rail,"[""scout_report""]","[""5G Handover"", ""Cross-Border High-Speed Rail"", ""high speeds exceeding 300"", ""speeds exceeding 300 km/h"", ""handover"", ""module insufficiently transfers connections"", ""connections between base stations"", ""transfer speed cannot match""]",本文梳理5G Handover、Cross-Border High-Speed Rail、high speeds exceeding 300的技术原理、研究或验证方法与应用证据，并讨论性能和可行性，为研发方向选择与后续验证提供参考。,rd_engineer_inventor,other,"[""find_technical_solutions"", ""explore_existing_technologies""]",2026-09-08,"[""general_strategy""]"
,"请据《EML Encoding Issues in Cross-Platform Email Migration》生成结构化报告。分类:scout_report；对象:rd_engineer_inventor；行业:other/general_strategy；任务:find_technical_solutions,explore_existing_technologies；关键词:email、EML Encoding Issues、Cross-Platform Email Migration、EML、risk controls。概述:本文梳理email、EML Encoding Issues、Cross-Platform Email Migration的技术原理、研究或验证方法与应用证据，并讨论性能和可行性，为研发方向选择与后续验证提供参考。须含标题、摘要、结论、背景、技术/产品/市场/IP、风险机会、可落地建议、未来研究。",,,EML Encoding Issues in Cross-Platform Email Migration,"[""scout_report""]","[""email"", ""EML Encoding Issues"", ""Cross-Platform Email Migration"", ""EML"", ""risk controls""]",本文梳理email、EML Encoding Issues、Cross-Platform Email Migration的技术原理、研究或验证方法与应用证据，并讨论性能和可行性，为研发方向选择与后续验证提供参考。,rd_engineer_inventor,other,"[""find_technical_solutions"", ""explore_existing_technologies""]",2026-09-08,"[""general_strategy""]"
,"请据《How to Build RAG Pipelines for Geospatial Data Retrieval》生成结构化报告。分类:scout_report；对象:rd_engineer_inventor；行业:other/general_strategy；任务:find_technical_solutions,explore_existing_technologies；关键词:Build RAG Pipelines、Geospatial Data Retrieval、RAG、building、building RAG pipelines。概述:本文梳理Build RAG Pipelines、Geospatial Data Retrieval、RAG的技术原理、研究或验证方法与应用证据，并讨论性能和可行性，为研发方向选择与后续验证提供参考。须含标题、摘要、结论、背景、技术/产品/市场/IP、风险机会、可落地建议、未来研究。",,,How to Build RAG Pipelines for Geospatial Data Retrieval,"[""scout_report""]","[""Build RAG Pipelines"", ""Geospatial Data Retrieval"", ""RAG"", ""building"", ""building RAG pipelines"", ""geospatial data"", ""embedding generation module insufficiently"", ""insufficiently converts spatial coordinates""]",本文梳理Build RAG Pipelines、Geospatial Data Retrieval、RAG的技术原理、研究或验证方法与应用证据，并讨论性能和可行性，为研发方向选择与后续验证提供参考。,rd_engineer_inventor,other,"[""find_technical_solutions"", ""explore_existing_technologies""]",2026-09-08,"[""general_strategy""]"
,"请据《How to Select 5G Frequency Band for Maritime Coverage》生成结构化报告。分类:opportunity_brief；对象:innovation_product_strategy；行业:other/general_strategy；任务:evaluate_r_and_d_directions,identify_innovation_opportunities；关键词:5G Frequency Band、Maritime Coverage、deploying 5G coverage over、higher frequency bands suffer、insufficient signal propagation distance。概述:本文比较5G Frequency Band、Maritime Coverage、deploying 5G coverage over在性能、成本、可靠性和适用条件上的差异，并给出验证思路，为技术选型与研发决策提供参考。须含标题、摘要、结论、背景、技术/产品/市场/IP、风险机会、可落地建议、未来研究。",,,How to Select 5G Frequency Band for Maritime Coverage,"[""opportunity_brief""]","[""5G Frequency Band"", ""Maritime Coverage"", ""deploying 5G coverage over"", ""higher frequency bands suffer"", ""insufficient signal propagation distance"", ""signal propagation distance due"", ""excessive atmospheric attenuation"", ""sea surface scattering failing""]",本文比较5G Frequency Band、Maritime Coverage、deploying 5G coverage over在性能、成本、可靠性和适用条件上的差异，并给出验证思路，为技术选型与研发决策提供参考。,innovation_product_strategy,other,"[""evaluate_r_and_d_directions"", ""identify_innovation_opportunities""]",2026-09-08,"[""general_strategy""]"
,"请据《LLM Quantization Trade-offs: Accuracy vs Inference Speed》生成结构化报告。分类:opportunity_brief；对象:innovation_product_strategy；行业:other/general_strategy；任务:evaluate_r_and_d_directions,identify_innovation_opportunities；关键词:LLM quantization、llm、LLM Quantization Trade-offs Accuracy、Inference Speed、engine。概述:本文比较LLM quantization、llm、LLM Quantization Trade-offs Accuracy在性能、成本、可靠性和适用条件上的差异，并给出验证思路，为技术选型与研发决策提供参考。须含标题、摘要、结论、背景、技术/产品/市场/IP、风险机会、可落地建议、未来研究。",,,LLM Quantization Trade-offs: Accuracy vs Inference Speed,"[""opportunity_brief""]","[""LLM quantization"", ""llm"", ""LLM Quantization Trade-offs Accuracy"", ""Inference Speed"", ""engine"", ""quantization module converts model"", ""module converts model parameters"", ""introduces harmful numerical degradation""]",本文比较LLM quantization、llm、LLM Quantization Trade-offs Accuracy在性能、成本、可靠性和适用条件上的差异，并给出验证思路，为技术选型与研发决策提供参考。,innovation_product_strategy,other,"[""evaluate_r_and_d_directions"", ""identify_innovation_opportunities""]",2026-09-08,"[""general_strategy""]"
,"请据《Modular Air-Conditioning Cassettes for Low-Cost Room Retrofit》生成结构化报告。分类:case；对象:rd_engineer_inventor；行业:other/consumer_products；任务:find_technical_solutions,generate_product_ideas；关键词:retrofit、Modular Air-Conditioning Cassettes、Low-Cost Room Retrofit、Modular cassettes、integrated heat exchangers。概述:本文以retrofit、Modular Air-Conditioning Cassettes、Low-Cost Room Retrofit为案例，解析具体工程问题、解决构型及预期效果，为类似产品或工艺的技术改进与创新提供参考。须含标题、摘要、结论、背景、技术/产品/市场/IP、风险机会、可落地建议、未来研究。",,,Modular Air-Conditioning Cassettes for Low-Cost Room Retrofit,"[""case""]","[""retrofit"", ""Modular Air-Conditioning Cassettes"", ""Low-Cost Room Retrofit"", ""Modular cassettes"", ""integrated heat exchangers"", ""remote"", ""simplify room air-conditioning retrofit"", ""while cutting installation cost""]",本文以retrofit、Modular Air-Conditioning Cassettes、Low-Cost Room Retrofit为案例，解析具体工程问题、解决构型及预期效果，为类似产品或工艺的技术改进与创新提供参考。,rd_engineer_inventor,other,"[""find_technical_solutions"", ""generate_product_ideas""]",2026-09-08,"[""consumer_products""]"
,"请据《Cloud Server Rightsizing Using Multi-Dimensional Workload Metrics》生成结构化报告。分类:case；对象:rd_engineer_inventor；行业:other/general_strategy；任务:find_technical_solutions,generate_product_ideas；关键词:cloud server、Cloud Server Rightsizing、Multi-Dimensional Workload Metrics、Multi-dimensional usage data cleansing、predictive modeling。概述:本文以cloud server、Cloud Server Rightsizing、Multi-Dimensional Workload Metrics为案例，解析具体工程问题、解决构型及预期效果，为类似产品或工艺的技术改进与创新提供参考。须含标题、摘要、结论、背景、技术/产品/市场/IP、风险机会、可落地建议、未来研究。",,,Cloud Server Rightsizing Using Multi-Dimensional Workload Metrics,"[""case""]","[""cloud server"", ""Cloud Server Rightsizing"", ""Multi-Dimensional Workload Metrics"", ""Multi-dimensional usage data cleansing"", ""predictive modeling"", ""proactive cloud server capacity"", ""cloud server capacity adjustments"", ""better allocation""]",本文以cloud server、Cloud Server Rightsizing、Multi-Dimensional Workload Metrics为案例，解析具体工程问题、解决构型及预期效果，为类似产品或工艺的技术改进与创新提供参考。,rd_engineer_inventor,other,"[""find_technical_solutions"", ""generate_product_ideas""]",2026-09-08,"[""general_strategy""]"
,请据《SNECMA SA》生成结构化报告。分类:competitor_analysis；对象:innovation_product_strategy；行业:automotive/automotive_manufacturing；任务:track_technologies_and_competitors；关键词:SNECMA SA、engine、technical research、patent portfolio、competitor monitoring。概述:本文概述SNECMA SA的业务与技术研发，并涵盖专利组合、竞争动态及市场趋势，可用于竞品跟踪和研发/IP决策。须含标题、摘要、结论、背景、技术/产品/市场/IP、风险机会、可落地建议、未来研究。,https://eureka.patsnap.com/ai-search/sess_75099f8f7d044e18?from=rd-home&start_from=eureka_landingpage,https://eureka.patsnap.com/share/?id=423261c4dcdfaaa202a1288fb8565160&from=invite-eureakplg-result&content=,SNECMA SA,"[""competitor_analysis""]","[""SNECMA SA"", ""engine"", ""technical research"", ""patent portfolio"", ""competitor monitoring"", ""market trends""]",本文概述SNECMA SA的业务与技术研发，并涵盖专利组合、竞争动态及市场趋势，可用于竞品跟踪和研发/IP决策。,innovation_product_strategy,automotive,"[""track_technologies_and_competitors""]",2026-09-08,"[""automotive_manufacturing""]"
,"请据《Chuo Spring Co., Ltd.》生成结构化报告。分类:competitor_analysis；对象:innovation_product_strategy；行业:automotive/automotive_manufacturing；任务:track_technologies_and_competitors；关键词:Chuo Spring Co., Ltd、agricultural、automotive、industrial、technical research。概述:本文概述Chuo Spring Co., Ltd.的业务与技术研发，并涵盖专利组合、竞争动态及市场趋势，可用于竞品跟踪和研发/IP决策。须含标题、摘要、结论、背景、技术/产品/市场/IP、风险机会、可落地建议、未来研究。",https://eureka.patsnap.com/ai-search/sess_b61667c4517d4535?from=rd-home&start_from=eureka_landingpage,https://eureka.patsnap.com/share/?id=31481d3a1f3d2138286a414fc82eb448&from=invite-eureakplg-result&content=,"Chuo Spring Co., Ltd.","[""competitor_analysis""]","[""Chuo Spring Co., Ltd"", ""agricultural"", ""automotive"", ""industrial"", ""technical research"", ""patent portfolio"", ""competitor monitoring"", ""market trends""]","本文概述Chuo Spring Co., Ltd.的业务与技术研发，并涵盖专利组合、竞争动态及市场趋势，可用于竞品跟踪和研发/IP决策。",innovation_product_strategy,automotive,"[""track_technologies_and_competitors""]",2026-09-08,"[""automotive_manufacturing""]"
,"请据《Alpine Electronics, Inc.》生成结构化报告。分类:competitor_analysis；对象:innovation_product_strategy；行业:automotive/automotive_manufacturing；任务:track_technologies_and_competitors；关键词:Alpine Electronics, Inc、car、technical research、patent portfolio、competitor monitoring。概述:本文概述Alpine Electronics, Inc.的业务与技术研发，并涵盖专利组合、竞争动态及市场趋势，可用于竞品跟踪和研发/IP决策。须含标题、摘要、结论、背景、技术/产品/市场/IP、风险机会、可落地建议、未来研究。",https://eureka.patsnap.com/ai-search/sess_ad4f368a10fe407e?from=rd-home&start_from=eureka_landingpage,https://eureka.patsnap.com/share/?id=a2b22767e6744cf53f8907866207fd7a&from=invite-eureakplg-result&content=,"Alpine Electronics, Inc.","[""competitor_analysis""]","[""Alpine Electronics, Inc"", ""car"", ""technical research"", ""patent portfolio"", ""competitor monitoring"", ""market trends""]","本文概述Alpine Electronics, Inc.的业务与技术研发，并涵盖专利组合、竞争动态及市场趋势，可用于竞品跟踪和研发/IP决策。",innovation_product_strategy,automotive,"[""track_technologies_and_competitors""]",2026-09-08,"[""automotive_manufacturing""]"
,"请据《How to Troubleshoot 5.4 Triton Engine Misfire Problems?》生成结构化报告。分类:scout_report；对象:researcher_scientist；行业:automotive/vehicle_components；任务:find_research_methods,track_research_trends；关键词:triton engine、engine、5 4 Triton Engine、4 Triton Engine Misfire、common misfire issues。概述:本文梳理triton engine、engine、5 4 Triton Engine的技术原理、研究或验证方法与应用证据，并讨论性能和可行性，为研发方向选择与后续验证提供参考。须含标题、摘要、结论、背景、技术/产品/市场/IP、风险机会、可落地建议、未来研究。",https://eureka.patsnap.com/ai-search/sess_a72e1e294dd24ae4?from=rd-home&start_from=eureka_landingpage,https://eureka.patsnap.com/share/?id=74f8f5b89c295a425920c0bfe318a0a8&from=invite-eureakplg-result&content=,How to Troubleshoot 5.4 Triton Engine Misfire Problems?,"[""scout_report""]","[""triton engine"", ""engine"", ""5 4 Triton Engine"", ""4 Triton Engine Misfire"", ""common misfire issues"", ""Ford"", ""5 4 Triton V8"", ""4 Triton V8 engine""]",本文梳理triton engine、engine、5 4 Triton Engine的技术原理、研究或验证方法与应用证据，并讨论性能和可行性，为研发方向选择与后续验证提供参考。,researcher_scientist,automotive,"[""find_research_methods"", ""track_research_trends""]",2025-08-12,"[""vehicle_components""]"
,"请据《Comparing LS2 Engine vs LS3: Power Output and Durability》生成结构化报告。分类:competitor_analysis；对象:innovation_product_strategy；行业:automotive/vehicle_components；任务:evaluate_r_and_d_directions,identify_innovation_opportunities；关键词:engine、ls2、ls3、LS2 Engine、LS3 Power Output。概述:本文比较engine、ls2、ls3在性能、成本、可靠性和适用条件上的差异，并给出验证思路，为技术选型与研发决策提供参考。须含标题、摘要、结论、背景、技术/产品/市场/IP、风险机会、可落地建议、未来研究。",https://eureka.patsnap.com/ai-search/sess_c71407fc348044ca?from=rd-home&start_from=eureka_landingpage,https://eureka.patsnap.com/share/?id=8feee7d6f3708a084a95eeec57a02c14&from=invite-eureakplg-result&content=,Comparing LS2 Engine vs LS3: Power Output and Durability,"[""competitor_analysis""]","[""engine"", ""ls2"", ""ls3"", ""LS2 Engine"", ""LS3 Power Output"", ""Durability"", ""automotive"", ""Exploring""]",本文比较engine、ls2、ls3在性能、成本、可靠性和适用条件上的差异，并给出验证思路，为技术选型与研发决策提供参考。,innovation_product_strategy,automotive,"[""evaluate_r_and_d_directions"", ""identify_innovation_opportunities""]",2025-09-03,"[""vehicle_components""]"
,"请据《Sodium silicate-based corrosion inhibitors in automotive coolants》生成结构化报告。分类:scout_report；对象:researcher_scientist；行业:automotive/vehicle_components；任务:explore_new_research_fields,track_research_trends；关键词:sodium silicate、automotive、Sodium silicate-based corrosion inhibitors、automotive coolants、Innovative coolant formulations。概述:本文梳理sodium silicate、automotive、Sodium silicate-based corrosion inhibitors的技术原理、研究或验证方法与应用证据，并讨论性能和可行性，为研发方向选择与后续验证提供参考。须含标题、摘要、结论、背景、技术/产品/市场/IP、风险机会、可落地建议、未来研究。",https://eureka.patsnap.com/ai-search/sess_341d58a2d7c64d4b?from=rd-home&start_from=eureka_landingpage,https://eureka.patsnap.com/share/?id=04c370e06367c309c5e22d0d29b35007&from=invite-eureakplg-result&content=,Sodium silicate-based corrosion inhibitors in automotive coolants,"[""scout_report""]","[""sodium silicate"", ""automotive"", ""Sodium silicate-based corrosion inhibitors"", ""automotive coolants"", ""Innovative coolant formulations"", ""lightweight engines"", ""compatibility"", ""sustainability""]",本文梳理sodium silicate、automotive、Sodium silicate-based corrosion inhibitors的技术原理、研究或验证方法与应用证据，并讨论性能和可行性，为研发方向选择与后续验证提供参考。,researcher_scientist,automotive,"[""explore_new_research_fields"", ""track_research_trends""]",2025-08-21,"[""vehicle_components""]"
,"请据《How to Troubleshoot Common K24 Engine Problems?》生成结构化报告。分类:scout_report；对象:researcher_scientist；行业:automotive/vehicle_components；任务:find_research_methods,track_research_trends；关键词:engine、k24、Common K24 Engine、reliability、Honda。概述:本文梳理engine、k24、Common K24 Engine的技术原理、研究或验证方法与应用证据，并讨论性能和可行性，为研发方向选择与后续验证提供参考。须含标题、摘要、结论、背景、技术/产品/市场/IP、风险机会、可落地建议、未来研究。",https://eureka.patsnap.com/ai-search/sess_d31773d6c3b444d0?from=rd-home&start_from=eureka_landingpage,https://eureka.patsnap.com/share/?id=2ec16b9103e2431182f2895722cab0e8&from=invite-eureakplg-result&content=,How to Troubleshoot Common K24 Engine Problems?,"[""scout_report""]","[""engine"", ""k24"", ""Common K24 Engine"", ""reliability"", ""Honda"", ""K24 engine reliability"", ""versatility"", ""various models Learn about""]",本文梳理engine、k24、Common K24 Engine的技术原理、研究或验证方法与应用证据，并讨论性能和可行性，为研发方向选择与后续验证提供参考。,researcher_scientist,automotive,"[""find_research_methods"", ""track_research_trends""]",2025-07-03,"[""vehicle_components""]"
,"请据《LT1 Engine vs LT4 Engine: Key Differences》生成结构化报告。分类:competitor_analysis；对象:innovation_product_strategy；行业:automotive/vehicle_components；任务:evaluate_r_and_d_directions,identify_innovation_opportunities；关键词:engine、lt1、lt4、LT1 Engine、LT4 Engine。概述:本文比较engine、lt1、lt4在性能、成本、可靠性和适用条件上的差异，并给出验证思路，为技术选型与研发决策提供参考。须含标题、摘要、结论、背景、技术/产品/市场/IP、风险机会、可落地建议、未来研究。",https://eureka.patsnap.com/ai-search/sess_540614b2b6874931?from=rd-home&start_from=eureka_landingpage,https://eureka.patsnap.com/share/?id=1afa60608b4b11e670c2936f4da1dd3c&from=invite-eureakplg-result&content=,LT1 Engine vs LT4 Engine: Key Differences,"[""competitor_analysis""]","[""engine"", ""lt1"", ""lt4"", ""LT1 Engine"", ""LT4 Engine"", ""Differences"", ""Exploring GM"", ""LT4 engines""]",本文比较engine、lt1、lt4在性能、成本、可靠性和适用条件上的差异，并给出验证思路，为技术选型与研发决策提供参考。,innovation_product_strategy,automotive,"[""evaluate_r_and_d_directions"", ""identify_innovation_opportunities""]",2025-08-25,"[""vehicle_components""]"
,"请据《How to Diagnose Common 5.4 Triton Engine Issues?》生成结构化报告。分类:scout_report；对象:researcher_scientist；行业:automotive/vehicle_components；任务:find_research_methods,track_research_trends；关键词:triton engine、engine、Common 5 4 Triton、4 Triton Engine Issues、Ford。概述:本文梳理triton engine、engine、Common 5 4 Triton的技术原理、研究或验证方法与应用证据，并讨论性能和可行性，为研发方向选择与后续验证提供参考。须含标题、摘要、结论、背景、技术/产品/市场/IP、风险机会、可落地建议、未来研究。",https://eureka.patsnap.com/ai-search/sess_75902970b8354503?from=rd-home&start_from=eureka_landingpage,https://eureka.patsnap.com/share/?id=2896c98196f912d8bc4a944177c230e5&from=invite-eureakplg-result&content=,How to Diagnose Common 5.4 Triton Engine Issues?,"[""scout_report""]","[""triton engine"", ""engine"", ""Common 5 4 Triton"", ""4 Triton Engine Issues"", ""Ford"", ""5 4 Triton V8"", ""V8 engine history features"", ""common issues Essential""]",本文梳理triton engine、engine、Common 5 4 Triton的技术原理、研究或验证方法与应用证据，并讨论性能和可行性，为研发方向选择与后续验证提供参考。,researcher_scientist,automotive,"[""find_research_methods"", ""track_research_trends""]",2025-08-12,"[""vehicle_components""]"
,"请据《How to Enhance 5.4 Triton Engine Performance with Aftermarket Parts?》生成结构化报告。分类:scout_report；对象:researcher_scientist；行业:automotive/vehicle_components；任务:find_research_methods,track_research_trends；关键词:triton engine、engine、5 4 Triton Engine、Aftermarket Parts、vehicle。概述:本文梳理triton engine、engine、5 4 Triton Engine的技术原理、研究或验证方法与应用证据，并讨论性能和可行性，为研发方向选择与后续验证提供参考。须含标题、摘要、结论、背景、技术/产品/市场/IP、风险机会、可落地建议、未来研究。",https://eureka.patsnap.com/ai-search/sess_c985fad0b8de40f0?from=rd-home&start_from=eureka_landingpage,https://eureka.patsnap.com/share/?id=4c6192d585e764a1b1f63dbec88780d7&from=invite-eureakplg-result&content=,How to Enhance 5.4 Triton Engine Performance with Aftermarket Parts?,"[""scout_report""]","[""triton engine"", ""engine"", ""5 4 Triton Engine"", ""Aftermarket Parts"", ""vehicle"", ""innovative aftermarket"", ""boost fuel efficiency"", ""compromising""]",本文梳理triton engine、engine、5 4 Triton Engine的技术原理、研究或验证方法与应用证据，并讨论性能和可行性，为研发方向选择与后续验证提供参考。,researcher_scientist,automotive,"[""find_research_methods"", ""track_research_trends""]",2025-08-12,"[""vehicle_components""]"
,"请据《LS1 Engine vs LS3: Application Comparison》生成结构化报告。分类:competitor_analysis；对象:innovation_product_strategy；行业:automotive/vehicle_components；任务:evaluate_r_and_d_directions,identify_innovation_opportunities；关键词:engine、ls1、ls3、LS1 Engine、technological evolution。概述:本文比较engine、ls1、ls3在性能、成本、可靠性和适用条件上的差异，并给出验证思路，为技术选型与研发决策提供参考。须含标题、摘要、结论、背景、技术/产品/市场/IP、风险机会、可落地建议、未来研究。",https://eureka.patsnap.com/ai-search/sess_4f2fd11b53224ba1?from=rd-home&start_from=eureka_landingpage,https://eureka.patsnap.com/share/?id=15295986941e0be4f0d53c08afd9c322&from=invite-eureakplg-result&content=,LS1 Engine vs LS3: Application Comparison,"[""competitor_analysis""]","[""engine"", ""ls1"", ""ls3"", ""LS1 Engine"", ""technological evolution"", ""GM"", ""LS3 engines exploring"", ""gains""]",本文比较engine、ls1、ls3在性能、成本、可靠性和适用条件上的差异，并给出验证思路，为技术选型与研发决策提供参考。,innovation_product_strategy,automotive,"[""evaluate_r_and_d_directions"", ""identify_innovation_opportunities""]",2025-08-25,"[""vehicle_components""]"
,"请据《How to Calculate Brake Horsepower From Torque and RPM》生成结构化报告。分类:scout_report；对象:rd_engineer_inventor；行业:automotive/vehicle_components；任务:find_technical_solutions,assess_technical_feasibility；关键词:brake horsepower、Calculate Brake Horsepower、Torque、RPM、engine。概述:本文梳理brake horsepower、Calculate Brake Horsepower、Torque的技术原理、研究或验证方法与应用证据，并讨论性能和可行性，为研发方向选择与后续验证提供参考。须含标题、摘要、结论、背景、技术/产品/市场/IP、风险机会、可落地建议、未来研究。",https://eureka.patsnap.com/ai-search/sess_c88e605750d94fcc?from=rd-home&start_from=eureka_landingpage,https://eureka.patsnap.com/share/?id=88cd1f103c2bd455b3f08fee0aa1bbe7&from=invite-eureakplg-result&content=,How to Calculate Brake Horsepower From Torque and RPM,"[""scout_report""]","[""brake horsepower"", ""Calculate Brake Horsepower"", ""Torque"", ""RPM"", ""engine"", ""brake horsepower BHP measures"", ""true engine power output"", ""crankshaft Essential insights""]",本文梳理brake horsepower、Calculate Brake Horsepower、Torque的技术原理、研究或验证方法与应用证据，并讨论性能和可行性，为研发方向选择与后续验证提供参考。,rd_engineer_inventor,automotive,"[""find_technical_solutions"", ""assess_technical_feasibility""]",2026-09-08,"[""vehicle_components""]"
,"请据《Brake Horsepower vs Electric Motor Power for Hybrid Design》生成结构化报告。分类:competitor_analysis；对象:innovation_product_strategy；行业:automotive/ev_and_battery_systems；任务:evaluate_r_and_d_directions,identify_innovation_opportunities；关键词:brake horsepower、motor、Electric Motor Power、Hybrid、automotive。概述:本文比较brake horsepower、motor、Electric Motor Power在性能、成本、可靠性和适用条件上的差异，并给出验证思路，为技术选型与研发决策提供参考。须含标题、摘要、结论、背景、技术/产品/市场/IP、风险机会、可落地建议、未来研究。",https://eureka.patsnap.com/ai-search/sess_ecce1a22870a46ef?from=rd-home&start_from=eureka_landingpage,https://eureka.patsnap.com/share/?id=aa9f8bb08a7705c16d24c48ee1277038&from=invite-eureakplg-result&content=,Brake Horsepower vs Electric Motor Power for Hybrid Design,"[""competitor_analysis""]","[""brake horsepower"", ""motor"", ""Electric Motor Power"", ""Hybrid"", ""automotive"", ""automotive industry evolved"", ""combustion engines"", ""advanced hybrid electric vehicles""]",本文比较brake horsepower、motor、Electric Motor Power在性能、成本、可靠性和适用条件上的差异，并给出验证思路，为技术选型与研发决策提供参考。,innovation_product_strategy,automotive,"[""evaluate_r_and_d_directions"", ""identify_innovation_opportunities""]",2026-09-08,"[""ev_and_battery_systems""]"
,"请据《Brake Horsepower vs Wheel Horsepower Under Load》生成结构化报告。分类:competitor_analysis；对象:innovation_product_strategy；行业:automotive/vehicle_components；任务:evaluate_r_and_d_directions,identify_innovation_opportunities；关键词:brake horsepower、wheel horsepower、Load、drivetrain、critical differences between brake。概述:本文比较brake horsepower、wheel horsepower、Load在性能、成本、可靠性和适用条件上的差异，并给出验证思路，为技术选型与研发决策提供参考。须含标题、摘要、结论、背景、技术/产品/市场/IP、风险机会、可落地建议、未来研究。",https://eureka.patsnap.com/ai-search/sess_ff8f1a82fce140ed?from=rd-home&start_from=eureka_landingpage,https://eureka.patsnap.com/share/?id=1882bd2d5373b5c03a23372ffc9dc471&from=invite-eureakplg-result&content=,Brake Horsepower vs Wheel Horsepower Under Load,"[""competitor_analysis""]","[""brake horsepower"", ""wheel horsepower"", ""Load"", ""drivetrain"", ""critical differences between brake"", ""differences between brake horsepower"", ""insights now""]",本文比较brake horsepower、wheel horsepower、Load在性能、成本、可靠性和适用条件上的差异，并给出验证思路，为技术选型与研发决策提供参考。,innovation_product_strategy,automotive,"[""evaluate_r_and_d_directions"", ""identify_innovation_opportunities""]",2026-09-08,"[""vehicle_components""]"
,"请据《How to Compare Brake Horsepower Before and After Tuning》生成结构化报告。分类:competitor_analysis；对象:innovation_product_strategy；行业:automotive/vehicle_components；任务:evaluate_r_and_d_directions,identify_innovation_opportunities；关键词:brake horsepower、After Tuning、automotive、cutting-edge brake horsepower tuning、maximize automotive。概述:本文比较brake horsepower、After Tuning、automotive在性能、成本、可靠性和适用条件上的差异，并给出验证思路，为技术选型与研发决策提供参考。须含标题、摘要、结论、背景、技术/产品/市场/IP、风险机会、可落地建议、未来研究。",https://eureka.patsnap.com/ai-search/sess_74cf2296065f4659?from=rd-home&start_from=eureka_landingpage,https://eureka.patsnap.com/share/?id=db38bb536fa312fca8479d70d6d236c9&from=invite-eureakplg-result&content=,How to Compare Brake Horsepower Before and After Tuning,"[""competitor_analysis""]","[""brake horsepower"", ""After Tuning"", ""automotive"", ""cutting-edge brake horsepower tuning"", ""maximize automotive"", ""efficiency"", ""modern engines""]",本文比较brake horsepower、After Tuning、automotive在性能、成本、可靠性和适用条件上的差异，并给出验证思路，为技术选型与研发决策提供参考。,innovation_product_strategy,automotive,"[""evaluate_r_and_d_directions"", ""identify_innovation_opportunities""]",2026-09-08,"[""vehicle_components""]"
,"请据《Brake Horsepower Correction for Humidity and Intake Conditions》生成结构化报告。分类:scout_report；对象:rd_engineer_inventor；行业:automotive/vehicle_components；任务:find_technical_solutions,assess_technical_feasibility；关键词:brake horsepower、Brake Horsepower Correction、Humidity、Intake Conditions、automotive。概述:本文梳理brake horsepower、Brake Horsepower Correction、Humidity的技术原理、研究或验证方法与应用证据，并讨论性能和可行性，为研发方向选择与后续验证提供参考。须含标题、摘要、结论、背景、技术/产品/市场/IP、风险机会、可落地建议、未来研究。",https://eureka.patsnap.com/ai-search/sess_83d6f7388aa34156?from=rd-home&start_from=eureka_landingpage,https://eureka.patsnap.com/share/?id=061738086d926662c7feccadfdea8c03&from=invite-eureakplg-result&content=,Brake Horsepower Correction for Humidity and Intake Conditions,"[""scout_report""]","[""brake horsepower"", ""Brake Horsepower Correction"", ""Humidity"", ""Intake Conditions"", ""automotive"", ""industrial"", ""engine"", ""brake horsepower measurement fundamentals""]",本文梳理brake horsepower、Brake Horsepower Correction、Humidity的技术原理、研究或验证方法与应用证据，并讨论性能和可行性，为研发方向选择与后续验证提供参考。,rd_engineer_inventor,automotive,"[""find_technical_solutions"", ""assess_technical_feasibility""]",2026-09-08,"[""vehicle_components""]"
,"请据《Brake Horsepower Correction Standards: SAE vs JIS》生成结构化报告。分类:competitor_analysis；对象:innovation_product_strategy；行业:automotive/automotive_manufacturing；任务:evaluate_r_and_d_directions,identify_innovation_opportunities；关键词:brake horsepower、Brake Horsepower Correction Standards、Horsepower Correction Standards SAE、JIS、SAE。概述:本文比较brake horsepower、Brake Horsepower Correction Standards、Horsepower Correction Standards SAE在性能、成本、可靠性和适用条件上的差异，并给出验证思路，为技术选型与研发决策提供参考。须含标题、摘要、结论、背景、技术/产品/市场/IP、风险机会、可落地建议、未来研究。",https://eureka.patsnap.com/ai-search/sess_ee610a94d6854fd2?from=rd-home&start_from=eureka_landingpage,https://eureka.patsnap.com/share/?id=7c9ba920d73e7e7e1a4419592260a728&from=invite-eureakplg-result&content=,Brake Horsepower Correction Standards: SAE vs JIS,"[""competitor_analysis""]","[""brake horsepower"", ""Brake Horsepower Correction Standards"", ""Horsepower Correction Standards SAE"", ""JIS"", ""SAE"", ""manufacturing"", ""automotive"", ""engine"", ""brake power correction standards""]",本文比较brake horsepower、Brake Horsepower Correction Standards、Horsepower Correction Standards SAE在性能、成本、可靠性和适用条件上的差异，并给出验证思路，为技术选型与研发决策提供参考。,innovation_product_strategy,automotive,"[""evaluate_r_and_d_directions"", ""identify_innovation_opportunities""]",2026-09-08,"[""automotive_manufacturing""]"
,"请据《Brake Horsepower vs Gross Power Under Different Standards》生成结构化报告。分类:competitor_analysis；对象:innovation_product_strategy；行业:automotive/vehicle_components；任务:evaluate_r_and_d_directions,identify_innovation_opportunities；关键词:brake horsepower、gross power、Standards、automotive、engine。概述:本文比较brake horsepower、gross power、Standards在性能、成本、可靠性和适用条件上的差异，并给出验证思路，为技术选型与研发决策提供参考。须含标题、摘要、结论、背景、技术/产品/市场/IP、风险机会、可落地建议、未来研究。",https://eureka.patsnap.com/ai-search/sess_3aa56fd956164b69?from=rd-home&start_from=eureka_landingpage,https://eureka.patsnap.com/share/?id=6cc1656ba4dc7cd9b658c2bba63f2d9d&from=invite-eureakplg-result&content=,Brake Horsepower vs Gross Power Under Different Standards,"[""competitor_analysis""]","[""brake horsepower"", ""gross power"", ""Standards"", ""automotive"", ""engine"", ""evolution"", ""engine power measurement standards"", ""early combustion engines""]",本文比较brake horsepower、gross power、Standards在性能、成本、可靠性和适用条件上的差异，并给出验证思路，为技术选型与研发决策提供参考。,innovation_product_strategy,automotive,"[""evaluate_r_and_d_directions"", ""identify_innovation_opportunities""]",2026-09-08,"[""vehicle_components""]"
,"请据《Brake Horsepower vs Net Horsepower: Rating Consistency》生成结构化报告。分类:competitor_analysis；对象:innovation_product_strategy；行业:automotive/vehicle_components；任务:evaluate_r_and_d_directions,identify_innovation_opportunities；关键词:brake horsepower、net horsepower、Net Horsepower Rating Consistency、horsepower rating、evolved。概述:本文比较brake horsepower、net horsepower、Net Horsepower Rating Consistency在性能、成本、可靠性和适用条件上的差异，并给出验证思路，为技术选型与研发决策提供参考。须含标题、摘要、结论、背景、技术/产品/市场/IP、风险机会、可落地建议、未来研究。",https://eureka.patsnap.com/ai-search/sess_355349805b3a44e5?from=rd-home&start_from=eureka_landingpage,https://eureka.patsnap.com/share/?id=23ced1a42645c7ba17cc4927c7cc4d0f&from=invite-eureakplg-result&content=,Brake Horsepower vs Net Horsepower: Rating Consistency,"[""competitor_analysis""]","[""brake horsepower"", ""net horsepower"", ""Net Horsepower Rating Consistency"", ""horsepower rating"", ""evolved"", ""persistent measurement inconsistencies across"", ""inconsistencies across industries today""]",本文比较brake horsepower、net horsepower、Net Horsepower Rating Consistency在性能、成本、可靠性和适用条件上的差异，并给出验证思路，为技术选型与研发决策提供参考。,innovation_product_strategy,automotive,"[""evaluate_r_and_d_directions"", ""identify_innovation_opportunities""]",2026-09-08,"[""vehicle_components""]"
,"请据《Brake Horsepower vs Torque: Choosing Engine Control Targets》生成结构化报告。分类:competitor_analysis；对象:innovation_product_strategy；行业:automotive/vehicle_components；任务:evaluate_r_and_d_directions,identify_innovation_opportunities；关键词:brake horsepower、engine、Torque、Targets、evolved。概述:本文比较brake horsepower、engine、Torque在性能、成本、可靠性和适用条件上的差异，并给出验证思路，为技术选型与研发决策提供参考。须含标题、摘要、结论、背景、技术/产品/市场/IP、风险机会、可落地建议、未来研究。",https://eureka.patsnap.com/ai-search/sess_c260477c4c8f420f?from=rd-home&start_from=eureka_landingpage,https://eureka.patsnap.com/share/?id=dd87c65fc30c2298800cc7c1e71b0b30&from=invite-eureakplg-result&content=,Brake Horsepower vs Torque: Choosing Engine Control Targets,"[""competitor_analysis""]","[""brake horsepower"", ""engine"", ""Torque"", ""Targets"", ""evolved"", ""meet strict emission standards"", ""standards fuel economy goals"", ""demands""]",本文比较brake horsepower、engine、Torque在性能、成本、可靠性和适用条件上的差异，并给出验证思路，为技术选型与研发决策提供参考。,innovation_product_strategy,automotive,"[""evaluate_r_and_d_directions"", ""identify_innovation_opportunities""]",2026-09-08,"[""vehicle_components""]"
,"请据《How to Separate Brake Horsepower Gains From Dyno Error》生成结构化报告。分类:scout_report；对象:rd_engineer_inventor；行业:automotive/vehicle_components；任务:find_technical_solutions,assess_technical_feasibility；关键词:brake horsepower、Separate Brake Horsepower Gains、Dyno Error、mechanical、engine。概述:本文梳理brake horsepower、Separate Brake Horsepower Gains、Dyno Error的技术原理、研究或验证方法与应用证据，并讨论性能和可行性，为研发方向选择与后续验证提供参考。须含标题、摘要、结论、背景、技术/产品/市场/IP、风险机会、可落地建议、未来研究。",https://eureka.patsnap.com/ai-search/sess_6002ce71904742d5?from=rd-home&start_from=eureka_landingpage,https://eureka.patsnap.com/share/?id=7679a1d6f2b12ac1ea2344463ab2d129&from=invite-eureakplg-result&content=,How to Separate Brake Horsepower Gains From Dyno Error,"[""scout_report""]","[""brake horsepower"", ""Separate Brake Horsepower Gains"", ""Dyno Error"", ""mechanical"", ""engine"", ""dynamometer testing evolved"", ""advanced computerized"", ""precise engine""]",本文梳理brake horsepower、Separate Brake Horsepower Gains、Dyno Error的技术原理、研究或验证方法与应用证据，并讨论性能和可行性，为研发方向选择与后续验证提供参考。,rd_engineer_inventor,automotive,"[""find_technical_solutions"", ""assess_technical_feasibility""]",2026-09-08,"[""vehicle_components""]"
,"请据《Brake Horsepower and Turbocharger Sizing Trade-Offs》生成结构化报告。分类:competitor_analysis；对象:innovation_product_strategy；行业:automotive/vehicle_components；任务:evaluate_r_and_d_directions,identify_innovation_opportunities；关键词:brake horsepower、turbocharger、Turbocharger Sizing Trade-Offs、automotive、industrial。概述:本文比较brake horsepower、turbocharger、Turbocharger Sizing Trade-Offs在性能、成本、可靠性和适用条件上的差异，并给出验证思路，为技术选型与研发决策提供参考。须含标题、摘要、结论、背景、技术/产品/市场/IP、风险机会、可落地建议、未来研究。",https://eureka.patsnap.com/ai-search/sess_76a7e5a2f88547ec?from=rd-home&start_from=eureka_landingpage,https://eureka.patsnap.com/share/?id=e8858387e2dcc926942b472485a9621e&from=invite-eureakplg-result&content=,Brake Horsepower and Turbocharger Sizing Trade-Offs,"[""competitor_analysis""]","[""brake horsepower"", ""turbocharger"", ""Turbocharger Sizing Trade-Offs"", ""automotive"", ""industrial"", ""engine"", ""turbocharging"", ""revolutionizes engine""]",本文比较brake horsepower、turbocharger、Turbocharger Sizing Trade-Offs在性能、成本、可靠性和适用条件上的差异，并给出验证思路，为技术选型与研发决策提供参考。,innovation_product_strategy,automotive,"[""evaluate_r_and_d_directions"", ""identify_innovation_opportunities""]",2026-09-08,"[""vehicle_components""]"
,"请据《Brake Horsepower vs Peak Torque for Drivability》生成结构化报告。分类:competitor_analysis；对象:innovation_product_strategy；行业:automotive/vehicle_components；任务:evaluate_r_and_d_directions,identify_innovation_opportunities；关键词:brake horsepower、Peak Torque、Drivability、automotive、critical relationship between brake。概述:本文比较brake horsepower、Peak Torque、Drivability在性能、成本、可靠性和适用条件上的差异，并给出验证思路，为技术选型与研发决策提供参考。须含标题、摘要、结论、背景、技术/产品/市场/IP、风险机会、可落地建议、未来研究。",https://eureka.patsnap.com/ai-search/sess_eb3709ffc53440c5?from=rd-home&start_from=eureka_landingpage,https://eureka.patsnap.com/share/?id=36a926d33d9c2e3d17bbe91eef112f53&from=invite-eureakplg-result&content=,Brake Horsepower vs Peak Torque for Drivability,"[""competitor_analysis""]","[""brake horsepower"", ""Peak Torque"", ""Drivability"", ""automotive"", ""critical relationship between brake"", ""relationship between brake horsepower"", ""insights now""]",本文比较brake horsepower、Peak Torque、Drivability在性能、成本、可靠性和适用条件上的差异，并给出验证思路，为技术选型与研发决策提供参考。,innovation_product_strategy,automotive,"[""evaluate_r_and_d_directions"", ""identify_innovation_opportunities""]",2026-09-08,"[""vehicle_components""]"
,"请据《Brake Horsepower Correction for Temperature and Pressure》生成结构化报告。分类:scout_report；对象:rd_engineer_inventor；行业:automotive/vehicle_components；任务:find_technical_solutions,assess_technical_feasibility；关键词:brake horsepower、Brake Horsepower Correction、Temperature、Pressure、engine。概述:本文梳理brake horsepower、Brake Horsepower Correction、Temperature的技术原理、研究或验证方法与应用证据，并讨论性能和可行性，为研发方向选择与后续验证提供参考。须含标题、摘要、结论、背景、技术/产品/市场/IP、风险机会、可落地建议、未来研究。",https://eureka.patsnap.com/ai-search/sess_4aabfd55d9d5434c?from=rd-home&start_from=eureka_landingpage,https://eureka.patsnap.com/share/?id=a77a40d8c0b8b8e23aa16ff0df8034aa&from=invite-eureakplg-result&content=,Brake Horsepower Correction for Temperature and Pressure,"[""scout_report""]","[""brake horsepower"", ""Brake Horsepower Correction"", ""Temperature"", ""Pressure"", ""engine"", ""brake horsepower fundamentals"", ""actual engine power output"", ""crankshaft""]",本文梳理brake horsepower、Brake Horsepower Correction、Temperature的技术原理、研究或验证方法与应用证据，并讨论性能和可行性，为研发方向选择与后续验证提供参考。,rd_engineer_inventor,automotive,"[""find_technical_solutions"", ""assess_technical_feasibility""]",2026-09-08,"[""vehicle_components""]"
,"请据《Brake Horsepower Measurement for Engine Quality Control》生成结构化报告。分类:scout_report；对象:rd_engineer_inventor；行业:automotive/automotive_manufacturing；任务:find_technical_solutions,assess_technical_feasibility；关键词:brake horsepower、quality control、engine、Brake Horsepower Measurement、Engine Quality。概述:本文梳理brake horsepower、quality control、engine的技术原理、研究或验证方法与应用证据，并讨论性能和可行性，为研发方向选择与后续验证提供参考。须含标题、摘要、结论、背景、技术/产品/市场/IP、风险机会、可落地建议、未来研究。",https://eureka.patsnap.com/ai-search/sess_607d97a2e1564f51?from=rd-home&start_from=eureka_landingpage,https://eureka.patsnap.com/share/?id=4e7379938bce9ff379fd29ecd2bcbd8d&from=invite-eureakplg-result&content=,Brake Horsepower Measurement for Engine Quality Control,"[""scout_report""]","[""brake horsepower"", ""quality control"", ""engine"", ""Brake Horsepower Measurement"", ""Engine Quality"", ""brake horsepower measurement revolutionizes"", ""measurement revolutionizes engine quality"", ""assessment""]",本文梳理brake horsepower、quality control、engine的技术原理、研究或验证方法与应用证据，并讨论性能和可行性，为研发方向选择与后续验证提供参考。,rd_engineer_inventor,automotive,"[""find_technical_solutions"", ""assess_technical_feasibility""]",2026-09-08,"[""automotive_manufacturing""]"
,"请据《Brake Horsepower Validation for Motorsport Engine Builds》生成结构化报告。分类:scout_report；对象:rd_engineer_inventor；行业:automotive/vehicle_components；任务:find_technical_solutions,assess_technical_feasibility；关键词:brake horsepower、motorsport、engine、Motorsport Engine Builds、decades。概述:本文梳理brake horsepower、motorsport、engine的技术原理、研究或验证方法与应用证据，并讨论性能和可行性，为研发方向选择与后续验证提供参考。须含标题、摘要、结论、背景、技术/产品/市场/IP、风险机会、可落地建议、未来研究。",https://eureka.patsnap.com/ai-search/sess_5b464680496c442b?from=rd-home&start_from=eureka_landingpage,https://eureka.patsnap.com/share/?id=e090327924c63edd37f0f5df10644daa&from=invite-eureakplg-result&content=,Brake Horsepower Validation for Motorsport Engine Builds,"[""scout_report""]","[""brake horsepower"", ""motorsport"", ""engine"", ""Motorsport Engine Builds"", ""decades"", ""motorsport engine evolution"", ""advanced brake horsepower measurement"", ""techniques""]",本文梳理brake horsepower、motorsport、engine的技术原理、研究或验证方法与应用证据，并讨论性能和可行性，为研发方向选择与后续验证提供参考。,rd_engineer_inventor,automotive,"[""find_technical_solutions"", ""assess_technical_feasibility""]",2026-09-08,"[""vehicle_components""]"
,"请据《Brake Horsepower vs Wheel Power: Locating Drivetrain Faults》生成结构化报告。分类:competitor_analysis；对象:innovation_product_strategy；行业:automotive/vehicle_components；任务:evaluate_r_and_d_directions,identify_innovation_opportunities；关键词:brake horsepower、drivetrain、Wheel Power Locating Drivetrain、Power Locating Drivetrain Faults、automotive。概述:本文比较brake horsepower、drivetrain、Wheel Power Locating Drivetrain在性能、成本、可靠性和适用条件上的差异，并给出验证思路，为技术选型与研发决策提供参考。须含标题、摘要、结论、背景、技术/产品/市场/IP、风险机会、可落地建议、未来研究。",https://eureka.patsnap.com/ai-search/sess_ac41c0421c434cdd?from=rd-home&start_from=eureka_landingpage,https://eureka.patsnap.com/share/?id=ac3eaf1e5facbe75f95f625670ab9f4e&from=invite-eureakplg-result&content=,Brake Horsepower vs Wheel Power: Locating Drivetrain Faults,"[""competitor_analysis""]","[""brake horsepower"", ""drivetrain"", ""Wheel Power Locating Drivetrain"", ""Power Locating Drivetrain Faults"", ""automotive"", ""engine"", ""automotive drivetrain"", ""power transmission""]",本文比较brake horsepower、drivetrain、Wheel Power Locating Drivetrain在性能、成本、可靠性和适用条件上的差异，并给出验证思路，为技术选型与研发决策提供参考。,innovation_product_strategy,automotive,"[""evaluate_r_and_d_directions"", ""identify_innovation_opportunities""]",2026-09-08,"[""vehicle_components""]"
,"请据《e-Axle Rotor Balancing Techniques for NVH Reduction》生成结构化报告。分类:scout_report；对象:rd_engineer_inventor；行业:automotive/ev_and_battery_systems；任务:find_technical_solutions,explore_existing_technologies；关键词:e-axle、e-Axle Rotor Balancing Techniques、NVH Reduction、NVH、vibration。概述:本文梳理e-axle、e-Axle Rotor Balancing Techniques、NVH Reduction的技术原理、研究或验证方法与应用证据，并讨论性能和可行性，为研发方向选择与后续验证提供参考。须含标题、摘要、结论、背景、技术/产品/市场/IP、风险机会、可落地建议、未来研究。",https://eureka.patsnap.com/ai-search/sess_f0601fa3eee34516?from=rd-home&start_from=eureka_landingpage,https://eureka.patsnap.com/share/?id=add779b5f44cbdeb87fb4aef066c67f8&from=invite-eureakplg-result&content=,e-Axle Rotor Balancing Techniques for NVH Reduction,"[""scout_report""]","[""e-axle"", ""e-Axle Rotor Balancing Techniques"", ""NVH Reduction"", ""NVH"", ""vibration"", ""rotor assembly"", ""mass distribution non-uniformity generates"", ""generates harmful centrifugal forces""]",本文梳理e-axle、e-Axle Rotor Balancing Techniques、NVH Reduction的技术原理、研究或验证方法与应用证据，并讨论性能和可行性，为研发方向选择与后续验证提供参考。,rd_engineer_inventor,automotive,"[""find_technical_solutions"", ""explore_existing_technologies""]",2026-09-08,"[""ev_and_battery_systems""]"
,"请据《ADAS Functional Safety Requirements for ISO 26262 Compliance》生成结构化报告。分类:risk_watch；对象:rd_engineer_inventor；行业:automotive/autonomous_and_connected_vehicle；任务:find_technical_solutions,assess_technical_feasibility；关键词:functional safety、ISO 26262、adas、ADAS Functional Safety、ISO 26262 Compliance。概述:本文分析functional safety、ISO 26262、adas的失效机理、风险来源与控制方法，并给出检测或验证要点，为降低研发和应用风险提供参考。须含标题、摘要、结论、背景、技术/产品/市场/IP、风险机会、可落地建议、未来研究。",https://eureka.patsnap.com/ai-search/sess_663ab07c14a74099?from=rd-home&start_from=eureka_landingpage,https://eureka.patsnap.com/share/?id=cf51cb2c82c4745a37fff6c875d2c29e&from=invite-eureakplg-result&content=,ADAS Functional Safety Requirements for ISO 26262 Compliance,"[""risk_watch""]","[""functional safety"", ""ISO 26262"", ""adas"", ""ADAS Functional Safety"", ""ISO 26262 Compliance"", ""ISO"", ""vehicle"", ""diagnostic modules provide insufficient""]",本文分析functional safety、ISO 26262、adas的失效机理、风险来源与控制方法，并给出检测或验证要点，为降低研发和应用风险提供参考。,rd_engineer_inventor,automotive,"[""find_technical_solutions"", ""assess_technical_feasibility""]",2026-09-08,"[""autonomous_and_connected_vehicle""]"
,"请据《ADAS Sensor Cleaning System Requirements for All-Weather Operation》生成结构化报告。分类:scout_report；对象:rd_engineer_inventor；行业:automotive/autonomous_and_connected_vehicle；任务:find_technical_solutions,explore_existing_technologies；关键词:adas、ADAS Sensor Cleaning、All-Weather Operation、Environmental contaminants deposit、block ADAS sensor surfaces。概述:本文梳理adas、ADAS Sensor Cleaning、All-Weather Operation的技术原理、研究或验证方法与应用证据，并讨论性能和可行性，为研发方向选择与后续验证提供参考。须含标题、摘要、结论、背景、技术/产品/市场/IP、风险机会、可落地建议、未来研究。",https://eureka.patsnap.com/ai-search/sess_b7eb9efee5a7427e?from=rd-home&start_from=eureka_landingpage,https://eureka.patsnap.com/share/?id=c2749289e50f778b5d0b5b3e11f03aa0&from=invite-eureakplg-result&content=,ADAS Sensor Cleaning System Requirements for All-Weather Operation,"[""scout_report""]","[""adas"", ""ADAS Sensor Cleaning"", ""All-Weather Operation"", ""Environmental contaminants deposit"", ""block ADAS sensor surfaces"", ""temperatures cause ice formation"", ""blocks both sensors"", ""cleaning nozzles""]",本文梳理adas、ADAS Sensor Cleaning、All-Weather Operation的技术原理、研究或验证方法与应用证据，并讨论性能和可行性，为研发方向选择与后续验证提供参考。,rd_engineer_inventor,automotive,"[""find_technical_solutions"", ""explore_existing_technologies""]",2026-09-08,"[""autonomous_and_connected_vehicle""]"
,"请据《Shandong Zhuoyue Biotechnology Co., Ltd.》生成结构化报告。分类:competitor_analysis；对象:innovation_product_strategy；行业:biotechnology/diagnostics_and_biomarkers；任务:track_technologies_and_competitors；关键词:Shandong Zhuoyue Biotechnology Co., Ltd、biotechnology、clinical laboratory、computer、software。概述:本文概述Shandong Zhuoyue Biotechnology Co., Ltd.的业务与技术研发，并涵盖专利组合、竞争动态及市场趋势，可用于竞品跟踪和研发/IP决策。须含标题、摘要、结论、背景、技术/产品/市场/IP、风险机会、可落地建议、未来研究。",https://eureka.patsnap.com/ai-search/sess_5756191aa54a44ab?from=rd-home&start_from=eureka_landingpage,https://eureka.patsnap.com/share/?id=e9802c26ceac86033401200c14fee6fb&from=invite-eureakplg-result&content=,"Shandong Zhuoyue Biotechnology Co., Ltd.","[""competitor_analysis""]","[""Shandong Zhuoyue Biotechnology Co., Ltd"", ""biotechnology"", ""clinical laboratory"", ""computer"", ""software"", ""technical research"", ""patent portfolio"", ""competitor monitoring"", ""market trends""]","本文概述Shandong Zhuoyue Biotechnology Co., Ltd.的业务与技术研发，并涵盖专利组合、竞争动态及市场趋势，可用于竞品跟踪和研发/IP决策。",innovation_product_strategy,biotechnology,"[""track_technologies_and_competitors""]",2026-09-08,"[""diagnostics_and_biomarkers""]"
,请据《Sanofi-Aventis Deutschland GmbH》生成结构化报告。分类:competitor_analysis；对象:innovation_product_strategy；行业:biotechnology/drug_discovery；任务:track_technologies_and_competitors；关键词:Sanofi-Aventis Deutschland GmbH、drug、technical research、patent portfolio、competitor monitoring。概述:本文概述Sanofi-Aventis Deutschland GmbH的业务与技术研发，并涵盖专利组合、竞争动态及市场趋势，可用于竞品跟踪和研发/IP决策。须含标题、摘要、结论、背景、技术/产品/市场/IP、风险机会、可落地建议、未来研究。,https://eureka.patsnap.com/ai-search/sess_1121f6f3fc634769?from=rd-home&start_from=eureka_landingpage,https://eureka.patsnap.com/share/?id=8e98af53b8837246c159cb59d40cc68d&from=invite-eureakplg-result&content=,Sanofi-Aventis Deutschland GmbH,"[""competitor_analysis""]","[""Sanofi-Aventis Deutschland GmbH"", ""drug"", ""technical research"", ""patent portfolio"", ""competitor monitoring"", ""market trends""]",本文概述Sanofi-Aventis Deutschland GmbH的业务与技术研发，并涵盖专利组合、竞争动态及市场趋势，可用于竞品跟踪和研发/IP决策。,innovation_product_strategy,biotechnology,"[""track_technologies_and_competitors""]",2026-09-08,"[""drug_discovery""]"
,请据《Janssen Pharmaceutica NV》生成结构化报告。分类:competitor_analysis；对象:innovation_product_strategy；行业:biotechnology/drug_discovery；任务:track_technologies_and_competitors；关键词:Janssen Pharmaceutica NV、pharmaceutical、technical research、patent portfolio、competitor monitoring。概述:本文概述Janssen Pharmaceutica NV的业务与技术研发，并涵盖专利组合、竞争动态及市场趋势，可用于竞品跟踪和研发/IP决策。须含标题、摘要、结论、背景、技术/产品/市场/IP、风险机会、可落地建议、未来研究。,https://eureka.patsnap.com/ai-search/sess_e82feb643fcd483e?from=rd-home&start_from=eureka_landingpage,https://eureka.patsnap.com/share/?id=5cd1e3eebc9e03ef56f7eae3e004c794&from=invite-eureakplg-result&content=,Janssen Pharmaceutica NV,"[""competitor_analysis""]","[""Janssen Pharmaceutica NV"", ""pharmaceutical"", ""technical research"", ""patent portfolio"", ""competitor monitoring"", ""market trends""]",本文概述Janssen Pharmaceutica NV的业务与技术研发，并涵盖专利组合、竞争动态及市场趋势，可用于竞品跟踪和研发/IP决策。,innovation_product_strategy,biotechnology,"[""track_technologies_and_competitors""]",2026-09-08,"[""drug_discovery""]"
,请据《Promega Corp.》生成结构化报告。分类:competitor_analysis；对象:innovation_product_strategy；行业:biotechnology/diagnostics_and_biomarkers；任务:track_technologies_and_competitors；关键词:Promega Corp、drug、technical research、patent portfolio、competitor monitoring。概述:本文概述Promega Corp.的业务与技术研发，并涵盖专利组合、竞争动态及市场趋势，可用于竞品跟踪和研发/IP决策。须含标题、摘要、结论、背景、技术/产品/市场/IP、风险机会、可落地建议、未来研究。,https://eureka.patsnap.com/ai-search/sess_1c01eed31b234242?from=rd-home&start_from=eureka_landingpage,https://eureka.patsnap.com/share/?id=9b74914a7a87c5398da95b712e13ac76&from=invite-eureakplg-result&content=,Promega Corp.,"[""competitor_analysis""]","[""Promega Corp"", ""drug"", ""technical research"", ""patent portfolio"", ""competitor monitoring"", ""market trends""]",本文概述Promega Corp.的业务与技术研发，并涵盖专利组合、竞争动态及市场趋势，可用于竞品跟踪和研发/IP决策。,innovation_product_strategy,biotechnology,"[""track_technologies_and_competitors""]",2026-09-08,"[""diagnostics_and_biomarkers""]"
,请据《Cilag AG》生成结构化报告。分类:competitor_analysis；对象:innovation_product_strategy；行业:biotechnology/drug_discovery；任务:track_technologies_and_competitors；关键词:Cilag AG、pharmaceutical、technical research、patent portfolio、competitor monitoring。概述:本文概述Cilag AG的业务与技术研发，并涵盖专利组合、竞争动态及市场趋势，可用于竞品跟踪和研发/IP决策。须含标题、摘要、结论、背景、技术/产品/市场/IP、风险机会、可落地建议、未来研究。,https://eureka.patsnap.com/ai-search/sess_8a1aad13c9bb402a?from=rd-home&start_from=eureka_landingpage,https://eureka.patsnap.com/share/?id=7d2e8f694f1b062daeb0af103195bb8b&from=invite-eureakplg-result&content=,Cilag AG,"[""competitor_analysis""]","[""Cilag AG"", ""pharmaceutical"", ""technical research"", ""patent portfolio"", ""competitor monitoring"", ""market trends""]",本文概述Cilag AG的业务与技术研发，并涵盖专利组合、竞争动态及市场趋势，可用于竞品跟踪和研发/IP决策。,innovation_product_strategy,biotechnology,"[""track_technologies_and_competitors""]",2026-09-08,"[""drug_discovery""]"
,请据《AC Immune SA》生成结构化报告。分类:competitor_analysis；对象:innovation_product_strategy；行业:biotechnology/diagnostics_and_biomarkers；任务:track_technologies_and_competitors；关键词:AC Immune SA、therapeutic、protein、technical research、patent portfolio。概述:本文概述AC Immune SA的业务与技术研发，并涵盖专利组合、竞争动态及市场趋势，可用于竞品跟踪和研发/IP决策。须含标题、摘要、结论、背景、技术/产品/市场/IP、风险机会、可落地建议、未来研究。,https://eureka.patsnap.com/ai-search/sess_15d8c943ea494ca1?from=rd-home&start_from=eureka_landingpage,https://eureka.patsnap.com/share/?id=5b81fd173e87b56a106a18c49dd02d11&from=invite-eureakplg-result&content=,AC Immune SA,"[""competitor_analysis""]","[""AC Immune SA"", ""therapeutic"", ""protein"", ""technical research"", ""patent portfolio"", ""competitor monitoring"", ""market trends""]",本文概述AC Immune SA的业务与技术研发，并涵盖专利组合、竞争动态及市场趋势，可用于竞品跟踪和研发/IP决策。,innovation_product_strategy,biotechnology,"[""track_technologies_and_competitors""]",2026-09-08,"[""diagnostics_and_biomarkers""]"
,请据《Search results for “Biomedicine” companies》生成结构化报告。分类:market_landscape；对象:innovation_product_strategy；行业:biotechnology/drug_discovery；任务:track_technologies_and_competitors；关键词:Search results for “Biomedicine” companies、biomedicine、technical research、patent portfolio、competitor monitoring。概述:本文概述Search results for “Biomedicine” companies的业务与技术研发，并涵盖专利组合、竞争动态及市场趋势，可用于竞品跟踪和研发/IP决策。须含标题、摘要、结论、背景、技术/产品/市场/IP、风险机会、可落地建议、未来研究。,https://eureka.patsnap.com/ai-search/sess_26d21a0fd2ad4b03?from=rd-home&start_from=eureka_landingpage,https://eureka.patsnap.com/share/?id=024482d54196c2210031573a3d139375&from=invite-eureakplg-result&content=,Search results for “Biomedicine” companies,"[""market_landscape""]","[""Search results for “Biomedicine” companies"", ""biomedicine"", ""technical research"", ""patent portfolio"", ""competitor monitoring"", ""market trends""]",本文概述Search results for “Biomedicine” companies的业务与技术研发，并涵盖专利组合、竞争动态及市场趋势，可用于竞品跟踪和研发/IP决策。,innovation_product_strategy,biotechnology,"[""track_technologies_and_competitors""]",2026-09-08,"[""drug_discovery""]"
,"请据《Affymetrix, Inc.》生成结构化报告。分类:competitor_analysis；对象:innovation_product_strategy；行业:biotechnology/drug_discovery；任务:track_technologies_and_competitors；关键词:Affymetrix, Inc、patent portfolio、manufacturing、semiconductor、dna。概述:本文概述Affymetrix, Inc.的业务与技术研发，并涵盖专利组合、竞争动态及市场趋势，可用于竞品跟踪和研发/IP决策。须含标题、摘要、结论、背景、技术/产品/市场/IP、风险机会、可落地建议、未来研究。",https://eureka.patsnap.com/ai-search/sess_ca0ba37ca5794118?from=rd-home&start_from=eureka_landingpage,https://eureka.patsnap.com/share/?id=053a1b232492dd9fc868b6b56c49ebb3&from=invite-eureakplg-result&content=,"Affymetrix, Inc.","[""competitor_analysis""]","[""Affymetrix, Inc"", ""patent portfolio"", ""manufacturing"", ""semiconductor"", ""dna"", ""technical research"", ""competitor monitoring"", ""market trends""]","本文概述Affymetrix, Inc.的业务与技术研发，并涵盖专利组合、竞争动态及市场趋势，可用于竞品跟踪和研发/IP决策。",innovation_product_strategy,biotechnology,"[""track_technologies_and_competitors""]",2026-09-08,"[""drug_discovery""]"
,请据《BIONEER Corp.》生成结构化报告。分类:competitor_analysis；对象:innovation_product_strategy；行业:biotechnology/synthetic_biology；任务:track_technologies_and_competitors；关键词:BIONEER Corp、fermentation、acid、dna、technical research。概述:本文概述BIONEER Corp.的业务与技术研发，并涵盖专利组合、竞争动态及市场趋势，可用于竞品跟踪和研发/IP决策。须含标题、摘要、结论、背景、技术/产品/市场/IP、风险机会、可落地建议、未来研究。,https://eureka.patsnap.com/ai-search/sess_9be3668e98954760?from=rd-home&start_from=eureka_landingpage,https://eureka.patsnap.com/share/?id=973b6113f10a2a01de91cf1ecbb97b1c&from=invite-eureakplg-result&content=,BIONEER Corp.,"[""competitor_analysis""]","[""BIONEER Corp"", ""fermentation"", ""acid"", ""dna"", ""technical research"", ""patent portfolio"", ""competitor monitoring"", ""market trends""]",本文概述BIONEER Corp.的业务与技术研发，并涵盖专利组合、竞争动态及市场趋势，可用于竞品跟踪和研发/IP决策。,innovation_product_strategy,biotechnology,"[""track_technologies_and_competitors""]",2026-09-08,"[""synthetic_biology""]"
,"请据《Alexion Pharmaceuticals, Inc.》生成结构化报告。分类:competitor_analysis；对象:innovation_product_strategy；行业:biotechnology/drug_discovery；任务:track_technologies_and_competitors；关键词:Alexion Pharmaceuticals, Inc、manufacturing、therapeutic、therapy、drug。概述:本文概述Alexion Pharmaceuticals, Inc.的业务与技术研发，并涵盖专利组合、竞争动态及市场趋势，可用于竞品跟踪和研发/IP决策。须含标题、摘要、结论、背景、技术/产品/市场/IP、风险机会、可落地建议、未来研究。",https://eureka.patsnap.com/ai-search/sess_bab3629c23104116?from=rd-home&start_from=eureka_landingpage,https://eureka.patsnap.com/share/?id=6e1b3398ab869c695a889e75cb74f240&from=invite-eureakplg-result&content=,"Alexion Pharmaceuticals, Inc.","[""competitor_analysis""]","[""Alexion Pharmaceuticals, Inc"", ""manufacturing"", ""therapeutic"", ""therapy"", ""drug"", ""food"", ""technical research"", ""patent portfolio"", ""competitor monitoring"", ""market trends""]","本文概述Alexion Pharmaceuticals, Inc.的业务与技术研发，并涵盖专利组合、竞争动态及市场趋势，可用于竞品跟踪和研发/IP决策。",innovation_product_strategy,biotechnology,"[""track_technologies_and_competitors""]",2026-09-08,"[""drug_discovery""]"
,"请据《Lithium orotate's potential in addiction therapy frameworks》生成结构化报告。分类:trend_brief；对象:researcher_scientist；行业:biotechnology/drug_discovery；任务:track_research_trends,explore_new_research_fields；关键词:lithium orotate、therapy、addiction therapy frameworks、therapeutic、Exploring lithium orotate。概述:本文梳理lithium orotate、therapy、addiction therapy frameworks的研究进展、应用潜力与关键不确定性，为趋势跟踪和后续研究方向选择提供参考。须含标题、摘要、结论、背景、技术/产品/市场/IP、风险机会、可落地建议、未来研究。",https://eureka.patsnap.com/ai-search/sess_51ce5e709bbf4416?from=rd-home&start_from=eureka_landingpage,https://eureka.patsnap.com/share/?id=4da6eae2dbf7a20346ba647080df4898&from=invite-eureakplg-result&content=,Lithium orotate's potential in addiction therapy frameworks,"[""trend_brief""]","[""lithium orotate"", ""therapy"", ""addiction therapy frameworks"", ""therapeutic"", ""Exploring lithium orotate"", ""addiction treatment"", ""unique properties""]",本文梳理lithium orotate、therapy、addiction therapy frameworks的研究进展、应用潜力与关键不确定性，为趋势跟踪和后续研究方向选择提供参考。,researcher_scientist,biotechnology,"[""track_research_trends"", ""explore_new_research_fields""]",2025-08-19,"[""drug_discovery""]"
,"请据《Comparative study on lithium orotate and lithium aspartate in mood regulation》生成结构化报告。分类:competitor_analysis；对象:innovation_product_strategy；行业:biotechnology/drug_discovery；任务:evaluate_r_and_d_directions,identify_innovation_opportunities；关键词:lithium aspartate、lithium orotate、mood regulation、efficacy、aspartate。概述:本文比较lithium aspartate、lithium orotate、mood regulation在性能、成本、可靠性和适用条件上的差异，并给出验证思路，为技术选型与研发决策提供参考。须含标题、摘要、结论、背景、技术/产品/市场/IP、风险机会、可落地建议、未来研究。",https://eureka.patsnap.com/ai-search/sess_ea7828ff925b43de?from=rd-home&start_from=eureka_landingpage,https://eureka.patsnap.com/share/?id=fadd80986719f103897764a66cb84e45&from=invite-eureakplg-result&content=,Comparative study on lithium orotate and lithium aspartate in mood regulation,"[""competitor_analysis""]","[""lithium aspartate"", ""lithium orotate"", ""mood regulation"", ""efficacy"", ""aspartate"", ""advantages over traditional formulations""]",本文比较lithium aspartate、lithium orotate、mood regulation在性能、成本、可靠性和适用条件上的差异，并给出验证思路，为技术选型与研发决策提供参考。,innovation_product_strategy,biotechnology,"[""evaluate_r_and_d_directions"", ""identify_innovation_opportunities""]",2025-08-19,"[""drug_discovery""]"
,"请据《Lithium orotate's potential in managing obsessive-compulsive behavior》生成结构化报告。分类:trend_brief；对象:researcher_scientist；行业:biotechnology/drug_discovery；任务:track_research_trends,explore_new_research_fields；关键词:lithium orotate、managing obsessive-compulsive behavior、managing obsessive-compulsive behavior efficacy、obsessive-compulsive behavior efficacy safety、future。概述:本文梳理lithium orotate、managing obsessive-compulsive behavior、managing obsessive-compulsive behavior efficacy的研究进展、应用潜力与关键不确定性，为趋势跟踪和后续研究方向选择提供参考。须含标题、摘要、结论、背景、技术/产品/市场/IP、风险机会、可落地建议、未来研究。",https://eureka.patsnap.com/ai-search/sess_ab8b80c6d7f547f1?from=rd-home&start_from=eureka_landingpage,https://eureka.patsnap.com/share/?id=81bdd22092919de3d393290133da996f&from=invite-eureakplg-result&content=,Lithium orotate's potential in managing obsessive-compulsive behavior,"[""trend_brief""]","[""lithium orotate"", ""managing obsessive-compulsive behavior"", ""managing obsessive-compulsive behavior efficacy"", ""obsessive-compulsive behavior efficacy safety"", ""future""]",本文梳理lithium orotate、managing obsessive-compulsive behavior、managing obsessive-compulsive behavior efficacy的研究进展、应用潜力与关键不确定性，为趋势跟踪和后续研究方向选择提供参考。,researcher_scientist,biotechnology,"[""track_research_trends"", ""explore_new_research_fields""]",2025-08-19,"[""drug_discovery""]"
,"请据《Role of Glycerol in Enhancing Bioplastic Compostability》生成结构化报告。分类:scout_report；对象:researcher_scientist；行业:biotechnology/bio_based_materials；任务:explore_new_research_fields,track_research_trends；关键词:compostability、bioplastic、Glycerol、Bioplastic Compostability、evolution。概述:本文梳理compostability、bioplastic、Glycerol的技术原理、研究或验证方法与应用证据，并讨论性能和可行性，为研发方向选择与后续验证提供参考。须含标题、摘要、结论、背景、技术/产品/市场/IP、风险机会、可落地建议、未来研究。",https://eureka.patsnap.com/ai-search/sess_3cd924aef6594d13?from=rd-home&start_from=eureka_landingpage,https://eureka.patsnap.com/share/?id=c097acfd35f0f1e99337d23f738a9e4c&from=invite-eureakplg-result&content=,Role of Glycerol in Enhancing Bioplastic Compostability,"[""scout_report""]","[""compostability"", ""bioplastic"", ""Glycerol"", ""Bioplastic Compostability"", ""evolution"", ""bioplastics"", ""byproduct"", ""player""]",本文梳理compostability、bioplastic、Glycerol的技术原理、研究或验证方法与应用证据，并讨论性能和可行性，为研发方向选择与后续验证提供参考。,researcher_scientist,biotechnology,"[""explore_new_research_fields"", ""track_research_trends""]",2025-07-23,"[""bio_based_materials""]"
,"请据《Isotonic solutions and their role in pharmaceutical formulations》生成结构化报告。分类:scout_report；对象:researcher_scientist；行业:biotechnology/drug_discovery；任务:explore_new_research_fields,track_research_trends；关键词:pharmaceutical、Isotonic、pharmaceutical formulations、drug、crucial。概述:本文梳理pharmaceutical、Isotonic、pharmaceutical formulations的技术原理、研究或验证方法与应用证据，并讨论性能和可行性，为研发方向选择与后续验证提供参考。须含标题、摘要、结论、背景、技术/产品/市场/IP、风险机会、可落地建议、未来研究。",https://eureka.patsnap.com/ai-search/sess_b656c110347d4140?from=rd-home&start_from=eureka_landingpage,https://eureka.patsnap.com/share/?id=3e0600525dff77db944c464cf148da59&from=invite-eureakplg-result&content=,Isotonic solutions and their role in pharmaceutical formulations,"[""scout_report""]","[""pharmaceutical"", ""Isotonic"", ""pharmaceutical formulations"", ""drug"", ""crucial"", ""impact"", ""drug efficacy"", ""future innovations""]",本文梳理pharmaceutical、Isotonic、pharmaceutical formulations的技术原理、研究或验证方法与应用证据，并讨论性能和可行性，为研发方向选择与后续验证提供参考。,researcher_scientist,biotechnology,"[""explore_new_research_fields"", ""track_research_trends""]",2025-08-19,"[""drug_discovery""]"
,"请据《The effect of lithium orotate on hormonal pathways in the endocrine system》生成结构化报告。分类:scout_report；对象:researcher_scientist；行业:biotechnology/drug_discovery；任务:explore_new_research_fields,track_research_trends；关键词:lithium orotate、endocrine、hormonal、hormonal pathways、impact。概述:本文梳理lithium orotate、endocrine、hormonal的技术原理、研究或验证方法与应用证据，并讨论性能和可行性，为研发方向选择与后续验证提供参考。须含标题、摘要、结论、背景、技术/产品/市场/IP、风险机会、可落地建议、未来研究。",https://eureka.patsnap.com/ai-search/sess_daef8d9073e94267?from=rd-home&start_from=eureka_landingpage,https://eureka.patsnap.com/share/?id=05ed982662d2e7cef9c6d15b41b213f8&from=invite-eureakplg-result&content=,The effect of lithium orotate on hormonal pathways in the endocrine system,"[""scout_report""]","[""lithium orotate"", ""endocrine"", ""hormonal"", ""hormonal pathways"", ""impact"", ""HPA axis thyroid reproduction"", ""metabolism"", ""benefits""]",本文梳理lithium orotate、endocrine、hormonal的技术原理、研究或验证方法与应用证据，并讨论性能和可行性，为研发方向选择与后续验证提供参考。,researcher_scientist,biotechnology,"[""explore_new_research_fields"", ""track_research_trends""]",2025-08-19,"[""drug_discovery""]"
,"请据《Efficacy of lithium orotate in managing ADHD symptoms》生成结构化报告。分类:scout_report；对象:researcher_scientist；行业:biotechnology/drug_discovery；任务:explore_new_research_fields,track_research_trends；关键词:lithium orotate、Efficacy、managing ADHD symptoms、ADHD、traditional treatments。概述:本文梳理lithium orotate、Efficacy、managing ADHD symptoms的技术原理、研究或验证方法与应用证据，并讨论性能和可行性，为研发方向选择与后续验证提供参考。须含标题、摘要、结论、背景、技术/产品/市场/IP、风险机会、可落地建议、未来研究。",https://eureka.patsnap.com/ai-search/sess_543bd9dd556344a8?from=rd-home&start_from=eureka_landingpage,https://eureka.patsnap.com/share/?id=773d11a15acc747f6daeb486b26097b1&from=invite-eureakplg-result&content=,Efficacy of lithium orotate in managing ADHD symptoms,"[""scout_report""]","[""lithium orotate"", ""Efficacy"", ""managing ADHD symptoms"", ""ADHD"", ""traditional treatments""]",本文梳理lithium orotate、Efficacy、managing ADHD symptoms的技术原理、研究或验证方法与应用证据，并讨论性能和可行性，为研发方向选择与后续验证提供参考。,researcher_scientist,biotechnology,"[""explore_new_research_fields"", ""track_research_trends""]",2025-08-19,"[""drug_discovery""]"
,"请据《How Trimethylglycine Modulates Hormonal Equilibrium in the Body》生成结构化报告。分类:scout_report；对象:researcher_scientist；行业:biotechnology/drug_discovery；任务:explore_new_research_fields,track_research_trends；关键词:hormonal、Trimethylglycine Modulates Hormonal Equilibrium、Body、endocrine、standardized protocols。概述:本文梳理hormonal、Trimethylglycine Modulates Hormonal Equilibrium、Body的技术原理、研究或验证方法与应用证据，并讨论性能和可行性，为研发方向选择与后续验证提供参考。须含标题、摘要、结论、背景、技术/产品/市场/IP、风险机会、可落地建议、未来研究。",https://eureka.patsnap.com/ai-search/sess_c3feb34b28014d86?from=rd-home&start_from=eureka_landingpage,https://eureka.patsnap.com/share/?id=98fe20333bec79aa115f13399d242975&from=invite-eureakplg-result&content=,How Trimethylglycine Modulates Hormonal Equilibrium in the Body,"[""scout_report""]","[""hormonal"", ""Trimethylglycine Modulates Hormonal Equilibrium"", ""Body"", ""endocrine"", ""standardized protocols"", ""TMG bioavailability"", ""endocrine organs"", ""genetic factors affecting individual""]",本文梳理hormonal、Trimethylglycine Modulates Hormonal Equilibrium、Body的技术原理、研究或验证方法与应用证据，并讨论性能和可行性，为研发方向选择与后续验证提供参考。,researcher_scientist,biotechnology,"[""explore_new_research_fields"", ""track_research_trends""]",2025-09-10,"[""drug_discovery""]"
,"请据《Measuring Trimethylglycine's Effect on Blood Pressure Regulation》生成结构化报告。分类:scout_report；对象:researcher_scientist；行业:biotechnology/drug_discovery；任务:explore_new_research_fields,track_research_trends；关键词:Trimethylglycine、Blood Pressure Regulation、therapy、Exploring trimethylglycine、impact。概述:本文梳理Trimethylglycine、Blood Pressure Regulation、therapy的技术原理、研究或验证方法与应用证据，并讨论性能和可行性，为研发方向选择与后续验证提供参考。须含标题、摘要、结论、背景、技术/产品/市场/IP、风险机会、可落地建议、未来研究。",https://eureka.patsnap.com/ai-search/sess_a7387d267c9f4dc9?from=rd-home&start_from=eureka_landingpage,https://eureka.patsnap.com/share/?id=918ce1a141e91f2f36ead8ea3f9632a6&from=invite-eureakplg-result&content=,Measuring Trimethylglycine's Effect on Blood Pressure Regulation,"[""scout_report""]","[""Trimethylglycine"", ""Blood Pressure Regulation"", ""therapy"", ""Exploring trimethylglycine"", ""impact"", ""cardiovascular health"", ""report analyzes"", ""mechanisms""]",本文梳理Trimethylglycine、Blood Pressure Regulation、therapy的技术原理、研究或验证方法与应用证据，并讨论性能和可行性，为研发方向选择与后续验证提供参考。,researcher_scientist,biotechnology,"[""explore_new_research_fields"", ""track_research_trends""]",2025-09-10,"[""drug_discovery""]"
,"请据《How can lithium orotate affect benzodiazepine receptor modulation》生成结构化报告。分类:scout_report；对象:researcher_scientist；行业:biotechnology/drug_discovery；任务:explore_new_research_fields,track_research_trends；关键词:lithium orotate、benzodiazepine、lithium orotate affect benzodiazepine、affect benzodiazepine receptor modulation、complex interaction between lithium。概述:本文梳理lithium orotate、benzodiazepine、lithium orotate affect benzodiazepine的技术原理、研究或验证方法与应用证据，并讨论性能和可行性，为研发方向选择与后续验证提供参考。须含标题、摘要、结论、背景、技术/产品/市场/IP、风险机会、可落地建议、未来研究。",https://eureka.patsnap.com/ai-search/sess_c12175603159417c?from=rd-home&start_from=eureka_landingpage,https://eureka.patsnap.com/share/?id=ec729a953f98bd61d39c19eb2ced4527&from=invite-eureakplg-result&content=,How can lithium orotate affect benzodiazepine receptor modulation,"[""scout_report""]","[""lithium orotate"", ""benzodiazepine"", ""lithium orotate affect benzodiazepine"", ""affect benzodiazepine receptor modulation"", ""complex interaction between lithium"", ""interaction between lithium orotate"", ""benzodiazepine receptors"", ""neuropsychopharmacology""]",本文梳理lithium orotate、benzodiazepine、lithium orotate affect benzodiazepine的技术原理、研究或验证方法与应用证据，并讨论性能和可行性，为研发方向选择与后续验证提供参考。,researcher_scientist,biotechnology,"[""explore_new_research_fields"", ""track_research_trends""]",2025-08-19,"[""drug_discovery""]"
,"请据《Muscimol Tolerance and Withdrawal: A Scientific Overview》生成结构化报告。分类:scout_report；对象:researcher_scientist；行业:biotechnology/drug_discovery；任务:explore_new_research_fields,track_research_trends；关键词:muscimol、Muscimol Tolerance、Withdrawal、Scientific Overview、pharmacology tolerance mechanisms GABA。概述:本文梳理muscimol、Muscimol Tolerance、Withdrawal的技术原理、研究或验证方法与应用证据，并讨论性能和可行性，为研发方向选择与后续验证提供参考。须含标题、摘要、结论、背景、技术/产品/市场/IP、风险机会、可落地建议、未来研究。",https://eureka.patsnap.com/ai-search/sess_b21a0db9c4b84e0b?from=rd-home&start_from=eureka_landingpage,https://eureka.patsnap.com/share/?id=8bd466cb759850d81fd08df8c1cb9664&from=invite-eureakplg-result&content=,Muscimol Tolerance and Withdrawal: A Scientific Overview,"[""scout_report""]","[""muscimol"", ""Muscimol Tolerance"", ""Withdrawal"", ""Scientific Overview"", ""pharmacology tolerance mechanisms GABA"", ""mechanisms GABA receptor changes"", ""sustained efficacy"", ""clinical""]",本文梳理muscimol、Muscimol Tolerance、Withdrawal的技术原理、研究或验证方法与应用证据，并讨论性能和可行性，为研发方向选择与后续验证提供参考。,researcher_scientist,biotechnology,"[""explore_new_research_fields"", ""track_research_trends""]",2025-07-04,"[""drug_discovery""]"
,"请据《Gel Electrophoresis in Forensic Science: Key Innovations》生成结构化报告。分类:trend_brief；对象:researcher_scientist；行业:biotechnology/diagnostics_and_biomarkers；任务:track_research_trends,explore_new_research_fields；关键词:gel electrophoresis、Forensic Science、Innovations、dna、advanced gel electrophoresis revolutionizes。概述:本文梳理gel electrophoresis、Forensic Science、Innovations的研究进展、应用潜力与关键不确定性，为趋势跟踪和后续研究方向选择提供参考。须含标题、摘要、结论、背景、技术/产品/市场/IP、风险机会、可落地建议、未来研究。",https://eureka.patsnap.com/ai-search/sess_2744703e40ad48bc?from=rd-home&start_from=eureka_landingpage,https://eureka.patsnap.com/share/?id=7fe13fa35d8b481e2aab78b2a3b5ab6a&from=invite-eureakplg-result&content=,Gel Electrophoresis in Forensic Science: Key Innovations,"[""trend_brief""]","[""gel electrophoresis"", ""Forensic Science"", ""Innovations"", ""dna"", ""advanced gel electrophoresis revolutionizes"", ""electrophoresis revolutionizes forensic DNA"", ""ensuring accurate"", ""legally admissible results""]",本文梳理gel electrophoresis、Forensic Science、Innovations的研究进展、应用潜力与关键不确定性，为趋势跟踪和后续研究方向选择提供参考。,researcher_scientist,biotechnology,"[""track_research_trends"", ""explore_new_research_fields""]",2025-06-30,"[""diagnostics_and_biomarkers""]"
,"请据《Optimize Hydrothermal Liquefaction for Pharmaceutical Sludge》生成结构化报告。分类:scout_report；对象:rd_engineer_inventor；行业:biotechnology/drug_discovery；任务:find_technical_solutions,assess_technical_feasibility；关键词:pharmaceutical、Hydrothermal Liquefaction、Pharmaceutical Sludge、has evolved since、1970s。概述:本文梳理pharmaceutical、Hydrothermal Liquefaction、Pharmaceutical Sludge的技术原理、研究或验证方法与应用证据，并讨论性能和可行性，为研发方向选择与后续验证提供参考。须含标题、摘要、结论、背景、技术/产品/市场/IP、风险机会、可落地建议、未来研究。",https://eureka.patsnap.com/ai-search/sess_0c5d7c95092a45ef?from=rd-home&start_from=eureka_landingpage,https://eureka.patsnap.com/share/?id=d44f99290ed455734246393c7482c7ff&from=invite-eureakplg-result&content=,Optimize Hydrothermal Liquefaction for Pharmaceutical Sludge,"[""scout_report""]","[""pharmaceutical"", ""Hydrothermal Liquefaction"", ""Pharmaceutical Sludge"", ""has evolved since"", ""1970s"", ""advanced thermochemical conversion""]",本文梳理pharmaceutical、Hydrothermal Liquefaction、Pharmaceutical Sludge的技术原理、研究或验证方法与应用证据，并讨论性能和可行性，为研发方向选择与后续验证提供参考。,rd_engineer_inventor,biotechnology,"[""find_technical_solutions"", ""assess_technical_feasibility""]",2026-09-08,"[""drug_discovery""]"
,"请据《Fermentation Bioreactor Photobioreactor Hybrid Design for Microalgae-Bacteria Co-Culture》生成结构化报告。分类:scout_report；对象:rd_engineer_inventor；行业:biotechnology/synthetic_biology；任务:find_technical_solutions,explore_existing_technologies；关键词:fermentation、bioreactor、microalgae、Fermentation Bioreactor Photobioreactor Hybrid、Microalgae-Bacteria Co-Culture。概述:本文梳理fermentation、bioreactor、microalgae的技术原理、研究或验证方法与应用证据，并讨论性能和可行性，为研发方向选择与后续验证提供参考。须含标题、摘要、结论、背景、技术/产品/市场/IP、风险机会、可落地建议、未来研究。",https://eureka.patsnap.com/ai-search/sess_9b779780b5214e68?from=rd-home&start_from=eureka_landingpage,https://eureka.patsnap.com/share/?id=9c268714cb524075f54ab43899e3d3f4&from=invite-eureakplg-result&content=,Fermentation Bioreactor Photobioreactor Hybrid Design for Microalgae-Bacteria Co-Culture,"[""scout_report""]","[""fermentation"", ""bioreactor"", ""microalgae"", ""Fermentation Bioreactor Photobioreactor Hybrid"", ""Microalgae-Bacteria Co-Culture"", ""microalgae-bacteria co-culture hybrid"", ""bacterial cells"", ""metabolites accumulate""]",本文梳理fermentation、bioreactor、microalgae的技术原理、研究或验证方法与应用证据，并讨论性能和可行性，为研发方向选择与后续验证提供参考。,rd_engineer_inventor,biotechnology,"[""find_technical_solutions"", ""explore_existing_technologies""]",2026-09-08,"[""synthetic_biology""]"
,"请据《Sakai Chemical Industry Co., Ltd.》生成结构化报告。分类:competitor_analysis；对象:innovation_product_strategy；行业:chemical/polymers_and_additives；任务:track_technologies_and_competitors；关键词:Sakai Chemical Industry Co., Ltd、chemical、titanium、resin、food。概述:本文概述Sakai Chemical Industry Co., Ltd.的业务与技术研发，并涵盖专利组合、竞争动态及市场趋势，可用于竞品跟踪和研发/IP决策。须含标题、摘要、结论、背景、技术/产品/市场/IP、风险机会、可落地建议、未来研究。",https://eureka.patsnap.com/ai-search/sess_3cd935e26619455c?from=rd-home&start_from=eureka_landingpage,https://eureka.patsnap.com/share/?id=c6cfe1bd4d24626ec1aab156f4d3bb98&from=invite-eureakplg-result&content=,"Sakai Chemical Industry Co., Ltd.","[""competitor_analysis""]","[""Sakai Chemical Industry Co., Ltd"", ""chemical"", ""titanium"", ""resin"", ""food"", ""technical research"", ""patent portfolio"", ""competitor monitoring"", ""market trends""]","本文概述Sakai Chemical Industry Co., Ltd.的业务与技术研发，并涵盖专利组合、竞争动态及市场趋势，可用于竞品跟踪和研发/IP决策。",innovation_product_strategy,chemical,"[""track_technologies_and_competitors""]",2026-09-08,"[""polymers_and_additives""]"
,"请据《Comparison of Sodium Percarbonate and Borax as Cleaning Agents》生成结构化报告。分类:competitor_analysis；对象:innovation_product_strategy；行业:chemical/household_and_personal_care_chemistry；任务:evaluate_r_and_d_directions,identify_innovation_opportunities；关键词:borax、Sodium Percarbonate、Cleaning Agents、evolution、ancient。概述:本文比较borax、Sodium Percarbonate、Cleaning Agents在性能、成本、可靠性和适用条件上的差异，并给出验证思路，为技术选型与研发决策提供参考。须含标题、摘要、结论、背景、技术/产品/市场/IP、风险机会、可落地建议、未来研究。",https://eureka.patsnap.com/ai-search/sess_5545097ab22844df?from=rd-home&start_from=eureka_landingpage,https://eureka.patsnap.com/share/?id=3fe80d023ac8a8889cc37ca80b35054a&from=invite-eureakplg-result&content=,Comparison of Sodium Percarbonate and Borax as Cleaning Agents,"[""competitor_analysis""]","[""borax"", ""Sodium Percarbonate"", ""Cleaning Agents"", ""evolution"", ""ancient"", ""modern times highlighting"", ""innovations"", ""future trends""]",本文比较borax、Sodium Percarbonate、Cleaning Agents在性能、成本、可靠性和适用条件上的差异，并给出验证思路，为技术选型与研发决策提供参考。,innovation_product_strategy,chemical,"[""evaluate_r_and_d_directions"", ""identify_innovation_opportunities""]",2025-07-22,"[""household_and_personal_care_chemistry""]"
,"请据《How Muriatic Acid Reacts with Different Types of Metals》生成结构化报告。分类:scout_report；对象:researcher_scientist；行业:chemical/specialty_chemicals；任务:explore_new_research_fields,track_research_trends；关键词:acid、Muriatic Acid Reacts、Types、Metals、industrial。概述:本文梳理acid、Muriatic Acid Reacts、Types的技术原理、研究或验证方法与应用证据，并讨论性能和可行性，为研发方向选择与后续验证提供参考。须含标题、摘要、结论、背景、技术/产品/市场/IP、风险机会、可落地建议、未来研究。",https://eureka.patsnap.com/ai-search/sess_94380d654f0f44b5?from=rd-home&start_from=eureka_landingpage,https://eureka.patsnap.com/share/?id=4f8c92f18638961ec2707b0298fc8b90&from=invite-eureakplg-result&content=,How Muriatic Acid Reacts with Different Types of Metals,"[""scout_report""]","[""acid"", ""Muriatic Acid Reacts"", ""Types"", ""Metals"", ""industrial"", ""Exploring"", ""complex interplay between muriatic"", ""interplay between muriatic acid""]",本文梳理acid、Muriatic Acid Reacts、Types的技术原理、研究或验证方法与应用证据，并讨论性能和可行性，为研发方向选择与后续验证提供参考。,researcher_scientist,chemical,"[""explore_new_research_fields"", ""track_research_trends""]",2025-07-18,"[""specialty_chemicals""]"
,"请据《How to Detect Water Content Using FTIR Techniques》生成结构化报告。分类:scout_report；对象:researcher_scientist；行业:chemical/specialty_chemicals；任务:find_research_methods,track_research_trends；关键词:ftir、Detect Water Content、FTIR Techniques、evaluation、FTIR water detection。概述:本文梳理ftir、Detect Water Content、FTIR Techniques的技术原理、研究或验证方法与应用证据，并讨论性能和可行性，为研发方向选择与后续验证提供参考。须含标题、摘要、结论、背景、技术/产品/市场/IP、风险机会、可落地建议、未来研究。",https://eureka.patsnap.com/ai-search/sess_c1995e0d1197423a?from=rd-home&start_from=eureka_landingpage,https://eureka.patsnap.com/share/?id=99ca8bcf35633b3c1b1b021f382cad65&from=invite-eureakplg-result&content=,How to Detect Water Content Using FTIR Techniques,"[""scout_report""]","[""ftir"", ""Detect Water Content"", ""FTIR Techniques"", ""evaluation"", ""FTIR water detection"", ""strengths"", ""limitations"", ""create""]",本文梳理ftir、Detect Water Content、FTIR Techniques的技术原理、研究或验证方法与应用证据，并讨论性能和可行性，为研发方向选择与后续验证提供参考。,researcher_scientist,chemical,"[""find_research_methods"", ""track_research_trends""]",2025-09-22,"[""specialty_chemicals""]"
,"请据《What are the Health Risks Associated with Muriatic Acid Fumes?》生成结构化报告。分类:risk_watch；对象:rd_engineer_inventor；行业:chemical/specialty_chemicals；任务:find_technical_solutions,assess_technical_feasibility；关键词:acid、Health Risks Associated、Muriatic Acid Fumes、health risks、impact。概述:本文分析acid、Health Risks Associated、Muriatic Acid Fumes的失效机理、风险来源与控制方法，并给出检测或验证要点，为降低研发和应用风险提供参考。须含标题、摘要、结论、背景、技术/产品/市场/IP、风险机会、可落地建议、未来研究。",https://eureka.patsnap.com/ai-search/sess_67585ff2c04142d6?from=rd-home&start_from=eureka_landingpage,https://eureka.patsnap.com/share/?id=7343dcdd35f23d666269fa302f9bf2d4&from=invite-eureakplg-result&content=,What are the Health Risks Associated with Muriatic Acid Fumes?,"[""risk_watch""]","[""acid"", ""Health Risks Associated"", ""Muriatic Acid Fumes"", ""health risks"", ""impact"", ""respiratory health"", ""essential safety measures"", ""handling""]",本文分析acid、Health Risks Associated、Muriatic Acid Fumes的失效机理、风险来源与控制方法，并给出检测或验证要点，为降低研发和应用风险提供参考。,rd_engineer_inventor,chemical,"[""find_technical_solutions"", ""assess_technical_feasibility""]",2025-07-18,"[""specialty_chemicals""]"
,"请据《Compare Boric Acid and Borax in Ant Killer Mixes》生成结构化报告。分类:competitor_analysis；对象:innovation_product_strategy；行业:chemical/industrial_formulations；任务:evaluate_r_and_d_directions,identify_innovation_opportunities；关键词:borax、acid、Boric Acid、Ant Killer Mixes、optimal ant killer formulations。概述:本文比较borax、acid、Boric Acid在性能、成本、可靠性和适用条件上的差异，并给出验证思路，为技术选型与研发决策提供参考。须含标题、摘要、结论、背景、技术/产品/市场/IP、风险机会、可落地建议、未来研究。",https://eureka.patsnap.com/ai-search/sess_57628aec096745ce?from=rd-home&start_from=eureka_landingpage,https://eureka.patsnap.com/share/?id=07471e673aa8477d78208a17ce0a5757&from=invite-eureakplg-result&content=,Compare Boric Acid and Borax in Ant Killer Mixes,"[""competitor_analysis""]","[""borax"", ""acid"", ""Boric Acid"", ""Ant Killer Mixes"", ""optimal ant killer formulations"", ""maximum pest"", ""efficacy"", ""safety standards""]",本文比较borax、acid、Boric Acid在性能、成本、可靠性和适用条件上的差异，并给出验证思路，为技术选型与研发决策提供参考。,innovation_product_strategy,chemical,"[""evaluate_r_and_d_directions"", ""identify_innovation_opportunities""]",2026-02-26,"[""industrial_formulations""]"
,"请据《How to Analyze Polydispersity Index in Dynamic Light Scattering》生成结构化报告。分类:scout_report；对象:researcher_scientist；行业:chemical/industrial_formulations；任务:find_research_methods,track_research_trends；关键词:dynamic light scattering、polydispersity index、Analyze Polydispersity Index、formulation、reliable methodologies。概述:本文梳理dynamic light scattering、polydispersity index、Analyze Polydispersity Index的技术原理、研究或验证方法与应用证据，并讨论性能和可行性，为研发方向选择与后续验证提供参考。须含标题、摘要、结论、背景、技术/产品/市场/IP、风险机会、可落地建议、未来研究。",https://eureka.patsnap.com/ai-search/sess_6fc3c73f187640b1?from=rd-home&start_from=eureka_landingpage,https://eureka.patsnap.com/share/?id=34c5d4cb756a014490df1443cdc2db65&from=invite-eureakplg-result&content=,How to Analyze Polydispersity Index in Dynamic Light Scattering,"[""scout_report""]","[""dynamic light scattering"", ""polydispersity index"", ""Analyze Polydispersity Index"", ""formulation"", ""reliable methodologies"", ""determining sample homogeneity"", ""PDI"", ""DLS""]",本文梳理dynamic light scattering、polydispersity index、Analyze Polydispersity Index的技术原理、研究或验证方法与应用证据，并讨论性能和可行性，为研发方向选择与后续验证提供参考。,researcher_scientist,chemical,"[""find_research_methods"", ""track_research_trends""]",2025-09-05,"[""industrial_formulations""]"
,"请据《How to Extract Kinetic Parameters from CV Using Laviron and Nicholson Methods — Step-by-Step》生成结构化报告。分类:scout_report；对象:researcher_scientist；行业:chemical/specialty_chemicals；任务:find_research_methods,track_research_trends；关键词:Extract Kinetic Parameters、CV、Laviron、Nicholson、Step-by-Step。概述:本文梳理Extract Kinetic Parameters、CV、Laviron的技术原理、研究或验证方法与应用证据，并讨论性能和可行性，为研发方向选择与后续验证提供参考。须含标题、摘要、结论、背景、技术/产品/市场/IP、风险机会、可落地建议、未来研究。",https://eureka.patsnap.com/ai-search/sess_bbd42a7833c04e7a?from=rd-home&start_from=eureka_landingpage,https://eureka.patsnap.com/share/?id=cc34206eb6ffcb69e4487478cb7e5232&from=invite-eureakplg-result&content=,How to Extract Kinetic Parameters from CV Using Laviron and Nicholson Methods — Step-by-Step,"[""scout_report""]","[""Extract Kinetic Parameters"", ""CV"", ""Laviron"", ""Nicholson"", ""Step-by-Step"", ""energy storage"", ""electrode"", ""quantitative electrode-solution interface dynamics""]",本文梳理Extract Kinetic Parameters、CV、Laviron的技术原理、研究或验证方法与应用证据，并讨论性能和可行性，为研发方向选择与后续验证提供参考。,researcher_scientist,chemical,"[""find_research_methods"", ""track_research_trends""]",2025-08-21,"[""specialty_chemicals""]"
,"请据《Ethyl Acetate Production: Enhancing Yield and Purity》生成结构化报告。分类:scout_report；对象:researcher_scientist；行业:chemical/specialty_chemicals；任务:explore_new_research_fields,track_research_trends；关键词:ethyl acetate、Ethyl Acetate Production、Yield、Purity、innovative approaches。概述:本文梳理ethyl acetate、Ethyl Acetate Production、Yield的技术原理、研究或验证方法与应用证据，并讨论性能和可行性，为研发方向选择与后续验证提供参考。须含标题、摘要、结论、背景、技术/产品/市场/IP、风险机会、可落地建议、未来研究。",https://eureka.patsnap.com/ai-search/sess_e90c45a223d840df?from=rd-home&start_from=eureka_landingpage,https://eureka.patsnap.com/share/?id=691bfc7d27c3597420d0d24c7c61e576&from=invite-eureakplg-result&content=,Ethyl Acetate Production: Enhancing Yield and Purity,"[""scout_report""]","[""ethyl acetate"", ""Ethyl Acetate Production"", ""Yield"", ""Purity"", ""innovative approaches"", ""ethyl acetate production Boost"", ""Boost yield purity sustainability"", ""cutting-edge synthesis routes optimization""]",本文梳理ethyl acetate、Ethyl Acetate Production、Yield的技术原理、研究或验证方法与应用证据，并讨论性能和可行性，为研发方向选择与后续验证提供参考。,researcher_scientist,chemical,"[""explore_new_research_fields"", ""track_research_trends""]",2025-06-27,"[""specialty_chemicals""]"
,"请据《The Effectiveness of Muriatic Acid in Removing Algae》生成结构化报告。分类:scout_report；对象:researcher_scientist；行业:chemical/specialty_chemicals；任务:explore_new_research_fields,track_research_trends；关键词:acid、Effectiveness、Muriatic Acid、Removing Algae、power。概述:本文梳理acid、Effectiveness、Muriatic Acid的技术原理、研究或验证方法与应用证据，并讨论性能和可行性，为研发方向选择与后续验证提供参考。须含标题、摘要、结论、背景、技术/产品/市场/IP、风险机会、可落地建议、未来研究。",https://eureka.patsnap.com/ai-search/sess_47e1da1e88bc4169?from=rd-home&start_from=eureka_landingpage,https://eureka.patsnap.com/share/?id=795987eb23fcb566f2a7d780b39f2e93&from=invite-eureakplg-result&content=,The Effectiveness of Muriatic Acid in Removing Algae,"[""scout_report""]","[""acid"", ""Effectiveness"", ""Muriatic Acid"", ""Removing Algae"", ""power"", ""effective algaecide"", ""pools Learn"", ""history mechanism""]",本文梳理acid、Effectiveness、Muriatic Acid的技术原理、研究或验证方法与应用证据，并讨论性能和可行性，为研发方向选择与后续验证提供参考。,researcher_scientist,chemical,"[""explore_new_research_fields"", ""track_research_trends""]",2025-07-18,"[""specialty_chemicals""]"
Comprehensive Guide to Ethyl Acetate Reactivity and Use,"请据《Comprehensive Guide to Ethyl Acetate Reactivity and Use》生成结构化报告。分类:scout_report；对象:researcher_scientist；行业:chemical/specialty_chemicals；任务:explore_new_research_fields,track_research_trends；关键词:ethyl acetate、Ethyl Acetate Reactivity、industrial、chemical、versatile properties。概述:本文梳理ethyl acetate、Ethyl Acetate Reactivity、industrial的技术原理、研究或验证方法与应用证据，并讨论性能和可行性，为研发方向选择与后续验证提供参考。须含标题、摘要、结论、背景、技术/产品/市场/IP、风险机会、可落地建议、未来研究。",https://eureka.patsnap.com/ai-search/sess_644b97f164d04f51?from=rd-home&start_from=eureka_landingpage,https://eureka.patsnap.com/share/?id=1014175cece35bda42e7c08d86ff77fa&from=invite-eureakplg-result&content=,Comprehensive Guide to Ethyl Acetate Reactivity and Use,"[""scout_report""]","[""ethyl acetate"", ""Ethyl Acetate Reactivity"", ""industrial"", ""chemical"", ""versatile properties"", ""chemical reactivity"", ""impact""]",本文梳理ethyl acetate、Ethyl Acetate Reactivity、industrial的技术原理、研究或验证方法与应用证据，并讨论性能和可行性，为研发方向选择与后续验证提供参考。,researcher_scientist,chemical,"[""explore_new_research_fields"", ""track_research_trends""]",2025-06-27,"[""specialty_chemicals""]"
"Trimble, Inc.","请据《Trimble, Inc.》生成结构化报告。分类:competitor_analysis；对象:innovation_product_strategy；行业:construction/infrastructure；任务:track_technologies_and_competitors；关键词:Trimble, Inc、infrastructure、construction、agriculture、technical research。概述:本文概述Trimble, Inc.的业务与技术研发，并涵盖专利组合、竞争动态及市场趋势，可用于竞品跟踪和研发/IP决策。须含标题、摘要、结论、背景、技术/产品/市场/IP、风险机会、可落地建议、未来研究。",https://eureka.patsnap.com/ai-search/sess_7fbe9a5a7cc549c8?from=rd-home&start_from=eureka_landingpage,https://eureka.patsnap.com/share/?id=fc92b9d9c8dc9a13fa566a6ae4fbf399&from=invite-eureakplg-result&content=,"Trimble, Inc.","[""competitor_analysis""]","[""Trimble, Inc"", ""infrastructure"", ""construction"", ""agriculture"", ""technical research"", ""patent portfolio"", ""competitor monitoring"", ""market trends""]","本文概述Trimble, Inc.的业务与技术研发，并涵盖专利组合、竞争动态及市场趋势，可用于竞品跟踪和研发/IP决策。",innovation_product_strategy,construction,"[""track_technologies_and_competitors""]",2026-09-08,"[""infrastructure""]"
"Taiwan Semiconductor Manufacturing Co., Ltd.","请据《Taiwan Semiconductor Manufacturing Co., Ltd.》生成结构化报告。分类:competitor_analysis；对象:innovation_product_strategy；行业:electronics_manufacturing/semiconductor_and_packaging；任务:track_technologies_and_competitors；关键词:Taiwan Semiconductor Manufacturing Co., Ltd、manufacturing、semiconductor、automotive、industrial。概述:本文概述Taiwan Semiconductor Manufacturing Co., Ltd.的业务与技术研发，并涵盖专利组合、竞争动态及市场趋势，可用于竞品跟踪和研发/IP决策。须含标题、摘要、结论、背景、技术/产品/市场/IP、风险机会、可落地建议、未来研究。",https://eureka.patsnap.com/ai-search/sess_92a0ee6d569e4476?from=rd-home&start_from=eureka_landingpage,https://eureka.patsnap.com/share/?id=dfbcf776f6dd64e209a4972c125cbc49&from=invite-eureakplg-result&content=,"Taiwan Semiconductor Manufacturing Co., Ltd.","[""competitor_analysis""]","[""Taiwan Semiconductor Manufacturing Co., Ltd"", ""manufacturing"", ""semiconductor"", ""automotive"", ""industrial"", ""wafer"", ""technical research"", ""patent portfolio"", ""competitor monitoring"", ""market trends""]","本文概述Taiwan Semiconductor Manufacturing Co., Ltd.的业务与技术研发，并涵盖专利组合、竞争动态及市场趋势，可用于竞品跟踪和研发/IP决策。",innovation_product_strategy,electronics_manufacturing,"[""track_technologies_and_competitors""]",2026-09-08,"[""semiconductor_and_packaging""]"
"Alkaline Water Electrolyzer Stack Design: Compression, Seals And Pressure Balance","请据《Alkaline Water Electrolyzer Stack Design: Compression, Seals And Pressure Balance》生成结构化报告。分类:scout_report；对象:researcher_scientist；行业:energy/hydrogen_and_fuel_cells；任务:find_research_methods,track_research_trends；关键词:alkaline water electrolyzer、electrolyzer、Alkaline Water Electrolyzer Stack、Compression Seals、Pressure Balance。概述:本文梳理alkaline water electrolyzer、electrolyzer、Alkaline Water Electrolyzer Stack的技术原理、研究或验证方法与应用证据，并讨论性能和可行性，为研发方向选择与后续验证提供参考。须含标题、摘要、结论、背景、技术/产品/市场/IP、风险机会、可落地建议、未来研究。",https://eureka.patsnap.com/ai-search/sess_20f7bcf40e7d4447?from=rd-home&start_from=eureka_landingpage,https://eureka.patsnap.com/share/?id=f1be579b5dbdd80605dc16c1f709db55&from=invite-eureakplg-result&content=,"Alkaline Water Electrolyzer Stack Design: Compression, Seals And Pressure Balance","[""scout_report""]","[""alkaline water electrolyzer"", ""electrolyzer"", ""Alkaline Water Electrolyzer Stack"", ""Compression Seals"", ""Pressure Balance"", ""renewable energy"", ""electrolysis"", ""hydrogen"", ""Exploring alkaline water electrolysis""]",本文梳理alkaline water electrolyzer、electrolyzer、Alkaline Water Electrolyzer Stack的技术原理、研究或验证方法与应用证据，并讨论性能和可行性，为研发方向选择与后续验证提供参考。,researcher_scientist,energy,"[""find_research_methods"", ""track_research_trends""]",2025-09-17,"[""hydrogen_and_fuel_cells""]"
Mohalla Tech Pvt Ltd.,请据《Mohalla Tech Pvt Ltd.》生成结构化报告。分类:competitor_analysis；对象:innovation_product_strategy；行业:engineering/mechanical_systems；任务:track_technologies_and_competitors；关键词:Mohalla Tech Pvt Ltd、technical research、patent portfolio、competitor monitoring、market trends。概述:本文概述Mohalla Tech Pvt Ltd.的业务与技术研发，并涵盖专利组合、竞争动态及市场趋势，可用于竞品跟踪和研发/IP决策。须含标题、摘要、结论、背景、技术/产品/市场/IP、风险机会、可落地建议、未来研究。,https://eureka.patsnap.com/ai-search/sess_ffac822fe90d474f?from=rd-home&start_from=eureka_landingpage,https://eureka.patsnap.com/share/?id=c45f4a3b2e55770246447a5cf7b157d9&from=invite-eureakplg-result&content=,Mohalla Tech Pvt Ltd.,"[""competitor_analysis""]","[""Mohalla Tech Pvt Ltd"", ""technical research"", ""patent portfolio"", ""competitor monitoring"", ""market trends""]",本文概述Mohalla Tech Pvt Ltd.的业务与技术研发，并涵盖专利组合、竞争动态及市场趋势，可用于竞品跟踪和研发/IP决策。,innovation_product_strategy,engineering,"[""track_technologies_and_competitors""]",2026-09-08,"[""mechanical_systems""]"
E.I. du Pont de Nemours & Co.,请据《E.I. du Pont de Nemours & Co.》生成结构化报告。分类:competitor_analysis；对象:innovation_product_strategy；行业:farming_production/crop_science；任务:track_technologies_and_competitors；关键词:E.I. du Pont de Nemours & Co、construction、agriculture、technical research、patent portfolio。概述:本文概述E.I. du Pont de Nemours & Co.的业务与技术研发，并涵盖专利组合、竞争动态及市场趋势，可用于竞品跟踪和研发/IP决策。须含标题、摘要、结论、背景、技术/产品/市场/IP、风险机会、可落地建议、未来研究。,https://eureka.patsnap.com/ai-search/sess_604885974e214274?from=rd-home&start_from=eureka_landingpage,https://eureka.patsnap.com/share/?id=d671bc4ffbdaa47a5e44b3ac4e4d1e56&from=invite-eureakplg-result&content=,E.I. du Pont de Nemours & Co.,"[""competitor_analysis""]","[""E.I. du Pont de Nemours & Co"", ""construction"", ""agriculture"", ""technical research"", ""patent portfolio"", ""competitor monitoring"", ""market trends""]",本文概述E.I. du Pont de Nemours & Co.的业务与技术研发，并涵盖专利组合、竞争动态及市场趋势，可用于竞品跟踪和研发/IP决策。,innovation_product_strategy,farming_production,"[""track_technologies_and_competitors""]",2026-09-08,"[""crop_science""]"
"KOHJIN Co., Ltd.","请据《KOHJIN Co., Ltd.》生成结构化报告。分类:competitor_analysis；对象:innovation_product_strategy；行业:food/food_packaging；任务:track_technologies_and_competitors；关键词:KOHJIN Co., Ltd、building、food、technical research、patent portfolio。概述:本文概述KOHJIN Co., Ltd.的业务与技术研发，并涵盖专利组合、竞争动态及市场趋势，可用于竞品跟踪和研发/IP决策。须含标题、摘要、结论、背景、技术/产品/市场/IP、风险机会、可落地建议、未来研究。",https://eureka.patsnap.com/ai-search/sess_8c464926bf0d427c?from=rd-home&start_from=eureka_landingpage,https://eureka.patsnap.com/share/?id=e880ecb4bbf57d32587824c73d0f9100&from=invite-eureakplg-result&content=,"KOHJIN Co., Ltd.","[""competitor_analysis""]","[""KOHJIN Co., Ltd"", ""building"", ""food"", ""technical research"", ""patent portfolio"", ""competitor monitoring"", ""market trends""]","本文概述KOHJIN Co., Ltd.的业务与技术研发，并涵盖专利组合、竞争动态及市场趋势，可用于竞品跟踪和研发/IP决策。",innovation_product_strategy,food,"[""track_technologies_and_competitors""]",2026-09-08,"[""food_packaging""]"
"IBIDEN Co., Ltd.","请据《IBIDEN Co., Ltd.》生成结构化报告。分类:competitor_analysis；对象:innovation_product_strategy；行业:materials/polymers_and_resins；任务:track_technologies_and_competitors；关键词:IBIDEN Co., Ltd、agricultural、ceramic、resin、technical research。概述:本文概述IBIDEN Co., Ltd.的业务与技术研发，并涵盖专利组合、竞争动态及市场趋势，可用于竞品跟踪和研发/IP决策。须含标题、摘要、结论、背景、技术/产品/市场/IP、风险机会、可落地建议、未来研究。",https://eureka.patsnap.com/ai-search/sess_1fd0b263335d49ad?from=rd-home&start_from=eureka_landingpage,https://eureka.patsnap.com/share/?id=12498b62d6dbf9ddc16fa0e44004ebba&from=invite-eureakplg-result&content=,"IBIDEN Co., Ltd.","[""competitor_analysis""]","[""IBIDEN Co., Ltd"", ""agricultural"", ""ceramic"", ""resin"", ""technical research"", ""patent portfolio"", ""competitor monitoring"", ""market trends""]","本文概述IBIDEN Co., Ltd.的业务与技术研发，并涵盖专利组合、竞争动态及市场趋势，可用于竞品跟踪和研发/IP决策。",innovation_product_strategy,materials,"[""track_technologies_and_competitors""]",2026-09-08,"[""polymers_and_resins""]"
Alcon AG,请据《Alcon AG》生成结构化报告。分类:competitor_analysis；对象:innovation_product_strategy；行业:medical_devices/surgical_and_interventional_devices；任务:track_technologies_and_competitors；关键词:Alcon AG、pharmaceutical、surgical、technical research、patent portfolio。概述:本文概述Alcon AG的业务与技术研发，并涵盖专利组合、竞争动态及市场趋势，可用于竞品跟踪和研发/IP决策。须含标题、摘要、结论、背景、技术/产品/市场/IP、风险机会、可落地建议、未来研究。,https://eureka.patsnap.com/ai-search/sess_47b3ce70fcb74cb5?from=rd-home&start_from=eureka_landingpage,https://eureka.patsnap.com/share/?id=44cbdfbaf74a9cc61a4fe0b062e55f35&from=invite-eureakplg-result&content=,Alcon AG,"[""competitor_analysis""]","[""Alcon AG"", ""pharmaceutical"", ""surgical"", ""technical research"", ""patent portfolio"", ""competitor monitoring"", ""market trends""]",本文概述Alcon AG的业务与技术研发，并涵盖专利组合、竞争动态及市场趋势，可用于竞品跟踪和研发/IP决策。,innovation_product_strategy,medical_devices,"[""track_technologies_and_competitors""]",2026-09-08,"[""surgical_and_interventional_devices""]"
"Bazaarvoice, Inc.","请据《Bazaarvoice, Inc.》生成结构化报告。分类:competitor_analysis；对象:innovation_product_strategy；行业:other/general_strategy；任务:track_technologies_and_competitors；关键词:Bazaarvoice, Inc、social media、software、saas、technical research。概述:本文概述Bazaarvoice, Inc.的业务与技术研发，并涵盖专利组合、竞争动态及市场趋势，可用于竞品跟踪和研发/IP决策。须含标题、摘要、结论、背景、技术/产品/市场/IP、风险机会、可落地建议、未来研究。",https://eureka.patsnap.com/ai-search/sess_42b455ca4fee40bf?from=rd-home&start_from=eureka_landingpage,https://eureka.patsnap.com/share/?id=44a3e9fb30ef7d5023cc680dd093086b&from=invite-eureakplg-result&content=,"Bazaarvoice, Inc.","[""competitor_analysis""]","[""Bazaarvoice, Inc"", ""social media"", ""software"", ""saas"", ""technical research"", ""patent portfolio"", ""competitor monitoring"", ""market trends""]","本文概述Bazaarvoice, Inc.的业务与技术研发，并涵盖专利组合、竞争动态及市场趋势，可用于竞品跟踪和研发/IP决策。",innovation_product_strategy,other,"[""track_technologies_and_competitors""]",2026-09-08,"[""general_strategy""]"
"ATR-FTIR Crystal Choices: Diamond Vs ZnSe Vs Ge—Spectral Range, Hardness And Chemistry","请据《ATR-FTIR Crystal Choices: Diamond Vs ZnSe Vs Ge—Spectral Range, Hardness And Chemistry》生成结构化报告。分类:competitor_analysis；对象:innovation_product_strategy；行业:chemical/specialty_chemicals；任务:evaluate_r_and_d_directions,identify_innovation_opportunities；关键词:ATR-FTIR、ftir、ATR-FTIR Crystal Choices Diamond、ZnSe、Ge Spectral Range Hardness。概述:本文比较ATR-FTIR、ftir、ATR-FTIR Crystal Choices Diamond在性能、成本、可靠性和适用条件上的差异，并给出验证思路，为技术选型与研发决策提供参考。须含标题、摘要、结论、背景、技术/产品/市场/IP、风险机会、可落地建议、未来研究。",https://eureka.patsnap.com/ai-search/sess_ba91faa27dd94300?from=rd-home&start_from=eureka_landingpage,https://eureka.patsnap.com/share/?id=30abb70b113526481f58f895243836d7&from=invite-eureakplg-result&content=,"ATR-FTIR Crystal Choices: Diamond Vs ZnSe Vs Ge—Spectral Range, Hardness And Chemistry","[""competitor_analysis""]","[""ATR-FTIR"", ""ftir"", ""ATR-FTIR Crystal Choices Diamond"", ""ZnSe"", ""Ge Spectral Range Hardness"", ""Chemistry"", ""chemical"", ""breakthrough ATR crystal development""]",本文比较ATR-FTIR、ftir、ATR-FTIR Crystal Choices Diamond在性能、成本、可靠性和适用条件上的差异，并给出验证思路，为技术选型与研发决策提供参考。,innovation_product_strategy,chemical,"[""evaluate_r_and_d_directions"", ""identify_innovation_opportunities""]",2025-09-22,"[""specialty_chemicals""]"
How to Test Fulvic Acid Quality Using HPLC — Standards,"请据《How to Test Fulvic Acid Quality Using HPLC — Standards》生成结构化报告。分类:scout_report；对象:researcher_scientist；行业:chemical/specialty_chemicals；任务:find_research_methods,track_research_trends；关键词:fulvic acid、acid、hplc、Test Fulvic Acid Quality、HPLC Standards。概述:本文梳理fulvic acid、acid、hplc的技术原理、研究或验证方法与应用证据，并讨论性能和可行性，为研发方向选择与后续验证提供参考。须含标题、摘要、结论、背景、技术/产品/市场/IP、风险机会、可落地建议、未来研究。",https://eureka.patsnap.com/ai-search/sess_bd8f2ef8bc9d48e3?from=rd-home&start_from=eureka_landingpage,https://eureka.patsnap.com/share/?id=74395060903fd4262d9e57491ea82009&from=invite-eureakplg-result&content=,How to Test Fulvic Acid Quality Using HPLC — Standards,"[""scout_report""]","[""fulvic acid"", ""acid"", ""hplc"", ""Test Fulvic Acid Quality"", ""HPLC Standards"", ""standardized HPLC protocols"", ""fulvic acid quality assessment"", ""assessment ensuring reliable quantification""]",本文梳理fulvic acid、acid、hplc的技术原理、研究或验证方法与应用证据，并讨论性能和可行性，为研发方向选择与后续验证提供参考。,researcher_scientist,chemical,"[""find_research_methods"", ""track_research_trends""]",2025-08-28,"[""specialty_chemicals""]"
Measure Peak Area in HPLC for Quantitative Analysis,"请据《Measure Peak Area in HPLC for Quantitative Analysis》生成结构化报告。分类:scout_report；对象:researcher_scientist；行业:chemical/specialty_chemicals；任务:find_research_methods,track_research_trends；关键词:hplc、Peak Area、Quantitative、Exploring HPLC peak area、peak area measurement evolution。概述:本文梳理hplc、Peak Area、Quantitative的技术原理、研究或验证方法与应用证据，并讨论性能和可行性，为研发方向选择与后续验证提供参考。须含标题、摘要、结论、背景、技术/产品/市场/IP、风险机会、可落地建议、未来研究。",https://eureka.patsnap.com/ai-search/sess_451637661f99445d?from=rd-home&start_from=eureka_landingpage,https://eureka.patsnap.com/share/?id=ee5416cb44c47d655007e4c7e6c482f3&from=invite-eureakplg-result&content=,Measure Peak Area in HPLC for Quantitative Analysis,"[""scout_report""]","[""hplc"", ""Peak Area"", ""Quantitative"", ""Exploring HPLC peak area"", ""peak area measurement evolution"", ""manual"", ""AI-driven"", ""report analyzes technological trends""]",本文梳理hplc、Peak Area、Quantitative的技术原理、研究或验证方法与应用证据，并讨论性能和可行性，为研发方向选择与后续验证提供参考。,researcher_scientist,chemical,"[""find_research_methods"", ""track_research_trends""]",2025-09-19,"[""specialty_chemicals""]"
How To Quantify Lithium Hydroxide Purity Using Titration,"请据《How To Quantify Lithium Hydroxide Purity Using Titration》生成结构化报告。分类:scout_report；对象:researcher_scientist；行业:chemical/specialty_chemicals；任务:find_research_methods,track_research_trends；关键词:titration、Lithium Hydroxide Purity、advanced titration techniques、lithium hydroxide purity assessment、precision reproducibility。概述:本文梳理titration、Lithium Hydroxide Purity、advanced titration techniques的技术原理、研究或验证方法与应用证据，并讨论性能和可行性，为研发方向选择与后续验证提供参考。须含标题、摘要、结论、背景、技术/产品/市场/IP、风险机会、可落地建议、未来研究。",https://eureka.patsnap.com/ai-search/sess_11017fe315df4599?from=rd-home&start_from=eureka_landingpage,https://eureka.patsnap.com/share/?id=d382fbbdba1e778bae1847016443ccd5&from=invite-eureakplg-result&content=,How To Quantify Lithium Hydroxide Purity Using Titration,"[""scout_report""]","[""titration"", ""Lithium Hydroxide Purity"", ""advanced titration techniques"", ""lithium hydroxide purity assessment"", ""precision reproducibility"", ""sensitivity while minimizing interference"", ""impurities""]",本文梳理titration、Lithium Hydroxide Purity、advanced titration techniques的技术原理、研究或验证方法与应用证据，并讨论性能和可行性，为研发方向选择与后续验证提供参考。,researcher_scientist,chemical,"[""find_research_methods"", ""track_research_trends""]",2025-08-28,"[""specialty_chemicals""]"
Breaking Down Alkyl Halides: Key Reactions and Uses,"请据《Breaking Down Alkyl Halides: Key Reactions and Uses》生成结构化报告。分类:scout_report；对象:researcher_scientist；行业:chemical/specialty_chemicals；任务:explore_new_research_fields,track_research_trends；关键词:Breaking Down Alkyl Halides、Reactions、alkyl halides structure properties、crucial、organic synthesis。概述:本文梳理Breaking Down Alkyl Halides、Reactions、alkyl halides structure properties的技术原理、研究或验证方法与应用证据，并讨论性能和可行性，为研发方向选择与后续验证提供参考。须含标题、摘要、结论、背景、技术/产品/市场/IP、风险机会、可落地建议、未来研究。",https://eureka.patsnap.com/ai-search/sess_dd840328e29d490a?from=rd-home&start_from=eureka_landingpage,https://eureka.patsnap.com/share/?id=da62b66371478597f60eed8f01f3b889&from=invite-eureakplg-result&content=,Breaking Down Alkyl Halides: Key Reactions and Uses,"[""scout_report""]","[""Breaking Down Alkyl Halides"", ""Reactions"", ""alkyl halides structure properties"", ""crucial"", ""organic synthesis"", ""versatile"", ""chemistry""]",本文梳理Breaking Down Alkyl Halides、Reactions、alkyl halides structure properties的技术原理、研究或验证方法与应用证据，并讨论性能和可行性，为研发方向选择与后续验证提供参考。,researcher_scientist,chemical,"[""explore_new_research_fields"", ""track_research_trends""]",2025-07-15,"[""specialty_chemicals""]"
"Nittetsu Mining Co., Ltd.","请据《Nittetsu Mining Co., Ltd.》生成结构化报告。分类:competitor_analysis；对象:innovation_product_strategy；行业:construction/building_materials；任务:track_technologies_and_competitors；关键词:Nittetsu Mining Co., Ltd、renewable energy、construction、concrete、cement。概述:本文概述Nittetsu Mining Co., Ltd.的业务与技术研发，并涵盖专利组合、竞争动态及市场趋势，可用于竞品跟踪和研发/IP决策。须含标题、摘要、结论、背景、技术/产品/市场/IP、风险机会、可落地建议、未来研究。",https://eureka.patsnap.com/ai-search/sess_6dd6ad19cf294b45?from=rd-home&start_from=eureka_landingpage,https://eureka.patsnap.com/share/?id=9c11c5faa8d6aed70ab6826f73c79f0a&from=invite-eureakplg-result&content=,"Nittetsu Mining Co., Ltd.","[""competitor_analysis""]","[""Nittetsu Mining Co., Ltd"", ""renewable energy"", ""construction"", ""concrete"", ""cement"", ""technical research"", ""patent portfolio"", ""competitor monitoring"", ""market trends""]","本文概述Nittetsu Mining Co., Ltd.的业务与技术研发，并涵盖专利组合、竞争动态及市场趋势，可用于竞品跟踪和研发/IP决策。",innovation_product_strategy,construction,"[""track_technologies_and_competitors""]",2026-09-08,"[""building_materials""]"
"Schneider Electric USA, Inc.","请据《Schneider Electric USA, Inc.》生成结构化报告。分类:competitor_analysis；对象:innovation_product_strategy；行业:construction/infrastructure；任务:track_technologies_and_competitors；关键词:Schneider Electric USA, Inc、infrastructure、software、technical research、patent portfolio。概述:本文概述Schneider Electric USA, Inc.的业务与技术研发，并涵盖专利组合、竞争动态及市场趋势，可用于竞品跟踪和研发/IP决策。须含标题、摘要、结论、背景、技术/产品/市场/IP、风险机会、可落地建议、未来研究。",https://eureka.patsnap.com/ai-search/sess_6cb48444a16f4516?from=rd-home&start_from=eureka_landingpage,https://eureka.patsnap.com/share/?id=e22e8ec38848d3ef16ba8b7ec7167e96&from=invite-eureakplg-result&content=,"Schneider Electric USA, Inc.","[""competitor_analysis""]","[""Schneider Electric USA, Inc"", ""infrastructure"", ""software"", ""technical research"", ""patent portfolio"", ""competitor monitoring"", ""market trends""]","本文概述Schneider Electric USA, Inc.的业务与技术研发，并涵盖专利组合、竞争动态及市场趋势，可用于竞品跟踪和研发/IP决策。",innovation_product_strategy,construction,"[""track_technologies_and_competitors""]",2026-09-08,"[""infrastructure""]"
Infosys Ltd.,请据《Infosys Ltd.》生成结构化报告。分类:competitor_analysis；对象:innovation_product_strategy；行业:construction/building_materials；任务:track_technologies_and_competitors；关键词:Infosys Ltd、building、technical research、patent portfolio、competitor monitoring。概述:本文概述Infosys Ltd.的业务与技术研发，并涵盖专利组合、竞争动态及市场趋势，可用于竞品跟踪和研发/IP决策。须含标题、摘要、结论、背景、技术/产品/市场/IP、风险机会、可落地建议、未来研究。,https://eureka.patsnap.com/ai-search/sess_764d2835491e4eff?from=rd-home&start_from=eureka_landingpage,https://eureka.patsnap.com/share/?id=e059890f11127f8d43d3c79cf9624ba5&from=invite-eureakplg-result&content=,Infosys Ltd.,"[""competitor_analysis""]","[""Infosys Ltd"", ""building"", ""technical research"", ""patent portfolio"", ""competitor monitoring"", ""market trends""]",本文概述Infosys Ltd.的业务与技术研发，并涵盖专利组合、竞争动态及市场趋势，可用于竞品跟踪和研发/IP决策。,innovation_product_strategy,construction,"[""track_technologies_and_competitors""]",2026-09-08,"[""building_materials""]"
How sodium silicate enhances waterproofing solutions?,"请据《How sodium silicate enhances waterproofing solutions?》生成结构化报告。分类:scout_report；对象:researcher_scientist；行业:construction/building_materials；任务:explore_new_research_fields,track_research_trends；关键词:sodium silicate、waterproofing、sodium silicate enhances waterproofing、construction、enduring power。概述:本文梳理sodium silicate、waterproofing、sodium silicate enhances waterproofing的技术原理、研究或验证方法与应用证据，并讨论性能和可行性，为研发方向选择与后续验证提供参考。须含标题、摘要、结论、背景、技术/产品/市场/IP、风险机会、可落地建议、未来研究。",https://eureka.patsnap.com/ai-search/sess_d2b0eae2a92f46b8?from=rd-home&start_from=eureka_landingpage,https://eureka.patsnap.com/share/?id=4b1707e97bcf385afd2e51c03d1604bf&from=invite-eureakplg-result&content=,How sodium silicate enhances waterproofing solutions?,"[""scout_report""]","[""sodium silicate"", ""waterproofing"", ""sodium silicate enhances waterproofing"", ""construction"", ""enduring power"", ""history eco-friendly nature"", ""innovative""]",本文梳理sodium silicate、waterproofing、sodium silicate enhances waterproofing的技术原理、研究或验证方法与应用证据，并讨论性能和可行性，为研发方向选择与后续验证提供参考。,researcher_scientist,construction,"[""explore_new_research_fields"", ""track_research_trends""]",2025-08-21,"[""building_materials""]"
"Distillation Column Troubleshooting: Flooding, Weeping, And Tray Damage","请据《Distillation Column Troubleshooting: Flooding, Weeping, And Tray Damage》生成结构化报告。分类:risk_watch；对象:rd_engineer_inventor；行业:construction/construction_methods；任务:find_technical_solutions,assess_technical_feasibility；关键词:column、Distillation Column Troubleshooting Flooding、Column Troubleshooting Flooding Weeping、Tray Damage、energy efficiency。概述:本文分析column、Distillation Column Troubleshooting Flooding、Column Troubleshooting Flooding Weeping的失效机理、风险来源与控制方法，并给出检测或验证要点，为降低研发和应用风险提供参考。须含标题、摘要、结论、背景、技术/产品/市场/IP、风险机会、可落地建议、未来研究。",https://eureka.patsnap.com/ai-search/sess_29d183def54f4248?from=rd-home&start_from=eureka_landingpage,https://eureka.patsnap.com/share/?id=80bd210c46a2d0691e76ed2e74eaecce&from=invite-eureakplg-result&content=,"Distillation Column Troubleshooting: Flooding, Weeping, And Tray Damage","[""risk_watch""]","[""column"", ""Distillation Column Troubleshooting Flooding"", ""Column Troubleshooting Flooding Weeping"", ""Tray Damage"", ""energy efficiency"", ""reliability"", ""Exploring distillation"", ""evolution""]",本文分析column、Distillation Column Troubleshooting Flooding、Column Troubleshooting Flooding Weeping的失效机理、风险来源与控制方法，并给出检测或验证要点，为降低研发和应用风险提供参考。,rd_engineer_inventor,construction,"[""find_technical_solutions"", ""assess_technical_feasibility""]",2025-08-22,"[""construction_methods""]"
DISCO Corp.,请据《DISCO Corp.》生成结构化报告。分类:competitor_analysis；对象:innovation_product_strategy；行业:electronics_manufacturing/semiconductor_and_packaging；任务:track_technologies_and_competitors；关键词:DISCO Corp、manufacturing、laser、wafer、technical research。概述:本文概述DISCO Corp.的业务与技术研发，并涵盖专利组合、竞争动态及市场趋势，可用于竞品跟踪和研发/IP决策。须含标题、摘要、结论、背景、技术/产品/市场/IP、风险机会、可落地建议、未来研究。,https://eureka.patsnap.com/ai-search/sess_a7603b67aea94c6d?from=rd-home&start_from=eureka_landingpage,https://eureka.patsnap.com/share/?id=dc91550820feeaa5ff5d8b397b65a594&from=invite-eureakplg-result&content=,DISCO Corp.,"[""competitor_analysis""]","[""DISCO Corp"", ""manufacturing"", ""laser"", ""wafer"", ""technical research"", ""patent portfolio"", ""competitor monitoring"", ""market trends""]",本文概述DISCO Corp.的业务与技术研发，并涵盖专利组合、竞争动态及市场趋势，可用于竞品跟踪和研发/IP决策。,innovation_product_strategy,electronics_manufacturing,"[""track_technologies_and_competitors""]",2026-09-08,"[""semiconductor_and_packaging""]"
Nichia Corp.,请据《Nichia Corp.》生成结构化报告。分类:competitor_analysis；对象:innovation_product_strategy；行业:electronics_manufacturing/photonics_and_optics；任务:track_technologies_and_competitors；关键词:Nichia Corp、manufacturing、semiconductor、laser、led。概述:本文概述Nichia Corp.的业务与技术研发，并涵盖专利组合、竞争动态及市场趋势，可用于竞品跟踪和研发/IP决策。须含标题、摘要、结论、背景、技术/产品/市场/IP、风险机会、可落地建议、未来研究。,https://eureka.patsnap.com/ai-search/sess_4c882114df734a85?from=rd-home&start_from=eureka_landingpage,https://eureka.patsnap.com/share/?id=7fd39b5afb4b92bf3f3b1a2ed6ba6628&from=invite-eureakplg-result&content=,Nichia Corp.,"[""competitor_analysis""]","[""Nichia Corp"", ""manufacturing"", ""semiconductor"", ""laser"", ""led"", ""technical research"", ""patent portfolio"", ""competitor monitoring"", ""market trends""]",本文概述Nichia Corp.的业务与技术研发，并涵盖专利组合、竞争动态及市场趋势，可用于竞品跟踪和研发/IP决策。,innovation_product_strategy,electronics_manufacturing,"[""track_technologies_and_competitors""]",2026-09-08,"[""photonics_and_optics""]"
OSRAM Opto Semiconductors GmbH,请据《OSRAM Opto Semiconductors GmbH》生成结构化报告。分类:competitor_analysis；对象:innovation_product_strategy；行业:electronics_manufacturing/semiconductor_and_packaging；任务:track_technologies_and_competitors；关键词:OSRAM Opto Semiconductors GmbH、laser、technical research、patent portfolio、competitor monitoring。概述:本文概述OSRAM Opto Semiconductors GmbH的业务与技术研发，并涵盖专利组合、竞争动态及市场趋势，可用于竞品跟踪和研发/IP决策。须含标题、摘要、结论、背景、技术/产品/市场/IP、风险机会、可落地建议、未来研究。,https://eureka.patsnap.com/ai-search/sess_0571e6d6e8054b21?from=rd-home&start_from=eureka_landingpage,https://eureka.patsnap.com/share/?id=3d75287c5ee520e7e6eb968f6814d764&from=invite-eureakplg-result&content=,OSRAM Opto Semiconductors GmbH,"[""competitor_analysis""]","[""OSRAM Opto Semiconductors GmbH"", ""laser"", ""technical research"", ""patent portfolio"", ""competitor monitoring"", ""market trends""]",本文概述OSRAM Opto Semiconductors GmbH的业务与技术研发，并涵盖专利组合、竞争动态及市场趋势，可用于竞品跟踪和研发/IP决策。,innovation_product_strategy,electronics_manufacturing,"[""track_technologies_and_competitors""]",2026-09-08,"[""semiconductor_and_packaging""]"
"Freescale Semiconductor, Inc.","请据《Freescale Semiconductor, Inc.》生成结构化报告。分类:competitor_analysis；对象:innovation_product_strategy；行业:electronics_manufacturing/semiconductor_and_packaging；任务:track_technologies_and_competitors；关键词:Freescale Semiconductor, Inc、semiconductor、manufacturing、technical research、patent portfolio。概述:本文概述Freescale Semiconductor, Inc.的业务与技术研发，并涵盖专利组合、竞争动态及市场趋势，可用于竞品跟踪和研发/IP决策。须含标题、摘要、结论、背景、技术/产品/市场/IP、风险机会、可落地建议、未来研究。",https://eureka.patsnap.com/ai-search/sess_08d9b1c7f91a48d1?from=rd-home&start_from=eureka_landingpage,https://eureka.patsnap.com/share/?id=06ab4877533ba08d238ec63d72d389d0&from=invite-eureakplg-result&content=,"Freescale Semiconductor, Inc.","[""competitor_analysis""]","[""Freescale Semiconductor, Inc"", ""semiconductor"", ""manufacturing"", ""technical research"", ""patent portfolio"", ""competitor monitoring"", ""market trends""]","本文概述Freescale Semiconductor, Inc.的业务与技术研发，并涵盖专利组合、竞争动态及市场趋势，可用于竞品跟踪和研发/IP决策。",innovation_product_strategy,electronics_manufacturing,"[""track_technologies_and_competitors""]",2026-09-08,"[""semiconductor_and_packaging""]"
MiTAC International Corp.,请据《MiTAC International Corp.》生成结构化报告。分类:competitor_analysis；对象:innovation_product_strategy；行业:electronics_manufacturing/consumer_electronics_components；任务:track_technologies_and_competitors；关键词:MiTAC International Corp、computer、technical research、patent portfolio、competitor monitoring。概述:本文概述MiTAC International Corp.的业务与技术研发，并涵盖专利组合、竞争动态及市场趋势，可用于竞品跟踪和研发/IP决策。须含标题、摘要、结论、背景、技术/产品/市场/IP、风险机会、可落地建议、未来研究。,https://eureka.patsnap.com/ai-search/sess_a5e4e1d4fdf54573?from=rd-home&start_from=eureka_landingpage,https://eureka.patsnap.com/share/?id=c1990fc3e6460acdcc41842713322f90&from=invite-eureakplg-result&content=,MiTAC International Corp.,"[""competitor_analysis""]","[""MiTAC International Corp"", ""computer"", ""technical research"", ""patent portfolio"", ""competitor monitoring"", ""market trends""]",本文概述MiTAC International Corp.的业务与技术研发，并涵盖专利组合、竞争动态及市场趋势，可用于竞品跟踪和研发/IP决策。,innovation_product_strategy,electronics_manufacturing,"[""track_technologies_and_competitors""]",2026-09-08,"[""consumer_electronics_components""]"
How to Architect a Medium-Voltage SST: MMC vs DAB vs LLC — Topology Selection,"请据《How to Architect a Medium-Voltage SST: MMC vs DAB vs LLC — Topology Selection》生成结构化报告。分类:competitor_analysis；对象:innovation_product_strategy；行业:energy/solar_and_power_electronics；任务:evaluate_r_and_d_directions,identify_innovation_opportunities；关键词:Architect、Medium-Voltage SST MMC、DAB、LLC Topology Selection、SST。概述:本文比较Architect、Medium-Voltage SST MMC、DAB在性能、成本、可靠性和适用条件上的差异，并给出验证思路，为技术选型与研发决策提供参考。须含标题、摘要、结论、背景、技术/产品/市场/IP、风险机会、可落地建议、未来研究。",https://eureka.patsnap.com/ai-search/sess_16b37ae13b764506?from=rd-home&start_from=eureka_landingpage,https://eureka.patsnap.com/share/?id=14c89c41c741a653d633501f0f87ee08&from=invite-eureakplg-result&content=,How to Architect a Medium-Voltage SST: MMC vs DAB vs LLC — Topology Selection,"[""competitor_analysis""]","[""Architect"", ""Medium-Voltage SST MMC"", ""DAB"", ""LLC Topology Selection"", ""SST"", ""MMC"", ""LLC"", ""renewable energy"", ""Exploring Solid-State Transformers evolution""]",本文比较Architect、Medium-Voltage SST MMC、DAB在性能、成本、可靠性和适用条件上的差异，并给出验证思路，为技术选型与研发决策提供参考。,innovation_product_strategy,energy,"[""evaluate_r_and_d_directions"", ""identify_innovation_opportunities""]",2025-08-28,"[""solar_and_power_electronics""]"
"SST vs Conventional Transformer + Power Electronics: Weight, Efficiency and Faults","请据《SST vs Conventional Transformer + Power Electronics: Weight, Efficiency and Faults》生成结构化报告。分类:competitor_analysis；对象:innovation_product_strategy；行业:energy/solar_and_power_electronics；任务:evaluate_r_and_d_directions,identify_innovation_opportunities；关键词:power electronics、transformer、SST、Conventional Transformer Power Electronics、Power Electronics Weight Efficiency。概述:本文比较power electronics、transformer、SST在性能、成本、可靠性和适用条件上的差异，并给出验证思路，为技术选型与研发决策提供参考。须含标题、摘要、结论、背景、技术/产品/市场/IP、风险机会、可落地建议、未来研究。",https://eureka.patsnap.com/ai-search/sess_6b2a54b9f4734204?from=rd-home&start_from=eureka_landingpage,https://eureka.patsnap.com/share/?id=0f8ea593e731cf0607839daf3df3cc9e&from=invite-eureakplg-result&content=,"SST vs Conventional Transformer + Power Electronics: Weight, Efficiency and Faults","[""competitor_analysis""]","[""power electronics"", ""transformer"", ""SST"", ""Conventional Transformer Power Electronics"", ""Power Electronics Weight Efficiency"", ""Faults"", ""Solid-State Transformers achieve 70-80"", ""revolutionizing offshore wind marine""]",本文比较power electronics、transformer、SST在性能、成本、可靠性和适用条件上的差异，并给出验证思路，为技术选型与研发决策提供参考。,innovation_product_strategy,energy,"[""evaluate_r_and_d_directions"", ""identify_innovation_opportunities""]",2025-08-28,"[""solar_and_power_electronics""]"
"LFP Battery Vs NMC: Safety Margin, Cycle Life And Low-Temperature Performance","请据《LFP Battery Vs NMC: Safety Margin, Cycle Life And Low-Temperature Performance》生成结构化报告。分类:risk_watch；对象:rd_engineer_inventor；行业:energy/batteries_and_storage；任务:find_technical_solutions,assess_technical_feasibility；关键词:battery、LFP Battery、NMC Safety Margin Cycle、Safety Margin Cycle Life、Low-Temperature。概述:本文分析battery、LFP Battery、NMC Safety Margin Cycle的失效机理、风险来源与控制方法，并给出检测或验证要点，为降低研发和应用风险提供参考。须含标题、摘要、结论、背景、技术/产品/市场/IP、风险机会、可落地建议、未来研究。",https://eureka.patsnap.com/ai-search/sess_da6069547bdb45e2?from=rd-home&start_from=eureka_landingpage,https://eureka.patsnap.com/share/?id=3e565f73a7a48d84731472869a2b9386&from=invite-eureakplg-result&content=,"LFP Battery Vs NMC: Safety Margin, Cycle Life And Low-Temperature Performance","[""risk_watch""]","[""battery"", ""LFP Battery"", ""NMC Safety Margin Cycle"", ""Safety Margin Cycle Life"", ""Low-Temperature"", ""LFP"", ""NMC"", ""lithium-ion batteries""]",本文分析battery、LFP Battery、NMC Safety Margin Cycle的失效机理、风险来源与控制方法，并给出检测或验证要点，为降低研发和应用风险提供参考。,rd_engineer_inventor,energy,"[""find_technical_solutions"", ""assess_technical_feasibility""]",2025-09-17,"[""batteries_and_storage""]"
Muriatic Acid's Application in Battery Maintenance,"请据《Muriatic Acid's Application in Battery Maintenance》生成结构化报告。分类:scout_report；对象:researcher_scientist；行业:energy/batteries_and_storage；任务:explore_new_research_fields,track_research_trends；关键词:battery、acid、Muriatic Acid、Battery Maintenance、energy storage。概述:本文梳理battery、acid、Muriatic Acid的技术原理、研究或验证方法与应用证据，并讨论性能和可行性，为研发方向选择与后续验证提供参考。须含标题、摘要、结论、背景、技术/产品/市场/IP、风险机会、可落地建议、未来研究。",https://eureka.patsnap.com/ai-search/sess_a9b685483a2c408d?from=rd-home&start_from=eureka_landingpage,https://eureka.patsnap.com/share/?id=d00f95c99fe7e5e7d26feeb9f5bdbf3c&from=invite-eureakplg-result&content=,Muriatic Acid's Application in Battery Maintenance,"[""scout_report""]","[""battery"", ""acid"", ""Muriatic Acid"", ""Battery Maintenance"", ""energy storage"", ""muriatic acid revolutionizes battery"", ""boosting"", ""longevity""]",本文梳理battery、acid、Muriatic Acid的技术原理、研究或验证方法与应用证据，并讨论性能和可行性，为研发方向选择与后续验证提供参考。,researcher_scientist,energy,"[""explore_new_research_fields"", ""track_research_trends""]",2025-07-18,"[""batteries_and_storage""]"
NMC Battery vs SSB: Temperature Range for Maximum Output,"请据《NMC Battery vs SSB: Temperature Range for Maximum Output》生成结构化报告。分类:competitor_analysis；对象:innovation_product_strategy；行业:energy/batteries_and_storage；任务:evaluate_r_and_d_directions,identify_innovation_opportunities；关键词:battery、NMC Battery、SSB Temperature Range、Maximum Output、NMC。概述:本文比较battery、NMC Battery、SSB Temperature Range在性能、成本、可靠性和适用条件上的差异，并给出验证思路，为技术选型与研发决策提供参考。须含标题、摘要、结论、背景、技术/产品/市场/IP、风险机会、可落地建议、未来研究。",https://eureka.patsnap.com/ai-search/sess_f2ab1b1255ff4294?from=rd-home&start_from=eureka_landingpage,https://eureka.patsnap.com/share/?id=19990ef137e9bf4eaeeccf7664504850&from=invite-eureakplg-result&content=,NMC Battery vs SSB: Temperature Range for Maximum Output,"[""competitor_analysis""]","[""battery"", ""NMC Battery"", ""SSB Temperature Range"", ""Maximum Output"", ""NMC"", ""SSB"", ""solid-state batteries"", ""batteries"", ""Exploring""]",本文比较battery、NMC Battery、SSB Temperature Range在性能、成本、可靠性和适用条件上的差异，并给出验证思路，为技术选型与研发决策提供参考。,innovation_product_strategy,energy,"[""evaluate_r_and_d_directions"", ""identify_innovation_opportunities""]",2025-08-27,"[""batteries_and_storage""]"
4titude Ltd.,请据《4titude Ltd.》生成结构化报告。分类:competitor_analysis；对象:innovation_product_strategy；行业:engineering/manufacturing_process_engineering；任务:track_technologies_and_competitors；关键词:4titude Ltd、technical research、patent portfolio、competitor monitoring、market trends。概述:本文概述4titude Ltd.的业务与技术研发，并涵盖专利组合、竞争动态及市场趋势，可用于竞品跟踪和研发/IP决策。须含标题、摘要、结论、背景、技术/产品/市场/IP、风险机会、可落地建议、未来研究。,https://eureka.patsnap.com/ai-search/sess_f0be6383d8274e98?from=rd-home&start_from=eureka_landingpage,https://eureka.patsnap.com/share/?id=87d65070a7a51f45981de9148c74e643&from=invite-eureakplg-result&content=,4titude Ltd.,"[""competitor_analysis""]","[""4titude Ltd"", ""technical research"", ""patent portfolio"", ""competitor monitoring"", ""market trends""]",本文概述4titude Ltd.的业务与技术研发，并涵盖专利组合、竞争动态及市场趋势，可用于竞品跟踪和研发/IP决策。,innovation_product_strategy,engineering,"[""track_technologies_and_competitors""]",2026-09-08,"[""manufacturing_process_engineering""]"
List of companies starting with Alphabet J – Discovery,请据《List of companies starting with Alphabet J – Discovery》生成结构化报告。分类:market_landscape；对象:innovation_product_strategy；行业:engineering/mechanical_systems；任务:track_technologies_and_competitors；关键词:List of companies starting with Alphabet J – Discovery、technical research、patent portfolio、competitor monitoring、market trends。概述:本文概述List of companies starting with Alphabet J – Discovery的业务与技术研发，并涵盖专利组合、竞争动态及市场趋势，可用于竞品跟踪和研发/IP决策。须含标题、摘要、结论、背景、技术/产品/市场/IP、风险机会、可落地建议、未来研究。,https://eureka.patsnap.com/ai-search/sess_9e0db4b3e9744736?from=rd-home&start_from=eureka_landingpage,https://eureka.patsnap.com/share/?id=af9639da2c9f7138ddd3fe51a5867acc&from=invite-eureakplg-result&content=,List of companies starting with Alphabet J – Discovery,"[""market_landscape""]","[""List of companies starting with Alphabet J – Discovery"", ""technical research"", ""patent portfolio"", ""competitor monitoring"", ""market trends""]",本文概述List of companies starting with Alphabet J – Discovery的业务与技术研发，并涵盖专利组合、竞争动态及市场趋势，可用于竞品跟踪和研发/IP决策。,innovation_product_strategy,engineering,"[""track_technologies_and_competitors""]",2026-09-08,"[""mechanical_systems""]"
"ServiceNow, Inc.","请据《ServiceNow, Inc.》生成结构化报告。分类:competitor_analysis；对象:innovation_product_strategy；行业:engineering/mechanical_systems；任务:track_technologies_and_competitors；关键词:ServiceNow, Inc、technical research、patent portfolio、competitor monitoring、market trends。概述:本文概述ServiceNow, Inc.的业务与技术研发，并涵盖专利组合、竞争动态及市场趋势，可用于竞品跟踪和研发/IP决策。须含标题、摘要、结论、背景、技术/产品/市场/IP、风险机会、可落地建议、未来研究。",https://eureka.patsnap.com/ai-search/sess_f70ad91b529343c5?from=rd-home&start_from=eureka_landingpage,https://eureka.patsnap.com/share/?id=afbd3fadda36ab420e2a42339af80265&from=invite-eureakplg-result&content=,"ServiceNow, Inc.","[""competitor_analysis""]","[""ServiceNow, Inc"", ""technical research"", ""patent portfolio"", ""competitor monitoring"", ""market trends""]","本文概述ServiceNow, Inc.的业务与技术研发，并涵盖专利组合、竞争动态及市场趋势，可用于竞品跟踪和研发/IP决策。",innovation_product_strategy,engineering,"[""track_technologies_and_competitors""]",2026-09-08,"[""mechanical_systems""]"
Dribbble Holdings Ltd.,请据《Dribbble Holdings Ltd.》生成结构化报告。分类:competitor_analysis；对象:innovation_product_strategy；行业:engineering/mechanical_systems；任务:track_technologies_and_competitors；关键词:Dribbble Holdings Ltd、technical research、patent portfolio、competitor monitoring、market trends。概述:本文概述Dribbble Holdings Ltd.的业务与技术研发，并涵盖专利组合、竞争动态及市场趋势，可用于竞品跟踪和研发/IP决策。须含标题、摘要、结论、背景、技术/产品/市场/IP、风险机会、可落地建议、未来研究。,https://eureka.patsnap.com/ai-search/sess_a85da12cbf064283?from=rd-home&start_from=eureka_landingpage,https://eureka.patsnap.com/share/?id=a614afcaac85d773406ff613e55f479c&from=invite-eureakplg-result&content=,Dribbble Holdings Ltd.,"[""competitor_analysis""]","[""Dribbble Holdings Ltd"", ""technical research"", ""patent portfolio"", ""competitor monitoring"", ""market trends""]",本文概述Dribbble Holdings Ltd.的业务与技术研发，并涵盖专利组合、竞争动态及市场趋势，可用于竞品跟踪和研发/IP决策。,innovation_product_strategy,engineering,"[""track_technologies_and_competitors""]",2026-09-08,"[""mechanical_systems""]"
"Huawei Device Co., Ltd.","请据《Huawei Device Co., Ltd.》生成结构化报告。分类:competitor_analysis；对象:innovation_product_strategy；行业:engineering/industrial_equipment；任务:track_technologies_and_competitors；关键词:Huawei Device Co., Ltd、technical research、patent portfolio、competitor monitoring、market trends。概述:本文概述Huawei Device Co., Ltd.的业务与技术研发，并涵盖专利组合、竞争动态及市场趋势，可用于竞品跟踪和研发/IP决策。须含标题、摘要、结论、背景、技术/产品/市场/IP、风险机会、可落地建议、未来研究。",https://eureka.patsnap.com/ai-search/sess_7ee2e729c8bd4079?from=rd-home&start_from=eureka_landingpage,https://eureka.patsnap.com/share/?id=a996d919e69ffb781cd40d3179613c8f&from=invite-eureakplg-result&content=,"Huawei Device Co., Ltd.","[""competitor_analysis""]","[""Huawei Device Co., Ltd"", ""technical research"", ""patent portfolio"", ""competitor monitoring"", ""market trends""]","本文概述Huawei Device Co., Ltd.的业务与技术研发，并涵盖专利组合、竞争动态及市场趋势，可用于竞品跟踪和研发/IP决策。",innovation_product_strategy,engineering,"[""track_technologies_and_competitors""]",2026-09-08,"[""industrial_equipment""]"
Crop Protection Biological vs Chemical Actives Trade-offs,"请据《Crop Protection Biological vs Chemical Actives Trade-offs》生成结构化报告。分类:opportunity_brief；对象:innovation_product_strategy；行业:farming_production/crop_science；任务:evaluate_r_and_d_directions,identify_innovation_opportunities；关键词:chemical、crop、Crop Protection Biological、Chemical Actives Trade-offs、biological active agent provides。概述:本文比较chemical、crop、Crop Protection Biological在性能、成本、可靠性和适用条件上的差异，并给出验证思路，为技术选型与研发决策提供参考。须含标题、摘要、结论、背景、技术/产品/市场/IP、风险机会、可落地建议、未来研究。",https://eureka.patsnap.com/ai-search/sess_a8faaabf861c4da1?from=rd-home&start_from=eureka_landingpage,https://eureka.patsnap.com/share/?id=03a2b058e9c8f33c28beb707b7281ce0&from=invite-eureakplg-result&content=,Crop Protection Biological vs Chemical Actives Trade-offs,"[""opportunity_brief""]","[""chemical"", ""crop"", ""Crop Protection Biological"", ""Chemical Actives Trade-offs"", ""biological active agent provides"", ""agent provides insufficient pest"", ""acting too slowly"", ""inconsistent efficacy""]",本文比较chemical、crop、Crop Protection Biological在性能、成本、可靠性和适用条件上的差异，并给出验证思路，为技术选型与研发决策提供参考。,innovation_product_strategy,farming_production,"[""evaluate_r_and_d_directions"", ""identify_innovation_opportunities""]",2026-09-08,"[""crop_science""]"
Crop Protection Timing Strategies for Disease Prevention,"请据《Crop Protection Timing Strategies for Disease Prevention》生成结构化报告。分类:risk_watch；对象:rd_engineer_inventor；行业:farming_production/crop_science；任务:find_technical_solutions,assess_technical_feasibility；关键词:crop、Crop Protection Timing、Disease Prevention、timing、not。概述:本文分析crop、Crop Protection Timing、Disease Prevention的失效机理、风险来源与控制方法，并给出检测或验证要点，为降低研发和应用风险提供参考。须含标题、摘要、结论、背景、技术/产品/市场/IP、风险机会、可落地建议、未来研究。",https://eureka.patsnap.com/ai-search/sess_8a63146c414b4edc?from=rd-home&start_from=eureka_landingpage,https://eureka.patsnap.com/share/?id=0182aeaf93ca13230d4ce4dde628775c&from=invite-eureakplg-result&content=,Crop Protection Timing Strategies for Disease Prevention,"[""risk_watch""]","[""crop"", ""Crop Protection Timing"", ""Disease Prevention"", ""timing"", ""not"", ""crop protection"", ""precisely enough relative"", ""pathogen infection""]",本文分析crop、Crop Protection Timing、Disease Prevention的失效机理、风险来源与控制方法，并给出检测或验证要点，为降低研发和应用风险提供参考。,rd_engineer_inventor,farming_production,"[""find_technical_solutions"", ""assess_technical_feasibility""]",2026-09-08,"[""crop_science""]"
How to Assess Crop Protection Efficacy on Herbicide-Tolerant Weeds,"请据《How to Assess Crop Protection Efficacy on Herbicide-Tolerant Weeds》生成结构化报告。分类:scout_report；对象:rd_engineer_inventor；行业:farming_production/crop_science；任务:find_technical_solutions,explore_existing_technologies；关键词:herbicide、crop、Crop Protection Efficacy、Herbicide-Tolerant Weeds、efficacy measurement structure insufficiently。概述:本文梳理herbicide、crop、Crop Protection Efficacy的技术原理、研究或验证方法与应用证据，并讨论性能和可行性，为研发方向选择与后续验证提供参考。须含标题、摘要、结论、背景、技术/产品/市场/IP、风险机会、可落地建议、未来研究。",https://eureka.patsnap.com/ai-search/sess_92b33d6bc2bc48ed?from=rd-home&start_from=eureka_landingpage,https://eureka.patsnap.com/share/?id=5ce55ed31b703f2b93d398f5f9a4efd6&from=invite-eureakplg-result&content=,How to Assess Crop Protection Efficacy on Herbicide-Tolerant Weeds,"[""scout_report""]","[""herbicide"", ""crop"", ""Crop Protection Efficacy"", ""Herbicide-Tolerant Weeds"", ""efficacy measurement structure insufficiently"", ""measurement structure insufficiently detects"", ""quantifies herbicide impact"", ""tolerant weeds because""]",本文梳理herbicide、crop、Crop Protection Efficacy的技术原理、研究或验证方法与应用证据，并讨论性能和可行性，为研发方向选择与后续验证提供参考。,rd_engineer_inventor,farming_production,"[""find_technical_solutions"", ""explore_existing_technologies""]",2026-09-08,"[""crop_science""]"
"Vapour extraction device for a food preparation device, use and system","请据《Vapour extraction device for a food preparation device, use and system》生成结构化报告。分类:case；对象:rd_engineer_inventor；行业:food/food_processing；任务:find_technical_solutions,generate_product_ideas；关键词:food preparation、food、Vapour extraction、portable extraction、integrated mounting surface reduces。概述:本文以food preparation、food、Vapour extraction为案例，解析具体工程问题、解决构型及预期效果，为类似产品或工艺的技术改进与创新提供参考。须含标题、摘要、结论、背景、技术/产品/市场/IP、风险机会、可落地建议、未来研究。",https://eureka.patsnap.com/ai-search/sess_d4bc614eac584314?from=rd-home&start_from=eureka_landingpage,https://eureka.patsnap.com/share/?id=c14521bf6839be984848a084997bc77f&from=invite-eureakplg-result&content=,"Vapour extraction device for a food preparation device, use and system","[""case""]","[""food preparation"", ""food"", ""Vapour extraction"", ""portable extraction"", ""integrated mounting surface reduces"", ""mounting surface reduces extraction""]",本文以food preparation、food、Vapour extraction为案例，解析具体工程问题、解决构型及预期效果，为类似产品或工艺的技术改进与创新提供参考。,rd_engineer_inventor,food,"[""find_technical_solutions"", ""generate_product_ideas""]",2026-09-08,"[""food_processing""]"
Culinary aid,"请据《Culinary aid》生成结构化报告。分类:case；对象:rd_engineer_inventor；行业:food/food_processing；任务:find_technical_solutions,generate_product_ideas；关键词:culinary、Culinary aid、suction-fastened kitchen aid、adjustable positioning、safe single-handed。概述:本文以culinary、Culinary aid、suction-fastened kitchen aid为案例，解析具体工程问题、解决构型及预期效果，为类似产品或工艺的技术改进与创新提供参考。须含标题、摘要、结论、背景、技术/产品/市场/IP、风险机会、可落地建议、未来研究。",https://eureka.patsnap.com/ai-search/sess_76253073aeb74df0?from=rd-home&start_from=eureka_landingpage,https://eureka.patsnap.com/share/?id=f9622683e85cbd86d8cd3e742c39d245&from=invite-eureakplg-result&content=,Culinary aid,"[""case""]","[""culinary"", ""Culinary aid"", ""suction-fastened kitchen aid"", ""adjustable positioning"", ""safe single-handed""]",本文以culinary、Culinary aid、suction-fastened kitchen aid为案例，解析具体工程问题、解决构型及预期效果，为类似产品或工艺的技术改进与创新提供参考。,rd_engineer_inventor,food,"[""find_technical_solutions"", ""generate_product_ideas""]",2026-09-08,"[""food_processing""]"
Cooking Appliance Parameter Adjustment Based on Cookware Attributes,"请据《Cooking Appliance Parameter Adjustment Based on Cookware Attributes》生成结构化报告。分类:case；对象:rd_engineer_inventor；行业:food/food_processing；任务:find_technical_solutions,generate_product_ideas；关键词:cookware、cooking、Cooking Appliance Parameter Adjustment、Cookware Attributes、cooking appliance detects cookware。概述:本文以cookware、cooking、Cooking Appliance Parameter Adjustment为案例，解析具体工程问题、解决构型及预期效果，为类似产品或工艺的技术改进与创新提供参考。须含标题、摘要、结论、背景、技术/产品/市场/IP、风险机会、可落地建议、未来研究。",https://eureka.patsnap.com/ai-search/sess_d2b2ef2421fa4b32?from=rd-home&start_from=eureka_landingpage,https://eureka.patsnap.com/share/?id=51b659d0d1f563c4a141c497e1546d1f&from=invite-eureakplg-result&content=,Cooking Appliance Parameter Adjustment Based on Cookware Attributes,"[""case""]","[""cookware"", ""cooking"", ""Cooking Appliance Parameter Adjustment"", ""Cookware Attributes"", ""cooking appliance detects cookware"", ""detects cookware size weight"", ""color"", ""automatically adjust""]",本文以cookware、cooking、Cooking Appliance Parameter Adjustment为案例，解析具体工程问题、解决构型及预期效果，为类似产品或工艺的技术改进与创新提供参考。,rd_engineer_inventor,food,"[""find_technical_solutions"", ""generate_product_ideas""]",2026-09-08,"[""food_processing""]"
Cooking assistance appliance,"请据《Cooking assistance appliance》生成结构化报告。分类:case；对象:rd_engineer_inventor；行业:food/food_processing；任务:find_technical_solutions,generate_product_ideas；关键词:cooking、Cooking assistance appliance、integrated optical thermal、acoustic sensors monitor cooking、sensors monitor cooking surfaces。概述:本文以cooking、Cooking assistance appliance、integrated optical thermal为案例，解析具体工程问题、解决构型及预期效果，为类似产品或工艺的技术改进与创新提供参考。须含标题、摘要、结论、背景、技术/产品/市场/IP、风险机会、可落地建议、未来研究。",https://eureka.patsnap.com/ai-search/sess_3051aba864154298?from=rd-home&start_from=eureka_landingpage,https://eureka.patsnap.com/share/?id=22f8523513ff5386f94b4ab71eb4dff2&from=invite-eureakplg-result&content=,Cooking assistance appliance,"[""case""]","[""cooking"", ""Cooking assistance appliance"", ""integrated optical thermal"", ""acoustic sensors monitor cooking"", ""sensors monitor cooking surfaces"", ""detect""]",本文以cooking、Cooking assistance appliance、integrated optical thermal为案例，解析具体工程问题、解决构型及预期效果，为类似产品或工艺的技术改进与创新提供参考。,rd_engineer_inventor,food,"[""find_technical_solutions"", ""generate_product_ideas""]",2026-09-08,"[""food_processing""]"
Multi-Utilitarian Spork-Knife-Chopstick Implement for Portable Dining,"请据《Multi-Utilitarian Spork-Knife-Chopstick Implement for Portable Dining》生成结构化报告。分类:case；对象:rd_engineer_inventor；行业:food/food_formulation；任务:find_technical_solutions,generate_product_ideas；关键词:spork、Multi-Utilitarian Spork-Knife-Chopstick Implement、Portable Dining、detachable spork-knife-chopstick implement merges、merges four cutlery functions。概述:本文以spork、Multi-Utilitarian Spork-Knife-Chopstick Implement、Portable Dining为案例，解析具体工程问题、解决构型及预期效果，为类似产品或工艺的技术改进与创新提供参考。须含标题、摘要、结论、背景、技术/产品/市场/IP、风险机会、可落地建议、未来研究。",https://eureka.patsnap.com/ai-search/sess_973475c490f94359?from=rd-home&start_from=eureka_landingpage,https://eureka.patsnap.com/share/?id=5557e997030c47023529a554a726ba97&from=invite-eureakplg-result&content=,Multi-Utilitarian Spork-Knife-Chopstick Implement for Portable Dining,"[""case""]","[""spork"", ""Multi-Utilitarian Spork-Knife-Chopstick Implement"", ""Portable Dining"", ""detachable spork-knife-chopstick implement merges"", ""merges four cutlery functions"", ""one""]",本文以spork、Multi-Utilitarian Spork-Knife-Chopstick Implement、Portable Dining为案例，解析具体工程问题、解决构型及预期效果，为类似产品或工艺的技术改进与创新提供参考。,rd_engineer_inventor,food,"[""find_technical_solutions"", ""generate_product_ideas""]",2026-09-08,"[""food_formulation""]"
Atotech Deutschland GmbH & Co. KG,请据《Atotech Deutschland GmbH & Co. KG》生成结构化报告。分类:competitor_analysis；对象:innovation_product_strategy；行业:materials/coatings_and_surfaces；任务:track_technologies_and_competitors；关键词:Atotech Deutschland GmbH & Co. KG、metal、technical research、patent portfolio、competitor monitoring。概述:本文概述Atotech Deutschland GmbH & Co. KG的业务与技术研发，并涵盖专利组合、竞争动态及市场趋势，可用于竞品跟踪和研发/IP决策。须含标题、摘要、结论、背景、技术/产品/市场/IP、风险机会、可落地建议、未来研究。,https://eureka.patsnap.com/ai-search/sess_513b81d307524ca7?from=rd-home&start_from=eureka_landingpage,https://eureka.patsnap.com/share/?id=41cb21ff9d4b27a4621a057b880e8162&from=invite-eureakplg-result&content=,Atotech Deutschland GmbH & Co. KG,"[""competitor_analysis""]","[""Atotech Deutschland GmbH & Co. KG"", ""metal"", ""technical research"", ""patent portfolio"", ""competitor monitoring"", ""market trends""]",本文概述Atotech Deutschland GmbH & Co. KG的业务与技术研发，并涵盖专利组合、竞争动态及市场趋势，可用于竞品跟踪和研发/IP决策。,innovation_product_strategy,materials,"[""track_technologies_and_competitors""]",2026-09-08,"[""coatings_and_surfaces""]"
"Kobe Steel, Ltd.","请据《Kobe Steel, Ltd.》生成结构化报告。分类:competitor_analysis；对象:innovation_product_strategy；行业:materials/metals_and_alloys；任务:track_technologies_and_competitors；关键词:Kobe Steel, Ltd、steel、stainless steel、construction、aluminum。概述:本文概述Kobe Steel, Ltd.的业务与技术研发，并涵盖专利组合、竞争动态及市场趋势，可用于竞品跟踪和研发/IP决策。须含标题、摘要、结论、背景、技术/产品/市场/IP、风险机会、可落地建议、未来研究。",https://eureka.patsnap.com/ai-search/sess_57430594b33d4935?from=rd-home&start_from=eureka_landingpage,https://eureka.patsnap.com/share/?id=09cbad42b72fc32b483059dd63f335ef&from=invite-eureakplg-result&content=,"Kobe Steel, Ltd.","[""competitor_analysis""]","[""Kobe Steel, Ltd"", ""steel"", ""stainless steel"", ""construction"", ""aluminum"", ""titanium"", ""plastic"", ""welding"", ""technical research"", ""patent portfolio"", ""competitor monitoring"", ""market trends""]","本文概述Kobe Steel, Ltd.的业务与技术研发，并涵盖专利组合、竞争动态及市场趋势，可用于竞品跟踪和研发/IP决策。",innovation_product_strategy,materials,"[""track_technologies_and_competitors""]",2026-09-08,"[""metals_and_alloys""]"
Search results for “Metallurgy” companies,请据《Search results for “Metallurgy” companies》生成结构化报告。分类:market_landscape；对象:innovation_product_strategy；行业:materials/metals_and_alloys；任务:track_technologies_and_competitors；关键词:Search results for “Metallurgy” companies、metallurgy、technical research、patent portfolio、competitor monitoring。概述:本文概述Search results for “Metallurgy” companies的业务与技术研发，并涵盖专利组合、竞争动态及市场趋势，可用于竞品跟踪和研发/IP决策。须含标题、摘要、结论、背景、技术/产品/市场/IP、风险机会、可落地建议、未来研究。,https://eureka.patsnap.com/ai-search/sess_9e368606e4384b99?from=rd-home&start_from=eureka_landingpage,https://eureka.patsnap.com/share/?id=368e6074ecdb5a54e41103fa87801415&from=invite-eureakplg-result&content=,Search results for “Metallurgy” companies,"[""market_landscape""]","[""Search results for “Metallurgy” companies"", ""metallurgy"", ""technical research"", ""patent portfolio"", ""competitor monitoring"", ""market trends""]",本文概述Search results for “Metallurgy” companies的业务与技术研发，并涵盖专利组合、竞争动态及市场趋势，可用于竞品跟踪和研发/IP决策。,innovation_product_strategy,materials,"[""track_technologies_and_competitors""]",2026-09-08,"[""metals_and_alloys""]"
"Shandong Iron & Steel Co., Ltd.","请据《Shandong Iron & Steel Co., Ltd.》生成结构化报告。分类:competitor_analysis；对象:innovation_product_strategy；行业:materials/metals_and_alloys；任务:track_technologies_and_competitors；关键词:Shandong Iron & Steel Co., Ltd、steel、metal、technical research、patent portfolio。概述:本文概述Shandong Iron & Steel Co., Ltd.的业务与技术研发，并涵盖专利组合、竞争动态及市场趋势，可用于竞品跟踪和研发/IP决策。须含标题、摘要、结论、背景、技术/产品/市场/IP、风险机会、可落地建议、未来研究。",https://eureka.patsnap.com/ai-search/sess_dbff80c1d2d24333?from=rd-home&start_from=eureka_landingpage,https://eureka.patsnap.com/share/?id=58aaab931084e2e8e0f0a528ac64fa15&from=invite-eureakplg-result&content=,"Shandong Iron & Steel Co., Ltd.","[""competitor_analysis""]","[""Shandong Iron & Steel Co., Ltd"", ""steel"", ""metal"", ""technical research"", ""patent portfolio"", ""competitor monitoring"", ""market trends""]","本文概述Shandong Iron & Steel Co., Ltd.的业务与技术研发，并涵盖专利组合、竞争动态及市场趋势，可用于竞品跟踪和研发/IP决策。",innovation_product_strategy,materials,"[""track_technologies_and_competitors""]",2026-09-08,"[""metals_and_alloys""]"
Nisshinbo Textile Inc.,请据《Nisshinbo Textile Inc.》生成结构化报告。分类:competitor_analysis；对象:innovation_product_strategy；行业:materials/polymers_and_resins；任务:track_technologies_and_competitors；关键词:Nisshinbo Textile Inc、textile、industrial、technical research、patent portfolio。概述:本文概述Nisshinbo Textile Inc.的业务与技术研发，并涵盖专利组合、竞争动态及市场趋势，可用于竞品跟踪和研发/IP决策。须含标题、摘要、结论、背景、技术/产品/市场/IP、风险机会、可落地建议、未来研究。,https://eureka.patsnap.com/ai-search/sess_2f2e475a7c8a4221?from=rd-home&start_from=eureka_landingpage,https://eureka.patsnap.com/share/?id=f304b6a7dfce40a271d2a26dbf113be8&from=invite-eureakplg-result&content=,Nisshinbo Textile Inc.,"[""competitor_analysis""]","[""Nisshinbo Textile Inc"", ""textile"", ""industrial"", ""technical research"", ""patent portfolio"", ""competitor monitoring"", ""market trends""]",本文概述Nisshinbo Textile Inc.的业务与技术研发，并涵盖专利组合、竞争动态及市场趋势，可用于竞品跟踪和研发/IP决策。,innovation_product_strategy,materials,"[""track_technologies_and_competitors""]",2026-09-08,"[""polymers_and_resins""]"
"Ventana Medical Systems, Inc.","请据《Ventana Medical Systems, Inc.》生成结构化报告。分类:competitor_analysis；对象:innovation_product_strategy；行业:medical_devices/diagnostic_devices；任务:track_technologies_and_competitors；关键词:Ventana Medical Systems, Inc、medical systems、technical research、patent portfolio、competitor monitoring。概述:本文概述Ventana Medical Systems, Inc.的业务与技术研发，并涵盖专利组合、竞争动态及市场趋势，可用于竞品跟踪和研发/IP决策。须含标题、摘要、结论、背景、技术/产品/市场/IP、风险机会、可落地建议、未来研究。",https://eureka.patsnap.com/ai-search/sess_8a828017a776451e?from=rd-home&start_from=eureka_landingpage,https://eureka.patsnap.com/share/?id=2603391e2af4d09639f118b88f1ccb5d&from=invite-eureakplg-result&content=,"Ventana Medical Systems, Inc.","[""competitor_analysis""]","[""Ventana Medical Systems, Inc"", ""medical systems"", ""technical research"", ""patent portfolio"", ""competitor monitoring"", ""market trends""]","本文概述Ventana Medical Systems, Inc.的业务与技术研发，并涵盖专利组合、竞争动态及市场趋势，可用于竞品跟踪和研发/IP决策。",innovation_product_strategy,medical_devices,"[""track_technologies_and_competitors""]",2026-09-08,"[""diagnostic_devices""]"
Nihon Kohden Corp.,请据《Nihon Kohden Corp.》生成结构化报告。分类:competitor_analysis；对象:innovation_product_strategy；行业:medical_devices/diagnostic_devices；任务:track_technologies_and_competitors；关键词:Nihon Kohden Corp、patient monitoring、technical research、patent portfolio、competitor monitoring。概述:本文概述Nihon Kohden Corp.的业务与技术研发，并涵盖专利组合、竞争动态及市场趋势，可用于竞品跟踪和研发/IP决策。须含标题、摘要、结论、背景、技术/产品/市场/IP、风险机会、可落地建议、未来研究。,https://eureka.patsnap.com/ai-search/sess_8676f5a624184fb5?from=rd-home&start_from=eureka_landingpage,https://eureka.patsnap.com/share/?id=67346b66195318541c753586ca3dcabd&from=invite-eureakplg-result&content=,Nihon Kohden Corp.,"[""competitor_analysis""]","[""Nihon Kohden Corp"", ""patient monitoring"", ""technical research"", ""patent portfolio"", ""competitor monitoring"", ""market trends""]",本文概述Nihon Kohden Corp.的业务与技术研发，并涵盖专利组合、竞争动态及市场趋势，可用于竞品跟踪和研发/IP决策。,innovation_product_strategy,medical_devices,"[""track_technologies_and_competitors""]",2026-09-08,"[""diagnostic_devices""]"
How to Characterize Limit of Detection (LOD) and Dynamic Range for Resonant Biosensors,"请据《How to Characterize Limit of Detection (LOD) and Dynamic Range for Resonant Biosensors》生成结构化报告。分类:scout_report；对象:researcher_scientist；行业:medical_devices/diagnostic_devices；任务:find_research_methods,track_research_trends；关键词:resonant biosensors、limit of detection、dynamic range、Characterize Limit、Detection LOD。概述:本文梳理resonant biosensors、limit of detection、dynamic range的技术原理、研究或验证方法与应用证据，并讨论性能和可行性，为研发方向选择与后续验证提供参考。须含标题、摘要、结论、背景、技术/产品/市场/IP、风险机会、可落地建议、未来研究。",https://eureka.patsnap.com/ai-search/sess_3f8ac163a9ae4c90?from=rd-home&start_from=eureka_landingpage,https://eureka.patsnap.com/share/?id=416eebe35b5bf35bb80fcedfec96c595&from=invite-eureakplg-result&content=,How to Characterize Limit of Detection (LOD) and Dynamic Range for Resonant Biosensors,"[""scout_report""]","[""resonant biosensors"", ""limit of detection"", ""dynamic range"", ""Characterize Limit"", ""Detection LOD"", ""LOD"", ""critical aspects"", ""resonant biosensors Gain insights""]",本文梳理resonant biosensors、limit of detection、dynamic range的技术原理、研究或验证方法与应用证据，并讨论性能和可行性，为研发方向选择与后续验证提供参考。,researcher_scientist,medical_devices,"[""find_research_methods"", ""track_research_trends""]",2025-08-21,"[""diagnostic_devices""]"
Hirudoid’s Potential in Treating Hemorrhoids,"请据《Hirudoid’s Potential in Treating Hemorrhoids》生成结构化报告。分类:trend_brief；对象:researcher_scientist；行业:medical_devices/device_materials_and_components；任务:track_research_trends,explore_new_research_fields；关键词:Hirudoid、Treating Hemorrhoids、hemorrhoid、Exploring Hirudoid、hemorrhoid treatment。概述:本文梳理Hirudoid、Treating Hemorrhoids、hemorrhoid的研究进展、应用潜力与关键不确定性，为趋势跟踪和后续研究方向选择提供参考。须含标题、摘要、结论、背景、技术/产品/市场/IP、风险机会、可落地建议、未来研究。",https://eureka.patsnap.com/ai-search/sess_e3b59b13086d4527?from=rd-home&start_from=eureka_landingpage,https://eureka.patsnap.com/share/?id=4565786531f5cf2e23a04f251ef5555a&from=invite-eureakplg-result&content=,Hirudoid’s Potential in Treating Hemorrhoids,"[""trend_brief""]","[""Hirudoid"", ""Treating Hemorrhoids"", ""hemorrhoid"", ""Exploring Hirudoid"", ""hemorrhoid treatment"", ""properties mechanisms"", ""clinical""]",本文梳理Hirudoid、Treating Hemorrhoids、hemorrhoid的研究进展、应用潜力与关键不确定性，为趋势跟踪和后续研究方向选择提供参考。,researcher_scientist,medical_devices,"[""track_research_trends"", ""explore_new_research_fields""]",2025-06-23,"[""device_materials_and_components""]"
How to Choose the Right Frequency in PEMF Therapy Applications?,"请据《How to Choose the Right Frequency in PEMF Therapy Applications?》生成结构化报告。分类:scout_report；对象:researcher_scientist；行业:medical_devices/wearable_and_digital_health_devices；任务:find_research_methods,track_research_trends；关键词:pemf therapy、therapy、Right Frequency、PEMF、evolution。概述:本文梳理pemf therapy、therapy、Right Frequency的技术原理、研究或验证方法与应用证据，并讨论性能和可行性，为研发方向选择与后续验证提供参考。须含标题、摘要、结论、背景、技术/产品/市场/IP、风险机会、可落地建议、未来研究。",https://eureka.patsnap.com/ai-search/sess_7b9f1d38e78c4575?from=rd-home&start_from=eureka_landingpage,https://eureka.patsnap.com/share/?id=4533a3550b28f1c1592310fffe083383&from=invite-eureakplg-result&content=,How to Choose the Right Frequency in PEMF Therapy Applications?,"[""scout_report""]","[""pemf therapy"", ""therapy"", ""Right Frequency"", ""PEMF"", ""evolution"", ""PEMF therapy focusing"", ""frequency selection"", ""optimal cellular stimulation""]",本文梳理pemf therapy、therapy、Right Frequency的技术原理、研究或验证方法与应用证据，并讨论性能和可行性，为研发方向选择与后续验证提供参考。,researcher_scientist,medical_devices,"[""find_research_methods"", ""track_research_trends""]",2025-08-11,"[""wearable_and_digital_health_devices""]"
"Jacuzzi, Inc.","请据《Jacuzzi, Inc.》生成结构化报告。分类:competitor_analysis；对象:innovation_product_strategy；行业:other/consumer_products；任务:track_technologies_and_competitors；关键词:Jacuzzi, Inc、shower systems、spa products、towel、technical research。概述:本文概述Jacuzzi, Inc.的业务与技术研发，并涵盖专利组合、竞争动态及市场趋势，可用于竞品跟踪和研发/IP决策。须含标题、摘要、结论、背景、技术/产品/市场/IP、风险机会、可落地建议、未来研究。",https://eureka.patsnap.com/ai-search/sess_29330c82a0504a1b?from=rd-home&start_from=eureka_landingpage,https://eureka.patsnap.com/share/?id=cf5714cb50c26a422a51caca0e8aae81&from=invite-eureakplg-result&content=,"Jacuzzi, Inc.","[""competitor_analysis""]","[""Jacuzzi, Inc"", ""shower systems"", ""spa products"", ""towel"", ""technical research"", ""patent portfolio"", ""competitor monitoring"", ""market trends""]","本文概述Jacuzzi, Inc.的业务与技术研发，并涵盖专利组合、竞争动态及市场趋势，可用于竞品跟踪和研发/IP决策。",innovation_product_strategy,other,"[""track_technologies_and_competitors""]",2026-09-08,"[""consumer_products""]"
Yandex LLC,请据《Yandex LLC》生成结构化报告。分类:competitor_analysis；对象:innovation_product_strategy；行业:other/packaging_and_retail；任务:track_technologies_and_competitors；关键词:Yandex LLC、ecommerce、technical research、patent portfolio、competitor monitoring。概述:本文概述Yandex LLC的业务与技术研发，并涵盖专利组合、竞争动态及市场趋势，可用于竞品跟踪和研发/IP决策。须含标题、摘要、结论、背景、技术/产品/市场/IP、风险机会、可落地建议、未来研究。,https://eureka.patsnap.com/ai-search/sess_748ece6bdb994e10?from=rd-home&start_from=eureka_landingpage,https://eureka.patsnap.com/share/?id=d5f07078b8c3daa75e627b458ad9996a&from=invite-eureakplg-result&content=,Yandex LLC,"[""competitor_analysis""]","[""Yandex LLC"", ""ecommerce"", ""technical research"", ""patent portfolio"", ""competitor monitoring"", ""market trends""]",本文概述Yandex LLC的业务与技术研发，并涵盖专利组合、竞争动态及市场趋势，可用于竞品跟踪和研发/IP决策。,innovation_product_strategy,other,"[""track_technologies_and_competitors""]",2026-09-08,"[""packaging_and_retail""]"
Google LLC,请据《Google LLC》生成结构化报告。分类:competitor_analysis；对象:innovation_product_strategy；行业:other/packaging_and_retail；任务:track_technologies_and_competitors；关键词:Google LLC、artificial intelligence、e-commerce、smart home、computer。概述:本文概述Google LLC的业务与技术研发，并涵盖专利组合、竞争动态及市场趋势，可用于竞品跟踪和研发/IP决策。须含标题、摘要、结论、背景、技术/产品/市场/IP、风险机会、可落地建议、未来研究。,https://eureka.patsnap.com/ai-search/sess_78c82c6ae18c4cdc?from=rd-home&start_from=eureka_landingpage,https://eureka.patsnap.com/share/?id=b7adb798aa84074ce4e05fd37e8472de&from=invite-eureakplg-result&content=,Google LLC,"[""competitor_analysis""]","[""Google LLC"", ""artificial intelligence"", ""e-commerce"", ""smart home"", ""computer"", ""software"", ""engine"", ""email"", ""technical research"", ""patent portfolio"", ""competitor monitoring"", ""market trends""]",本文概述Google LLC的业务与技术研发，并涵盖专利组合、竞争动态及市场趋势，可用于竞品跟踪和研发/IP决策。,innovation_product_strategy,other,"[""track_technologies_and_competitors""]",2026-09-08,"[""packaging_and_retail""]"
Massachusetts Institute of Technology,请据《Massachusetts Institute of Technology》生成结构化报告。分类:competitor_analysis；对象:innovation_product_strategy；行业:other/general_strategy；任务:track_technologies_and_competitors；关键词:Massachusetts Institute of Technology、technical research、patent portfolio、competitor monitoring、market trends。概述:本文概述Massachusetts Institute of Technology的业务与技术研发，并涵盖专利组合、竞争动态及市场趋势，可用于竞品跟踪和研发/IP决策。须含标题、摘要、结论、背景、技术/产品/市场/IP、风险机会、可落地建议、未来研究。,https://eureka.patsnap.com/ai-search/sess_29216c6523764aac?from=rd-home&start_from=eureka_landingpage,https://eureka.patsnap.com/share/?id=169209731b1da8ee99a2201a2e56d641&from=invite-eureakplg-result&content=,Massachusetts Institute of Technology,"[""competitor_analysis""]","[""Massachusetts Institute of Technology"", ""technical research"", ""patent portfolio"", ""competitor monitoring"", ""market trends""]",本文概述Massachusetts Institute of Technology的业务与技术研发，并涵盖专利组合、竞争动态及市场趋势，可用于竞品跟踪和研发/IP决策。,innovation_product_strategy,other,"[""track_technologies_and_competitors""]",2026-09-08,"[""general_strategy""]"
"JD.com, Inc.","请据《JD.com, Inc.》生成结构化报告。分类:competitor_analysis；对象:innovation_product_strategy；行业:other/packaging_and_retail；任务:track_technologies_and_competitors；关键词:JD.com, Inc、infrastructure、retail、technical research、patent portfolio。概述:本文概述JD.com, Inc.的业务与技术研发，并涵盖专利组合、竞争动态及市场趋势，可用于竞品跟踪和研发/IP决策。须含标题、摘要、结论、背景、技术/产品/市场/IP、风险机会、可落地建议、未来研究。",https://eureka.patsnap.com/ai-search/sess_f1f691ed14af48ff?from=rd-home&start_from=eureka_landingpage,https://eureka.patsnap.com/share/?id=ccfdd554ebc29701817a5277317ef081&from=invite-eureakplg-result&content=,"JD.com, Inc.","[""competitor_analysis""]","[""JD.com, Inc"", ""infrastructure"", ""retail"", ""technical research"", ""patent portfolio"", ""competitor monitoring"", ""market trends""]","本文概述JD.com, Inc.的业务与技术研发，并涵盖专利组合、竞争动态及市场趋势，可用于竞品跟踪和研发/IP决策。",innovation_product_strategy,other,"[""track_technologies_and_competitors""]",2026-09-08,"[""packaging_and_retail""]"
Quantify Analyte Recovery in HPLC—Validation Methods,"请据《Quantify Analyte Recovery in HPLC—Validation Methods》生成结构化报告。分类:scout_report；对象:researcher_scientist；行业:chemical/specialty_chemicals；任务:find_research_methods,track_research_trends；关键词:hplc、Analyte Recovery、evaluation、recovery、addressing limitations。概述:本文梳理hplc、Analyte Recovery、evaluation的技术原理、研究或验证方法与应用证据，并讨论性能和可行性，为研发方向选择与后续验证提供参考。须含标题、摘要、结论、背景、技术/产品/市场/IP、风险机会、可落地建议、未来研究。",https://eureka.patsnap.com/ai-search/sess_5c1315e744a542d1?from=rd-home&start_from=eureka_landingpage,https://eureka.patsnap.com/share/?id=cee1252c8abbb95a2e43feaf619678ae&from=invite-eureakplg-result&content=,Quantify Analyte Recovery in HPLC—Validation Methods,"[""scout_report""]","[""hplc"", ""Analyte Recovery"", ""evaluation"", ""recovery"", ""addressing limitations"", ""providing"", ""systematic framework"", ""selection""]",本文梳理hplc、Analyte Recovery、evaluation的技术原理、研究或验证方法与应用证据，并讨论性能和可行性，为研发方向选择与后续验证提供参考。,researcher_scientist,chemical,"[""find_research_methods"", ""track_research_trends""]",2025-09-19,"[""specialty_chemicals""]"
How to Design CV Experiments to Distinguish Surface vs Diffusion-controlled Processes — Protocols,"请据《How to Design CV Experiments to Distinguish Surface vs Diffusion-controlled Processes — Protocols》生成结构化报告。分类:competitor_analysis；对象:innovation_product_strategy；行业:chemical/specialty_chemicals；任务:evaluate_r_and_d_directions,identify_innovation_opportunities；关键词:CV Experiments、Distinguish Surface、Diffusion-controlled Processes Protocols、CV、robust experimental protocols。概述:本文比较CV Experiments、Distinguish Surface、Diffusion-controlled Processes Protocols在性能、成本、可靠性和适用条件上的差异，并给出验证思路，为技术选型与研发决策提供参考。须含标题、摘要、结论、背景、技术/产品/市场/IP、风险机会、可落地建议、未来研究。",https://eureka.patsnap.com/ai-search/sess_be620aabe6b34e76?from=rd-home&start_from=eureka_landingpage,https://eureka.patsnap.com/share/?id=6249ac3aafb03bf92adc0bebf5d7bd0a&from=invite-eureakplg-result&content=,How to Design CV Experiments to Distinguish Surface vs Diffusion-controlled Processes — Protocols,"[""competitor_analysis""]","[""CV Experiments"", ""Distinguish Surface"", ""Diffusion-controlled Processes Protocols"", ""CV"", ""robust experimental protocols"", ""distinguishing surface"", ""diffusion-controlled electrochemical processes"", ""CV experiments Expert insights""]",本文比较CV Experiments、Distinguish Surface、Diffusion-controlled Processes Protocols在性能、成本、可靠性和适用条件上的差异，并给出验证思路，为技术选型与研发决策提供参考。,innovation_product_strategy,chemical,"[""evaluate_r_and_d_directions"", ""identify_innovation_opportunities""]",2025-08-21,"[""specialty_chemicals""]"
Hydrochloric Acid in Public Safety and Environmental Impact,"请据《Hydrochloric Acid in Public Safety and Environmental Impact》生成结构化报告。分类:risk_watch；对象:rd_engineer_inventor；行业:chemical/specialty_chemicals；任务:find_technical_solutions,assess_technical_feasibility；关键词:acid、Hydrochloric Acid、Public Safety、Environmental Impact、industrial。概述:本文分析acid、Hydrochloric Acid、Public Safety的失效机理、风险来源与控制方法，并给出检测或验证要点，为降低研发和应用风险提供参考。须含标题、摘要、结论、背景、技术/产品/市场/IP、风险机会、可落地建议、未来研究。",https://eureka.patsnap.com/ai-search/sess_06856ebf020041a7?from=rd-home&start_from=eureka_landingpage,https://eureka.patsnap.com/share/?id=3eb2faffed9421ada990ef2363c614a7&from=invite-eureakplg-result&content=,Hydrochloric Acid in Public Safety and Environmental Impact,"[""risk_watch""]","[""acid"", ""Hydrochloric Acid"", ""Public Safety"", ""Environmental Impact"", ""industrial"", ""safety challenges"", ""environmental impacts"", ""ongoing efforts""]",本文分析acid、Hydrochloric Acid、Public Safety的失效机理、风险来源与控制方法，并给出检测或验证要点，为降低研发和应用风险提供参考。,rd_engineer_inventor,chemical,"[""find_technical_solutions"", ""assess_technical_feasibility""]",2025-07-02,"[""specialty_chemicals""]"
Deep eutectic solvents vs ionic liquids: cost and performance,"请据《Deep eutectic solvents vs ionic liquids: cost and performance》生成结构化报告。分类:competitor_analysis；对象:innovation_product_strategy；行业:chemical/specialty_chemicals；任务:evaluate_r_and_d_directions,identify_innovation_opportunities；关键词:deep eutectic、Deep eutectic solvents、ionic liquids cost、ionic liquid、cost-effective eco-friendly ionic liquid。概述:本文比较deep eutectic、Deep eutectic solvents、ionic liquids cost在性能、成本、可靠性和适用条件上的差异，并给出验证思路，为技术选型与研发决策提供参考。须含标题、摘要、结论、背景、技术/产品/市场/IP、风险机会、可落地建议、未来研究。",https://eureka.patsnap.com/ai-search/sess_721c2f604eca4e4d?from=rd-home&start_from=eureka_landingpage,https://eureka.patsnap.com/share/?id=0e7140e771ced87e9f42a799b0ee46e5&from=invite-eureakplg-result&content=,Deep eutectic solvents vs ionic liquids: cost and performance,"[""competitor_analysis""]","[""deep eutectic"", ""Deep eutectic solvents"", ""ionic liquids cost"", ""ionic liquid"", ""cost-effective eco-friendly ionic liquid"", ""eco-friendly ionic liquid solvents"", ""outperform conventional"", ""while addressing historical production""]",本文比较deep eutectic、Deep eutectic solvents、ionic liquids cost在性能、成本、可靠性和适用条件上的差异，并给出验证思路，为技术选型与研发决策提供参考。,innovation_product_strategy,chemical,"[""evaluate_r_and_d_directions"", ""identify_innovation_opportunities""]",2025-08-25,"[""specialty_chemicals""]"
ICP-MS Calibration Drift: Causes and Solutions,"请据《ICP-MS Calibration Drift: Causes and Solutions》生成结构化报告。分类:scout_report；对象:researcher_scientist；行业:chemical/specialty_chemicals；任务:find_research_methods,track_research_trends；关键词:icp-ms、ICP-MS Calibration Drift Causes、primary objective、development today、achieving long-term calibration stability。概述:本文梳理icp-ms、ICP-MS Calibration Drift Causes、primary objective的技术原理、研究或验证方法与应用证据，并讨论性能和可行性，为研发方向选择与后续验证提供参考。须含标题、摘要、结论、背景、技术/产品/市场/IP、风险机会、可落地建议、未来研究。",https://eureka.patsnap.com/ai-search/sess_989ab3975aa04b3d?from=rd-home&start_from=eureka_landingpage,https://eureka.patsnap.com/share/?id=57873ce6a0ac8d779191184052f23552&from=invite-eureakplg-result&content=,ICP-MS Calibration Drift: Causes and Solutions,"[""scout_report""]","[""icp-ms"", ""ICP-MS Calibration Drift Causes"", ""primary objective"", ""development today"", ""achieving long-term calibration stability"", ""sacrificing sensitivity"", ""accuracy"", ""includes minimizing""]",本文梳理icp-ms、ICP-MS Calibration Drift Causes、primary objective的技术原理、研究或验证方法与应用证据，并讨论性能和可行性，为研发方向选择与后续验证提供参考。,researcher_scientist,chemical,"[""find_research_methods"", ""track_research_trends""]",2025-09-19,"[""specialty_chemicals""]"
Compare Transverse Steel vs Axial Studs for Punching Shear,"请据《Compare Transverse Steel vs Axial Studs for Punching Shear》生成结构化报告。分类:opportunity_brief；对象:innovation_product_strategy；行业:construction/construction_methods；任务:evaluate_r_and_d_directions,identify_innovation_opportunities；关键词:punching shear、steel、Transverse Steel、Axial Studs、risk controls。概述:本文比较punching shear、steel、Transverse Steel在性能、成本、可靠性和适用条件上的差异，并给出验证思路，为技术选型与研发决策提供参考。须含标题、摘要、结论、背景、技术/产品/市场/IP、风险机会、可落地建议、未来研究。",https://eureka.patsnap.com/ai-search/sess_370e9568c6ac454a?from=rd-home&start_from=eureka_landingpage,https://eureka.patsnap.com/share/?id=8189e589ce6bc00f9f00992bd0c85b90&from=invite-eureakplg-result&content=,Compare Transverse Steel vs Axial Studs for Punching Shear,"[""opportunity_brief""]","[""punching shear"", ""steel"", ""Transverse Steel"", ""Axial Studs"", ""risk controls""]",本文比较punching shear、steel、Transverse Steel在性能、成本、可靠性和适用条件上的差异，并给出验证思路，为技术选型与研发决策提供参考。,innovation_product_strategy,construction,"[""evaluate_r_and_d_directions"", ""identify_innovation_opportunities""]",2026-09-08,"[""construction_methods""]"
How to Detail Transverse Steel at Beam-Column Joints,"请据《How to Detail Transverse Steel at Beam-Column Joints》生成结构化报告。分类:scout_report；对象:rd_engineer_inventor；行业:construction/construction_methods；任务:find_technical_solutions,explore_existing_technologies；关键词:beam-column、column、steel、Detail Transverse Steel、Beam-Column Joints。概述:本文梳理beam-column、column、steel的技术原理、研究或验证方法与应用证据，并讨论性能和可行性，为研发方向选择与后续验证提供参考。须含标题、摘要、结论、背景、技术/产品/市场/IP、风险机会、可落地建议、未来研究。",https://eureka.patsnap.com/ai-search/sess_966f0791857949e5?from=rd-home&start_from=eureka_landingpage,https://eureka.patsnap.com/share/?id=277bffcc4bb88a890414bc1d9abbe22f&from=invite-eureakplg-result&content=,How to Detail Transverse Steel at Beam-Column Joints,"[""scout_report""]","[""beam-column"", ""column"", ""steel"", ""Detail Transverse Steel"", ""Beam-Column Joints"", ""risk controls"", ""transverse steel""]",本文梳理beam-column、column、steel的技术原理、研究或验证方法与应用证据，并讨论性能和可行性，为研发方向选择与后续验证提供参考。,rd_engineer_inventor,construction,"[""find_technical_solutions"", ""explore_existing_technologies""]",2026-09-08,"[""construction_methods""]"
Closed Air Cavity Design for Double Skin Facade Systems,"请据《Closed Air Cavity Design for Double Skin Facade Systems》生成结构化报告。分类:scout_report；对象:rd_engineer_inventor；行业:construction/building_systems；任务:find_technical_solutions,explore_existing_technologies；关键词:facade、Closed Air Cavity、Double Skin Facade、solar、closed air cavity double。概述:本文梳理facade、Closed Air Cavity、Double Skin Facade的技术原理、研究或验证方法与应用证据，并讨论性能和可行性，为研发方向选择与后续验证提供参考。须含标题、摘要、结论、背景、技术/产品/市场/IP、风险机会、可落地建议、未来研究。",https://eureka.patsnap.com/ai-search/sess_b900e5d1a245476f?from=rd-home&start_from=eureka_landingpage,https://eureka.patsnap.com/share/?id=1ce18f6147fe4a7f328e5daebc619fb0&from=invite-eureakplg-result&content=,Closed Air Cavity Design for Double Skin Facade Systems,"[""scout_report""]","[""facade"", ""Closed Air Cavity"", ""Double Skin Facade"", ""solar"", ""closed air cavity double"", ""cavity double skin facade"", ""solar radiation excessively heats"", ""sealed air cavity while""]",本文梳理facade、Closed Air Cavity、Double Skin Facade的技术原理、研究或验证方法与应用证据，并讨论性能和可行性，为研发方向选择与后续验证提供参考。,rd_engineer_inventor,construction,"[""find_technical_solutions"", ""explore_existing_technologies""]",2026-09-08,"[""building_systems""]"
How to Choose Electric Drive Units for Cement Mixer Truck Platforms,"请据《How to Choose Electric Drive Units for Cement Mixer Truck Platforms》生成结构化报告。分类:opportunity_brief；对象:innovation_product_strategy；行业:construction/building_materials；任务:evaluate_r_and_d_directions,identify_innovation_opportunities；关键词:cement、Electric Drive Units、Cement Mixer Truck Platforms、vibration、selection。概述:本文比较cement、Electric Drive Units、Cement Mixer Truck Platforms在性能、成本、可靠性和适用条件上的差异，并给出验证思路，为技术选型与研发决策提供参考。须含标题、摘要、结论、背景、技术/产品/市场/IP、风险机会、可落地建议、未来研究。",https://eureka.patsnap.com/ai-search/sess_e48fd6948f7d4b03?from=rd-home&start_from=eureka_landingpage,https://eureka.patsnap.com/share/?id=cd5aeb39ade787cd1bbf948b34d57dd3&from=invite-eureakplg-result&content=,How to Choose Electric Drive Units for Cement Mixer Truck Platforms,"[""opportunity_brief""]","[""cement"", ""Electric Drive Units"", ""Cement Mixer Truck Platforms"", ""vibration"", ""selection"", ""electric drive units shows"", ""insufficiency lacking clear criteria"", ""account""]",本文比较cement、Electric Drive Units、Cement Mixer Truck Platforms在性能、成本、可靠性和适用条件上的差异，并给出验证思路，为技术选型与研发决策提供参考。,innovation_product_strategy,construction,"[""evaluate_r_and_d_directions"", ""identify_innovation_opportunities""]",2026-09-08,"[""building_materials""]"
How to Validate HVAC Performance After Retrofit,"请据《How to Validate HVAC Performance After Retrofit》生成结构化报告。分类:scout_report；对象:rd_engineer_inventor；行业:construction/building_systems；任务:find_technical_solutions,explore_existing_technologies；关键词:retrofit、hvac、After Retrofit、energy efficiency、measurement。概述:本文梳理retrofit、hvac、After Retrofit的技术原理、研究或验证方法与应用证据，并讨论性能和可行性，为研发方向选择与后续验证提供参考。须含标题、摘要、结论、背景、技术/产品/市场/IP、风险机会、可落地建议、未来研究。",https://eureka.patsnap.com/ai-search/sess_abbcb807845f4a9e?from=rd-home&start_from=eureka_landingpage,https://eureka.patsnap.com/share/?id=f6bc4bcd9371676213780921b93c2200&from=invite-eureakplg-result&content=,How to Validate HVAC Performance After Retrofit,"[""scout_report""]","[""retrofit"", ""hvac"", ""After Retrofit"", ""energy efficiency"", ""measurement"", ""detection components provide insufficient"", ""data after"", ""HVAC retrofit preventing verification""]",本文梳理retrofit、hvac、After Retrofit的技术原理、研究或验证方法与应用证据，并讨论性能和可行性，为研发方向选择与后续验证提供参考。,rd_engineer_inventor,construction,"[""find_technical_solutions"", ""explore_existing_technologies""]",2026-09-08,"[""building_systems""]"
Hewlett-Packard Development Co. LP,请据《Hewlett-Packard Development Co. LP》生成结构化报告。分类:competitor_analysis；对象:innovation_product_strategy；行业:electronics_manufacturing/consumer_electronics_components；任务:track_technologies_and_competitors；关键词:Hewlett-Packard Development Co. LP、information technology、printing solutions、industrial、technical research。概述:本文概述Hewlett-Packard Development Co. LP的业务与技术研发，并涵盖专利组合、竞争动态及市场趋势，可用于竞品跟踪和研发/IP决策。须含标题、摘要、结论、背景、技术/产品/市场/IP、风险机会、可落地建议、未来研究。,https://eureka.patsnap.com/ai-search/sess_c7e64bed6f6a4ccb?from=rd-home&start_from=eureka_landingpage,https://eureka.patsnap.com/share/?id=ebdfd36b6008af9c5f0eff6c57891565&from=invite-eureakplg-result&content=,Hewlett-Packard Development Co. LP,"[""competitor_analysis""]","[""Hewlett-Packard Development Co. LP"", ""information technology"", ""printing solutions"", ""industrial"", ""technical research"", ""patent portfolio"", ""competitor monitoring"", ""market trends""]",本文概述Hewlett-Packard Development Co. LP的业务与技术研发，并涵盖专利组合、竞争动态及市场趋势，可用于竞品跟踪和研发/IP决策。,innovation_product_strategy,electronics_manufacturing,"[""track_technologies_and_competitors""]",2026-09-08,"[""consumer_electronics_components""]"
Photonic Integrated Circuits and their Impact on Sensor Technology,"请据《Photonic Integrated Circuits and their Impact on Sensor Technology》生成结构化报告。分类:scout_report；对象:researcher_scientist；行业:electronics_manufacturing/photonics_and_optics；任务:explore_new_research_fields,track_research_trends；关键词:photonic、Photonic Integrated Circuits、Impact、Sensor、programmable photonic circuits。概述:本文梳理photonic、Photonic Integrated Circuits、Impact的技术原理、研究或验证方法与应用证据，并讨论性能和可行性，为研发方向选择与后续验证提供参考。须含标题、摘要、结论、背景、技术/产品/市场/IP、风险机会、可落地建议、未来研究。",https://eureka.patsnap.com/ai-search/sess_7866316f980f41ac?from=rd-home&start_from=eureka_landingpage,https://eureka.patsnap.com/share/?id=d0c671cdfc15aa25eeed89f36561d8a8&from=invite-eureakplg-result&content=,Photonic Integrated Circuits and their Impact on Sensor Technology,"[""scout_report""]","[""photonic"", ""Photonic Integrated Circuits"", ""Impact"", ""Sensor"", ""programmable photonic circuits"", ""revolutionizing sensing"", ""heterogeneous integration"", ""fully integrated""]",本文梳理photonic、Photonic Integrated Circuits、Impact的技术原理、研究或验证方法与应用证据，并讨论性能和可行性，为研发方向选择与后续验证提供参考。,researcher_scientist,electronics_manufacturing,"[""explore_new_research_fields"", ""track_research_trends""]",2025-09-29,"[""photonics_and_optics""]"
Optimizing WOLED Light Extraction for Enhanced Display,"请据《Optimizing WOLED Light Extraction for Enhanced Display》生成结构化报告。分类:scout_report；对象:researcher_scientist；行业:electronics_manufacturing/photonics_and_optics；任务:find_research_methods,track_research_trends；关键词:display、woled、WOLED Light Extraction、Enhanced Display、manufacturing。概述:本文梳理display、woled、WOLED Light Extraction的技术原理、研究或验证方法与应用证据，并讨论性能和可行性，为研发方向选择与后续验证提供参考。须含标题、摘要、结论、背景、技术/产品/市场/IP、风险机会、可落地建议、未来研究。",https://eureka.patsnap.com/ai-search/sess_19c7c3187e6a4c47?from=rd-home&start_from=eureka_landingpage,https://eureka.patsnap.com/share/?id=fe62a4c53ee2a61d59ec08cdbdeaa77c&from=invite-eureakplg-result&content=,Optimizing WOLED Light Extraction for Enhanced Display,"[""scout_report""]","[""display"", ""woled"", ""WOLED Light Extraction"", ""Enhanced Display"", ""manufacturing"", ""maximize WOLED light extraction"", ""50 reducing power consumption"", ""40 while maintaining color""]",本文梳理display、woled、WOLED Light Extraction的技术原理、研究或验证方法与应用证据，并讨论性能和可行性，为研发方向选择与后续验证提供参考。,researcher_scientist,electronics_manufacturing,"[""find_research_methods"", ""track_research_trends""]",2025-09-15,"[""photonics_and_optics""]"
Hydrofluoric Acid Applications in Semiconductor Manufacturing,"请据《Hydrofluoric Acid Applications in Semiconductor Manufacturing》生成结构化报告。分类:scout_report；对象:researcher_scientist；行业:electronics_manufacturing/semiconductor_and_packaging；任务:explore_new_research_fields,track_research_trends；关键词:manufacturing、semiconductor、acid、Hydrofluoric Acid、Semiconductor Manufacturing。概述:本文梳理manufacturing、semiconductor、acid的技术原理、研究或验证方法与应用证据，并讨论性能和可行性，为研发方向选择与后续验证提供参考。须含标题、摘要、结论、背景、技术/产品/市场/IP、风险机会、可落地建议、未来研究。",https://eureka.patsnap.com/ai-search/sess_1da9fd415d5c40d4?from=rd-home&start_from=eureka_landingpage,https://eureka.patsnap.com/share/?id=644a60d986d3b2ccce66c16b586ede70&from=invite-eureakplg-result&content=,Hydrofluoric Acid Applications in Semiconductor Manufacturing,"[""scout_report""]","[""manufacturing"", ""semiconductor"", ""acid"", ""Hydrofluoric Acid"", ""Semiconductor Manufacturing"", ""HF acid"", ""atomic-level precision"", ""semiconductor fabrication""]",本文梳理manufacturing、semiconductor、acid的技术原理、研究或验证方法与应用证据，并讨论性能和可行性，为研发方向选择与后续验证提供参考。,researcher_scientist,electronics_manufacturing,"[""explore_new_research_fields"", ""track_research_trends""]",2025-08-25,"[""semiconductor_and_packaging""]"
FinFET Vs GAAFET: Performance Comparison In Nanometer Nodes,"请据《FinFET Vs GAAFET: Performance Comparison In Nanometer Nodes》生成结构化报告。分类:competitor_analysis；对象:innovation_product_strategy；行业:electronics_manufacturing/semiconductor_and_packaging；任务:evaluate_r_and_d_directions,identify_innovation_opportunities；关键词:finfet、gaafet、Nanometer Nodes、semiconductor、Exploring transistor evolution。概述:本文比较finfet、gaafet、Nanometer Nodes在性能、成本、可靠性和适用条件上的差异，并给出验证思路，为技术选型与研发决策提供参考。须含标题、摘要、结论、背景、技术/产品/市场/IP、风险机会、可落地建议、未来研究。",https://eureka.patsnap.com/ai-search/sess_12a03c275467496c?from=rd-home&start_from=eureka_landingpage,https://eureka.patsnap.com/share/?id=e0a0606aa0eabbe9bbd67a6315aa9b73&from=invite-eureakplg-result&content=,FinFET Vs GAAFET: Performance Comparison In Nanometer Nodes,"[""competitor_analysis""]","[""finfet"", ""gaafet"", ""Nanometer Nodes"", ""semiconductor"", ""Exploring transistor evolution"", ""GAAFET breakthrough architectures enabling"", ""scaling beyond physical limitations"", ""next-gen computing""]",本文比较finfet、gaafet、Nanometer Nodes在性能、成本、可靠性和适用条件上的差异，并给出验证思路，为技术选型与研发决策提供参考。,innovation_product_strategy,electronics_manufacturing,"[""evaluate_r_and_d_directions"", ""identify_innovation_opportunities""]",2025-09-11,"[""semiconductor_and_packaging""]"
Comparative Analysis: PSA vs Membrane vs Getter for H₂ Cleanup,"请据《Comparative Analysis: PSA vs Membrane vs Getter for H₂ Cleanup》生成结构化报告。分类:competitor_analysis；对象:innovation_product_strategy；行业:energy/hydrogen_and_fuel_cells；任务:evaluate_r_and_d_directions,identify_innovation_opportunities；关键词:PSA、Membrane、Getter、H Cleanup、hydrogen。概述:本文比较PSA、Membrane、Getter在性能、成本、可靠性和适用条件上的差异，并给出验证思路，为技术选型与研发决策提供参考。须含标题、摘要、结论、背景、技术/产品/市场/IP、风险机会、可落地建议、未来研究。",https://eureka.patsnap.com/ai-search/sess_e0201c52d25d4376?from=rd-home&start_from=eureka_landingpage,https://eureka.patsnap.com/share/?id=c7f808696754558b759c83899f380c67&from=invite-eureakplg-result&content=,Comparative Analysis: PSA vs Membrane vs Getter for H₂ Cleanup,"[""competitor_analysis""]","[""PSA"", ""Membrane"", ""Getter"", ""H Cleanup"", ""hydrogen"", ""which hydrogen purification"", ""excels"", ""efficiency cost""]",本文比较PSA、Membrane、Getter在性能、成本、可靠性和适用条件上的差异，并给出验证思路，为技术选型与研发决策提供参考。,innovation_product_strategy,energy,"[""evaluate_r_and_d_directions"", ""identify_innovation_opportunities""]",2025-08-21,"[""hydrogen_and_fuel_cells""]"
Gas Crossover And Safety Considerations In AEM Electrolyzer Operation,"请据《Gas Crossover And Safety Considerations In AEM Electrolyzer Operation》生成结构化报告。分类:risk_watch；对象:rd_engineer_inventor；行业:energy/hydrogen_and_fuel_cells；任务:find_technical_solutions,assess_technical_feasibility；关键词:electrolyzer、Gas Crossover、Safety Considerations、AEM Electrolyzer Operation、AEM。概述:本文分析electrolyzer、Gas Crossover、Safety Considerations的失效机理、风险来源与控制方法，并给出检测或验证要点，为降低研发和应用风险提供参考。须含标题、摘要、结论、背景、技术/产品/市场/IP、风险机会、可落地建议、未来研究。",https://eureka.patsnap.com/ai-search/sess_80d25999dab449aa?from=rd-home&start_from=eureka_landingpage,https://eureka.patsnap.com/share/?id=a74799cb3b9145c67d3e1e3fde17225a&from=invite-eureakplg-result&content=,Gas Crossover And Safety Considerations In AEM Electrolyzer Operation,"[""risk_watch""]","[""electrolyzer"", ""Gas Crossover"", ""Safety Considerations"", ""AEM Electrolyzer Operation"", ""AEM"", ""hydrogen"", ""groundbreaking safety standards"", ""in-situ monitoring techniques enabling""]",本文分析electrolyzer、Gas Crossover、Safety Considerations的失效机理、风险来源与控制方法，并给出检测或验证要点，为降低研发和应用风险提供参考。,rd_engineer_inventor,energy,"[""find_technical_solutions"", ""assess_technical_feasibility""]",2025-08-22,"[""hydrogen_and_fuel_cells""]"
Energy And Carbon Footprint Comparison With Anthraquinone Process,"请据《Energy And Carbon Footprint Comparison With Anthraquinone Process》生成结构化报告。分类:competitor_analysis；对象:innovation_product_strategy；行业:energy/carbon_and_efficiency；任务:evaluate_r_and_d_directions,identify_innovation_opportunities；关键词:carbon footprint、Energy、Anthraquinone、dominates H O production、production despite energy challenges。概述:本文比较carbon footprint、Energy、Anthraquinone在性能、成本、可靠性和适用条件上的差异，并给出验证思路，为技术选型与研发决策提供参考。须含标题、摘要、结论、背景、技术/产品/市场/IP、风险机会、可落地建议、未来研究。",https://eureka.patsnap.com/ai-search/sess_70799b6d6413444d?from=rd-home&start_from=eureka_landingpage,https://eureka.patsnap.com/share/?id=c088c2b5017ae053d7a5d037851c3e67&from=invite-eureakplg-result&content=,Energy And Carbon Footprint Comparison With Anthraquinone Process,"[""competitor_analysis""]","[""carbon footprint"", ""Energy"", ""Anthraquinone"", ""dominates H O production"", ""production despite energy challenges"", ""efficiency improvements""]",本文比较carbon footprint、Energy、Anthraquinone在性能、成本、可靠性和适用条件上的差异，并给出验证思路，为技术选型与研发决策提供参考。,innovation_product_strategy,energy,"[""evaluate_r_and_d_directions"", ""identify_innovation_opportunities""]",2025-08-29,"[""carbon_and_efficiency""]"
How to Use Cyclic Voltammetry to Characterize Supercapacitor Materials — Step-by-Step Guide,"请据《How to Use Cyclic Voltammetry to Characterize Supercapacitor Materials — Step-by-Step Guide》生成结构化报告。分类:scout_report；对象:researcher_scientist；行业:energy/batteries_and_storage；任务:find_research_methods,track_research_trends；关键词:cyclic voltammetry、supercapacitor、Characterize Supercapacitor Materials Step-by-Step、energy storage、Exploring cyclic voltammetry。概述:本文梳理cyclic voltammetry、supercapacitor、Characterize Supercapacitor Materials Step-by-Step的技术原理、研究或验证方法与应用证据，并讨论性能和可行性，为研发方向选择与后续验证提供参考。须含标题、摘要、结论、背景、技术/产品/市场/IP、风险机会、可落地建议、未来研究。",https://eureka.patsnap.com/ai-search/sess_6845971aee87429d?from=rd-home&start_from=eureka_landingpage,https://eureka.patsnap.com/share/?id=1f46053278d5a00f077af1a37e58fbd9&from=invite-eureakplg-result&content=,How to Use Cyclic Voltammetry to Characterize Supercapacitor Materials — Step-by-Step Guide,"[""scout_report""]","[""cyclic voltammetry"", ""supercapacitor"", ""Characterize Supercapacitor Materials Step-by-Step"", ""energy storage"", ""Exploring cyclic voltammetry"", ""evolution"", ""supercapacitor material characterization"", ""optimized energy storage""]",本文梳理cyclic voltammetry、supercapacitor、Characterize Supercapacitor Materials Step-by-Step的技术原理、研究或验证方法与应用证据，并讨论性能和可行性，为研发方向选择与后续验证提供参考。,researcher_scientist,energy,"[""find_research_methods"", ""track_research_trends""]",2025-08-21,"[""batteries_and_storage""]"
Quantify Lithium Mine Water Consumption Per Kilogram of Lithium Output,"请据《Quantify Lithium Mine Water Consumption Per Kilogram of Lithium Output》生成结构化报告。分类:scout_report；对象:researcher_scientist；行业:energy/carbon_and_efficiency；任务:find_research_methods,track_research_trends；关键词:lithium mine、Lithium Mine Water Consumption、Water Consumption Per Kilogram、Lithium Output、Standardized metrics。概述:本文梳理lithium mine、Lithium Mine Water Consumption、Water Consumption Per Kilogram的技术原理、研究或验证方法与应用证据，并讨论性能和可行性，为研发方向选择与后续验证提供参考。须含标题、摘要、结论、背景、技术/产品/市场/IP、风险机会、可落地建议、未来研究。",https://eureka.patsnap.com/ai-search/sess_bbea656fcb3b4b2f?from=rd-home&start_from=eureka_landingpage,https://eureka.patsnap.com/share/?id=8dc7fdca43c4f2c89fd067f94ec719c0&from=invite-eureakplg-result&content=,Quantify Lithium Mine Water Consumption Per Kilogram of Lithium Output,"[""scout_report""]","[""lithium mine"", ""Lithium Mine Water Consumption"", ""Water Consumption Per Kilogram"", ""Lithium Output"", ""Standardized metrics"", ""lithium extraction water usage"", ""transparent"", ""across""]",本文梳理lithium mine、Lithium Mine Water Consumption、Water Consumption Per Kilogram的技术原理、研究或验证方法与应用证据，并讨论性能和可行性，为研发方向选择与后续验证提供参考。,researcher_scientist,energy,"[""find_research_methods"", ""track_research_trends""]",2025-10-08,"[""carbon_and_efficiency""]"
NEC Platforms Ltd.,请据《NEC Platforms Ltd.》生成结构化报告。分类:competitor_analysis；对象:innovation_product_strategy；行业:engineering/manufacturing_process_engineering；任务:track_technologies_and_competitors；关键词:NEC Platforms Ltd、technical research、patent portfolio、competitor monitoring、market trends。概述:本文概述NEC Platforms Ltd.的业务与技术研发，并涵盖专利组合、竞争动态及市场趋势，可用于竞品跟踪和研发/IP决策。须含标题、摘要、结论、背景、技术/产品/市场/IP、风险机会、可落地建议、未来研究。,https://eureka.patsnap.com/ai-search/sess_9eaa69dc0b614b98?from=rd-home&start_from=eureka_landingpage,https://eureka.patsnap.com/share/?id=983bd2f5b4cba5a8d71180c47f4f5c40&from=invite-eureakplg-result&content=,NEC Platforms Ltd.,"[""competitor_analysis""]","[""NEC Platforms Ltd"", ""technical research"", ""patent portfolio"", ""competitor monitoring"", ""market trends""]",本文概述NEC Platforms Ltd.的业务与技术研发，并涵盖专利组合、竞争动态及市场趋势，可用于竞品跟踪和研发/IP决策。,innovation_product_strategy,engineering,"[""track_technologies_and_competitors""]",2026-09-08,"[""manufacturing_process_engineering""]"
"Suzuki Co., Ltd.","请据《Suzuki Co., Ltd.》生成结构化报告。分类:competitor_analysis；对象:innovation_product_strategy；行业:engineering/manufacturing_process_engineering；任务:track_technologies_and_competitors；关键词:Suzuki Co., Ltd、motor、technical research、patent portfolio、competitor monitoring。概述:本文概述Suzuki Co., Ltd.的业务与技术研发，并涵盖专利组合、竞争动态及市场趋势，可用于竞品跟踪和研发/IP决策。须含标题、摘要、结论、背景、技术/产品/市场/IP、风险机会、可落地建议、未来研究。",https://eureka.patsnap.com/ai-search/sess_149e04feb03044d3?from=rd-home&start_from=eureka_landingpage,https://eureka.patsnap.com/share/?id=ea8b5fd528e755242dab16179ef933cb&from=invite-eureakplg-result&content=,"Suzuki Co., Ltd.","[""competitor_analysis""]","[""Suzuki Co., Ltd"", ""motor"", ""technical research"", ""patent portfolio"", ""competitor monitoring"", ""market trends""]","本文概述Suzuki Co., Ltd.的业务与技术研发，并涵盖专利组合、竞争动态及市场趋势，可用于竞品跟踪和研发/IP决策。",innovation_product_strategy,engineering,"[""track_technologies_and_competitors""]",2026-09-08,"[""manufacturing_process_engineering""]"
Oppo,请据《Oppo》生成结构化报告。分类:competitor_analysis；对象:innovation_product_strategy；行业:engineering/manufacturing_process_engineering；任务:track_technologies_and_competitors；关键词:Oppo、technical research、patent portfolio、competitor monitoring、market trends。概述:本文概述Oppo的业务与技术研发，并涵盖专利组合、竞争动态及市场趋势，可用于竞品跟踪和研发/IP决策。须含标题、摘要、结论、背景、技术/产品/市场/IP、风险机会、可落地建议、未来研究。,https://eureka.patsnap.com/ai-search/sess_6049ab797c8740bc?from=rd-home&start_from=eureka_landingpage,https://eureka.patsnap.com/share/?id=5b6f069bec088891a4c497e724ab9091&from=invite-eureakplg-result&content=,Oppo,"[""competitor_analysis""]","[""Oppo"", ""technical research"", ""patent portfolio"", ""competitor monitoring"", ""market trends""]",本文概述Oppo的业务与技术研发，并涵盖专利组合、竞争动态及市场趋势，可用于竞品跟踪和研发/IP决策。,innovation_product_strategy,engineering,"[""track_technologies_and_competitors""]",2026-09-08,"[""manufacturing_process_engineering""]"
"Graco, Inc.","请据《Graco, Inc.》生成结构化报告。分类:competitor_analysis；对象:innovation_product_strategy；行业:engineering/manufacturing_process_engineering；任务:track_technologies_and_competitors；关键词:Graco, Inc、manufacturing、industrial、food、technical research。概述:本文概述Graco, Inc.的业务与技术研发，并涵盖专利组合、竞争动态及市场趋势，可用于竞品跟踪和研发/IP决策。须含标题、摘要、结论、背景、技术/产品/市场/IP、风险机会、可落地建议、未来研究。",https://eureka.patsnap.com/ai-search/sess_56804fc951c44504?from=rd-home&start_from=eureka_landingpage,https://eureka.patsnap.com/share/?id=29cd790c62af988145364478bda99b46&from=invite-eureakplg-result&content=,"Graco, Inc.","[""competitor_analysis""]","[""Graco, Inc"", ""manufacturing"", ""industrial"", ""food"", ""technical research"", ""patent portfolio"", ""competitor monitoring"", ""market trends""]","本文概述Graco, Inc.的业务与技术研发，并涵盖专利组合、竞争动态及市场趋势，可用于竞品跟踪和研发/IP决策。",innovation_product_strategy,engineering,"[""track_technologies_and_competitors""]",2026-09-08,"[""manufacturing_process_engineering""]"
Arenco AB,请据《Arenco AB》生成结构化报告。分类:competitor_analysis；对象:innovation_product_strategy；行业:engineering/manufacturing_process_engineering；任务:track_technologies_and_competitors；关键词:Arenco AB、mechanical、technical research、patent portfolio、competitor monitoring。概述:本文概述Arenco AB的业务与技术研发，并涵盖专利组合、竞争动态及市场趋势，可用于竞品跟踪和研发/IP决策。须含标题、摘要、结论、背景、技术/产品/市场/IP、风险机会、可落地建议、未来研究。,https://eureka.patsnap.com/ai-search/sess_9e307c44ab43470b?from=rd-home&start_from=eureka_landingpage,https://eureka.patsnap.com/share/?id=72177af50d0f9af2683839e1f25a3b54&from=invite-eureakplg-result&content=,Arenco AB,"[""competitor_analysis""]","[""Arenco AB"", ""mechanical"", ""technical research"", ""patent portfolio"", ""competitor monitoring"", ""market trends""]",本文概述Arenco AB的业务与技术研发，并涵盖专利组合、竞争动态及市场趋势，可用于竞品跟踪和研发/IP决策。,innovation_product_strategy,engineering,"[""track_technologies_and_competitors""]",2026-09-08,"[""manufacturing_process_engineering""]"
Acoustic muffler for a motorized food processing device,"请据《Acoustic muffler for a motorized food processing device》生成结构化报告。分类:case；对象:rd_engineer_inventor；行业:food/food_processing；任务:find_technical_solutions,generate_product_ideas；关键词:food processing、food、Acoustic muffler、motorized food processing、motor。概述:本文以food processing、food、Acoustic muffler为案例，解析具体工程问题、解决构型及预期效果，为类似产品或工艺的技术改进与创新提供参考。须含标题、摘要、结论、背景、技术/产品/市场/IP、风险机会、可落地建议、未来研究。",https://eureka.patsnap.com/ai-search/sess_9a8db2e51890409d?from=rd-home&start_from=eureka_landingpage,https://eureka.patsnap.com/share/?id=b8394afda2d69ff72ef170aa644bf2b5&from=invite-eureakplg-result&content=,Acoustic muffler for a motorized food processing device,"[""case""]","[""food processing"", ""food"", ""Acoustic muffler"", ""motorized food processing"", ""motor"", ""multi-chamber acoustic muffler"", ""tuned cross-sectional areas reduces"", ""areas reduces motor noise""]",本文以food processing、food、Acoustic muffler为案例，解析具体工程问题、解决构型及预期效果，为类似产品或工艺的技术改进与创新提供参考。,rd_engineer_inventor,food,"[""find_technical_solutions"", ""generate_product_ideas""]",2026-09-08,"[""food_processing""]"
Air Fryer Heating Assembly Layout to Reduce Airflow Energy Loss,"请据《Air Fryer Heating Assembly Layout to Reduce Airflow Energy Loss》生成结构化报告。分类:case；对象:rd_engineer_inventor；行业:food/food_processing；任务:find_technical_solutions,generate_product_ideas；关键词:air fryer、airflow、Air Fryer Heating Assembly、Fryer Heating Assembly Layout、Airflow Energy Loss。概述:本文以air fryer、airflow、Air Fryer Heating Assembly为案例，解析具体工程问题、解决构型及预期效果，为类似产品或工艺的技术改进与创新提供参考。须含标题、摘要、结论、背景、技术/产品/市场/IP、风险机会、可落地建议、未来研究。",https://eureka.patsnap.com/ai-search/sess_bf25bb9225e5425b?from=rd-home&start_from=eureka_landingpage,https://eureka.patsnap.com/share/?id=ec389e826888f1c3edacdc59e88e31ec&from=invite-eureakplg-result&content=,Air Fryer Heating Assembly Layout to Reduce Airflow Energy Loss,"[""case""]","[""air fryer"", ""airflow"", ""Air Fryer Heating Assembly"", ""Fryer Heating Assembly Layout"", ""Airflow Energy Loss"", ""separating"", ""fan"", ""heating element""]",本文以air fryer、airflow、Air Fryer Heating Assembly为案例，解析具体工程问题、解决构型及预期效果，为类似产品或工艺的技术改进与创新提供参考。,rd_engineer_inventor,food,"[""find_technical_solutions"", ""generate_product_ideas""]",2026-09-08,"[""food_processing""]"
Container for heating frozen filling-wrapping food in microwave oven and heating method using the same,"请据《Container for heating frozen filling-wrapping food in microwave oven and heating method using the same》生成结构化报告。分类:case；对象:rd_engineer_inventor；行业:food/food_packaging；任务:find_technical_solutions,generate_product_ideas；关键词:microwave oven、food、Container、heating frozen filling-wrapping food、heating。概述:本文以microwave oven、food、Container为案例，解析具体工程问题、解决构型及预期效果，为类似产品或工艺的技术改进与创新提供参考。须含标题、摘要、结论、背景、技术/产品/市场/IP、风险机会、可落地建议、未来研究。",https://eureka.patsnap.com/ai-search/sess_d8f3a8aab65244a9?from=rd-home&start_from=eureka_landingpage,https://eureka.patsnap.com/share/?id=65844e87ad7c8bf425d13a175015eca2&from=invite-eureakplg-result&content=,Container for heating frozen filling-wrapping food in microwave oven and heating method using the same,"[""case""]","[""microwave oven"", ""food"", ""Container"", ""heating frozen filling-wrapping food"", ""heating"", ""composite"", ""polymer"", ""polymer-heating element composite""]",本文以microwave oven、food、Container为案例，解析具体工程问题、解决构型及预期效果，为类似产品或工艺的技术改进与创新提供参考。,rd_engineer_inventor,food,"[""find_technical_solutions"", ""generate_product_ideas""]",2026-09-08,"[""food_packaging""]"
CrₓN₁₋ₓ Coating for Cookware Wear Resistance and Non-Stick Performance,"请据《CrₓN₁₋ₓ Coating for Cookware Wear Resistance and Non-Stick Performance》生成结构化报告。分类:case；对象:rd_engineer_inventor；行业:food/food_formulation；任务:find_technical_solutions,generate_product_ideas；关键词:cookware、coating、Cr N Coating、Cookware Wear Resistance、Non-Stick。概述:本文以cookware、coating、Cr N Coating为案例，解析具体工程问题、解决构型及预期效果，为类似产品或工艺的技术改进与创新提供参考。须含标题、摘要、结论、背景、技术/产品/市场/IP、风险机会、可落地建议、未来研究。",https://eureka.patsnap.com/ai-search/sess_9a5105ccd4f54bc1?from=rd-home&start_from=eureka_landingpage,https://eureka.patsnap.com/share/?id=be1c4859bb8d1cff4848856a6564ff11&from=invite-eureakplg-result&content=,CrₓN₁₋ₓ Coating for Cookware Wear Resistance and Non-Stick Performance,"[""case""]","[""cookware"", ""coating"", ""Cr N Coating"", ""Cookware Wear Resistance"", ""Non-Stick"", ""Cr N coating replaces"", ""N coating replaces PTFE"", ""achieve 20 000 abrasion""]",本文以cookware、coating、Cr N Coating为案例，解析具体工程问题、解决构型及预期效果，为类似产品或工艺的技术改进与创新提供参考。,rd_engineer_inventor,food,"[""find_technical_solutions"", ""generate_product_ideas""]",2026-09-08,"[""food_formulation""]"
JSW,请据《JSW》生成结构化报告。分类:competitor_analysis；对象:innovation_product_strategy；行业:materials/polymers_and_resins；任务:track_technologies_and_competitors；关键词:JSW、industrial、steel、technical research、patent portfolio。概述:本文概述JSW的业务与技术研发，并涵盖专利组合、竞争动态及市场趋势，可用于竞品跟踪和研发/IP决策。须含标题、摘要、结论、背景、技术/产品/市场/IP、风险机会、可落地建议、未来研究。,https://eureka.patsnap.com/ai-search/sess_737cc769355443dc?from=rd-home&start_from=eureka_landingpage,https://eureka.patsnap.com/share/?id=6dac3ffdd404f965fa31279ebd013050&from=invite-eureakplg-result&content=,JSW,"[""competitor_analysis""]","[""JSW"", ""industrial"", ""steel"", ""technical research"", ""patent portfolio"", ""competitor monitoring"", ""market trends""]",本文概述JSW的业务与技术研发，并涵盖专利组合、竞争动态及市场趋势，可用于竞品跟踪和研发/IP决策。,innovation_product_strategy,materials,"[""track_technologies_and_competitors""]",2026-09-08,"[""polymers_and_resins""]"
X Corp. (United States),请据《X Corp. (United States)》生成结构化报告。分类:competitor_analysis；对象:innovation_product_strategy；行业:materials/advanced_materials；任务:track_technologies_and_competitors；关键词:X Corp. (United States、networking、glass、technical research、patent portfolio。概述:本文概述X Corp. (United States)的业务与技术研发，并涵盖专利组合、竞争动态及市场趋势，可用于竞品跟踪和研发/IP决策。须含标题、摘要、结论、背景、技术/产品/市场/IP、风险机会、可落地建议、未来研究。,https://eureka.patsnap.com/ai-search/sess_ca0ffb2da25a4b16?from=rd-home&start_from=eureka_landingpage,https://eureka.patsnap.com/share/?id=7f39204a7f12727bb6b30b3e9bd153dd&from=invite-eureakplg-result&content=,X Corp. (United States),"[""competitor_analysis""]","[""X Corp. (United States"", ""networking"", ""glass"", ""technical research"", ""patent portfolio"", ""competitor monitoring"", ""market trends""]",本文概述X Corp. (United States)的业务与技术研发，并涵盖专利组合、竞争动态及市场趋势，可用于竞品跟踪和研发/IP决策。,innovation_product_strategy,materials,"[""track_technologies_and_competitors""]",2026-09-08,"[""advanced_materials""]"
Nippon Sanso KK,请据《Nippon Sanso KK》生成结构化报告。分类:competitor_analysis；对象:innovation_product_strategy；行业:materials/metals_and_alloys；任务:track_technologies_and_competitors；关键词:Nippon Sanso KK、stainless steel、industrial、steel、technical research。概述:本文概述Nippon Sanso KK的业务与技术研发，并涵盖专利组合、竞争动态及市场趋势，可用于竞品跟踪和研发/IP决策。须含标题、摘要、结论、背景、技术/产品/市场/IP、风险机会、可落地建议、未来研究。,https://eureka.patsnap.com/ai-search/sess_fec98881d947400d?from=rd-home&start_from=eureka_landingpage,https://eureka.patsnap.com/share/?id=ce90d4592aff4e9ff458cb2d368ef088&from=invite-eureakplg-result&content=,Nippon Sanso KK,"[""competitor_analysis""]","[""Nippon Sanso KK"", ""stainless steel"", ""industrial"", ""steel"", ""technical research"", ""patent portfolio"", ""competitor monitoring"", ""market trends""]",本文概述Nippon Sanso KK的业务与技术研发，并涵盖专利组合、竞争动态及市场趋势，可用于竞品跟踪和研发/IP决策。,innovation_product_strategy,materials,"[""track_technologies_and_competitors""]",2026-09-08,"[""metals_and_alloys""]"
"Shougang Group Co., Ltd.","请据《Shougang Group Co., Ltd.》生成结构化报告。分类:competitor_analysis；对象:innovation_product_strategy；行业:materials/metals_and_alloys；任务:track_technologies_and_competitors；关键词:Shougang Group Co., Ltd、steel、technical research、patent portfolio、competitor monitoring。概述:本文概述Shougang Group Co., Ltd.的业务与技术研发，并涵盖专利组合、竞争动态及市场趋势，可用于竞品跟踪和研发/IP决策。须含标题、摘要、结论、背景、技术/产品/市场/IP、风险机会、可落地建议、未来研究。",https://eureka.patsnap.com/ai-search/sess_481b4f1ddf664ec2?from=rd-home&start_from=eureka_landingpage,https://eureka.patsnap.com/share/?id=763f27aa837ae8c4e849262d122c70df&from=invite-eureakplg-result&content=,"Shougang Group Co., Ltd.","[""competitor_analysis""]","[""Shougang Group Co., Ltd"", ""steel"", ""technical research"", ""patent portfolio"", ""competitor monitoring"", ""market trends""]","本文概述Shougang Group Co., Ltd.的业务与技术研发，并涵盖专利组合、竞争动态及市场趋势，可用于竞品跟踪和研发/IP决策。",innovation_product_strategy,materials,"[""track_technologies_and_competitors""]",2026-09-08,"[""metals_and_alloys""]"
Search results for “Materials science” companies,请据《Search results for “Materials science” companies》生成结构化报告。分类:market_landscape；对象:innovation_product_strategy；行业:materials/advanced_materials；任务:track_technologies_and_competitors；关键词:Search results for “Materials science” companies、materials science、technical research、patent portfolio、competitor monitoring。概述:本文概述Search results for “Materials science” companies的业务与技术研发，并涵盖专利组合、竞争动态及市场趋势，可用于竞品跟踪和研发/IP决策。须含标题、摘要、结论、背景、技术/产品/市场/IP、风险机会、可落地建议、未来研究。,https://eureka.patsnap.com/ai-search/sess_8c8c4561d4db4032?from=rd-home&start_from=eureka_landingpage,https://eureka.patsnap.com/share/?id=9f1e27fcaaad3d15d348d149e5b7aefa&from=invite-eureakplg-result&content=,Search results for “Materials science” companies,"[""market_landscape""]","[""Search results for “Materials science” companies"", ""materials science"", ""technical research"", ""patent portfolio"", ""competitor monitoring"", ""market trends""]",本文概述Search results for “Materials science” companies的业务与技术研发，并涵盖专利组合、竞争动态及市场趋势，可用于竞品跟踪和研发/IP决策。,innovation_product_strategy,materials,"[""track_technologies_and_competitors""]",2026-09-08,"[""advanced_materials""]"
Comparing Different Frequency Waves in PEMF Therapy Applications,"请据《Comparing Different Frequency Waves in PEMF Therapy Applications》生成结构化报告。分类:competitor_analysis；对象:innovation_product_strategy；行业:medical_devices/wearable_and_digital_health_devices；任务:evaluate_r_and_d_directions,identify_innovation_opportunities；关键词:pemf therapy、therapy、Frequency Waves、PEMF、efficacy。概述:本文比较pemf therapy、therapy、Frequency Waves在性能、成本、可靠性和适用条件上的差异，并给出验证思路，为技术选型与研发决策提供参考。须含标题、摘要、结论、背景、技术/产品/市场/IP、风险机会、可落地建议、未来研究。",https://eureka.patsnap.com/ai-search/sess_b1a347d3d4174971?from=rd-home&start_from=eureka_landingpage,https://eureka.patsnap.com/share/?id=f5abc7dcb3a197bb90fee941cd877940&from=invite-eureakplg-result&content=,Comparing Different Frequency Waves in PEMF Therapy Applications,"[""competitor_analysis""]","[""pemf therapy"", ""therapy"", ""Frequency Waves"", ""PEMF"", ""efficacy"", ""Pulsed Electromagnetic Field therapy"", ""therapy across various frequencies"", ""optimized healing""]",本文比较pemf therapy、therapy、Frequency Waves在性能、成本、可靠性和适用条件上的差异，并给出验证思路，为技术选型与研发决策提供参考。,innovation_product_strategy,medical_devices,"[""evaluate_r_and_d_directions"", ""identify_innovation_opportunities""]",2025-08-11,"[""wearable_and_digital_health_devices""]"
How Hirudoid Affects Hemorrhoid Symptoms?,"请据《How Hirudoid Affects Hemorrhoid Symptoms?》生成结构化报告。分类:scout_report；对象:researcher_scientist；行业:medical_devices/device_materials_and_components；任务:explore_new_research_fields,track_research_trends；关键词:hemorrhoid、Hirudoid Affects Hemorrhoid Symptoms、Hirudoid、treating hemorrhoids、efficacy。概述:本文梳理hemorrhoid、Hirudoid Affects Hemorrhoid Symptoms、Hirudoid的技术原理、研究或验证方法与应用证据，并讨论性能和可行性，为研发方向选择与后续验证提供参考。须含标题、摘要、结论、背景、技术/产品/市场/IP、风险机会、可落地建议、未来研究。",https://eureka.patsnap.com/ai-search/sess_8ca597ccdd094042?from=rd-home&start_from=eureka_landingpage,https://eureka.patsnap.com/share/?id=1aae9576e246d9d8fb113eee3b16d6fa&from=invite-eureakplg-result&content=,How Hirudoid Affects Hemorrhoid Symptoms?,"[""scout_report""]","[""hemorrhoid"", ""Hirudoid Affects Hemorrhoid Symptoms"", ""Hirudoid"", ""treating hemorrhoids"", ""efficacy"", ""safety"", ""managing"", ""common anorectal condition""]",本文梳理hemorrhoid、Hirudoid Affects Hemorrhoid Symptoms、Hirudoid的技术原理、研究或验证方法与应用证据，并讨论性能和可行性，为研发方向选择与后续验证提供参考。,researcher_scientist,medical_devices,"[""explore_new_research_fields"", ""track_research_trends""]",2025-06-20,"[""device_materials_and_components""]"
Analyzing PEMF Therapy for Thyroid Health Optimization,"请据《Analyzing PEMF Therapy for Thyroid Health Optimization》生成结构化报告。分类:scout_report；对象:researcher_scientist；行业:medical_devices/wearable_and_digital_health_devices；任务:explore_new_research_fields,track_research_trends；关键词:pemf therapy、therapy、Analyzing PEMF Therapy、Thyroid Health Optimization、PEMF。概述:本文梳理pemf therapy、therapy、Analyzing PEMF Therapy的技术原理、研究或验证方法与应用证据，并讨论性能和可行性，为研发方向选择与后续验证提供参考。须含标题、摘要、结论、背景、技术/产品/市场/IP、风险机会、可落地建议、未来研究。",https://eureka.patsnap.com/ai-search/sess_6ff9371781454850?from=rd-home&start_from=eureka_landingpage,https://eureka.patsnap.com/share/?id=c26bb2f1ba2ae51c20d9c976694da9a4&from=invite-eureakplg-result&content=,Analyzing PEMF Therapy for Thyroid Health Optimization,"[""scout_report""]","[""pemf therapy"", ""therapy"", ""Analyzing PEMF Therapy"", ""Thyroid Health Optimization"", ""PEMF"", ""PEMF therapy could revolutionize"", ""could revolutionize thyroid health"", ""glandular function""]",本文梳理pemf therapy、therapy、Analyzing PEMF Therapy的技术原理、研究或验证方法与应用证据，并讨论性能和可行性，为研发方向选择与后续验证提供参考。,researcher_scientist,medical_devices,"[""explore_new_research_fields"", ""track_research_trends""]",2025-08-11,"[""wearable_and_digital_health_devices""]"
HDPE in Medical Devices: Current Uses and Future Potential,"请据《HDPE in Medical Devices: Current Uses and Future Potential》生成结构化报告。分类:trend_brief；对象:researcher_scientist；行业:medical_devices/device_materials_and_components；任务:track_research_trends,explore_new_research_fields；关键词:hdpe、Medical、Future、properties、innovations shaping healthcare Read。概述:本文梳理hdpe、Medical、Future的研究进展、应用潜力与关键不确定性，为趋势跟踪和后续研究方向选择提供参考。须含标题、摘要、结论、背景、技术/产品/市场/IP、风险机会、可落地建议、未来研究。",https://eureka.patsnap.com/ai-search/sess_6f7100d5b7f84b83?from=rd-home&start_from=eureka_landingpage,https://eureka.patsnap.com/share/?id=4c115de0f64451fdcc19914a5c37d0c1&from=invite-eureakplg-result&content=,HDPE in Medical Devices: Current Uses and Future Potential,"[""trend_brief""]","[""hdpe"", ""Medical"", ""Future"", ""properties"", ""innovations shaping healthcare Read"", ""shaping healthcare Read now""]",本文梳理hdpe、Medical、Future的研究进展、应用潜力与关键不确定性，为趋势跟踪和后续研究方向选择提供参考。,researcher_scientist,medical_devices,"[""track_research_trends"", ""explore_new_research_fields""]",2025-06-13,"[""device_materials_and_components""]"
The role of isotonic solutions in ophthalmic drug formulations,"请据《The role of isotonic solutions in ophthalmic drug formulations》生成结构化报告。分类:scout_report；对象:researcher_scientist；行业:medical_devices/device_materials_and_components；任务:explore_new_research_fields,track_research_trends；关键词:ophthalmic、drug、isotonic、ophthalmic drug formulations、isotonic ophthalmic formulations revolutionize。概述:本文梳理ophthalmic、drug、isotonic的技术原理、研究或验证方法与应用证据，并讨论性能和可行性，为研发方向选择与后续验证提供参考。须含标题、摘要、结论、背景、技术/产品/市场/IP、风险机会、可落地建议、未来研究。",https://eureka.patsnap.com/ai-search/sess_c87cd8920a6b4152?from=rd-home&start_from=eureka_landingpage,https://eureka.patsnap.com/share/?id=18dcb4c7245852b89674739c15ad782f&from=invite-eureakplg-result&content=,The role of isotonic solutions in ophthalmic drug formulations,"[""scout_report""]","[""ophthalmic"", ""drug"", ""isotonic"", ""ophthalmic drug formulations"", ""isotonic ophthalmic formulations revolutionize"", ""formulations revolutionize drug delivery"", ""efficacy"", ""comfort""]",本文梳理ophthalmic、drug、isotonic的技术原理、研究或验证方法与应用证据，并讨论性能和可行性，为研发方向选择与后续验证提供参考。,researcher_scientist,medical_devices,"[""explore_new_research_fields"", ""track_research_trends""]",2025-08-19,"[""device_materials_and_components""]"
"Fiberhome Telecommunication Technologies Co., Ltd.","请据《Fiberhome Telecommunication Technologies Co., Ltd.》生成结构化报告。分类:competitor_analysis；对象:innovation_product_strategy；行业:other/general_strategy；任务:track_technologies_and_competitors；关键词:Fiberhome Telecommunication Technologies Co., Ltd、telecommunication、technical research、patent portfolio、competitor monitoring。概述:本文概述Fiberhome Telecommunication Technologies Co., Ltd.的业务与技术研发，并涵盖专利组合、竞争动态及市场趋势，可用于竞品跟踪和研发/IP决策。须含标题、摘要、结论、背景、技术/产品/市场/IP、风险机会、可落地建议、未来研究。",https://eureka.patsnap.com/ai-search/sess_4194fed069bd4bed?from=rd-home&start_from=eureka_landingpage,https://eureka.patsnap.com/share/?id=b9b092330a99421823b3a9862d1f9e28&from=invite-eureakplg-result&content=,"Fiberhome Telecommunication Technologies Co., Ltd.","[""competitor_analysis""]","[""Fiberhome Telecommunication Technologies Co., Ltd"", ""telecommunication"", ""technical research"", ""patent portfolio"", ""competitor monitoring"", ""market trends""]","本文概述Fiberhome Telecommunication Technologies Co., Ltd.的业务与技术研发，并涵盖专利组合、竞争动态及市场趋势，可用于竞品跟踪和研发/IP决策。",innovation_product_strategy,other,"[""track_technologies_and_competitors""]",2026-09-08,"[""general_strategy""]"
China Agricultural University,请据《China Agricultural University》生成结构化报告。分类:competitor_analysis；对象:innovation_product_strategy；行业:other/general_strategy；任务:track_technologies_and_competitors；关键词:China Agricultural University、agricultural、agriculture、technical research、patent portfolio。概述:本文概述China Agricultural University的业务与技术研发，并涵盖专利组合、竞争动态及市场趋势，可用于竞品跟踪和研发/IP决策。须含标题、摘要、结论、背景、技术/产品/市场/IP、风险机会、可落地建议、未来研究。,https://eureka.patsnap.com/ai-search/sess_2a50ef9749c14aa6?from=rd-home&start_from=eureka_landingpage,https://eureka.patsnap.com/share/?id=b3b3ab394b4411f22a872aa7cc29c66e&from=invite-eureakplg-result&content=,China Agricultural University,"[""competitor_analysis""]","[""China Agricultural University"", ""agricultural"", ""agriculture"", ""technical research"", ""patent portfolio"", ""competitor monitoring"", ""market trends""]",本文概述China Agricultural University的业务与技术研发，并涵盖专利组合、竞争动态及市场趋势，可用于竞品跟踪和研发/IP决策。,innovation_product_strategy,other,"[""track_technologies_and_competitors""]",2026-09-08,"[""general_strategy""]"
University Of Jinan,请据《University Of Jinan》生成结构化报告。分类:competitor_analysis；对象:innovation_product_strategy；行业:other/general_strategy；任务:track_technologies_and_competitors；关键词:University Of Jinan、technical research、patent portfolio、competitor monitoring、market trends。概述:本文概述University Of Jinan的业务与技术研发，并涵盖专利组合、竞争动态及市场趋势，可用于竞品跟踪和研发/IP决策。须含标题、摘要、结论、背景、技术/产品/市场/IP、风险机会、可落地建议、未来研究。,https://eureka.patsnap.com/ai-search/sess_b128d623e72143f2?from=rd-home&start_from=eureka_landingpage,https://eureka.patsnap.com/share/?id=a7c252bf1ec658f2e419f45e3486adb8&from=invite-eureakplg-result&content=,University Of Jinan,"[""competitor_analysis""]","[""University Of Jinan"", ""technical research"", ""patent portfolio"", ""competitor monitoring"", ""market trends""]",本文概述University Of Jinan的业务与技术研发，并涵盖专利组合、竞争动态及市场趋势，可用于竞品跟踪和研发/IP决策。,innovation_product_strategy,other,"[""track_technologies_and_competitors""]",2026-09-08,"[""general_strategy""]"
"ADT, Inc.","请据《ADT, Inc.》生成结构化报告。分类:competitor_analysis；对象:innovation_product_strategy；行业:other/general_strategy；任务:track_technologies_and_competitors；关键词:ADT, Inc、home security、smart home、technical research、patent portfolio。概述:本文概述ADT, Inc.的业务与技术研发，并涵盖专利组合、竞争动态及市场趋势，可用于竞品跟踪和研发/IP决策。须含标题、摘要、结论、背景、技术/产品/市场/IP、风险机会、可落地建议、未来研究。",https://eureka.patsnap.com/ai-search/sess_007137689e914c88?from=rd-home&start_from=eureka_landingpage,https://eureka.patsnap.com/share/?id=de5bb9016381e367b4291c1bf51224cb&from=invite-eureakplg-result&content=,"ADT, Inc.","[""competitor_analysis""]","[""ADT, Inc"", ""home security"", ""smart home"", ""technical research"", ""patent portfolio"", ""competitor monitoring"", ""market trends""]","本文概述ADT, Inc.的业务与技术研发，并涵盖专利组合、竞争动态及市场趋势，可用于竞品跟踪和研发/IP决策。",innovation_product_strategy,other,"[""track_technologies_and_competitors""]",2026-09-08,"[""general_strategy""]"
"General Mills, Inc.","请据《General Mills, Inc.》生成结构化报告。分类:competitor_analysis；对象:innovation_product_strategy；行业:other/packaging_and_retail；任务:track_technologies_and_competitors；关键词:General Mills, Inc、e-commerce、retail、drug、food。概述:本文概述General Mills, Inc.的业务与技术研发，并涵盖专利组合、竞争动态及市场趋势，可用于竞品跟踪和研发/IP决策。须含标题、摘要、结论、背景、技术/产品/市场/IP、风险机会、可落地建议、未来研究。",https://eureka.patsnap.com/ai-search/sess_729649603ced4c49?from=rd-home&start_from=eureka_landingpage,https://eureka.patsnap.com/share/?id=ef304b04d0d24ccd26312c4ac726a32f&from=invite-eureakplg-result&content=,"General Mills, Inc.","[""competitor_analysis""]","[""General Mills, Inc"", ""e-commerce"", ""retail"", ""drug"", ""food"", ""technical research"", ""patent portfolio"", ""competitor monitoring"", ""market trends""]","本文概述General Mills, Inc.的业务与技术研发，并涵盖专利组合、竞争动态及市场趋势，可用于竞品跟踪和研发/IP决策。",innovation_product_strategy,other,"[""track_technologies_and_competitors""]",2026-09-08,"[""packaging_and_retail""]"
How to Mitigate Environmental Concerns with Hydrochloric Acid?,"请据《How to Mitigate Environmental Concerns with Hydrochloric Acid?》生成结构化报告。分类:scout_report；对象:researcher_scientist；行业:chemical/specialty_chemicals；任务:find_research_methods,track_research_trends；关键词:acid、Mitigate Environmental Concerns、Hydrochloric Acid、innovative、safer HCl handling。概述:本文梳理acid、Mitigate Environmental Concerns、Hydrochloric Acid的技术原理、研究或验证方法与应用证据，并讨论性能和可行性，为研发方向选择与后续验证提供参考。须含标题、摘要、结论、背景、技术/产品/市场/IP、风险机会、可落地建议、未来研究。",https://eureka.patsnap.com/ai-search/sess_4ccb57e692ad4b70?from=rd-home&start_from=eureka_landingpage,https://eureka.patsnap.com/share/?id=4b25c019eaa214cb69ac49ce3a056c72&from=invite-eureakplg-result&content=,How to Mitigate Environmental Concerns with Hydrochloric Acid?,"[""scout_report""]","[""acid"", ""Mitigate Environmental Concerns"", ""Hydrochloric Acid"", ""innovative"", ""safer HCl handling"", ""robust containment advanced monitoring"", ""eco-friendly alternatives"", ""safety now""]",本文梳理acid、Mitigate Environmental Concerns、Hydrochloric Acid的技术原理、研究或验证方法与应用证据，并讨论性能和可行性，为研发方向选择与后续验证提供参考。,researcher_scientist,chemical,"[""find_research_methods"", ""track_research_trends""]",2025-07-01,"[""specialty_chemicals""]"
What are the Long-Term Environmental Effects of Muriatic Acid?,"请据《What are the Long-Term Environmental Effects of Muriatic Acid?》生成结构化报告。分类:trend_brief；对象:researcher_scientist；行业:chemical/specialty_chemicals；任务:track_research_trends,explore_new_research_fields；关键词:acid、Long-Term Environmental、Muriatic Acid、long-term environmental impact、muriatic acid exposure Gain。概述:本文梳理acid、Long-Term Environmental、Muriatic Acid的研究进展、应用潜力与关键不确定性，为趋势跟踪和后续研究方向选择提供参考。须含标题、摘要、结论、背景、技术/产品/市场/IP、风险机会、可落地建议、未来研究。",https://eureka.patsnap.com/ai-search/sess_96a9ee882a99445a?from=rd-home&start_from=eureka_landingpage,https://eureka.patsnap.com/share/?id=c23bb02aef0544fb997d05fe5c824422&from=invite-eureakplg-result&content=,What are the Long-Term Environmental Effects of Muriatic Acid?,"[""trend_brief""]","[""acid"", ""Long-Term Environmental"", ""Muriatic Acid"", ""long-term environmental impact"", ""muriatic acid exposure Gain"", ""acid exposure Gain insights"", ""effective management"", ""regulation""]",本文梳理acid、Long-Term Environmental、Muriatic Acid的研究进展、应用潜力与关键不确定性，为趋势跟踪和后续研究方向选择提供参考。,researcher_scientist,chemical,"[""track_research_trends"", ""explore_new_research_fields""]",2025-07-18,"[""specialty_chemicals""]"
Tartaric Acid vs Oxalic Acid in Cleaning Solutions,"请据《Tartaric Acid vs Oxalic Acid in Cleaning Solutions》生成结构化报告。分类:competitor_analysis；对象:innovation_product_strategy；行业:chemical/household_and_personal_care_chemistry；任务:evaluate_r_and_d_directions,identify_innovation_opportunities；关键词:acid、Tartaric Acid、Oxalic Acid、Cleaning、tartaric。概述:本文比较acid、Tartaric Acid、Oxalic Acid在性能、成本、可靠性和适用条件上的差异，并给出验证思路，为技术选型与研发决策提供参考。须含标题、摘要、结论、背景、技术/产品/市场/IP、风险机会、可落地建议、未来研究。",https://eureka.patsnap.com/ai-search/sess_fd5d54fe140a43e9?from=rd-home&start_from=eureka_landingpage,https://eureka.patsnap.com/share/?id=bdc3565806f395018dcbbeffc8bcc97a&from=invite-eureakplg-result&content=,Tartaric Acid vs Oxalic Acid in Cleaning Solutions,"[""competitor_analysis""]","[""acid"", ""Tartaric Acid"", ""Oxalic Acid"", ""Cleaning"", ""tartaric"", ""oxalic acids"", ""evaluating efficacy environmental impact"", ""commercial viability""]",本文比较acid、Tartaric Acid、Oxalic Acid在性能、成本、可靠性和适用条件上的差异，并给出验证思路，为技术选型与研发决策提供参考。,innovation_product_strategy,chemical,"[""evaluate_r_and_d_directions"", ""identify_innovation_opportunities""]",2025-08-25,"[""household_and_personal_care_chemistry""]"
Hydrochloric Acid in Acidizing Wells: Best Practices,"请据《Hydrochloric Acid in Acidizing Wells: Best Practices》生成结构化报告。分类:scout_report；对象:researcher_scientist；行业:chemical/specialty_chemicals；任务:explore_new_research_fields,track_research_trends；关键词:acid、Hydrochloric Acid、Acidizing Wells Best Practices、HCl acidizing creates flow、acidizing creates flow channels。概述:本文梳理acid、Hydrochloric Acid、Acidizing Wells Best Practices的技术原理、研究或验证方法与应用证据，并讨论性能和可行性，为研发方向选择与后续验证提供参考。须含标题、摘要、结论、背景、技术/产品/市场/IP、风险机会、可落地建议、未来研究。",https://eureka.patsnap.com/ai-search/sess_f32bfef715c24c2e?from=rd-home&start_from=eureka_landingpage,https://eureka.patsnap.com/share/?id=96b48a94ac1be370fada3bcd4f40048f&from=invite-eureakplg-result&content=,Hydrochloric Acid in Acidizing Wells: Best Practices,"[""scout_report""]","[""acid"", ""Hydrochloric Acid"", ""Acidizing Wells Best Practices"", ""HCl acidizing creates flow"", ""acidizing creates flow channels"", ""carbonate formations"", ""oil"", ""gas production Learn about""]",本文梳理acid、Hydrochloric Acid、Acidizing Wells Best Practices的技术原理、研究或验证方法与应用证据，并讨论性能和可行性，为研发方向选择与后续验证提供参考。,researcher_scientist,chemical,"[""explore_new_research_fields"", ""track_research_trends""]",2025-07-01,"[""specialty_chemicals""]"
Fulvic Acid vs. Humic Acid: Effectiveness in Toxic Metal Absorption,"请据《Fulvic Acid vs. Humic Acid: Effectiveness in Toxic Metal Absorption》生成结构化报告。分类:competitor_analysis；对象:innovation_product_strategy；行业:chemical/specialty_chemicals；任务:evaluate_r_and_d_directions,identify_innovation_opportunities；关键词:fulvic acid、humic acid、metal、acid、Humic Acid Effectiveness。概述:本文比较fulvic acid、humic acid、metal在性能、成本、可靠性和适用条件上的差异，并给出验证思路，为技术选型与研发决策提供参考。须含标题、摘要、结论、背景、技术/产品/市场/IP、风险机会、可落地建议、未来研究。",https://eureka.patsnap.com/ai-search/sess_6e396affd8da4df0?from=rd-home&start_from=eureka_landingpage,https://eureka.patsnap.com/share/?id=c2631a3ec98724b337e7caf2af9543db&from=invite-eureakplg-result&content=,Fulvic Acid vs. Humic Acid: Effectiveness in Toxic Metal Absorption,"[""competitor_analysis""]","[""fulvic acid"", ""humic acid"", ""metal"", ""acid"", ""Humic Acid Effectiveness"", ""Toxic Metal Absorption"", ""which organic acid offers"", ""superior toxic metal remediation""]",本文比较fulvic acid、humic acid、metal在性能、成本、可靠性和适用条件上的差异，并给出验证思路，为技术选型与研发决策提供参考。,innovation_product_strategy,chemical,"[""evaluate_r_and_d_directions"", ""identify_innovation_opportunities""]",2025-08-28,"[""specialty_chemicals""]"
Optimize Fiber Reinforcement in Concrete for Crack Control,"请据《Optimize Fiber Reinforcement in Concrete for Crack Control》生成结构化报告。分类:scout_report；对象:rd_engineer_inventor；行业:construction/building_materials；任务:find_technical_solutions,explore_existing_technologies；关键词:concrete、Fiber Reinforcement、Crack、risk controls、reinforced concrete。概述:本文梳理concrete、Fiber Reinforcement、Crack的技术原理、研究或验证方法与应用证据，并讨论性能和可行性，为研发方向选择与后续验证提供参考。须含标题、摘要、结论、背景、技术/产品/市场/IP、风险机会、可落地建议、未来研究。",https://eureka.patsnap.com/ai-search/sess_d462c86040b44e65?from=rd-home&start_from=eureka_landingpage,https://eureka.patsnap.com/share/?id=63decc21af1c6dd3aeb7fcec91ab909b&from=invite-eureakplg-result&content=,Optimize Fiber Reinforcement in Concrete for Crack Control,"[""scout_report""]","[""concrete"", ""Fiber Reinforcement"", ""Crack"", ""risk controls"", ""reinforced concrete""]",本文梳理concrete、Fiber Reinforcement、Crack的技术原理、研究或验证方法与应用证据，并讨论性能和可行性，为研发方向选择与后续验证提供参考。,rd_engineer_inventor,construction,"[""find_technical_solutions"", ""explore_existing_technologies""]",2026-09-08,"[""building_materials""]"
Plastic Hinge Behavior Under High Axial Load in Columns,"请据《Plastic Hinge Behavior Under High Axial Load in Columns》生成结构化报告。分类:scout_report；对象:rd_engineer_inventor；行业:construction/construction_methods；任务:find_technical_solutions,explore_existing_technologies；关键词:plastic、Plastic Hinge Behavior、High Axial Load、Columns、risk controls。概述:本文梳理plastic、Plastic Hinge Behavior、High Axial Load的技术原理、研究或验证方法与应用证据，并讨论性能和可行性，为研发方向选择与后续验证提供参考。须含标题、摘要、结论、背景、技术/产品/市场/IP、风险机会、可落地建议、未来研究。",https://eureka.patsnap.com/ai-search/sess_092afea72c544d94?from=rd-home&start_from=eureka_landingpage,https://eureka.patsnap.com/share/?id=b38a6051601c932f5d64a33d2d39b146&from=invite-eureakplg-result&content=,Plastic Hinge Behavior Under High Axial Load in Columns,"[""scout_report""]","[""plastic"", ""Plastic Hinge Behavior"", ""High Axial Load"", ""Columns"", ""risk controls"", ""plastic hinge""]",本文梳理plastic、Plastic Hinge Behavior、High Axial Load的技术原理、研究或验证方法与应用证据，并讨论性能和可行性，为研发方向选择与后续验证提供参考。,rd_engineer_inventor,construction,"[""find_technical_solutions"", ""explore_existing_technologies""]",2026-09-08,"[""construction_methods""]"
HBM4 TSV Pitch: Density Targets And SI/PI Trade-Offs,"请据《HBM4 TSV Pitch: Density Targets And SI/PI Trade-Offs》生成结构化报告。分类:competitor_analysis；对象:innovation_product_strategy；行业:electronics_manufacturing/semiconductor_and_packaging；任务:evaluate_r_and_d_directions,identify_innovation_opportunities；关键词:hbm4、HBM4 TSV Pitch Density、TSV Pitch Density Targets、SI/PI Trade-Offs、TSV。概述:本文比较hbm4、HBM4 TSV Pitch Density、TSV Pitch Density Targets在性能、成本、可靠性和适用条件上的差异，并给出验证思路，为技术选型与研发决策提供参考。须含标题、摘要、结论、背景、技术/产品/市场/IP、风险机会、可落地建议、未来研究。",https://eureka.patsnap.com/ai-search/sess_4b74d10ec65e4fe6?from=rd-home&start_from=eureka_landingpage,https://eureka.patsnap.com/share/?id=0d22d4a73edae5e68e08f75d89007a67&from=invite-eureakplg-result&content=,HBM4 TSV Pitch: Density Targets And SI/PI Trade-Offs,"[""competitor_analysis""]","[""hbm4"", ""HBM4 TSV Pitch Density"", ""TSV Pitch Density Targets"", ""SI/PI Trade-Offs"", ""TSV"", ""SI/PI"", ""reliability"", ""advanced TSV""]",本文比较hbm4、HBM4 TSV Pitch Density、TSV Pitch Density Targets在性能、成本、可靠性和适用条件上的差异，并给出验证思路，为技术选型与研发决策提供参考。,innovation_product_strategy,electronics_manufacturing,"[""evaluate_r_and_d_directions"", ""identify_innovation_opportunities""]",2025-09-12,"[""semiconductor_and_packaging""]"
"Package Comparison For GaN Power Devices: QFN, LGA, And Flip-Chip","请据《Package Comparison For GaN Power Devices: QFN, LGA, And Flip-Chip》生成结构化报告。分类:competitor_analysis；对象:innovation_product_strategy；行业:electronics_manufacturing/semiconductor_and_packaging；任务:evaluate_r_and_d_directions,identify_innovation_opportunities；关键词:gan power、Package、QFN LGA、Flip-Chip、QFN。概述:本文比较gan power、Package、QFN LGA在性能、成本、可靠性和适用条件上的差异，并给出验证思路，为技术选型与研发决策提供参考。须含标题、摘要、结论、背景、技术/产品/市场/IP、风险机会、可落地建议、未来研究。",https://eureka.patsnap.com/ai-search/sess_790cce531e344fb9?from=rd-home&start_from=eureka_landingpage,https://eureka.patsnap.com/share/?id=49bf66eed2f4a68050b01db8f0f8aaca&from=invite-eureakplg-result&content=,"Package Comparison For GaN Power Devices: QFN, LGA, And Flip-Chip","[""competitor_analysis""]","[""gan power"", ""Package"", ""QFN LGA"", ""Flip-Chip"", ""QFN"", ""LGA"", ""Exploring GaN power"", ""packaging evolution""]",本文比较gan power、Package、QFN LGA在性能、成本、可靠性和适用条件上的差异，并给出验证思路，为技术选型与研发决策提供参考。,innovation_product_strategy,electronics_manufacturing,"[""evaluate_r_and_d_directions"", ""identify_innovation_opportunities""]",2025-08-26,"[""semiconductor_and_packaging""]"
Benchmark DDR5 Power Consumption at Different Loads,"请据《Benchmark DDR5 Power Consumption at Different Loads》生成结构化报告。分类:competitor_analysis；对象:innovation_product_strategy；行业:electronics_manufacturing/semiconductor_and_packaging；任务:evaluate_r_and_d_directions,identify_innovation_opportunities；关键词:ddr5、Benchmark DDR5 Power Consumption、Loads、artificial intelligence、signal integrity。概述:本文比较ddr5、Benchmark DDR5 Power Consumption、Loads在性能、成本、可靠性和适用条件上的差异，并给出验证思路，为技术选型与研发决策提供参考。须含标题、摘要、结论、背景、技术/产品/市场/IP、风险机会、可落地建议、未来研究。",https://eureka.patsnap.com/ai-search/sess_e117e2956ef74340?from=rd-home&start_from=eureka_landingpage,https://eureka.patsnap.com/share/?id=112316a54e8d1bd19a40c20f18ebe130&from=invite-eureakplg-result&content=,Benchmark DDR5 Power Consumption at Different Loads,"[""competitor_analysis""]","[""ddr5"", ""Benchmark DDR5 Power Consumption"", ""Loads"", ""artificial intelligence"", ""signal integrity"", ""building"", ""DDR5 memory"", ""represents""]",本文比较ddr5、Benchmark DDR5 Power Consumption、Loads在性能、成本、可靠性和适用条件上的差异，并给出验证思路，为技术选型与研发决策提供参考。,innovation_product_strategy,electronics_manufacturing,"[""evaluate_r_and_d_directions"", ""identify_innovation_opportunities""]",2025-09-17,"[""semiconductor_and_packaging""]"
"Wire Bonding On Aluminum Pads: Pad Damage, Cratering And Passivation Integrity","请据《Wire Bonding On Aluminum Pads: Pad Damage, Cratering And Passivation Integrity》生成结构化报告。分类:risk_watch；对象:rd_engineer_inventor；行业:electronics_manufacturing/semiconductor_and_packaging；任务:find_technical_solutions,assess_technical_feasibility；关键词:wire bonding、aluminum、Aluminum Pads Pad Damage、Pads Pad Damage Cratering、Passivation Integrity。概述:本文分析wire bonding、aluminum、Aluminum Pads Pad Damage的失效机理、风险来源与控制方法，并给出检测或验证要点，为降低研发和应用风险提供参考。须含标题、摘要、结论、背景、技术/产品/市场/IP、风险机会、可落地建议、未来研究。",https://eureka.patsnap.com/ai-search/sess_caac01f6c8ad4f3f?from=rd-home&start_from=eureka_landingpage,https://eureka.patsnap.com/share/?id=43a0325c34a2e34d8525021d2217801c&from=invite-eureakplg-result&content=,"Wire Bonding On Aluminum Pads: Pad Damage, Cratering And Passivation Integrity","[""risk_watch""]","[""wire bonding"", ""aluminum"", ""Aluminum Pads Pad Damage"", ""Pads Pad Damage Cratering"", ""Passivation Integrity"", ""semiconductor"", ""reliability"", ""has evolved significantly since""]",本文分析wire bonding、aluminum、Aluminum Pads Pad Damage的失效机理、风险来源与控制方法，并给出检测或验证要点，为降低研发和应用风险提供参考。,rd_engineer_inventor,electronics_manufacturing,"[""find_technical_solutions"", ""assess_technical_feasibility""]",2025-09-16,"[""semiconductor_and_packaging""]"
"Benchmarking MRAM Against SRAM: Latency, Density and Power Profiles","请据《Benchmarking MRAM Against SRAM: Latency, Density and Power Profiles》生成结构化报告。分类:competitor_analysis；对象:innovation_product_strategy；行业:electronics_manufacturing/semiconductor_and_packaging；任务:evaluate_r_and_d_directions,identify_innovation_opportunities；关键词:mram、sram、Benchmarking MRAM Against SRAM、Against SRAM Latency Density、Power Profiles。概述:本文比较mram、sram、Benchmarking MRAM Against SRAM在性能、成本、可靠性和适用条件上的差异，并给出验证思路，为技术选型与研发决策提供参考。须含标题、摘要、结论、背景、技术/产品/市场/IP、风险机会、可落地建议、未来研究。",https://eureka.patsnap.com/ai-search/sess_e17d15d4af9941ef?from=rd-home&start_from=eureka_landingpage,https://eureka.patsnap.com/share/?id=20fbac3d20fc30b49cc504f470950560&from=invite-eureakplg-result&content=,"Benchmarking MRAM Against SRAM: Latency, Density and Power Profiles","[""competitor_analysis""]","[""mram"", ""sram"", ""Benchmarking MRAM Against SRAM"", ""Against SRAM Latency Density"", ""Power Profiles"", ""our"", ""cache hierarchies evaluating"", ""metrics""]",本文比较mram、sram、Benchmarking MRAM Against SRAM在性能、成本、可靠性和适用条件上的差异，并给出验证思路，为技术选型与研发决策提供参考。,innovation_product_strategy,electronics_manufacturing,"[""evaluate_r_and_d_directions"", ""identify_innovation_opportunities""]",2025-08-27,"[""semiconductor_and_packaging""]"
Perovskite vs Silicon: Stability Comparison for Long-Term Field Deployment,"请据《Perovskite vs Silicon: Stability Comparison for Long-Term Field Deployment》生成结构化报告。分类:competitor_analysis；对象:innovation_product_strategy；行业:energy/solar_and_power_electronics；任务:evaluate_r_and_d_directions,identify_innovation_opportunities；关键词:perovskite、Silicon Stability、Long-Term Field Deployment、solar、silicon solar cell stability。概述:本文比较perovskite、Silicon Stability、Long-Term Field Deployment在性能、成本、可靠性和适用条件上的差异，并给出验证思路，为技术选型与研发决策提供参考。须含标题、摘要、结论、背景、技术/产品/市场/IP、风险机会、可落地建议、未来研究。",https://eureka.patsnap.com/ai-search/sess_7f38d3f347de459e?from=rd-home&start_from=eureka_landingpage,https://eureka.patsnap.com/share/?id=166a1107e72b80bb7a3c0d443967710c&from=invite-eureakplg-result&content=,Perovskite vs Silicon: Stability Comparison for Long-Term Field Deployment,"[""competitor_analysis""]","[""perovskite"", ""Silicon Stability"", ""Long-Term Field Deployment"", ""solar"", ""silicon solar cell stability"", ""long-term field"", ""challenges"", ""advancements""]",本文比较perovskite、Silicon Stability、Long-Term Field Deployment在性能、成本、可靠性和适用条件上的差异，并给出验证思路，为技术选型与研发决策提供参考。,innovation_product_strategy,energy,"[""evaluate_r_and_d_directions"", ""identify_innovation_opportunities""]",2025-08-20,"[""solar_and_power_electronics""]"
How to Size Renewable Energy Storage for Peak Demand,"请据《How to Size Renewable Energy Storage for Peak Demand》生成结构化报告。分类:scout_report；对象:rd_engineer_inventor；行业:energy/batteries_and_storage；任务:find_technical_solutions,assess_technical_feasibility；关键词:renewable energy、energy storage、Size Renewable Energy Storage、Peak Demand、solar。概述:本文梳理renewable energy、energy storage、Size Renewable Energy Storage的技术原理、研究或验证方法与应用证据，并讨论性能和可行性，为研发方向选择与后续验证提供参考。须含标题、摘要、结论、背景、技术/产品/市场/IP、风险机会、可落地建议、未来研究。",https://eureka.patsnap.com/ai-search/sess_3bafd8b25bd548da?from=rd-home&start_from=eureka_landingpage,https://eureka.patsnap.com/share/?id=ccffdab822f7b50d98b9828c21cd53c2&from=invite-eureakplg-result&content=,How to Size Renewable Energy Storage for Peak Demand,"[""scout_report""]","[""renewable energy"", ""energy storage"", ""Size Renewable Energy Storage"", ""Peak Demand"", ""solar"", ""wind power integration"", ""revolutionizing modern grids"", ""insights""]",本文梳理renewable energy、energy storage、Size Renewable Energy Storage的技术原理、研究或验证方法与应用证据，并讨论性能和可行性，为研发方向选择与后续验证提供参考。,rd_engineer_inventor,energy,"[""find_technical_solutions"", ""assess_technical_feasibility""]",2026-09-08,"[""batteries_and_storage""]"
Measure Round-Trip Efficiency for Storage Project Decisions,"请据《Measure Round-Trip Efficiency for Storage Project Decisions》生成结构化报告。分类:scout_report；对象:rd_engineer_inventor；行业:energy/batteries_and_storage；任务:find_technical_solutions,assess_technical_feasibility；关键词:round-trip efficiency、Storage Project Decisions、renewable energy、energy storage、round-trip efficiency drives renewable。概述:本文梳理round-trip efficiency、Storage Project Decisions、renewable energy的技术原理、研究或验证方法与应用证据，并讨论性能和可行性，为研发方向选择与后续验证提供参考。须含标题、摘要、结论、背景、技术/产品/市场/IP、风险机会、可落地建议、未来研究。",https://eureka.patsnap.com/ai-search/sess_60b14bd9245e46d4?from=rd-home&start_from=eureka_landingpage,https://eureka.patsnap.com/share/?id=c8528d5c90e66bdc19669c8043ab7771&from=invite-eureakplg-result&content=,Measure Round-Trip Efficiency for Storage Project Decisions,"[""scout_report""]","[""round-trip efficiency"", ""Storage Project Decisions"", ""renewable energy"", ""energy storage"", ""round-trip efficiency drives renewable"", ""renewable energy storage decisions"", ""shapes"", ""investments""]",本文梳理round-trip efficiency、Storage Project Decisions、renewable energy的技术原理、研究或验证方法与应用证据，并讨论性能和可行性，为研发方向选择与后续验证提供参考。,rd_engineer_inventor,energy,"[""find_technical_solutions"", ""assess_technical_feasibility""]",2026-09-08,"[""batteries_and_storage""]"
Thermal Storage vs Lithium Batteries for Solar Shifting,"请据《Thermal Storage vs Lithium Batteries for Solar Shifting》生成结构化报告。分类:competitor_analysis；对象:innovation_product_strategy；行业:energy/batteries_and_storage；任务:evaluate_r_and_d_directions,identify_innovation_opportunities；关键词:thermal storage、batteries、solar、Lithium Batteries、Solar Shifting。概述:本文比较thermal storage、batteries、solar在性能、成本、可靠性和适用条件上的差异，并给出验证思路，为技术选型与研发决策提供参考。须含标题、摘要、结论、背景、技术/产品/市场/IP、风险机会、可落地建议、未来研究。",https://eureka.patsnap.com/ai-search/sess_8a16aeb94d8546af?from=rd-home&start_from=eureka_landingpage,https://eureka.patsnap.com/share/?id=9ddcaa049c2eeef41ae26b41be5f3e75&from=invite-eureakplg-result&content=,Thermal Storage vs Lithium Batteries for Solar Shifting,"[""competitor_analysis""]","[""thermal storage"", ""batteries"", ""solar"", ""Lithium Batteries"", ""Solar Shifting"", ""renewable energy"", ""solar power intermittency challenges"", ""addressed""]",本文比较thermal storage、batteries、solar在性能、成本、可靠性和适用条件上的差异，并给出验证思路，为技术选型与研发决策提供参考。,innovation_product_strategy,energy,"[""evaluate_r_and_d_directions"", ""identify_innovation_opportunities""]",2026-09-08,"[""batteries_and_storage""]"
Optimize Storage State Estimation for Renewable Microgrids,"请据《Optimize Storage State Estimation for Renewable Microgrids》生成结构化报告。分类:scout_report；对象:rd_engineer_inventor；行业:energy/batteries_and_storage；任务:find_technical_solutions,assess_technical_feasibility；关键词:Storage State Estimation、Renewable Microgrids、solar、renewable microgrids revolutionize energy、microgrids revolutionize energy distribution。概述:本文梳理Storage State Estimation、Renewable Microgrids、solar的技术原理、研究或验证方法与应用证据，并讨论性能和可行性，为研发方向选择与后续验证提供参考。须含标题、摘要、结论、背景、技术/产品/市场/IP、风险机会、可落地建议、未来研究。",https://eureka.patsnap.com/ai-search/sess_847609c445aa4da8?from=rd-home&start_from=eureka_landingpage,https://eureka.patsnap.com/share/?id=fe02e648d76bd021306a5ca6d6358ba5&from=invite-eureakplg-result&content=,Optimize Storage State Estimation for Renewable Microgrids,"[""scout_report""]","[""Storage State Estimation"", ""Renewable Microgrids"", ""solar"", ""renewable microgrids revolutionize energy"", ""microgrids revolutionize energy distribution"", ""solar wind"", ""storage integration"", ""sustainable power""]",本文梳理Storage State Estimation、Renewable Microgrids、solar的技术原理、研究或验证方法与应用证据，并讨论性能和可行性，为研发方向选择与后续验证提供参考。,rd_engineer_inventor,energy,"[""find_technical_solutions"", ""assess_technical_feasibility""]",2026-09-08,"[""batteries_and_storage""]"
Hexcel Corp.,请据《Hexcel Corp.》生成结构化报告。分类:competitor_analysis；对象:innovation_product_strategy；行业:engineering/manufacturing_process_engineering；任务:track_technologies_and_competitors；关键词:Hexcel Corp、automotive、industrial、composite、turbine。概述:本文概述Hexcel Corp.的业务与技术研发，并涵盖专利组合、竞争动态及市场趋势，可用于竞品跟踪和研发/IP决策。须含标题、摘要、结论、背景、技术/产品/市场/IP、风险机会、可落地建议、未来研究。,https://eureka.patsnap.com/ai-search/sess_3f431e98b1f44b90?from=rd-home&start_from=eureka_landingpage,https://eureka.patsnap.com/share/?id=1c83ae08c9c28dea0b8233298a21a5b0&from=invite-eureakplg-result&content=,Hexcel Corp.,"[""competitor_analysis""]","[""Hexcel Corp"", ""automotive"", ""industrial"", ""composite"", ""turbine"", ""technical research"", ""patent portfolio"", ""competitor monitoring"", ""market trends""]",本文概述Hexcel Corp.的业务与技术研发，并涵盖专利组合、竞争动态及市场趋势，可用于竞品跟踪和研发/IP决策。,innovation_product_strategy,engineering,"[""track_technologies_and_competitors""]",2026-09-08,"[""manufacturing_process_engineering""]"
Leica Geosystems AG,请据《Leica Geosystems AG》生成结构化报告。分类:competitor_analysis；对象:innovation_product_strategy；行业:engineering/manufacturing_process_engineering；任务:track_technologies_and_competitors；关键词:Leica Geosystems AG、manufacturing、construction、industrial、software。概述:本文概述Leica Geosystems AG的业务与技术研发，并涵盖专利组合、竞争动态及市场趋势，可用于竞品跟踪和研发/IP决策。须含标题、摘要、结论、背景、技术/产品/市场/IP、风险机会、可落地建议、未来研究。,https://eureka.patsnap.com/ai-search/sess_9c0649d226d442a8?from=rd-home&start_from=eureka_landingpage,https://eureka.patsnap.com/share/?id=9f539b78b208b7502d52276818af5687&from=invite-eureakplg-result&content=,Leica Geosystems AG,"[""competitor_analysis""]","[""Leica Geosystems AG"", ""manufacturing"", ""construction"", ""industrial"", ""software"", ""technical research"", ""patent portfolio"", ""competitor monitoring"", ""market trends""]",本文概述Leica Geosystems AG的业务与技术研发，并涵盖专利组合、竞争动态及市场趋势，可用于竞品跟踪和研发/IP决策。,innovation_product_strategy,engineering,"[""track_technologies_and_competitors""]",2026-09-08,"[""manufacturing_process_engineering""]"
"ABB Automation, Inc.","请据《ABB Automation, Inc.》生成结构化报告。分类:competitor_analysis；对象:innovation_product_strategy；行业:engineering/manufacturing_process_engineering；任务:track_technologies_and_competitors；关键词:ABB Automation, Inc、industrial、technical research、patent portfolio、competitor monitoring。概述:本文概述ABB Automation, Inc.的业务与技术研发，并涵盖专利组合、竞争动态及市场趋势，可用于竞品跟踪和研发/IP决策。须含标题、摘要、结论、背景、技术/产品/市场/IP、风险机会、可落地建议、未来研究。",https://eureka.patsnap.com/ai-search/sess_d719d92f47f44e9e?from=rd-home&start_from=eureka_landingpage,https://eureka.patsnap.com/share/?id=f6fb5f0fb523fcffe8031c870472a899&from=invite-eureakplg-result&content=,"ABB Automation, Inc.","[""competitor_analysis""]","[""ABB Automation, Inc"", ""industrial"", ""technical research"", ""patent portfolio"", ""competitor monitoring"", ""market trends""]","本文概述ABB Automation, Inc.的业务与技术研发，并涵盖专利组合、竞争动态及市场趋势，可用于竞品跟踪和研发/IP决策。",innovation_product_strategy,engineering,"[""track_technologies_and_competitors""]",2026-09-08,"[""manufacturing_process_engineering""]"
"Fuji Electronics Co., Ltd.","请据《Fuji Electronics Co., Ltd.》生成结构化报告。分类:competitor_analysis；对象:innovation_product_strategy；行业:engineering/industrial_equipment；任务:track_technologies_and_competitors；关键词:Fuji Electronics Co., Ltd、technical research、patent portfolio、competitor monitoring、market trends。概述:本文概述Fuji Electronics Co., Ltd.的业务与技术研发，并涵盖专利组合、竞争动态及市场趋势，可用于竞品跟踪和研发/IP决策。须含标题、摘要、结论、背景、技术/产品/市场/IP、风险机会、可落地建议、未来研究。",https://eureka.patsnap.com/ai-search/sess_c479ef252a254100?from=rd-home&start_from=eureka_landingpage,https://eureka.patsnap.com/share/?id=49ce56192a2cf0639d53ec52f58f55da&from=invite-eureakplg-result&content=,"Fuji Electronics Co., Ltd.","[""competitor_analysis""]","[""Fuji Electronics Co., Ltd"", ""technical research"", ""patent portfolio"", ""competitor monitoring"", ""market trends""]","本文概述Fuji Electronics Co., Ltd.的业务与技术研发，并涵盖专利组合、竞争动态及市场趋势，可用于竞品跟踪和研发/IP决策。",innovation_product_strategy,engineering,"[""track_technologies_and_competitors""]",2026-09-08,"[""industrial_equipment""]"
"Kennametal, Inc.","请据《Kennametal, Inc.》生成结构化报告。分类:competitor_analysis；对象:innovation_product_strategy；行业:engineering/manufacturing_process_engineering；任务:track_technologies_and_competitors；关键词:Kennametal, Inc、infrastructure、manufacturing、industrial、car。概述:本文概述Kennametal, Inc.的业务与技术研发，并涵盖专利组合、竞争动态及市场趋势，可用于竞品跟踪和研发/IP决策。须含标题、摘要、结论、背景、技术/产品/市场/IP、风险机会、可落地建议、未来研究。",https://eureka.patsnap.com/ai-search/sess_97334f1f955e470b?from=rd-home&start_from=eureka_landingpage,https://eureka.patsnap.com/share/?id=de3ddfbea6da7f77018788ed91194152&from=invite-eureakplg-result&content=,"Kennametal, Inc.","[""competitor_analysis""]","[""Kennametal, Inc"", ""infrastructure"", ""manufacturing"", ""industrial"", ""car"", ""technical research"", ""patent portfolio"", ""competitor monitoring"", ""market trends""]","本文概述Kennametal, Inc.的业务与技术研发，并涵盖专利组合、竞争动态及市场趋势，可用于竞品跟踪和研发/IP决策。",innovation_product_strategy,engineering,"[""track_technologies_and_competitors""]",2026-09-08,"[""manufacturing_process_engineering""]"
Analysis of Environmental Impact in Titanium Alloy vs Stainless Steel Production,"请据《Analysis of Environmental Impact in Titanium Alloy vs Stainless Steel Production》生成结构化报告。分类:competitor_analysis；对象:innovation_product_strategy；行业:materials/metals_and_alloys；任务:evaluate_r_and_d_directions,identify_innovation_opportunities；关键词:stainless steel、titanium、alloy、steel、Environmental Impact。概述:本文比较stainless steel、titanium、alloy在性能、成本、可靠性和适用条件上的差异，并给出验证思路，为技术选型与研发决策提供参考。须含标题、摘要、结论、背景、技术/产品/市场/IP、风险机会、可落地建议、未来研究。",https://eureka.patsnap.com/ai-search/sess_2d56088b0c1f49a1?from=rd-home&start_from=eureka_landingpage,https://eureka.patsnap.com/share/?id=8f2d5108270b66a1ab898feedd10c5a3&from=invite-eureakplg-result&content=,Analysis of Environmental Impact in Titanium Alloy vs Stainless Steel Production,"[""competitor_analysis""]","[""stainless steel"", ""titanium"", ""alloy"", ""steel"", ""Environmental Impact"", ""Titanium Alloy"", ""Stainless Steel Production"", ""Exploring titanium""]",本文比较stainless steel、titanium、alloy在性能、成本、可靠性和适用条件上的差异，并给出验证思路，为技术选型与研发决策提供参考。,innovation_product_strategy,materials,"[""evaluate_r_and_d_directions"", ""identify_innovation_opportunities""]",2025-10-23,"[""metals_and_alloys""]"
Glycerol as a Plasticizer in Biodegradable Films,"请据《Glycerol as a Plasticizer in Biodegradable Films》生成结构化报告。分类:scout_report；对象:researcher_scientist；行业:materials/polymers_and_resins；任务:explore_new_research_fields,track_research_trends；关键词:Glycerol、Plasticizer、Biodegradable Films、plastic、groundbreaking biodegradable films rivaling。概述:本文梳理Glycerol、Plasticizer、Biodegradable Films的技术原理、研究或验证方法与应用证据，并讨论性能和可行性，为研发方向选择与后续验证提供参考。须含标题、摘要、结论、背景、技术/产品/市场/IP、风险机会、可落地建议、未来研究。",https://eureka.patsnap.com/ai-search/sess_aee3ced80de844b5?from=rd-home&start_from=eureka_landingpage,https://eureka.patsnap.com/share/?id=41407a0102e6c52930f3ae1e73a149dc&from=invite-eureakplg-result&content=,Glycerol as a Plasticizer in Biodegradable Films,"[""scout_report""]","[""Glycerol"", ""Plasticizer"", ""Biodegradable Films"", ""plastic"", ""groundbreaking biodegradable films rivaling"", ""films rivaling plastic packaging"", ""sustainable"", ""greener future Read our""]",本文梳理Glycerol、Plasticizer、Biodegradable Films的技术原理、研究或验证方法与应用证据，并讨论性能和可行性，为研发方向选择与后续验证提供参考。,researcher_scientist,materials,"[""explore_new_research_fields"", ""track_research_trends""]",2025-07-23,"[""polymers_and_resins""]"
New Horizons: UHMWPE in the 3D Printing Industry,"请据《New Horizons: UHMWPE in the 3D Printing Industry》生成结构化报告。分类:trend_brief；对象:researcher_scientist；行业:materials/polymers_and_resins；任务:track_research_trends,explore_new_research_fields；关键词:uhmwpe、Horizons UHMWPE、3D Printing Industry、manufacturing、groundbreaking 3D printing。概述:本文梳理uhmwpe、Horizons UHMWPE、3D Printing Industry的研究进展、应用潜力与关键不确定性，为趋势跟踪和后续研究方向选择提供参考。须含标题、摘要、结论、背景、技术/产品/市场/IP、风险机会、可落地建议、未来研究。",https://eureka.patsnap.com/ai-search/sess_67bd69ef780b4536?from=rd-home&start_from=eureka_landingpage,https://eureka.patsnap.com/share/?id=9f32253e53da02c599d4db37d2143e71&from=invite-eureakplg-result&content=,New Horizons: UHMWPE in the 3D Printing Industry,"[""trend_brief""]","[""uhmwpe"", ""Horizons UHMWPE"", ""3D Printing Industry"", ""manufacturing"", ""groundbreaking 3D printing"", ""UHMWPE Unlock complex geometries"", ""durability Revolutionize manufacturing now""]",本文梳理uhmwpe、Horizons UHMWPE、3D Printing Industry的研究进展、应用潜力与关键不确定性，为趋势跟踪和后续研究方向选择提供参考。,researcher_scientist,materials,"[""track_research_trends"", ""explore_new_research_fields""]",2025-08-06,"[""polymers_and_resins""]"
"Polyketone Carbon Monoxide Ethylene Propylene Terpolymer: Comprehensive Analysis Of Structure, Properties, And Engineering Applications","请据《Polyketone Carbon Monoxide Ethylene Propylene Terpolymer: Comprehensive Analysis Of Structure, Properties, And Engineering Applications》生成结构化报告。分类:scout_report；对象:researcher_scientist；行业:materials/polymers_and_resins；任务:explore_new_research_fields,track_research_trends；关键词:Polyketone Carbon Monoxide Ethylene、Monoxide Ethylene Propylene Terpolymer、Structure Properties、Engineering、bio-based。概述:本文梳理Polyketone Carbon Monoxide Ethylene、Monoxide Ethylene Propylene Terpolymer、Structure Properties的技术原理、研究或验证方法与应用证据，并讨论性能和可行性，为研发方向选择与后续验证提供参考。须含标题、摘要、结论、背景、技术/产品/市场/IP、风险机会、可落地建议、未来研究。",https://eureka.patsnap.com/ai-search/sess_e6e4be9f677c45f7?from=rd-home&start_from=eureka_landingpage,https://eureka.patsnap.com/share/?id=2752db4198c520ad85543cebefc4b3d3&from=invite-eureakplg-result&content=,"Polyketone Carbon Monoxide Ethylene Propylene Terpolymer: Comprehensive Analysis Of Structure, Properties, And Engineering Applications","[""scout_report""]","[""Polyketone Carbon Monoxide Ethylene"", ""Monoxide Ethylene Propylene Terpolymer"", ""Structure Properties"", ""Engineering"", ""bio-based"", ""kevlar"", ""sustainable innovations"", ""eco-friendly production""]",本文梳理Polyketone Carbon Monoxide Ethylene、Monoxide Ethylene Propylene Terpolymer、Structure Properties的技术原理、研究或验证方法与应用证据，并讨论性能和可行性，为研发方向选择与后续验证提供参考。,researcher_scientist,materials,"[""explore_new_research_fields"", ""track_research_trends""]",2025-07-10,"[""polymers_and_resins""]"
CFRP vs Aluminum: Comparing Weight and Stiffness Ratios,"请据《CFRP vs Aluminum: Comparing Weight and Stiffness Ratios》生成结构化报告。分类:competitor_analysis；对象:innovation_product_strategy；行业:materials/metals_and_alloys；任务:evaluate_r_and_d_directions,identify_innovation_opportunities；关键词:aluminum、cfrp、Weight、Stiffness Ratios、manufacturing。概述:本文比较aluminum、cfrp、Weight在性能、成本、可靠性和适用条件上的差异，并给出验证思路，为技术选型与研发决策提供参考。须含标题、摘要、结论、背景、技术/产品/市场/IP、风险机会、可落地建议、未来研究。",https://eureka.patsnap.com/ai-search/sess_9c57e019356a4e80?from=rd-home&start_from=eureka_landingpage,https://eureka.patsnap.com/share/?id=04c4efa6a87e7900dddcc835ba7e3cb9&from=invite-eureakplg-result&content=,CFRP vs Aluminum: Comparing Weight and Stiffness Ratios,"[""competitor_analysis""]","[""aluminum"", ""cfrp"", ""Weight"", ""Stiffness Ratios"", ""manufacturing"", ""mechanical"", ""objectives"", ""field focus""]",本文比较aluminum、cfrp、Weight在性能、成本、可靠性和适用条件上的差异，并给出验证思路，为技术选型与研发决策提供参考。,innovation_product_strategy,materials,"[""evaluate_r_and_d_directions"", ""identify_innovation_opportunities""]",2025-09-17,"[""metals_and_alloys""]"
Microsoft Corp.,请据《Microsoft Corp.》生成结构化报告。分类:competitor_analysis；对象:innovation_product_strategy；行业:other/general_strategy；任务:track_technologies_and_competitors；关键词:Microsoft Corp、software、display、retail、technical research。概述:本文概述Microsoft Corp.的业务与技术研发，并涵盖专利组合、竞争动态及市场趋势，可用于竞品跟踪和研发/IP决策。须含标题、摘要、结论、背景、技术/产品/市场/IP、风险机会、可落地建议、未来研究。,https://eureka.patsnap.com/ai-search/sess_055c0ddab1f54d41?from=rd-home&start_from=eureka_landingpage,https://eureka.patsnap.com/share/?id=42f113769f3675dbd55ee47deebe2a31&from=invite-eureakplg-result&content=,Microsoft Corp.,"[""competitor_analysis""]","[""Microsoft Corp"", ""software"", ""display"", ""retail"", ""technical research"", ""patent portfolio"", ""competitor monitoring"", ""market trends""]",本文概述Microsoft Corp.的业务与技术研发，并涵盖专利组合、竞争动态及市场趋势，可用于竞品跟踪和研发/IP决策。,innovation_product_strategy,other,"[""track_technologies_and_competitors""]",2026-09-08,"[""general_strategy""]"
Pilz GmbH & Co. KG,请据《Pilz GmbH & Co. KG》生成结构化报告。分类:competitor_analysis；对象:innovation_product_strategy；行业:other/general_strategy；任务:track_technologies_and_competitors；关键词:Pilz GmbH & Co. KG、software、technical research、patent portfolio、competitor monitoring。概述:本文概述Pilz GmbH & Co. KG的业务与技术研发，并涵盖专利组合、竞争动态及市场趋势，可用于竞品跟踪和研发/IP决策。须含标题、摘要、结论、背景、技术/产品/市场/IP、风险机会、可落地建议、未来研究。,https://eureka.patsnap.com/ai-search/sess_a6cc7cc1a05d42a9?from=rd-home&start_from=eureka_landingpage,https://eureka.patsnap.com/share/?id=6d440b68421586446712c172185dc326&from=invite-eureakplg-result&content=,Pilz GmbH & Co. KG,"[""competitor_analysis""]","[""Pilz GmbH & Co. KG"", ""software"", ""technical research"", ""patent portfolio"", ""competitor monitoring"", ""market trends""]",本文概述Pilz GmbH & Co. KG的业务与技术研发，并涵盖专利组合、竞争动态及市场趋势，可用于竞品跟踪和研发/IP决策。,innovation_product_strategy,other,"[""track_technologies_and_competitors""]",2026-09-08,"[""general_strategy""]"
"Zhejiang Hd4u Smart Home Co., Ltd.","请据《Zhejiang Hd4u Smart Home Co., Ltd.》生成结构化报告。分类:competitor_analysis；对象:innovation_product_strategy；行业:other/general_strategy；任务:track_technologies_and_competitors；关键词:Zhejiang Hd4u Smart Home Co., Ltd、smart home、manufacturing、industrial、technical research。概述:本文概述Zhejiang Hd4u Smart Home Co., Ltd.的业务与技术研发，并涵盖专利组合、竞争动态及市场趋势，可用于竞品跟踪和研发/IP决策。须含标题、摘要、结论、背景、技术/产品/市场/IP、风险机会、可落地建议、未来研究。",https://eureka.patsnap.com/ai-search/sess_6e1ba13b63574ccb?from=rd-home&start_from=eureka_landingpage,https://eureka.patsnap.com/share/?id=67c724a3b084d110a39da3b1dd4b2bbe&from=invite-eureakplg-result&content=,"Zhejiang Hd4u Smart Home Co., Ltd.","[""competitor_analysis""]","[""Zhejiang Hd4u Smart Home Co., Ltd"", ""smart home"", ""manufacturing"", ""industrial"", ""technical research"", ""patent portfolio"", ""competitor monitoring"", ""market trends""]","本文概述Zhejiang Hd4u Smart Home Co., Ltd.的业务与技术研发，并涵盖专利组合、竞争动态及市场趋势，可用于竞品跟踪和研发/IP决策。",innovation_product_strategy,other,"[""track_technologies_and_competitors""]",2026-09-08,"[""general_strategy""]"
Wuhan University,请据《Wuhan University》生成结构化报告。分类:competitor_analysis；对象:innovation_product_strategy；行业:other/general_strategy；任务:track_technologies_and_competitors；关键词:Wuhan University、technical research、patent portfolio、competitor monitoring、market trends。概述:本文概述Wuhan University的业务与技术研发，并涵盖专利组合、竞争动态及市场趋势，可用于竞品跟踪和研发/IP决策。须含标题、摘要、结论、背景、技术/产品/市场/IP、风险机会、可落地建议、未来研究。,https://eureka.patsnap.com/ai-search/sess_133db8bc71484f95?from=rd-home&start_from=eureka_landingpage,https://eureka.patsnap.com/share/?id=79fe0a93c39b87a49440df1f5461e413&from=invite-eureakplg-result&content=,Wuhan University,"[""competitor_analysis""]","[""Wuhan University"", ""technical research"", ""patent portfolio"", ""competitor monitoring"", ""market trends""]",本文概述Wuhan University的业务与技术研发，并涵盖专利组合、竞争动态及市场趋势，可用于竞品跟踪和研发/IP决策。,innovation_product_strategy,other,"[""track_technologies_and_competitors""]",2026-09-08,"[""general_strategy""]"
Swiss Federal Institute of Technology Zurich,请据《Swiss Federal Institute of Technology Zurich》生成结构化报告。分类:competitor_analysis；对象:innovation_product_strategy；行业:other/general_strategy；任务:track_technologies_and_competitors；关键词:Swiss Federal Institute of Technology Zurich、technical research、patent portfolio、competitor monitoring、market trends。概述:本文概述Swiss Federal Institute of Technology Zurich的业务与技术研发，并涵盖专利组合、竞争动态及市场趋势，可用于竞品跟踪和研发/IP决策。须含标题、摘要、结论、背景、技术/产品/市场/IP、风险机会、可落地建议、未来研究。,https://eureka.patsnap.com/ai-search/sess_a6c3a2993191451b?from=rd-home&start_from=eureka_landingpage,https://eureka.patsnap.com/share/?id=689e5d6605eb27933f19f0ae2fba77ab&from=invite-eureakplg-result&content=,Swiss Federal Institute of Technology Zurich,"[""competitor_analysis""]","[""Swiss Federal Institute of Technology Zurich"", ""technical research"", ""patent portfolio"", ""competitor monitoring"", ""market trends""]",本文概述Swiss Federal Institute of Technology Zurich的业务与技术研发，并涵盖专利组合、竞争动态及市场趋势，可用于竞品跟踪和研发/IP决策。,innovation_product_strategy,other,"[""track_technologies_and_competitors""]",2026-09-08,"[""general_strategy""]"
Fossil Naphtha vs Bio-Naphtha: Drop-In Processing Risks,"请据《Fossil Naphtha vs Bio-Naphtha: Drop-In Processing Risks》生成结构化报告。分类:risk_watch；对象:rd_engineer_inventor；行业:chemical/specialty_chemicals；任务:find_technical_solutions,assess_technical_feasibility；关键词:naphtha、Fossil Naphtha、Bio-Naphtha Drop-In Processing Risks、naphtha drives petrochemical innovation、feedstock。概述:本文分析naphtha、Fossil Naphtha、Bio-Naphtha Drop-In Processing Risks的失效机理、风险来源与控制方法，并给出检测或验证要点，为降低研发和应用风险提供参考。须含标题、摘要、结论、背景、技术/产品/市场/IP、风险机会、可落地建议、未来研究。",https://eureka.patsnap.com/ai-search/sess_70975a9bbeeb461c?from=rd-home&start_from=eureka_landingpage,https://eureka.patsnap.com/share/?id=4bb75a6bd5765db180194bae4e3b8848&from=invite-eureakplg-result&content=,Fossil Naphtha vs Bio-Naphtha: Drop-In Processing Risks,"[""risk_watch""]","[""naphtha"", ""Fossil Naphtha"", ""Bio-Naphtha Drop-In Processing Risks"", ""naphtha drives petrochemical innovation"", ""feedstock"", ""steam cracker operations"", ""refining processes""]",本文分析naphtha、Fossil Naphtha、Bio-Naphtha Drop-In Processing Risks的失效机理、风险来源与控制方法，并给出检测或验证要点，为降低研发和应用风险提供参考。,rd_engineer_inventor,chemical,"[""find_technical_solutions"", ""assess_technical_feasibility""]",2026-09-08,"[""specialty_chemicals""]"
Naphtha Reforming vs Alkylation: Hydrogen and Octane,"请据《Naphtha Reforming vs Alkylation: Hydrogen and Octane》生成结构化报告。分类:competitor_analysis；对象:innovation_product_strategy；行业:chemical/specialty_chemicals；任务:evaluate_r_and_d_directions,identify_innovation_opportunities；关键词:reforming、hydrogen、naphtha、Naphtha Reforming、Alkylation Hydrogen。概述:本文比较reforming、hydrogen、naphtha在性能、成本、可靠性和适用条件上的差异，并给出验证思路，为技术选型与研发决策提供参考。须含标题、摘要、结论、背景、技术/产品/市场/IP、风险机会、可落地建议、未来研究。",https://eureka.patsnap.com/ai-search/sess_c85ac895b98f4737?from=rd-home&start_from=eureka_landingpage,https://eureka.patsnap.com/share/?id=7871dd2d7a0a8d8b4f531600ecbb0b11&from=invite-eureakplg-result&content=,Naphtha Reforming vs Alkylation: Hydrogen and Octane,"[""competitor_analysis""]","[""reforming"", ""hydrogen"", ""naphtha"", ""Naphtha Reforming"", ""Alkylation Hydrogen"", ""Octane"", ""naphtha transforms crude oil"", ""high-value fuels""]",本文比较reforming、hydrogen、naphtha在性能、成本、可靠性和适用条件上的差异，并给出验证思路，为技术选型与研发决策提供参考。,innovation_product_strategy,chemical,"[""evaluate_r_and_d_directions"", ""identify_innovation_opportunities""]",2026-09-08,"[""specialty_chemicals""]"
How to Manage Naphtha Feed Variability in Reformers,"请据《How to Manage Naphtha Feed Variability in Reformers》生成结构化报告。分类:scout_report；对象:rd_engineer_inventor；行业:chemical/specialty_chemicals；任务:find_technical_solutions,assess_technical_feasibility；关键词:naphtha、Manage Naphtha Feed Variability、Reformers、reforming、naphtha reforming transforms low-octane。概述:本文梳理naphtha、Manage Naphtha Feed Variability、Reformers的技术原理、研究或验证方法与应用证据，并讨论性能和可行性，为研发方向选择与后续验证提供参考。须含标题、摘要、结论、背景、技术/产品/市场/IP、风险机会、可落地建议、未来研究。",https://eureka.patsnap.com/ai-search/sess_c79881841b1645fc?from=rd-home&start_from=eureka_landingpage,https://eureka.patsnap.com/share/?id=ca65f53d97021f7088d9af6af6e0d618&from=invite-eureakplg-result&content=,How to Manage Naphtha Feed Variability in Reformers,"[""scout_report""]","[""naphtha"", ""Manage Naphtha Feed Variability"", ""Reformers"", ""reforming"", ""naphtha reforming transforms low-octane"", ""reforming transforms low-octane fractions"", ""high-octane reformate"", ""superior gasoline blending""]",本文梳理naphtha、Manage Naphtha Feed Variability、Reformers的技术原理、研究或验证方法与应用证据，并讨论性能和可行性，为研发方向选择与后续验证提供参考。,rd_engineer_inventor,chemical,"[""find_technical_solutions"", ""assess_technical_feasibility""]",2026-09-08,"[""specialty_chemicals""]"
Quantify Hydrophobic Sealant Aging Under Chemical Exposure,"请据《Quantify Hydrophobic Sealant Aging Under Chemical Exposure》生成结构化报告。分类:scout_report；对象:rd_engineer_inventor；行业:chemical/specialty_chemicals；任务:find_technical_solutions,assess_technical_feasibility；关键词:chemical exposure、chemical、Hydrophobic Sealant Aging、automotive、hydrophobic sealants revolutionize aerospace。概述:本文梳理chemical exposure、chemical、Hydrophobic Sealant Aging的技术原理、研究或验证方法与应用证据，并讨论性能和可行性，为研发方向选择与后续验证提供参考。须含标题、摘要、结论、背景、技术/产品/市场/IP、风险机会、可落地建议、未来研究。",https://eureka.patsnap.com/ai-search/sess_f9ad1cc332414957?from=rd-home&start_from=eureka_landingpage,https://eureka.patsnap.com/share/?id=2c068b7a4c5b008179967086ae5ec7a0&from=invite-eureakplg-result&content=,Quantify Hydrophobic Sealant Aging Under Chemical Exposure,"[""scout_report""]","[""chemical exposure"", ""chemical"", ""Hydrophobic Sealant Aging"", ""automotive"", ""hydrophobic sealants revolutionize aerospace"", ""sealants revolutionize aerospace automotive"", ""electronics industries"", ""cutting-edge""]",本文梳理chemical exposure、chemical、Hydrophobic Sealant Aging的技术原理、研究或验证方法与应用证据，并讨论性能和可行性，为研发方向选择与后续验证提供参考。,rd_engineer_inventor,chemical,"[""find_technical_solutions"", ""assess_technical_feasibility""]",2026-09-08,"[""specialty_chemicals""]"
HBM4 Stack Configurations: 12-Hi And 16-Hi Structures And Reliability,"请据《HBM4 Stack Configurations: 12-Hi And 16-Hi Structures And Reliability》生成结构化报告。分类:scout_report；对象:researcher_scientist；行业:electronics_manufacturing/semiconductor_and_packaging；任务:explore_new_research_fields,track_research_trends；关键词:reliability、hbm4、HBM4 Stack Configurations 12-Hi、16-Hi Structures、advanced HBM4 reliability。概述:本文梳理reliability、hbm4、HBM4 Stack Configurations 12-Hi的技术原理、研究或验证方法与应用证据，并讨论性能和可行性，为研发方向选择与后续验证提供参考。须含标题、摘要、结论、背景、技术/产品/市场/IP、风险机会、可落地建议、未来研究。",https://eureka.patsnap.com/ai-search/sess_e2fb08df79e64a59?from=rd-home&start_from=eureka_landingpage,https://eureka.patsnap.com/share/?id=a12631590f40c47699eb5b4efabe924c&from=invite-eureakplg-result&content=,HBM4 Stack Configurations: 12-Hi And 16-Hi Structures And Reliability,"[""scout_report""]","[""reliability"", ""hbm4"", ""HBM4 Stack Configurations 12-Hi"", ""16-Hi Structures"", ""advanced HBM4 reliability"", ""robust TSV structures error"", ""structures error correction mechanisms"", ""thermal management""]",本文梳理reliability、hbm4、HBM4 Stack Configurations 12-Hi的技术原理、研究或验证方法与应用证据，并讨论性能和可行性，为研发方向选择与后续验证提供参考。,researcher_scientist,electronics_manufacturing,"[""explore_new_research_fields"", ""track_research_trends""]",2025-09-12,"[""semiconductor_and_packaging""]"
"LPDDR5X Vs LPDDR5: Data Rate, Latency And Power Efficiency","请据《LPDDR5X Vs LPDDR5: Data Rate, Latency And Power Efficiency》生成结构化报告。分类:competitor_analysis；对象:innovation_product_strategy；行业:electronics_manufacturing/semiconductor_and_packaging；任务:evaluate_r_and_d_directions,identify_innovation_opportunities；关键词:LPDDR5X、LPDDR5 Data Rate Latency、Power Efficiency、LPDDR5、signal integrity。概述:本文比较LPDDR5X、LPDDR5 Data Rate Latency、Power Efficiency在性能、成本、可靠性和适用条件上的差异，并给出验证思路，为技术选型与研发决策提供参考。须含标题、摘要、结论、背景、技术/产品/市场/IP、风险机会、可落地建议、未来研究。",https://eureka.patsnap.com/ai-search/sess_89c0c73d81504ad8?from=rd-home&start_from=eureka_landingpage,https://eureka.patsnap.com/share/?id=d3866afce01eb462eab5a9b9e8b20557&from=invite-eureakplg-result&content=,"LPDDR5X Vs LPDDR5: Data Rate, Latency And Power Efficiency","[""competitor_analysis""]","[""LPDDR5X"", ""LPDDR5 Data Rate Latency"", ""Power Efficiency"", ""LPDDR5"", ""signal integrity"", ""LPDDR5X achieves lower latency"", ""refined architecture"", ""responsiveness""]",本文比较LPDDR5X、LPDDR5 Data Rate Latency、Power Efficiency在性能、成本、可靠性和适用条件上的差异，并给出验证思路，为技术选型与研发决策提供参考。,innovation_product_strategy,electronics_manufacturing,"[""evaluate_r_and_d_directions"", ""identify_innovation_opportunities""]",2025-09-17,"[""semiconductor_and_packaging""]"
OLED Display Response vs CRT: Speed Analysis for Gamers,"请据《OLED Display Response vs CRT: Speed Analysis for Gamers》生成结构化报告。分类:competitor_analysis；对象:innovation_product_strategy；行业:electronics_manufacturing/photonics_and_optics；任务:evaluate_r_and_d_directions,identify_innovation_opportunities；关键词:display、oled、OLED Display Response、CRT Speed、Gamers。概述:本文比较display、oled、OLED Display Response在性能、成本、可靠性和适用条件上的差异，并给出验证思路，为技术选型与研发决策提供参考。须含标题、摘要、结论、背景、技术/产品/市场/IP、风险机会、可落地建议、未来研究。",https://eureka.patsnap.com/ai-search/sess_6a67786877554cb2?from=rd-home&start_from=eureka_landingpage,https://eureka.patsnap.com/share/?id=be02695aed7f28aa11b9e05b89ee2dda&from=invite-eureakplg-result&content=,OLED Display Response vs CRT: Speed Analysis for Gamers,"[""competitor_analysis""]","[""display"", ""oled"", ""OLED Display Response"", ""CRT Speed"", ""Gamers"", ""CRT"", ""evolution"", ""OLED display""]",本文比较display、oled、OLED Display Response在性能、成本、可靠性和适用条件上的差异，并给出验证思路，为技术选型与研发决策提供参考。,innovation_product_strategy,electronics_manufacturing,"[""evaluate_r_and_d_directions"", ""identify_innovation_opportunities""]",2025-09-12,"[""photonics_and_optics""]"
"HBM4 TSV Engineering: Resistance, Capacitance And Signal Quality","请据《HBM4 TSV Engineering: Resistance, Capacitance And Signal Quality》生成结构化报告。分类:scout_report；对象:researcher_scientist；行业:electronics_manufacturing/semiconductor_and_packaging；任务:explore_new_research_fields,track_research_trends；关键词:hbm4、HBM4 TSV Engineering Resistance、TSV Engineering Resistance Capacitance、Signal Quality、TSV。概述:本文梳理hbm4、HBM4 TSV Engineering Resistance、TSV Engineering Resistance Capacitance的技术原理、研究或验证方法与应用证据，并讨论性能和可行性，为研发方向选择与后续验证提供参考。须含标题、摘要、结论、背景、技术/产品/市场/IP、风险机会、可落地建议、未来研究。",https://eureka.patsnap.com/ai-search/sess_dfa932643d9849de?from=rd-home&start_from=eureka_landingpage,https://eureka.patsnap.com/share/?id=10db3ce68c252193fa5f651d3e8b6a7f&from=invite-eureakplg-result&content=,"HBM4 TSV Engineering: Resistance, Capacitance And Signal Quality","[""scout_report""]","[""hbm4"", ""HBM4 TSV Engineering Resistance"", ""TSV Engineering Resistance Capacitance"", ""Signal Quality"", ""TSV"", ""evolution"", ""HBM"", ""TSV advancements""]",本文梳理hbm4、HBM4 TSV Engineering Resistance、TSV Engineering Resistance Capacitance的技术原理、研究或验证方法与应用证据，并讨论性能和可行性，为研发方向选择与后续验证提供参考。,researcher_scientist,electronics_manufacturing,"[""explore_new_research_fields"", ""track_research_trends""]",2025-09-12,"[""semiconductor_and_packaging""]"
Measure Heat Dissipation to Prevent LED Lumen Depreciation,"请据《Measure Heat Dissipation to Prevent LED Lumen Depreciation》生成结构化报告。分类:risk_watch；对象:rd_engineer_inventor；行业:electronics_manufacturing/photonics_and_optics；任务:find_technical_solutions,assess_technical_feasibility；关键词:led、Heat Dissipation、LED Lumen Depreciation、LEDs transformed、basic indicators。概述:本文分析led、Heat Dissipation、LED Lumen Depreciation的失效机理、风险来源与控制方法，并给出检测或验证要点，为降低研发和应用风险提供参考。须含标题、摘要、结论、背景、技术/产品/市场/IP、风险机会、可落地建议、未来研究。",https://eureka.patsnap.com/ai-search/sess_0ad139bec5944dbf?from=rd-home&start_from=eureka_landingpage,https://eureka.patsnap.com/share/?id=0d1c10a008163a8d1984e3e060d5f8d2&from=invite-eureakplg-result&content=,Measure Heat Dissipation to Prevent LED Lumen Depreciation,"[""risk_watch""]","[""led"", ""Heat Dissipation"", ""LED Lumen Depreciation"", ""LEDs transformed"", ""basic indicators"", ""advanced lighting"", ""revolutionizing"", ""industry since""]",本文分析led、Heat Dissipation、LED Lumen Depreciation的失效机理、风险来源与控制方法，并给出检测或验证要点，为降低研发和应用风险提供参考。,rd_engineer_inventor,electronics_manufacturing,"[""find_technical_solutions"", ""assess_technical_feasibility""]",2026-09-08,"[""photonics_and_optics""]"
How to Design Hydrogen Storage for Seasonal Demand,"请据《How to Design Hydrogen Storage for Seasonal Demand》生成结构化报告。分类:scout_report；对象:rd_engineer_inventor；行业:energy/batteries_and_storage；任务:find_technical_solutions,assess_technical_feasibility；关键词:hydrogen、Hydrogen Storage、Seasonal Demand、clean energy carrier driving、driving decarbonization across transportation。概述:本文梳理hydrogen、Hydrogen Storage、Seasonal Demand的技术原理、研究或验证方法与应用证据，并讨论性能和可行性，为研发方向选择与后续验证提供参考。须含标题、摘要、结论、背景、技术/产品/市场/IP、风险机会、可落地建议、未来研究。",https://eureka.patsnap.com/ai-search/sess_8f5f88ce8d89471e?from=rd-home&start_from=eureka_landingpage,https://eureka.patsnap.com/share/?id=3f2a376bd4d37752f1d2f6c73e84bd8b&from=invite-eureakplg-result&content=,How to Design Hydrogen Storage for Seasonal Demand,"[""scout_report""]","[""hydrogen"", ""Hydrogen Storage"", ""Seasonal Demand"", ""clean energy carrier driving"", ""driving decarbonization across transportation"", ""industry sectors""]",本文梳理hydrogen、Hydrogen Storage、Seasonal Demand的技术原理、研究或验证方法与应用证据，并讨论性能和可行性，为研发方向选择与后续验证提供参考。,rd_engineer_inventor,energy,"[""find_technical_solutions"", ""assess_technical_feasibility""]",2026-09-08,"[""batteries_and_storage""]"
How to Select Battery Insulation for Prismatic Cells,"请据《How to Select Battery Insulation for Prismatic Cells》生成结构化报告。分类:scout_report；对象:rd_engineer_inventor；行业:energy/batteries_and_storage；任务:find_technical_solutions,assess_technical_feasibility；关键词:battery、Battery Insulation、Prismatic Cells、lithium-ion batteries、energy storage。概述:本文梳理battery、Battery Insulation、Prismatic Cells的技术原理、研究或验证方法与应用证据，并讨论性能和可行性，为研发方向选择与后续验证提供参考。须含标题、摘要、结论、背景、技术/产品/市场/IP、风险机会、可落地建议、未来研究。",https://eureka.patsnap.com/ai-search/sess_0c390981fdd14ee3?from=rd-home&start_from=eureka_landingpage,https://eureka.patsnap.com/share/?id=aca69a05c5fce080e0c8364dab6dff82&from=invite-eureakplg-result&content=,How to Select Battery Insulation for Prismatic Cells,"[""scout_report""]","[""battery"", ""Battery Insulation"", ""Prismatic Cells"", ""lithium-ion batteries"", ""energy storage"", ""batteries"", ""prismatic lithium-ion batteries revolutionize"", ""lithium-ion batteries revolutionize EVs""]",本文梳理battery、Battery Insulation、Prismatic Cells的技术原理、研究或验证方法与应用证据，并讨论性能和可行性，为研发方向选择与后续验证提供参考。,rd_engineer_inventor,energy,"[""find_technical_solutions"", ""assess_technical_feasibility""]",2026-09-08,"[""batteries_and_storage""]"
Measure Heavy Fuel Oil Density for Mass Flow Control,"请据《Measure Heavy Fuel Oil Density for Mass Flow Control》生成结构化报告。分类:scout_report；对象:rd_engineer_inventor；行业:energy/carbon_and_efficiency；任务:find_technical_solutions,assess_technical_feasibility；关键词:heavy fuel oil、Heavy Fuel Oil Density、Mass Flow、industrial、heavy fuel oil drives。概述:本文梳理heavy fuel oil、Heavy Fuel Oil Density、Mass Flow的技术原理、研究或验证方法与应用证据，并讨论性能和可行性，为研发方向选择与后续验证提供参考。须含标题、摘要、结论、背景、技术/产品/市场/IP、风险机会、可落地建议、未来研究。",https://eureka.patsnap.com/ai-search/sess_71a2feb5d97f41b9?from=rd-home&start_from=eureka_landingpage,https://eureka.patsnap.com/share/?id=12b2913559e7699ff8986111537033f3&from=invite-eureakplg-result&content=,Measure Heavy Fuel Oil Density for Mass Flow Control,"[""scout_report""]","[""heavy fuel oil"", ""Heavy Fuel Oil Density"", ""Mass Flow"", ""industrial"", ""heavy fuel oil drives"", ""oil drives maritime power"", ""industrial sectors"", ""proven economic advantages""]",本文梳理heavy fuel oil、Heavy Fuel Oil Density、Mass Flow的技术原理、研究或验证方法与应用证据，并讨论性能和可行性，为研发方向选择与后续验证提供参考。,rd_engineer_inventor,energy,"[""find_technical_solutions"", ""assess_technical_feasibility""]",2026-09-08,"[""carbon_and_efficiency""]"
Battery Insulation vs Busbar Sleeves: HV Fault Protection,"请据《Battery Insulation vs Busbar Sleeves: HV Fault Protection》生成结构化报告。分类:competitor_analysis；对象:innovation_product_strategy；行业:energy/batteries_and_storage；任务:evaluate_r_and_d_directions,identify_innovation_opportunities；关键词:battery、Battery Insulation、Busbar Sleeves HV Fault、Sleeves HV Fault Protection、HV。概述:本文比较battery、Battery Insulation、Busbar Sleeves HV Fault在性能、成本、可靠性和适用条件上的差异，并给出验证思路，为技术选型与研发决策提供参考。须含标题、摘要、结论、背景、技术/产品/市场/IP、风险机会、可落地建议、未来研究。",https://eureka.patsnap.com/ai-search/sess_4a70615ceb0c433f?from=rd-home&start_from=eureka_landingpage,https://eureka.patsnap.com/share/?id=2c320aacfc94218e474e4f28bf82a5cc&from=invite-eureakplg-result&content=,Battery Insulation vs Busbar Sleeves: HV Fault Protection,"[""competitor_analysis""]","[""battery"", ""Battery Insulation"", ""Busbar Sleeves HV Fault"", ""Sleeves HV Fault Protection"", ""HV"", ""automotive"", ""evolution"", ""high-voltage EV battery""]",本文比较battery、Battery Insulation、Busbar Sleeves HV Fault在性能、成本、可靠性和适用条件上的差异，并给出验证思路，为技术选型与研发决策提供参考。,innovation_product_strategy,energy,"[""evaluate_r_and_d_directions"", ""identify_innovation_opportunities""]",2026-09-08,"[""batteries_and_storage""]"
How to Validate Hydrogen Dispensing Accuracy Under Variable Pressure,"请据《How to Validate Hydrogen Dispensing Accuracy Under Variable Pressure》生成结构化报告。分类:scout_report；对象:rd_engineer_inventor；行业:energy/hydrogen_and_fuel_cells；任务:find_technical_solutions,assess_technical_feasibility；关键词:hydrogen dispensing、hydrogen、Hydrogen Dispensing Accuracy、Variable Pressure、infrastructure。概述:本文梳理hydrogen dispensing、hydrogen、Hydrogen Dispensing Accuracy的技术原理、研究或验证方法与应用证据，并讨论性能和可行性，为研发方向选择与后续验证提供参考。须含标题、摘要、结论、背景、技术/产品/市场/IP、风险机会、可落地建议、未来研究。",https://eureka.patsnap.com/ai-search/sess_081b3e70f0d1497a?from=rd-home&start_from=eureka_landingpage,https://eureka.patsnap.com/share/?id=dfa6af5b24930f7f34f64d58e7b89870&from=invite-eureakplg-result&content=,How to Validate Hydrogen Dispensing Accuracy Under Variable Pressure,"[""scout_report""]","[""hydrogen dispensing"", ""hydrogen"", ""Hydrogen Dispensing Accuracy"", ""Variable Pressure"", ""infrastructure"", ""critical"", ""refueling infrastructure development""]",本文梳理hydrogen dispensing、hydrogen、Hydrogen Dispensing Accuracy的技术原理、研究或验证方法与应用证据，并讨论性能和可行性，为研发方向选择与后续验证提供参考。,rd_engineer_inventor,energy,"[""find_technical_solutions"", ""assess_technical_feasibility""]",2026-09-08,"[""hydrogen_and_fuel_cells""]"
"Qingdao Haier Air Conditioning Electronics Co., Ltd.","请据《Qingdao Haier Air Conditioning Electronics Co., Ltd.》生成结构化报告。分类:competitor_analysis；对象:innovation_product_strategy；行业:engineering/manufacturing_process_engineering；任务:track_technologies_and_competitors；关键词:Qingdao Haier Air Conditioning Electronics Co., Ltd、air conditioning、smart home、technical research、patent portfolio。概述:本文概述Qingdao Haier Air Conditioning Electronics Co., Ltd.的业务与技术研发，并涵盖专利组合、竞争动态及市场趋势，可用于竞品跟踪和研发/IP决策。须含标题、摘要、结论、背景、技术/产品/市场/IP、风险机会、可落地建议、未来研究。",https://eureka.patsnap.com/ai-search/sess_baee210e5ca841d8?from=rd-home&start_from=eureka_landingpage,https://eureka.patsnap.com/share/?id=319b93c77c2a7af1d4090dce04920d19&from=invite-eureakplg-result&content=,"Qingdao Haier Air Conditioning Electronics Co., Ltd.","[""competitor_analysis""]","[""Qingdao Haier Air Conditioning Electronics Co., Ltd"", ""air conditioning"", ""smart home"", ""technical research"", ""patent portfolio"", ""competitor monitoring"", ""market trends""]","本文概述Qingdao Haier Air Conditioning Electronics Co., Ltd.的业务与技术研发，并涵盖专利组合、竞争动态及市场趋势，可用于竞品跟踪和研发/IP决策。",innovation_product_strategy,engineering,"[""track_technologies_and_competitors""]",2026-09-08,"[""manufacturing_process_engineering""]"
"S.C. Johnson & Son, Inc.","请据《S.C. Johnson & Son, Inc.》生成结构化报告。分类:competitor_analysis；对象:innovation_product_strategy；行业:engineering/mechanical_systems；任务:track_technologies_and_competitors；关键词:S.C. Johnson & Son, Inc、technical research、patent portfolio、competitor monitoring、market trends。概述:本文概述S.C. Johnson & Son, Inc.的业务与技术研发，并涵盖专利组合、竞争动态及市场趋势，可用于竞品跟踪和研发/IP决策。须含标题、摘要、结论、背景、技术/产品/市场/IP、风险机会、可落地建议、未来研究。",https://eureka.patsnap.com/ai-search/sess_79f85e68faf14301?from=rd-home&start_from=eureka_landingpage,https://eureka.patsnap.com/share/?id=824cdfd63f10b1b3184c94e6599fb205&from=invite-eureakplg-result&content=,"S.C. Johnson & Son, Inc.","[""competitor_analysis""]","[""S.C. Johnson & Son, Inc"", ""technical research"", ""patent portfolio"", ""competitor monitoring"", ""market trends""]","本文概述S.C. Johnson & Son, Inc.的业务与技术研发，并涵盖专利组合、竞争动态及市场趋势，可用于竞品跟踪和研发/IP决策。",innovation_product_strategy,engineering,"[""track_technologies_and_competitors""]",2026-09-08,"[""mechanical_systems""]"
Procter & Gamble GmbH,请据《Procter & Gamble GmbH》生成结构化报告。分类:competitor_analysis；对象:innovation_product_strategy；行业:engineering/manufacturing_process_engineering；任务:track_technologies_and_competitors；关键词:Procter & Gamble GmbH、technical research、patent portfolio、competitor monitoring、market trends。概述:本文概述Procter & Gamble GmbH的业务与技术研发，并涵盖专利组合、竞争动态及市场趋势，可用于竞品跟踪和研发/IP决策。须含标题、摘要、结论、背景、技术/产品/市场/IP、风险机会、可落地建议、未来研究。,https://eureka.patsnap.com/ai-search/sess_d06d85d54b6b469d?from=rd-home&start_from=eureka_landingpage,https://eureka.patsnap.com/share/?id=393f73bc66327f198becf5bf688256fa&from=invite-eureakplg-result&content=,Procter & Gamble GmbH,"[""competitor_analysis""]","[""Procter & Gamble GmbH"", ""technical research"", ""patent portfolio"", ""competitor monitoring"", ""market trends""]",本文概述Procter & Gamble GmbH的业务与技术研发，并涵盖专利组合、竞争动态及市场趋势，可用于竞品跟踪和研发/IP决策。,innovation_product_strategy,engineering,"[""track_technologies_and_competitors""]",2026-09-08,"[""manufacturing_process_engineering""]"
"Guangdong OPPO Mobile Telecommunications Corp., Ltd.","请据《Guangdong OPPO Mobile Telecommunications Corp., Ltd.》生成结构化报告。分类:competitor_analysis；对象:innovation_product_strategy；行业:engineering/manufacturing_process_engineering；任务:track_technologies_and_competitors；关键词:Guangdong OPPO Mobile Telecommunications Corp., Ltd、technical research、patent portfolio、competitor monitoring、market trends。概述:本文概述Guangdong OPPO Mobile Telecommunications Corp., Ltd.的业务与技术研发，并涵盖专利组合、竞争动态及市场趋势，可用于竞品跟踪和研发/IP决策。须含标题、摘要、结论、背景、技术/产品/市场/IP、风险机会、可落地建议、未来研究。",https://eureka.patsnap.com/ai-search/sess_9705eff85b1842d3?from=rd-home&start_from=eureka_landingpage,https://eureka.patsnap.com/share/?id=6014c3b13334ff7cf61d1142832a887d&from=invite-eureakplg-result&content=,"Guangdong OPPO Mobile Telecommunications Corp., Ltd.","[""competitor_analysis""]","[""Guangdong OPPO Mobile Telecommunications Corp., Ltd"", ""technical research"", ""patent portfolio"", ""competitor monitoring"", ""market trends""]","本文概述Guangdong OPPO Mobile Telecommunications Corp., Ltd.的业务与技术研发，并涵盖专利组合、竞争动态及市场趋势，可用于竞品跟踪和研发/IP决策。",innovation_product_strategy,engineering,"[""track_technologies_and_competitors""]",2026-09-08,"[""manufacturing_process_engineering""]"
"Fujian Electric Power Co., Ltd. Quanzhou Electric Power Technology Research Institute","请据《Fujian Electric Power Co., Ltd. Quanzhou Electric Power Technology Research Institute》生成结构化报告。分类:competitor_analysis；对象:innovation_product_strategy；行业:engineering/mechanical_systems；任务:track_technologies_and_competitors；关键词:technical research、patent portfolio、competitor monitoring、market trends、technical validation。概述:本文概述Fujian Electric Power Co., Ltd. Quanzhou Electric Power Technology Research Institute的业务与技术研发，并涵盖专利组合、竞争动态及市场趋势，可用于竞品跟踪和研发/IP决策。须含标题、摘要、结论、背景、技术/产品/市场/IP、风险机会、可落地建议、未来研究。",https://eureka.patsnap.com/ai-search/sess_481aec52489f4477?from=rd-home&start_from=eureka_landingpage,https://eureka.patsnap.com/share/?id=bfb8936258e3277b805e58c48a46ac7e&from=invite-eureakplg-result&content=,"Fujian Electric Power Co., Ltd. Quanzhou Electric Power Technology Research Institute","[""competitor_analysis""]","[""technical research"", ""patent portfolio"", ""competitor monitoring"", ""market trends"", ""technical validation""]","本文概述Fujian Electric Power Co., Ltd. Quanzhou Electric Power Technology Research Institute的业务与技术研发，并涵盖专利组合、竞争动态及市场趋势，可用于竞品跟踪和研发/IP决策。",innovation_product_strategy,engineering,"[""track_technologies_and_competitors""]",2026-09-08,"[""mechanical_systems""]"
Graphene Coating Applications and Compliance with Industry Standards,"请据《Graphene Coating Applications and Compliance with Industry Standards》生成结构化报告。分类:scout_report；对象:researcher_scientist；行业:materials/coatings_and_surfaces；任务:explore_new_research_fields,track_research_trends；关键词:graphene、coating、Graphene Coating、Compliance、Industry Standards。概述:本文梳理graphene、coating、Graphene Coating的技术原理、研究或验证方法与应用证据，并讨论性能和可行性，为研发方向选择与后续验证提供参考。须含标题、摘要、结论、背景、技术/产品/市场/IP、风险机会、可落地建议、未来研究。",https://eureka.patsnap.com/ai-search/sess_3ad65ddfa4db49cb?from=rd-home&start_from=eureka_landingpage,https://eureka.patsnap.com/share/?id=258f83ecfe7305b83feb79068cc540eb&from=invite-eureakplg-result&content=,Graphene Coating Applications and Compliance with Industry Standards,"[""scout_report""]","[""graphene"", ""coating"", ""Graphene Coating"", ""Compliance"", ""Industry Standards"", ""infrastructure"", ""industrial"", ""graphene coatings""]",本文梳理graphene、coating、Graphene Coating的技术原理、研究或验证方法与应用证据，并讨论性能和可行性，为研发方向选择与后续验证提供参考。,researcher_scientist,materials,"[""explore_new_research_fields"", ""track_research_trends""]",2025-10-24,"[""coatings_and_surfaces""]"
Strategies To Reduce Cost Of Nanocellulose For Commodity Applications,"请据《Strategies To Reduce Cost Of Nanocellulose For Commodity Applications》生成结构化报告。分类:trend_brief；对象:researcher_scientist；行业:materials/advanced_materials；任务:track_research_trends,explore_new_research_fields；关键词:nanocellulose、Cost、Commodity、manufacturing、compete。概述:本文梳理nanocellulose、Cost、Commodity的研究进展、应用潜力与关键不确定性，为趋势跟踪和后续研究方向选择提供参考。须含标题、摘要、结论、背景、技术/产品/市场/IP、风险机会、可落地建议、未来研究。",https://eureka.patsnap.com/ai-search/sess_69ccbacd203b4ad2?from=rd-home&start_from=eureka_landingpage,https://eureka.patsnap.com/share/?id=5dcc432699c512b26609772b5990d4e4&from=invite-eureakplg-result&content=,Strategies To Reduce Cost Of Nanocellulose For Commodity Applications,"[""trend_brief""]","[""nanocellulose"", ""Cost"", ""Commodity"", ""manufacturing"", ""compete"", ""petroleum-based materials"", ""cost reduction"", ""manufacturing compatibility improvements""]",本文梳理nanocellulose、Cost、Commodity的研究进展、应用潜力与关键不确定性，为趋势跟踪和后续研究方向选择提供参考。,researcher_scientist,materials,"[""track_research_trends"", ""explore_new_research_fields""]",2025-09-03,"[""advanced_materials""]"
Validate Hydrophobic Textiles After Laundering and Flexing,"请据《Validate Hydrophobic Textiles After Laundering and Flexing》生成结构化报告。分类:scout_report；对象:rd_engineer_inventor；行业:materials/polymers_and_resins；任务:find_technical_solutions,assess_technical_feasibility；关键词:hydrophobic textiles、Hydrophobic Textiles After Laundering、Flexing、textile、cutting-edge hydrophobic textile innovations。概述:本文梳理hydrophobic textiles、Hydrophobic Textiles After Laundering、Flexing的技术原理、研究或验证方法与应用证据，并讨论性能和可行性，为研发方向选择与后续验证提供参考。须含标题、摘要、结论、背景、技术/产品/市场/IP、风险机会、可落地建议、未来研究。",https://eureka.patsnap.com/ai-search/sess_d221b53b04b149ce?from=rd-home&start_from=eureka_landingpage,https://eureka.patsnap.com/share/?id=e448b7de7f3b2a4bf4320b11854192d3&from=invite-eureakplg-result&content=,Validate Hydrophobic Textiles After Laundering and Flexing,"[""scout_report""]","[""hydrophobic textiles"", ""Hydrophobic Textiles After Laundering"", ""Flexing"", ""textile"", ""cutting-edge hydrophobic textile innovations"", ""innovations addressing water repellency"", ""stain resistance"", ""functional fabrics""]",本文梳理hydrophobic textiles、Hydrophobic Textiles After Laundering、Flexing的技术原理、研究或验证方法与应用证据，并讨论性能和可行性，为研发方向选择与后续验证提供参考。,rd_engineer_inventor,materials,"[""find_technical_solutions"", ""assess_technical_feasibility""]",2026-09-08,"[""polymers_and_resins""]"
How to Prevent Hydrophobic Coating Cracking During Cure,"请据《How to Prevent Hydrophobic Coating Cracking During Cure》生成结构化报告。分类:risk_watch；对象:rd_engineer_inventor；行业:materials/coatings_and_surfaces；任务:find_technical_solutions,assess_technical_feasibility；关键词:hydrophobic coating、coating、Hydrophobic Coating Cracking、Cure、automotive。概述:本文分析hydrophobic coating、coating、Hydrophobic Coating Cracking的失效机理、风险来源与控制方法，并给出检测或验证要点，为降低研发和应用风险提供参考。须含标题、摘要、结论、背景、技术/产品/市场/IP、风险机会、可落地建议、未来研究。",https://eureka.patsnap.com/ai-search/sess_cffe56f2d9ec4f86?from=rd-home&start_from=eureka_landingpage,https://eureka.patsnap.com/share/?id=99dacb76f7c3e53b98d087021bf1d16e&from=invite-eureakplg-result&content=,How to Prevent Hydrophobic Coating Cracking During Cure,"[""risk_watch""]","[""hydrophobic coating"", ""coating"", ""Hydrophobic Coating Cracking"", ""Cure"", ""automotive"", ""hydrophobic coatings revolutionize automotive"", ""revolutionize automotive aerospace electronics"", ""medical industries""]",本文分析hydrophobic coating、coating、Hydrophobic Coating Cracking的失效机理、风险来源与控制方法，并给出检测或验证要点，为降低研发和应用风险提供参考。,rd_engineer_inventor,materials,"[""find_technical_solutions"", ""assess_technical_feasibility""]",2026-09-08,"[""coatings_and_surfaces""]"
Cermet vs PCD: Machining Performance in Aluminum,"请据《Cermet vs PCD: Machining Performance in Aluminum》生成结构化报告。分类:competitor_analysis；对象:innovation_product_strategy；行业:materials/coatings_and_surfaces；任务:evaluate_r_and_d_directions,identify_innovation_opportunities；关键词:machining、aluminum、Cermet、PCD Machining、PCD。概述:本文比较machining、aluminum、Cermet在性能、成本、可靠性和适用条件上的差异，并给出验证思路，为技术选型与研发决策提供参考。须含标题、摘要、结论、背景、技术/产品/市场/IP、风险机会、可落地建议、未来研究。",https://eureka.patsnap.com/ai-search/sess_675b69dec4804b88?from=rd-home&start_from=eureka_landingpage,https://eureka.patsnap.com/share/?id=88ff1800bca0361e94ce85d87fc32a0a&from=invite-eureakplg-result&content=,Cermet vs PCD: Machining Performance in Aluminum,"[""competitor_analysis""]","[""machining"", ""aluminum"", ""Cermet"", ""PCD Machining"", ""PCD"", ""metal"", ""cutting tool material evolution"", ""gains longer tool life""]",本文比较machining、aluminum、Cermet在性能、成本、可靠性和适用条件上的差异，并给出验证思路，为技术选型与研发决策提供参考。,innovation_product_strategy,materials,"[""evaluate_r_and_d_directions"", ""identify_innovation_opportunities""]",2026-09-08,"[""coatings_and_surfaces""]"
Nagoya University,请据《Nagoya University》生成结构化报告。分类:competitor_analysis；对象:innovation_product_strategy；行业:other/general_strategy；任务:track_technologies_and_competitors；关键词:Nagoya University、technical research、patent portfolio、competitor monitoring、market trends。概述:本文概述Nagoya University的业务与技术研发，并涵盖专利组合、竞争动态及市场趋势，可用于竞品跟踪和研发/IP决策。须含标题、摘要、结论、背景、技术/产品/市场/IP、风险机会、可落地建议、未来研究。,https://eureka.patsnap.com/ai-search/sess_78d1b2922fe04336?from=rd-home&start_from=eureka_landingpage,https://eureka.patsnap.com/share/?id=91e928235b84f0a83a5f4a1c706995c7&from=invite-eureakplg-result&content=,Nagoya University,"[""competitor_analysis""]","[""Nagoya University"", ""technical research"", ""patent portfolio"", ""competitor monitoring"", ""market trends""]",本文概述Nagoya University的业务与技术研发，并涵盖专利组合、竞争动态及市场趋势，可用于竞品跟踪和研发/IP决策。,innovation_product_strategy,other,"[""track_technologies_and_competitors""]",2026-09-08,"[""general_strategy""]"
how does the schumann resonance affect humans,"请据《how does the schumann resonance affect humans》生成结构化报告。分类:scout_report；对象:researcher_scientist；行业:other/general_strategy；任务:explore_new_research_fields,track_research_trends；关键词:schumann resonance、schumann resonance affect humans、impact、human health、cognition。概述:本文梳理schumann resonance、schumann resonance affect humans、impact的技术原理、研究或验证方法与应用证据，并讨论性能和可行性，为研发方向选择与后续验证提供参考。须含标题、摘要、结论、背景、技术/产品/市场/IP、风险机会、可落地建议、未来研究。",https://eureka.patsnap.com/ai-search/sess_ac262b3267c34a4c?from=rd-home&start_from=eureka_landingpage,https://eureka.patsnap.com/share/?id=d59c194bd8816535c98863dfb8003d2f&from=invite-eureakplg-result&content=,how does the schumann resonance affect humans,"[""scout_report""]","[""schumann resonance"", ""schumann resonance affect humans"", ""impact"", ""human health"", ""cognition"", ""groundbreaking insights"", ""electromagnetic frequencies"", ""well-being""]",本文梳理schumann resonance、schumann resonance affect humans、impact的技术原理、研究或验证方法与应用证据，并讨论性能和可行性，为研发方向选择与后续验证提供参考。,researcher_scientist,other,"[""explore_new_research_fields"", ""track_research_trends""]",2025-06-24,"[""general_strategy""]"
"ROS 2 Networking: CycloneDDS Vs Fast DDS—Throughput, Latency And CPU","请据《ROS 2 Networking: CycloneDDS Vs Fast DDS—Throughput, Latency And CPU》生成结构化报告。分类:competitor_analysis；对象:innovation_product_strategy；行业:other/general_strategy；任务:evaluate_r_and_d_directions,identify_innovation_opportunities；关键词:networking、dds、ROS 2 Networking CycloneDDS、Fast DDS Throughput Latency、CPU。概述:本文比较networking、dds、ROS 2 Networking CycloneDDS在性能、成本、可靠性和适用条件上的差异，并给出验证思路，为技术选型与研发决策提供参考。须含标题、摘要、结论、背景、技术/产品/市场/IP、风险机会、可落地建议、未来研究。",https://eureka.patsnap.com/ai-search/sess_bd342b183ee843e2?from=rd-home&start_from=eureka_landingpage,https://eureka.patsnap.com/share/?id=8b676bacdf6df39a6ac1834b42fd097b&from=invite-eureakplg-result&content=,"ROS 2 Networking: CycloneDDS Vs Fast DDS—Throughput, Latency And CPU","[""competitor_analysis""]","[""networking"", ""dds"", ""ROS 2 Networking CycloneDDS"", ""Fast DDS Throughput Latency"", ""CPU"", ""ROS"", ""robotics"", ""evolution""]",本文比较networking、dds、ROS 2 Networking CycloneDDS在性能、成本、可靠性和适用条件上的差异，并给出验证思路，为技术选型与研发决策提供参考。,innovation_product_strategy,other,"[""evaluate_r_and_d_directions"", ""identify_innovation_opportunities""]",2025-09-19,"[""general_strategy""]"
How to Monitor Schumann Resonance in Real-Time?,"请据《How to Monitor Schumann Resonance in Real-Time?》生成结构化报告。分类:scout_report；对象:researcher_scientist；行业:other/general_strategy；任务:find_research_methods,track_research_trends；关键词:schumann resonance、Monitor Schumann Resonance、Real-Time、real-time Schumann resonance monitoring、resonance monitoring Overcoming challenges。概述:本文梳理schumann resonance、Monitor Schumann Resonance、Real-Time的技术原理、研究或验证方法与应用证据，并讨论性能和可行性，为研发方向选择与后续验证提供参考。须含标题、摘要、结论、背景、技术/产品/市场/IP、风险机会、可落地建议、未来研究。",https://eureka.patsnap.com/ai-search/sess_e2fd6c0bbe434f06?from=rd-home&start_from=eureka_landingpage,https://eureka.patsnap.com/share/?id=fb80bcb186c53d3b732b47428bd883be&from=invite-eureakplg-result&content=,How to Monitor Schumann Resonance in Real-Time?,"[""scout_report""]","[""schumann resonance"", ""Monitor Schumann Resonance"", ""Real-Time"", ""real-time Schumann resonance monitoring"", ""resonance monitoring Overcoming challenges"", ""accurate continuous measurement"", ""low-frequency EM waves"", ""global impacts""]",本文梳理schumann resonance、Monitor Schumann Resonance、Real-Time的技术原理、研究或验证方法与应用证据，并讨论性能和可行性，为研发方向选择与后续验证提供参考。,researcher_scientist,other,"[""find_research_methods"", ""track_research_trends""]",2025-06-24,"[""general_strategy""]"
How to Measure Schumann Resonance Accurately?,"请据《How to Measure Schumann Resonance Accurately?》生成结构化报告。分类:scout_report；对象:researcher_scientist；行业:other/general_strategy；任务:find_research_methods,track_research_trends；关键词:schumann resonance、Schumann Resonance Accurately、precise Schumann resonance measurements、groundbreaking insights、global electromagnetic phenomena。概述:本文梳理schumann resonance、Schumann Resonance Accurately、precise Schumann resonance measurements的技术原理、研究或验证方法与应用证据，并讨论性能和可行性，为研发方向选择与后续验证提供参考。须含标题、摘要、结论、背景、技术/产品/市场/IP、风险机会、可落地建议、未来研究。",https://eureka.patsnap.com/ai-search/sess_2ac1e0bfe1124b41?from=rd-home&start_from=eureka_landingpage,https://eureka.patsnap.com/share/?id=db8d5418ebbe180cf53eb8eca6ed109f&from=invite-eureakplg-result&content=,How to Measure Schumann Resonance Accurately?,"[""scout_report""]","[""schumann resonance"", ""Schumann Resonance Accurately"", ""precise Schumann resonance measurements"", ""groundbreaking insights"", ""global electromagnetic phenomena"", ""correlations"", ""geophysical events""]",本文梳理schumann resonance、Schumann Resonance Accurately、precise Schumann resonance measurements的技术原理、研究或验证方法与应用证据，并讨论性能和可行性，为研发方向选择与后续验证提供参考。,researcher_scientist,other,"[""find_research_methods"", ""track_research_trends""]",2025-06-24,"[""general_strategy""]"
How to Design e-Axle for Marine Propulsion Systems,"请据《How to Design e-Axle for Marine Propulsion Systems》生成结构化报告。分类:scout_report；对象:rd_engineer_inventor；行业:automotive/ev_and_battery_systems；任务:find_technical_solutions,explore_existing_technologies；关键词:e-axle、Marine Propulsion、marine e-Axle、seawater creates harmful corrosive、metallic components。概述:本文梳理e-axle、Marine Propulsion、marine e-Axle的技术原理、研究或验证方法与应用证据，并讨论性能和可行性，为研发方向选择与后续验证提供参考。须含标题、摘要、结论、背景、技术/产品/市场/IP、风险机会、可落地建议、未来研究。",https://eureka.patsnap.com/ai-search/sess_4a873a8025d0404c?from=rd-home&start_from=eureka_landingpage,https://eureka.patsnap.com/share/?id=66cacc7ff0a12c9f15c91dadb48c0b8c&from=invite-eureakplg-result&content=,How to Design e-Axle for Marine Propulsion Systems,"[""scout_report""]","[""e-axle"", ""Marine Propulsion"", ""marine e-Axle"", ""seawater creates harmful corrosive"", ""metallic components"", ""applies continuous pressure challenging"", ""pressure challenging seal integrity"", ""sealing structures provide insufficient""]",本文梳理e-axle、Marine Propulsion、marine e-Axle的技术原理、研究或验证方法与应用证据，并讨论性能和可行性，为研发方向选择与后续验证提供参考。,rd_engineer_inventor,automotive,"[""find_technical_solutions"", ""explore_existing_technologies""]",2026-09-08,"[""ev_and_battery_systems""]"
Compare Hollow Shaft vs Solid Shaft EV Motors for Torque,"请据《Compare Hollow Shaft vs Solid Shaft EV Motors for Torque》生成结构化报告。分类:opportunity_brief；对象:innovation_product_strategy；行业:automotive/ev_and_battery_systems；任务:evaluate_r_and_d_directions,identify_innovation_opportunities；关键词:Hollow Shaft、Solid Shaft EV Motors、Torque、EV、ev motor。概述:本文比较Hollow Shaft、Solid Shaft EV Motors、Torque在性能、成本、可靠性和适用条件上的差异，并给出验证思路，为技术选型与研发决策提供参考。须含标题、摘要、结论、背景、技术/产品/市场/IP、风险机会、可落地建议、未来研究。",https://eureka.patsnap.com/ai-search/sess_dba2031747a74c2e?from=rd-home&start_from=eureka_landingpage,https://eureka.patsnap.com/share/?id=9cb83960acba19de04ddfe3a22dfd48e&from=invite-eureakplg-result&content=,Compare Hollow Shaft vs Solid Shaft EV Motors for Torque,"[""opportunity_brief""]","[""Hollow Shaft"", ""Solid Shaft EV Motors"", ""Torque"", ""EV"", ""ev motor"", ""motor"", ""hollow"", ""solid shaft EV motor""]",本文比较Hollow Shaft、Solid Shaft EV Motors、Torque在性能、成本、可靠性和适用条件上的差异，并给出验证思路，为技术选型与研发决策提供参考。,innovation_product_strategy,automotive,"[""evaluate_r_and_d_directions"", ""identify_innovation_opportunities""]",2026-09-08,"[""ev_and_battery_systems""]"
e-Axle Patent Landscape for Dual-Motor Configurations,"请据《e-Axle Patent Landscape for Dual-Motor Configurations》生成结构化报告。分类:patent_landscape；对象:innovation_product_strategy；行业:automotive/ev_and_battery_systems；任务:explore_patent_landscapes,evaluate_r_and_d_directions；关键词:patent landscape、e-axle、motor、e-Axle Patent Landscape、Dual-Motor Configurations。概述:本文梳理patent landscape、e-axle、motor相关专利布局、技术分支和竞争主体，为创新空白识别、研发选型与知识产权判断提供参考。须含标题、摘要、结论、背景、技术/产品/市场/IP、风险机会、可落地建议、未来研究。",https://eureka.patsnap.com/ai-search/sess_bfe0a0db34cd4a78?from=rd-home&start_from=eureka_landingpage,https://eureka.patsnap.com/share/?id=04de3701b9464f7d9a74aec3fe84f642&from=invite-eureakplg-result&content=,e-Axle Patent Landscape for Dual-Motor Configurations,"[""patent_landscape""]","[""patent landscape"", ""e-axle"", ""motor"", ""e-Axle Patent Landscape"", ""Dual-Motor Configurations"", ""dual-motor e-Axle configurations"", ""cooling structure provides insufficient"", ""provides insufficient heat dissipation""]",本文梳理patent landscape、e-axle、motor相关专利布局、技术分支和竞争主体，为创新空白识别、研发选型与知识产权判断提供参考。,innovation_product_strategy,automotive,"[""explore_patent_landscapes"", ""evaluate_r_and_d_directions""]",2026-09-08,"[""ev_and_battery_systems""]"
How to Design Electric Drive Units for Amphibious Vehicle Platforms,"请据《How to Design Electric Drive Units for Amphibious Vehicle Platforms》生成结构化报告。分类:scout_report；对象:rd_engineer_inventor；行业:automotive/ev_and_battery_systems；任务:find_technical_solutions,explore_existing_technologies；关键词:vehicle、Electric Drive Units、Amphibious Vehicle Platforms、mechanical、electric drive unit。概述:本文梳理vehicle、Electric Drive Units、Amphibious Vehicle Platforms的技术原理、研究或验证方法与应用证据，并讨论性能和可行性，为研发方向选择与后续验证提供参考。须含标题、摘要、结论、背景、技术/产品/市场/IP、风险机会、可落地建议、未来研究。",https://eureka.patsnap.com/ai-search/sess_f078359103084cbb?from=rd-home&start_from=eureka_landingpage,https://eureka.patsnap.com/share/?id=d49344d667fbf1dfc22b6c5c36aab890&from=invite-eureakplg-result&content=,How to Design Electric Drive Units for Amphibious Vehicle Platforms,"[""scout_report""]","[""vehicle"", ""Electric Drive Units"", ""Amphibious Vehicle Platforms"", ""mechanical"", ""electric drive unit"", ""amphibious platforms faces"", ""harmful"", ""where""]",本文梳理vehicle、Electric Drive Units、Amphibious Vehicle Platforms的技术原理、研究或验证方法与应用证据，并讨论性能和可行性，为研发方向选择与后续验证提供参考。,rd_engineer_inventor,automotive,"[""find_technical_solutions"", ""explore_existing_technologies""]",2026-09-08,"[""ev_and_battery_systems""]"
How to Select Structural Metals for Hypersonic Vehicle Frames,"请据《How to Select Structural Metals for Hypersonic Vehicle Frames》生成结构化报告。分类:opportunity_brief；对象:innovation_product_strategy；行业:automotive/vehicle_components；任务:evaluate_r_and_d_directions,identify_innovation_opportunities；关键词:vehicle、Structural Metals、Hypersonic Vehicle Frames、metal、hypersonic flight aerodynamic heating。概述:本文比较vehicle、Structural Metals、Hypersonic Vehicle Frames在性能、成本、可靠性和适用条件上的差异，并给出验证思路，为技术选型与研发决策提供参考。须含标题、摘要、结论、背景、技术/产品/市场/IP、风险机会、可落地建议、未来研究。",https://eureka.patsnap.com/ai-search/sess_24f08c02ec6e4d30?from=rd-home&start_from=eureka_landingpage,https://eureka.patsnap.com/share/?id=0a02d8f9a0e8394a57e593433b6b0bef&from=invite-eureakplg-result&content=,How to Select Structural Metals for Hypersonic Vehicle Frames,"[""opportunity_brief""]","[""vehicle"", ""Structural Metals"", ""Hypersonic Vehicle Frames"", ""metal"", ""hypersonic flight aerodynamic heating"", ""atmospheric oxygen create harmful"", ""frame structure intense heating"", ""oxygen causes progressive oxidation""]",本文比较vehicle、Structural Metals、Hypersonic Vehicle Frames在性能、成本、可靠性和适用条件上的差异，并给出验证思路，为技术选型与研发决策提供参考。,innovation_product_strategy,automotive,"[""evaluate_r_and_d_directions"", ""identify_innovation_opportunities""]",2026-09-08,"[""vehicle_components""]"
How to Improve Naphtha Cracking Propylene Selectivity,"请据《How to Improve Naphtha Cracking Propylene Selectivity》生成结构化报告。分类:risk_watch；对象:rd_engineer_inventor；行业:chemical/specialty_chemicals；任务:find_technical_solutions,assess_technical_feasibility；关键词:naphtha、Naphtha Cracking Propylene Selectivity、manufacturing、naphtha cracking、light olefins production。概述:本文分析naphtha、Naphtha Cracking Propylene Selectivity、manufacturing的失效机理、风险来源与控制方法，并给出检测或验证要点，为降低研发和应用风险提供参考。须含标题、摘要、结论、背景、技术/产品/市场/IP、风险机会、可落地建议、未来研究。",https://eureka.patsnap.com/ai-search/sess_f715fc88c7b04e48?from=rd-home&start_from=eureka_landingpage,https://eureka.patsnap.com/share/?id=582ab06144d1182936280f9f58a43766&from=invite-eureakplg-result&content=,How to Improve Naphtha Cracking Propylene Selectivity,"[""risk_watch""]","[""naphtha"", ""Naphtha Cracking Propylene Selectivity"", ""manufacturing"", ""naphtha cracking"", ""light olefins production"", ""insights"", ""ethylene"", ""propylene manufacturing processes""]",本文分析naphtha、Naphtha Cracking Propylene Selectivity、manufacturing的失效机理、风险来源与控制方法，并给出检测或验证要点，为降低研发和应用风险提供参考。,rd_engineer_inventor,chemical,"[""find_technical_solutions"", ""assess_technical_feasibility""]",2026-09-08,"[""specialty_chemicals""]"
How to Minimize Naphtha Reforming Catalyst Deactivation,"请据《How to Minimize Naphtha Reforming Catalyst Deactivation》生成结构化报告。分类:risk_watch；对象:rd_engineer_inventor；行业:chemical/specialty_chemicals；任务:find_technical_solutions,assess_technical_feasibility；关键词:reforming、catalyst、naphtha、Minimize Naphtha Reforming Catalyst、Naphtha Reforming Catalyst Deactivation。概述:本文分析reforming、catalyst、naphtha的失效机理、风险来源与控制方法，并给出检测或验证要点，为降低研发和应用风险提供参考。须含标题、摘要、结论、背景、技术/产品/市场/IP、风险机会、可落地建议、未来研究。",https://eureka.patsnap.com/ai-search/sess_9098ecbcc39648be?from=rd-home&start_from=eureka_landingpage,https://eureka.patsnap.com/share/?id=cad1bb321ced9f2a866050c3b2c62930&from=invite-eureakplg-result&content=,How to Minimize Naphtha Reforming Catalyst Deactivation,"[""risk_watch""]","[""reforming"", ""catalyst"", ""naphtha"", ""Minimize Naphtha Reforming Catalyst"", ""Naphtha Reforming Catalyst Deactivation"", ""naphtha reforming transforms low-octane"", ""reforming transforms low-octane feedstock"", ""high-octane gasoline""]",本文分析reforming、catalyst、naphtha的失效机理、风险来源与控制方法，并给出检测或验证要点，为降低研发和应用风险提供参考。,rd_engineer_inventor,chemical,"[""find_technical_solutions"", ""assess_technical_feasibility""]",2026-09-08,"[""specialty_chemicals""]"
How to Reduce Pressure Drop in Naphtha Hydroprocessing,"请据《How to Reduce Pressure Drop in Naphtha Hydroprocessing》生成结构化报告。分类:scout_report；对象:rd_engineer_inventor；行业:chemical/specialty_chemicals；任务:find_technical_solutions,assess_technical_feasibility；关键词:hydroprocessing、pressure drop、naphtha、Naphtha Hydroprocessing、removing impurities。概述:本文梳理hydroprocessing、pressure drop、naphtha的技术原理、研究或验证方法与应用证据，并讨论性能和可行性，为研发方向选择与后续验证提供参考。须含标题、摘要、结论、背景、技术/产品/市场/IP、风险机会、可落地建议、未来研究。",https://eureka.patsnap.com/ai-search/sess_f26c8fa8c56f47c7?from=rd-home&start_from=eureka_landingpage,https://eureka.patsnap.com/share/?id=31f3810b76c878f467a182b9b4a16c76&from=invite-eureakplg-result&content=,How to Reduce Pressure Drop in Naphtha Hydroprocessing,"[""scout_report""]","[""hydroprocessing"", ""pressure drop"", ""naphtha"", ""Naphtha Hydroprocessing"", ""removing impurities"", ""saturating compounds"", ""refining operations""]",本文梳理hydroprocessing、pressure drop、naphtha的技术原理、研究或验证方法与应用证据，并讨论性能和可行性，为研发方向选择与后续验证提供参考。,rd_engineer_inventor,chemical,"[""find_technical_solutions"", ""assess_technical_feasibility""]",2026-09-08,"[""specialty_chemicals""]"
Measure Naphtha PIONA Data for Blend Optimization,"请据《Measure Naphtha PIONA Data for Blend Optimization》生成结构化报告。分类:scout_report；对象:rd_engineer_inventor；行业:chemical/specialty_chemicals；任务:find_technical_solutions,assess_technical_feasibility；关键词:naphtha、PIONA、Naphtha PIONA Data、Blend Optimization、dual。概述:本文梳理naphtha、PIONA、Naphtha PIONA Data的技术原理、研究或验证方法与应用证据，并讨论性能和可行性，为研发方向选择与后续验证提供参考。须含标题、摘要、结论、背景、技术/产品/市场/IP、风险机会、可落地建议、未来研究。",https://eureka.patsnap.com/ai-search/sess_d843972363244c16?from=rd-home&start_from=eureka_landingpage,https://eureka.patsnap.com/share/?id=9b62b10236d3896c2090625035f7571f&from=invite-eureakplg-result&content=,Measure Naphtha PIONA Data for Blend Optimization,"[""scout_report""]","[""naphtha"", ""PIONA"", ""Naphtha PIONA Data"", ""Blend Optimization"", ""dual"", ""gasoline blending component"", ""steam cracking feedstock"", ""petroleum refining industries""]",本文梳理naphtha、PIONA、Naphtha PIONA Data的技术原理、研究或验证方法与应用证据，并讨论性能和可行性，为研发方向选择与后续验证提供参考。,rd_engineer_inventor,chemical,"[""find_technical_solutions"", ""assess_technical_feasibility""]",2026-09-08,"[""specialty_chemicals""]"
Validate Flocculant Performance Using Settling-Curve Models,"请据《Validate Flocculant Performance Using Settling-Curve Models》生成结构化报告。分类:scout_report；对象:rd_engineer_inventor；行业:chemical/specialty_chemicals；任务:find_technical_solutions,assess_technical_feasibility；关键词:settling-curve models、flocculant、flocculation、revolutionizes solid-liquid separation、water treatment。概述:本文梳理settling-curve models、flocculant、flocculation的技术原理、研究或验证方法与应用证据，并讨论性能和可行性，为研发方向选择与后续验证提供参考。须含标题、摘要、结论、背景、技术/产品/市场/IP、风险机会、可落地建议、未来研究。",https://eureka.patsnap.com/ai-search/sess_966e2ee59f104317?from=rd-home&start_from=eureka_landingpage,https://eureka.patsnap.com/share/?id=4a50e8e6abf4e3d56e4f7e1317a0d4e1&from=invite-eureakplg-result&content=,Validate Flocculant Performance Using Settling-Curve Models,"[""scout_report""]","[""settling-curve models"", ""flocculant"", ""flocculation"", ""revolutionizes solid-liquid separation"", ""water treatment"", ""mineral processing industries""]",本文梳理settling-curve models、flocculant、flocculation的技术原理、研究或验证方法与应用证据，并讨论性能和可行性，为研发方向选择与后续验证提供参考。,rd_engineer_inventor,chemical,"[""find_technical_solutions"", ""assess_technical_feasibility""]",2026-09-08,"[""specialty_chemicals""]"
How to Integrate Flip Chip Bonding With Panel-Level Packaging,"请据《How to Integrate Flip Chip Bonding With Panel-Level Packaging》生成结构化报告。分类:scout_report；对象:rd_engineer_inventor；行业:electronics_manufacturing/semiconductor_and_packaging；任务:find_technical_solutions,assess_technical_feasibility；关键词:panel-level packaging、flip chip、Integrate Flip Chip Bonding、semiconductor、flip chip bonding revolutionizes。概述:本文梳理panel-level packaging、flip chip、Integrate Flip Chip Bonding的技术原理、研究或验证方法与应用证据，并讨论性能和可行性，为研发方向选择与后续验证提供参考。须含标题、摘要、结论、背景、技术/产品/市场/IP、风险机会、可落地建议、未来研究。",https://eureka.patsnap.com/ai-search/sess_bee80c87990947c2?from=rd-home&start_from=eureka_landingpage,https://eureka.patsnap.com/share/?id=5e02e0185d0bd7aa82952739a938782e&from=invite-eureakplg-result&content=,How to Integrate Flip Chip Bonding With Panel-Level Packaging,"[""scout_report""]","[""panel-level packaging"", ""flip chip"", ""Integrate Flip Chip Bonding"", ""semiconductor"", ""flip chip bonding revolutionizes"", ""bonding revolutionizes semiconductor packaging"", ""superior electrical"", ""direct connections""]",本文梳理panel-level packaging、flip chip、Integrate Flip Chip Bonding的技术原理、研究或验证方法与应用证据，并讨论性能和可行性，为研发方向选择与后续验证提供参考。,rd_engineer_inventor,electronics_manufacturing,"[""find_technical_solutions"", ""assess_technical_feasibility""]",2026-09-08,"[""semiconductor_and_packaging""]"
Flip Chip Bonding With NCF vs ACF: Fine-Pitch Yield,"请据《Flip Chip Bonding With NCF vs ACF: Fine-Pitch Yield》生成结构化报告。分类:competitor_analysis；对象:innovation_product_strategy；行业:electronics_manufacturing/semiconductor_and_packaging；任务:evaluate_r_and_d_directions,identify_innovation_opportunities；关键词:flip chip、Flip Chip Bonding、NCF、ACF Fine-Pitch Yield、ACF。概述:本文比较flip chip、Flip Chip Bonding、NCF在性能、成本、可靠性和适用条件上的差异，并给出验证思路，为技术选型与研发决策提供参考。须含标题、摘要、结论、背景、技术/产品/市场/IP、风险机会、可落地建议、未来研究。",https://eureka.patsnap.com/ai-search/sess_0f613da3b8f94570?from=rd-home&start_from=eureka_landingpage,https://eureka.patsnap.com/share/?id=5efeb06d5729c464a5ad49334ce9f23a&from=invite-eureakplg-result&content=,Flip Chip Bonding With NCF vs ACF: Fine-Pitch Yield,"[""competitor_analysis""]","[""flip chip"", ""Flip Chip Bonding"", ""NCF"", ""ACF Fine-Pitch Yield"", ""ACF"", ""semiconductor"", ""revolutionizes semiconductor packaging"", ""enhanced density""]",本文比较flip chip、Flip Chip Bonding、NCF在性能、成本、可靠性和适用条件上的差异，并给出验证思路，为技术选型与研发决策提供参考。,innovation_product_strategy,electronics_manufacturing,"[""evaluate_r_and_d_directions"", ""identify_innovation_opportunities""]",2026-09-08,"[""semiconductor_and_packaging""]"
Conduction Band Engineering for Resistive Switching Memory,"请据《Conduction Band Engineering for Resistive Switching Memory》生成结构化报告。分类:scout_report；对象:rd_engineer_inventor；行业:electronics_manufacturing/consumer_electronics_components；任务:find_technical_solutions,explore_existing_technologies；关键词:resistive switching memory、Conduction Band Engineering、risk controls、conduction band、technical validation。概述:本文梳理resistive switching memory、Conduction Band Engineering、risk controls的技术原理、研究或验证方法与应用证据，并讨论性能和可行性，为研发方向选择与后续验证提供参考。须含标题、摘要、结论、背景、技术/产品/市场/IP、风险机会、可落地建议、未来研究。",https://eureka.patsnap.com/ai-search/sess_fc9b46242847403d?from=rd-home&start_from=eureka_landingpage,https://eureka.patsnap.com/share/?id=714032edba680caa6ec85043890b77b4&from=invite-eureakplg-result&content=,Conduction Band Engineering for Resistive Switching Memory,"[""scout_report""]","[""resistive switching memory"", ""Conduction Band Engineering"", ""risk controls"", ""conduction band"", ""technical validation""]",本文梳理resistive switching memory、Conduction Band Engineering、risk controls的技术原理、研究或验证方法与应用证据，并讨论性能和可行性，为研发方向选择与后续验证提供参考。,rd_engineer_inventor,electronics_manufacturing,"[""find_technical_solutions"", ""explore_existing_technologies""]",2026-09-08,"[""consumer_electronics_components""]"
Semiconductor Manufacturing Photoresist Poisoning Root Cause for Metal Contamination,"请据《Semiconductor Manufacturing Photoresist Poisoning Root Cause for Metal Contamination》生成结构化报告。分类:scout_report；对象:rd_engineer_inventor；行业:electronics_manufacturing/semiconductor_and_packaging；任务:find_technical_solutions,explore_existing_technologies；关键词:metal contamination、manufacturing、semiconductor、photoresist、metal。概述:本文梳理metal contamination、manufacturing、semiconductor的技术原理、研究或验证方法与应用证据，并讨论性能和可行性，为研发方向选择与后续验证提供参考。须含标题、摘要、结论、背景、技术/产品/市场/IP、风险机会、可落地建议、未来研究。",https://eureka.patsnap.com/ai-search/sess_ed4b64a0019f498f?from=rd-home&start_from=eureka_landingpage,https://eureka.patsnap.com/share/?id=b6eb86a30691db0b673f8eda51ff6035&from=invite-eureakplg-result&content=,Semiconductor Manufacturing Photoresist Poisoning Root Cause for Metal Contamination,"[""scout_report""]","[""metal contamination"", ""manufacturing"", ""semiconductor"", ""photoresist"", ""metal"", ""Semiconductor Manufacturing Photoresist Poisoning"", ""Photoresist Poisoning Root Cause"", ""Metal contaminants""]",本文梳理metal contamination、manufacturing、semiconductor的技术原理、研究或验证方法与应用证据，并讨论性能和可行性，为研发方向选择与后续验证提供参考。,rd_engineer_inventor,electronics_manufacturing,"[""find_technical_solutions"", ""explore_existing_technologies""]",2026-09-08,"[""semiconductor_and_packaging""]"
How to Qualify Semiconductor Manufacturing Selective Area Growth for Monolithic 3D Integration,"请据《How to Qualify Semiconductor Manufacturing Selective Area Growth for Monolithic 3D Integration》生成结构化报告。分类:opportunity_brief；对象:innovation_product_strategy；行业:electronics_manufacturing/semiconductor_and_packaging；任务:evaluate_r_and_d_directions,identify_innovation_opportunities；关键词:manufacturing、semiconductor、Qualify Semiconductor Manufacturing Selective、Manufacturing Selective Area Growth、Monolithic 3D Integration。概述:本文比较manufacturing、semiconductor、Qualify Semiconductor Manufacturing Selective在性能、成本、可靠性和适用条件上的差异，并给出验证思路，为技术选型与研发决策提供参考。须含标题、摘要、结论、背景、技术/产品/市场/IP、风险机会、可落地建议、未来研究。",https://eureka.patsnap.com/ai-search/sess_0548e494cd2845b7?from=rd-home&start_from=eureka_landingpage,https://eureka.patsnap.com/share/?id=ce90c78f03decbe2901a6e8aca0ca1e8&from=invite-eureakplg-result&content=,How to Qualify Semiconductor Manufacturing Selective Area Growth for Monolithic 3D Integration,"[""opportunity_brief""]","[""manufacturing"", ""semiconductor"", ""Qualify Semiconductor Manufacturing Selective"", ""Manufacturing Selective Area Growth"", ""Monolithic 3D Integration"", ""control system"", ""patterned mask structure provides"", ""structure provides insufficient constraint""]",本文比较manufacturing、semiconductor、Qualify Semiconductor Manufacturing Selective在性能、成本、可靠性和适用条件上的差异，并给出验证思路，为技术选型与研发决策提供参考。,innovation_product_strategy,electronics_manufacturing,"[""evaluate_r_and_d_directions"", ""identify_innovation_opportunities""]",2026-09-08,"[""semiconductor_and_packaging""]"
Combined Cycle Plant Waste Heat for District Heating,"请据《Combined Cycle Plant Waste Heat for District Heating》生成结构化报告。分类:scout_report；对象:rd_engineer_inventor；行业:energy/carbon_and_efficiency；任务:find_technical_solutions,assess_technical_feasibility；关键词:district heating、combined cycle、Combined Cycle Plant Waste、Cycle Plant Waste Heat、turbine。概述:本文梳理district heating、combined cycle、Combined Cycle Plant Waste的技术原理、研究或验证方法与应用证据，并讨论性能和可行性，为研发方向选择与后续验证提供参考。须含标题、摘要、结论、背景、技术/产品/市场/IP、风险机会、可落地建议、未来研究。",https://eureka.patsnap.com/ai-search/sess_50a3779c1b514b93?from=rd-home&start_from=eureka_landingpage,https://eureka.patsnap.com/share/?id=ada3dbd22c755db7bdce1be31929c704&from=invite-eureakplg-result&content=,Combined Cycle Plant Waste Heat for District Heating,"[""scout_report""]","[""district heating"", ""combined cycle"", ""Combined Cycle Plant Waste"", ""Cycle Plant Waste Heat"", ""turbine"", ""combined cycle power plants"", ""achieve 60 thermal efficiency"", ""integrated gas""]",本文梳理district heating、combined cycle、Combined Cycle Plant Waste的技术原理、研究或验证方法与应用证据，并讨论性能和可行性，为研发方向选择与后续验证提供参考。,rd_engineer_inventor,energy,"[""find_technical_solutions"", ""assess_technical_feasibility""]",2026-09-08,"[""carbon_and_efficiency""]"
Heavy Fuel Oil vs Biofuel: Deposit Formation in Engines,"请据《Heavy Fuel Oil vs Biofuel: Deposit Formation in Engines》生成结构化报告。分类:competitor_analysis；对象:innovation_product_strategy；行业:energy/carbon_and_efficiency；任务:evaluate_r_and_d_directions,identify_innovation_opportunities；关键词:heavy fuel oil、biofuel、Biofuel Deposit Formation、Engines、engine。概述:本文比较heavy fuel oil、biofuel、Biofuel Deposit Formation在性能、成本、可靠性和适用条件上的差异，并给出验证思路，为技术选型与研发决策提供参考。须含标题、摘要、结论、背景、技术/产品/市场/IP、风险机会、可落地建议、未来研究。",https://eureka.patsnap.com/ai-search/sess_e54468d70d5241f3?from=rd-home&start_from=eureka_landingpage,https://eureka.patsnap.com/share/?id=1978d79a92b531aa97b69dafae8e9084&from=invite-eureakplg-result&content=,Heavy Fuel Oil vs Biofuel: Deposit Formation in Engines,"[""competitor_analysis""]","[""heavy fuel oil"", ""biofuel"", ""Biofuel Deposit Formation"", ""Engines"", ""engine"", ""fuel combustion causes engine"", ""combustion causes engine deposits"", ""injectors""]",本文比较heavy fuel oil、biofuel、Biofuel Deposit Formation在性能、成本、可靠性和适用条件上的差异，并给出验证思路，为技术选型与研发决策提供参考。,innovation_product_strategy,energy,"[""evaluate_r_and_d_directions"", ""identify_innovation_opportunities""]",2026-09-08,"[""carbon_and_efficiency""]"
Heavy Fuel Oil vs Marine Gas Oil: Sulfur Compliance,"请据《Heavy Fuel Oil vs Marine Gas Oil: Sulfur Compliance》生成结构化报告。分类:competitor_analysis；对象:innovation_product_strategy；行业:energy/carbon_and_efficiency；任务:evaluate_r_and_d_directions,identify_innovation_opportunities；关键词:sulfur compliance、heavy fuel oil、marine gas oil、Marine Gas Oil Sulfur、Gas Oil Sulfur Compliance。概述:本文比较sulfur compliance、heavy fuel oil、marine gas oil在性能、成本、可靠性和适用条件上的差异，并给出验证思路，为技术选型与研发决策提供参考。须含标题、摘要、结论、背景、技术/产品/市场/IP、风险机会、可落地建议、未来研究。",https://eureka.patsnap.com/ai-search/sess_782963e3c0dc4446?from=rd-home&start_from=eureka_landingpage,https://eureka.patsnap.com/share/?id=48ad8ad2eda1390c0b32d12e987db2c8&from=invite-eureakplg-result&content=,Heavy Fuel Oil vs Marine Gas Oil: Sulfur Compliance,"[""competitor_analysis""]","[""sulfur compliance"", ""heavy fuel oil"", ""marine gas oil"", ""Marine Gas Oil Sulfur"", ""Gas Oil Sulfur Compliance"", ""maritime industry"", ""transition"", ""cost-effective Heavy Fuel Oil""]",本文比较sulfur compliance、heavy fuel oil、marine gas oil在性能、成本、可靠性和适用条件上的差异，并给出验证思路，为技术选型与研发决策提供参考。,innovation_product_strategy,energy,"[""evaluate_r_and_d_directions"", ""identify_innovation_opportunities""]",2026-09-08,"[""carbon_and_efficiency""]"
Heavy Fuel Oil vs VLSFO: Tank Cleaning Requirements,"请据《Heavy Fuel Oil vs VLSFO: Tank Cleaning Requirements》生成结构化报告。分类:competitor_analysis；对象:innovation_product_strategy；行业:energy/carbon_and_efficiency；任务:evaluate_r_and_d_directions,identify_innovation_opportunities；关键词:heavy fuel oil、vlsfo、VLSFO Tank Cleaning、IMO 2020 sulfur cap、maritime fuel usage patterns。概述:本文比较heavy fuel oil、vlsfo、VLSFO Tank Cleaning在性能、成本、可靠性和适用条件上的差异，并给出验证思路，为技术选型与研发决策提供参考。须含标题、摘要、结论、背景、技术/产品/市场/IP、风险机会、可落地建议、未来研究。",https://eureka.patsnap.com/ai-search/sess_78e5eb8c092e4e46?from=rd-home&start_from=eureka_landingpage,https://eureka.patsnap.com/share/?id=e9904f53100e7b28fa61ff64b18dfcc4&from=invite-eureakplg-result&content=,Heavy Fuel Oil vs VLSFO: Tank Cleaning Requirements,"[""competitor_analysis""]","[""heavy fuel oil"", ""vlsfo"", ""VLSFO Tank Cleaning"", ""IMO 2020 sulfur cap"", ""maritime fuel usage patterns"", ""industry transformation""]",本文比较heavy fuel oil、vlsfo、VLSFO Tank Cleaning在性能、成本、可靠性和适用条件上的差异，并给出验证思路，为技术选型与研发决策提供参考。,innovation_product_strategy,energy,"[""evaluate_r_and_d_directions"", ""identify_innovation_opportunities""]",2026-09-08,"[""carbon_and_efficiency""]"
How to Improve Heavy Fuel Oil Centrifuge Separation,"请据《How to Improve Heavy Fuel Oil Centrifuge Separation》生成结构化报告。分类:scout_report；对象:rd_engineer_inventor；行业:energy/carbon_and_efficiency；任务:find_technical_solutions,assess_technical_feasibility；关键词:heavy fuel oil、Heavy Fuel Oil Centrifuge、Fuel Oil Centrifuge Separation、industrial、separation revolutionizes marine propulsion。概述:本文梳理heavy fuel oil、Heavy Fuel Oil Centrifuge、Fuel Oil Centrifuge Separation的技术原理、研究或验证方法与应用证据，并讨论性能和可行性，为研发方向选择与后续验证提供参考。须含标题、摘要、结论、背景、技术/产品/市场/IP、风险机会、可落地建议、未来研究。",https://eureka.patsnap.com/ai-search/sess_89476bd7e73f4e22?from=rd-home&start_from=eureka_landingpage,https://eureka.patsnap.com/share/?id=fa04d85f56d651dd3318606683e8f4ce&from=invite-eureakplg-result&content=,How to Improve Heavy Fuel Oil Centrifuge Separation,"[""scout_report""]","[""heavy fuel oil"", ""Heavy Fuel Oil Centrifuge"", ""Fuel Oil Centrifuge Separation"", ""industrial"", ""separation revolutionizes marine propulsion"", ""industrial power generation efficiency""]",本文梳理heavy fuel oil、Heavy Fuel Oil Centrifuge、Fuel Oil Centrifuge Separation的技术原理、研究或验证方法与应用证据，并讨论性能和可行性，为研发方向选择与后续验证提供参考。,rd_engineer_inventor,energy,"[""find_technical_solutions"", ""assess_technical_feasibility""]",2026-09-08,"[""carbon_and_efficiency""]"
manroland AG,请据《manroland AG》生成结构化报告。分类:competitor_analysis；对象:innovation_product_strategy；行业:engineering/manufacturing_process_engineering；任务:track_technologies_and_competitors；关键词:manroland AG、technical research、patent portfolio、competitor monitoring、market trends。概述:本文概述manroland AG的业务与技术研发，并涵盖专利组合、竞争动态及市场趋势，可用于竞品跟踪和研发/IP决策。须含标题、摘要、结论、背景、技术/产品/市场/IP、风险机会、可落地建议、未来研究。,https://eureka.patsnap.com/ai-search/sess_c02e35aa82714f41?from=rd-home&start_from=eureka_landingpage,https://eureka.patsnap.com/share/?id=bd04da7ae07e69074026144a2d1b8ceb&from=invite-eureakplg-result&content=,manroland AG,"[""competitor_analysis""]","[""manroland AG"", ""technical research"", ""patent portfolio"", ""competitor monitoring"", ""market trends""]",本文概述manroland AG的业务与技术研发，并涵盖专利组合、竞争动态及市场趋势，可用于竞品跟踪和研发/IP决策。,innovation_product_strategy,engineering,"[""track_technologies_and_competitors""]",2026-09-08,"[""manufacturing_process_engineering""]"
Atlas Copco AB,请据《Atlas Copco AB》生成结构化报告。分类:competitor_analysis；对象:innovation_product_strategy；行业:engineering/manufacturing_process_engineering；任务:track_technologies_and_competitors；关键词:Atlas Copco AB、compressor、industrial、software、technical research。概述:本文概述Atlas Copco AB的业务与技术研发，并涵盖专利组合、竞争动态及市场趋势，可用于竞品跟踪和研发/IP决策。须含标题、摘要、结论、背景、技术/产品/市场/IP、风险机会、可落地建议、未来研究。,https://eureka.patsnap.com/ai-search/sess_510dd3b988454e5e?from=rd-home&start_from=eureka_landingpage,https://eureka.patsnap.com/share/?id=f50c69d5f442301d8c83eb5c21233233&from=invite-eureakplg-result&content=,Atlas Copco AB,"[""competitor_analysis""]","[""Atlas Copco AB"", ""compressor"", ""industrial"", ""software"", ""technical research"", ""patent portfolio"", ""competitor monitoring"", ""market trends""]",本文概述Atlas Copco AB的业务与技术研发，并涵盖专利组合、竞争动态及市场趋势，可用于竞品跟踪和研发/IP决策。,innovation_product_strategy,engineering,"[""track_technologies_and_competitors""]",2026-09-08,"[""manufacturing_process_engineering""]"
"Mabuchi Motor Co., Ltd.","请据《Mabuchi Motor Co., Ltd.》生成结构化报告。分类:competitor_analysis；对象:innovation_product_strategy；行业:engineering/manufacturing_process_engineering；任务:track_technologies_and_competitors；关键词:Mabuchi Motor Co., Ltd、motor、automotive、car、technical research。概述:本文概述Mabuchi Motor Co., Ltd.的业务与技术研发，并涵盖专利组合、竞争动态及市场趋势，可用于竞品跟踪和研发/IP决策。须含标题、摘要、结论、背景、技术/产品/市场/IP、风险机会、可落地建议、未来研究。",https://eureka.patsnap.com/ai-search/sess_f8c8cc8472ad4484?from=rd-home&start_from=eureka_landingpage,https://eureka.patsnap.com/share/?id=fed782f65f24ad333922c3b167057959&from=invite-eureakplg-result&content=,"Mabuchi Motor Co., Ltd.","[""competitor_analysis""]","[""Mabuchi Motor Co., Ltd"", ""motor"", ""automotive"", ""car"", ""technical research"", ""patent portfolio"", ""competitor monitoring"", ""market trends""]","本文概述Mabuchi Motor Co., Ltd.的业务与技术研发，并涵盖专利组合、竞争动态及市场趋势，可用于竞品跟踪和研发/IP决策。",innovation_product_strategy,engineering,"[""track_technologies_and_competitors""]",2026-09-08,"[""manufacturing_process_engineering""]"
International Paper Co.,请据《International Paper Co.》生成结构化报告。分类:competitor_analysis；对象:innovation_product_strategy；行业:engineering/manufacturing_process_engineering；任务:track_technologies_and_competitors；关键词:International Paper Co、manufacturing、industrial、technical research、patent portfolio。概述:本文概述International Paper Co.的业务与技术研发，并涵盖专利组合、竞争动态及市场趋势，可用于竞品跟踪和研发/IP决策。须含标题、摘要、结论、背景、技术/产品/市场/IP、风险机会、可落地建议、未来研究。,https://eureka.patsnap.com/ai-search/sess_cbc4b34f4c86496f?from=rd-home&start_from=eureka_landingpage,https://eureka.patsnap.com/share/?id=a37cdb54e622c5dd953eef31c2041fee&from=invite-eureakplg-result&content=,International Paper Co.,"[""competitor_analysis""]","[""International Paper Co"", ""manufacturing"", ""industrial"", ""technical research"", ""patent portfolio"", ""competitor monitoring"", ""market trends""]",本文概述International Paper Co.的业务与技术研发，并涵盖专利组合、竞争动态及市场趋势，可用于竞品跟踪和研发/IP决策。,innovation_product_strategy,engineering,"[""track_technologies_and_competitors""]",2026-09-08,"[""manufacturing_process_engineering""]"
KITZ Corp.,请据《KITZ Corp.》生成结构化报告。分类:competitor_analysis；对象:innovation_product_strategy；行业:engineering/manufacturing_process_engineering；任务:track_technologies_and_competitors；关键词:KITZ Corp、manufacturing、industrial、steel、valve。概述:本文概述KITZ Corp.的业务与技术研发，并涵盖专利组合、竞争动态及市场趋势，可用于竞品跟踪和研发/IP决策。须含标题、摘要、结论、背景、技术/产品/市场/IP、风险机会、可落地建议、未来研究。,https://eureka.patsnap.com/ai-search/sess_00bbeafe1d3c4692?from=rd-home&start_from=eureka_landingpage,https://eureka.patsnap.com/share/?id=fa8cd097f435568720b8383756867ec1&from=invite-eureakplg-result&content=,KITZ Corp.,"[""competitor_analysis""]","[""KITZ Corp"", ""manufacturing"", ""industrial"", ""steel"", ""valve"", ""technical research"", ""patent portfolio"", ""competitor monitoring"", ""market trends""]",本文概述KITZ Corp.的业务与技术研发，并涵盖专利组合、竞争动态及市场趋势，可用于竞品跟踪和研发/IP决策。,innovation_product_strategy,engineering,"[""track_technologies_and_competitors""]",2026-09-08,"[""manufacturing_process_engineering""]"
Float Glass Surface Defects vs Bath Oxygen Potential,"请据《Float Glass Surface Defects vs Bath Oxygen Potential》生成结构化报告。分类:risk_watch；对象:rd_engineer_inventor；行业:materials/coatings_and_surfaces；任务:find_technical_solutions,assess_technical_feasibility；关键词:float glass、glass、Float Glass Surface Defects、Bath Oxygen、manufacturing。概述:本文分析float glass、glass、Float Glass Surface Defects的失效机理、风险来源与控制方法，并给出检测或验证要点，为降低研发和应用风险提供参考。须含标题、摘要、结论、背景、技术/产品/市场/IP、风险机会、可落地建议、未来研究。",https://eureka.patsnap.com/ai-search/sess_9f12fcd0b0df46d5?from=rd-home&start_from=eureka_landingpage,https://eureka.patsnap.com/share/?id=85bc98917d4084f4350c4ac3f43f6724&from=invite-eureakplg-result&content=,Float Glass Surface Defects vs Bath Oxygen Potential,"[""risk_watch""]","[""float glass"", ""glass"", ""Float Glass Surface Defects"", ""Bath Oxygen"", ""manufacturing"", ""automotive"", ""float glass manufacturing drives"", ""manufacturing drives modern architecture""]",本文分析float glass、glass、Float Glass Surface Defects的失效机理、风险来源与控制方法，并给出检测或验证要点，为降低研发和应用风险提供参考。,rd_engineer_inventor,materials,"[""find_technical_solutions"", ""assess_technical_feasibility""]",2026-09-08,"[""coatings_and_surfaces""]"
Reduce Roller Marks in Float Glass Through Process Control,"请据《Reduce Roller Marks in Float Glass Through Process Control》生成结构化报告。分类:scout_report；对象:rd_engineer_inventor；行业:materials/advanced_materials；任务:find_technical_solutions,assess_technical_feasibility；关键词:float glass、glass、Roller Marks、manufacturing、automotive。概述:本文梳理float glass、glass、Roller Marks的技术原理、研究或验证方法与应用证据，并讨论性能和可行性，为研发方向选择与后续验证提供参考。须含标题、摘要、结论、背景、技术/产品/市场/IP、风险机会、可落地建议、未来研究。",https://eureka.patsnap.com/ai-search/sess_2816eb2328ef4349?from=rd-home&start_from=eureka_landingpage,https://eureka.patsnap.com/share/?id=f64a9427924dae8320f23cc7795c76f9&from=invite-eureakplg-result&content=,Reduce Roller Marks in Float Glass Through Process Control,"[""scout_report""]","[""float glass"", ""glass"", ""Roller Marks"", ""manufacturing"", ""automotive"", ""groundbreaking float glass manufacturing"", ""float glass manufacturing innovations"", ""1950s shaping modern architectural""]",本文梳理float glass、glass、Roller Marks的技术原理、研究或验证方法与应用证据，并讨论性能和可行性，为研发方向选择与后续验证提供参考。,rd_engineer_inventor,materials,"[""find_technical_solutions"", ""assess_technical_feasibility""]",2026-09-08,"[""advanced_materials""]"
Fiberboard Microstructure vs MDF: Delamination Risk,"请据《Fiberboard Microstructure vs MDF: Delamination Risk》生成结构化报告。分类:risk_watch；对象:rd_engineer_inventor；行业:materials/polymers_and_resins；任务:find_technical_solutions,assess_technical_feasibility；关键词:fiberboard、Fiberboard Microstructure、MDF Delamination Risk、MDF、construction。概述:本文分析fiberboard、Fiberboard Microstructure、MDF Delamination Risk的失效机理、风险来源与控制方法，并给出检测或验证要点，为降低研发和应用风险提供参考。须含标题、摘要、结论、背景、技术/产品/市场/IP、风险机会、可落地建议、未来研究。",https://eureka.patsnap.com/ai-search/sess_ba708d27e59c4f05?from=rd-home&start_from=eureka_landingpage,https://eureka.patsnap.com/share/?id=6ee31065ecb265a549676e8c43ed2afd&from=invite-eureakplg-result&content=,Fiberboard Microstructure vs MDF: Delamination Risk,"[""risk_watch""]","[""fiberboard"", ""Fiberboard Microstructure"", ""MDF Delamination Risk"", ""MDF"", ""construction"", ""MDF revolutionized furniture"", ""construction industries"", ""innovative engineered wood""]",本文分析fiberboard、Fiberboard Microstructure、MDF Delamination Risk的失效机理、风险来源与控制方法，并给出检测或验证要点，为降低研发和应用风险提供参考。,rd_engineer_inventor,materials,"[""find_technical_solutions"", ""assess_technical_feasibility""]",2026-09-08,"[""polymers_and_resins""]"
Float Glass Defect Rates vs Tin Bath Temperature Stability,"请据《Float Glass Defect Rates vs Tin Bath Temperature Stability》生成结构化报告。分类:risk_watch；对象:rd_engineer_inventor；行业:materials/advanced_materials；任务:find_technical_solutions,assess_technical_feasibility；关键词:float glass、glass、Float Glass Defect Rates、Tin Bath Temperature Stability、manufacturing。概述:本文分析float glass、glass、Float Glass Defect Rates的失效机理、风险来源与控制方法，并给出检测或验证要点，为降低研发和应用风险提供参考。须含标题、摘要、结论、背景、技术/产品/市场/IP、风险机会、可落地建议、未来研究。",https://eureka.patsnap.com/ai-search/sess_b7d856904d524579?from=rd-home&start_from=eureka_landingpage,https://eureka.patsnap.com/share/?id=c67d3f167ee7f26ba6c7d037f71fb5e8&from=invite-eureakplg-result&content=,Float Glass Defect Rates vs Tin Bath Temperature Stability,"[""risk_watch""]","[""float glass"", ""glass"", ""Float Glass Defect Rates"", ""Tin Bath Temperature Stability"", ""manufacturing"", ""automotive"", ""float glass manufacturing"", ""molten tin achieves superior""]",本文分析float glass、glass、Float Glass Defect Rates的失效机理、风险来源与控制方法，并给出检测或验证要点，为降低研发和应用风险提供参考。,rd_engineer_inventor,materials,"[""find_technical_solutions"", ""assess_technical_feasibility""]",2026-09-08,"[""advanced_materials""]"
How to Avoid Lack of Fusion in Welding Stainless Steel,"请据《How to Avoid Lack of Fusion in Welding Stainless Steel》生成结构化报告。分类:scout_report；对象:rd_engineer_inventor；行业:materials/metals_and_alloys；任务:find_technical_solutions,assess_technical_feasibility；关键词:stainless steel、welding、steel、Avoid Lack、Fusion。概述:本文梳理stainless steel、welding、steel的技术原理、研究或验证方法与应用证据，并讨论性能和可行性，为研发方向选择与后续验证提供参考。须含标题、摘要、结论、背景、技术/产品/市场/IP、风险机会、可落地建议、未来研究。",https://eureka.patsnap.com/ai-search/sess_f14e5a56079d4549?from=rd-home&start_from=eureka_landingpage,https://eureka.patsnap.com/share/?id=cc351050f0b67c76256180f0eb1cde35&from=invite-eureakplg-result&content=,How to Avoid Lack of Fusion in Welding Stainless Steel,"[""scout_report""]","[""stainless steel"", ""welding"", ""steel"", ""Avoid Lack"", ""Fusion"", ""Welding Stainless Steel"", ""technical research"", ""advanced stainless steel welding""]",本文梳理stainless steel、welding、steel的技术原理、研究或验证方法与应用证据，并讨论性能和可行性，为研发方向选择与后续验证提供参考。,rd_engineer_inventor,materials,"[""find_technical_solutions"", ""assess_technical_feasibility""]",2026-09-08,"[""metals_and_alloys""]"
5g Technical Solutions,"请据《5g Technical Solutions》生成结构化报告。分类:scout_report；对象:rd_engineer_inventor；行业:other/general_strategy；任务:find_technical_solutions,explore_existing_technologies；关键词:5g、technical validation、engineering performance、risk control、application scenarios。概述:本文梳理5g、technical validation、engineering performance的技术原理、研究或验证方法与应用证据，并讨论性能和可行性，为研发方向选择与后续验证提供参考。须含标题、摘要、结论、背景、技术/产品/市场/IP、风险机会、可落地建议、未来研究。",https://eureka.patsnap.com/ai-search/sess_226f296be2bb44e5?from=rd-home&start_from=eureka_landingpage,https://eureka.patsnap.com/share/?id=248d797071be257a2bc93f3f250ff0c4&from=invite-eureakplg-result&content=,5g Technical Solutions,"[""scout_report""]","[""5g"", ""technical validation"", ""engineering performance"", ""risk control"", ""application scenarios""]",本文梳理5g、technical validation、engineering performance的技术原理、研究或验证方法与应用证据，并讨论性能和可行性，为研发方向选择与后续验证提供参考。,rd_engineer_inventor,other,"[""find_technical_solutions"", ""explore_existing_technologies""]",2026-09-08,"[""general_strategy""]"
EML Parsing Latency Benchmarks for Edge Email Gateways,"请据《EML Parsing Latency Benchmarks for Edge Email Gateways》生成结构化报告。分类:opportunity_brief；对象:innovation_product_strategy；行业:other/general_strategy；任务:evaluate_r_and_d_directions,identify_innovation_opportunities；关键词:email、EML Parsing Latency Benchmarks、Edge Email Gateways、EML、risk controls。概述:本文比较email、EML Parsing Latency Benchmarks、Edge Email Gateways在性能、成本、可靠性和适用条件上的差异，并给出验证思路，为技术选型与研发决策提供参考。须含标题、摘要、结论、背景、技术/产品/市场/IP、风险机会、可落地建议、未来研究。",https://eureka.patsnap.com/ai-search/sess_79b64258e1074007?from=rd-home&start_from=eureka_landingpage,https://eureka.patsnap.com/share/?id=584b42628cc3b4ed22477eb8fdc436a2&from=invite-eureakplg-result&content=,EML Parsing Latency Benchmarks for Edge Email Gateways,"[""opportunity_brief""]","[""email"", ""EML Parsing Latency Benchmarks"", ""Edge Email Gateways"", ""EML"", ""risk controls""]",本文比较email、EML Parsing Latency Benchmarks、Edge Email Gateways在性能、成本、可靠性和适用条件上的差异，并给出验证思路，为技术选型与研发决策提供参考。,innovation_product_strategy,other,"[""evaluate_r_and_d_directions"", ""identify_innovation_opportunities""]",2026-09-08,"[""general_strategy""]"
Optimize 5G Handover for Cross-Border High-Speed Rail,"请据《Optimize 5G Handover for Cross-Border High-Speed Rail》生成结构化报告。分类:scout_report；对象:rd_engineer_inventor；行业:other/general_strategy；任务:find_technical_solutions,explore_existing_technologies；关键词:5G Handover、Cross-Border High-Speed Rail、high speeds exceeding 300、speeds exceeding 300 km/h、handover。概述:本文梳理5G Handover、Cross-Border High-Speed Rail、high speeds exceeding 300的技术原理、研究或验证方法与应用证据，并讨论性能和可行性，为研发方向选择与后续验证提供参考。须含标题、摘要、结论、背景、技术/产品/市场/IP、风险机会、可落地建议、未来研究。",https://eureka.patsnap.com/ai-search/sess_2bbaf849b12f44e8?from=rd-home&start_from=eureka_landingpage,https://eureka.patsnap.com/share/?id=64b42c329e86b26e2056a29fd5439517&from=invite-eureakplg-result&content=,Optimize 5G Handover for Cross-Border High-Speed Rail,"[""scout_report""]","[""5G Handover"", ""Cross-Border High-Speed Rail"", ""high speeds exceeding 300"", ""speeds exceeding 300 km/h"", ""handover"", ""module insufficiently transfers connections"", ""connections between base stations"", ""transfer speed cannot match""]",本文梳理5G Handover、Cross-Border High-Speed Rail、high speeds exceeding 300的技术原理、研究或验证方法与应用证据，并讨论性能和可行性，为研发方向选择与后续验证提供参考。,rd_engineer_inventor,other,"[""find_technical_solutions"", ""explore_existing_technologies""]",2026-09-08,"[""general_strategy""]"
EML Encoding Issues in Cross-Platform Email Migration,"请据《EML Encoding Issues in Cross-Platform Email Migration》生成结构化报告。分类:scout_report；对象:rd_engineer_inventor；行业:other/general_strategy；任务:find_technical_solutions,explore_existing_technologies；关键词:email、EML Encoding Issues、Cross-Platform Email Migration、EML、risk controls。概述:本文梳理email、EML Encoding Issues、Cross-Platform Email Migration的技术原理、研究或验证方法与应用证据，并讨论性能和可行性，为研发方向选择与后续验证提供参考。须含标题、摘要、结论、背景、技术/产品/市场/IP、风险机会、可落地建议、未来研究。",https://eureka.patsnap.com/ai-search/sess_a0041e429c7a44ad?from=rd-home&start_from=eureka_landingpage,https://eureka.patsnap.com/share/?id=e49ebd4a75d446fde799cffb43c7af23&from=invite-eureakplg-result&content=,EML Encoding Issues in Cross-Platform Email Migration,"[""scout_report""]","[""email"", ""EML Encoding Issues"", ""Cross-Platform Email Migration"", ""EML"", ""risk controls""]",本文梳理email、EML Encoding Issues、Cross-Platform Email Migration的技术原理、研究或验证方法与应用证据，并讨论性能和可行性，为研发方向选择与后续验证提供参考。,rd_engineer_inventor,other,"[""find_technical_solutions"", ""explore_existing_technologies""]",2026-09-08,"[""general_strategy""]"
How to Build RAG Pipelines for Geospatial Data Retrieval,"请据《How to Build RAG Pipelines for Geospatial Data Retrieval》生成结构化报告。分类:scout_report；对象:rd_engineer_inventor；行业:other/general_strategy；任务:find_technical_solutions,explore_existing_technologies；关键词:Build RAG Pipelines、Geospatial Data Retrieval、RAG、building、building RAG pipelines。概述:本文梳理Build RAG Pipelines、Geospatial Data Retrieval、RAG的技术原理、研究或验证方法与应用证据，并讨论性能和可行性，为研发方向选择与后续验证提供参考。须含标题、摘要、结论、背景、技术/产品/市场/IP、风险机会、可落地建议、未来研究。",https://eureka.patsnap.com/ai-search/sess_94bc1dfa454c4c9b?from=rd-home&start_from=eureka_landingpage,https://eureka.patsnap.com/share/?id=fb8e4008cbc02a855b4fb440807df2d3&from=invite-eureakplg-result&content=,How to Build RAG Pipelines for Geospatial Data Retrieval,"[""scout_report""]","[""Build RAG Pipelines"", ""Geospatial Data Retrieval"", ""RAG"", ""building"", ""building RAG pipelines"", ""geospatial data"", ""embedding generation module insufficiently"", ""insufficiently converts spatial coordinates""]",本文梳理Build RAG Pipelines、Geospatial Data Retrieval、RAG的技术原理、研究或验证方法与应用证据，并讨论性能和可行性，为研发方向选择与后续验证提供参考。,rd_engineer_inventor,other,"[""find_technical_solutions"", ""explore_existing_technologies""]",2026-09-08,"[""general_strategy""]"
New Energy Vehicles Residual Value Prediction Models,"请据《New Energy Vehicles Residual Value Prediction Models》生成结构化报告。分类:scout_report；对象:rd_engineer_inventor；行业:automotive/vehicle_components；任务:find_technical_solutions,explore_existing_technologies；关键词:Energy Vehicles Residual Value、Residual Value Prediction Models、battery、vehicle、prediction model insufficiently converts。概述:本文梳理Energy Vehicles Residual Value、Residual Value Prediction Models、battery的技术原理、研究或验证方法与应用证据，并讨论性能和可行性，为研发方向选择与后续验证提供参考。须含标题、摘要、结论、背景、技术/产品/市场/IP、风险机会、可落地建议、未来研究。",https://eureka.patsnap.com/ai-search/sess_c23b99298ce24704?from=rd-home&start_from=eureka_landingpage,https://eureka.patsnap.com/share/?id=25b4866763426744b851d2bb43c1297e&from=invite-eureakplg-result&content=,New Energy Vehicles Residual Value Prediction Models,"[""scout_report""]","[""Energy Vehicles Residual Value"", ""Residual Value Prediction Models"", ""battery"", ""vehicle"", ""prediction model insufficiently converts"", ""energy vehicle attributes"", ""accurate residual value forecasts"", ""captures battery degradation patterns""]",本文梳理Energy Vehicles Residual Value、Residual Value Prediction Models、battery的技术原理、研究或验证方法与应用证据，并讨论性能和可行性，为研发方向选择与后续验证提供参考。,rd_engineer_inventor,automotive,"[""find_technical_solutions"", ""explore_existing_technologies""]",2026-09-08,"[""vehicle_components""]"
Autonomous Vehicle Steering Angle Limits for High-Speed Stability,"请据《Autonomous Vehicle Steering Angle Limits for High-Speed Stability》生成结构化报告。分类:case；对象:rd_engineer_inventor；行业:automotive/autonomous_and_connected_vehicle；任务:find_technical_solutions,generate_product_ideas；关键词:autonomous vehicle、vehicle、Autonomous Vehicle Steering Angle、Vehicle Steering Angle Limits、High-Speed Stability。概述:本文以autonomous vehicle、vehicle、Autonomous Vehicle Steering Angle为案例，解析具体工程问题、解决构型及预期效果，为类似产品或工艺的技术改进与创新提供参考。须含标题、摘要、结论、背景、技术/产品/市场/IP、风险机会、可落地建议、未来研究。",https://eureka.patsnap.com/ai-search/sess_1741006b380c4207?from=rd-home&start_from=eureka_landingpage,https://eureka.patsnap.com/share/?id=fc84367a9456019cb6d065bcf79048f9&from=invite-eureakplg-result&content=,Autonomous Vehicle Steering Angle Limits for High-Speed Stability,"[""case""]","[""autonomous vehicle"", ""vehicle"", ""Autonomous Vehicle Steering Angle"", ""Vehicle Steering Angle Limits"", ""High-Speed Stability"", ""Dynamic steering angle limits"", ""speed lateral acceleration"", ""road conditions""]",本文以autonomous vehicle、vehicle、Autonomous Vehicle Steering Angle为案例，解析具体工程问题、解决构型及预期效果，为类似产品或工艺的技术改进与创新提供参考。,rd_engineer_inventor,automotive,"[""find_technical_solutions"", ""generate_product_ideas""]",2026-09-08,"[""autonomous_and_connected_vehicle""]"
Articulated Vehicle Lane-Keeping Control Under Tire Abnormalities,"请据《Articulated Vehicle Lane-Keeping Control Under Tire Abnormalities》生成结构化报告。分类:case；对象:rd_engineer_inventor；行业:automotive/autonomous_and_connected_vehicle；任务:find_technical_solutions,generate_product_ideas；关键词:vehicle、Articulated Vehicle Lane-Keeping、Tire Abnormalities、Feedback、tractor。概述:本文以vehicle、Articulated Vehicle Lane-Keeping、Tire Abnormalities为案例，解析具体工程问题、解决构型及预期效果，为类似产品或工艺的技术改进与创新提供参考。须含标题、摘要、结论、背景、技术/产品/市场/IP、风险机会、可落地建议、未来研究。",https://eureka.patsnap.com/ai-search/sess_5b47fb63d592407e?from=rd-home&start_from=eureka_landingpage,https://eureka.patsnap.com/share/?id=d1bef082335da2a6b93397e8e6067734&from=invite-eureakplg-result&content=,Articulated Vehicle Lane-Keeping Control Under Tire Abnormalities,"[""case""]","[""vehicle"", ""Articulated Vehicle Lane-Keeping"", ""Tire Abnormalities"", ""Feedback"", ""tractor"", ""fifth-wheel state sensing"", ""keep articulated vehicles stable"", ""lane""]",本文以vehicle、Articulated Vehicle Lane-Keeping、Tire Abnormalities为案例，解析具体工程问题、解决构型及预期效果，为类似产品或工艺的技术改进与创新提供参考。,rd_engineer_inventor,automotive,"[""find_technical_solutions"", ""generate_product_ideas""]",2026-09-08,"[""autonomous_and_connected_vehicle""]"
Vehicle Collision Time Prediction Using Travel Envelope Segmentation,"请据《Vehicle Collision Time Prediction Using Travel Envelope Segmentation》生成结构化报告。分类:case；对象:rd_engineer_inventor；行业:automotive/autonomous_and_connected_vehicle；任务:find_technical_solutions,generate_product_ideas；关键词:vehicle、Vehicle Collision Time Prediction、Travel Envelope Segmentation、travel-envelope、four-corner object model simplifies。概述:本文以vehicle、Vehicle Collision Time Prediction、Travel Envelope Segmentation为案例，解析具体工程问题、解决构型及预期效果，为类似产品或工艺的技术改进与创新提供参考。须含标题、摘要、结论、背景、技术/产品/市场/IP、风险机会、可落地建议、未来研究。",https://eureka.patsnap.com/ai-search/sess_94b8a746f7cc4d61?from=rd-home&start_from=eureka_landingpage,https://eureka.patsnap.com/share/?id=fb0ddbad7927a8336ce9cdff1cbd5ef7&from=invite-eureakplg-result&content=,Vehicle Collision Time Prediction Using Travel Envelope Segmentation,"[""case""]","[""vehicle"", ""Vehicle Collision Time Prediction"", ""Travel Envelope Segmentation"", ""travel-envelope"", ""four-corner object model simplifies"", ""prediction while preserving precision"", ""driver assistance""]",本文以vehicle、Vehicle Collision Time Prediction、Travel Envelope Segmentation为案例，解析具体工程问题、解决构型及预期效果，为类似产品或工艺的技术改进与创新提供参考。,rd_engineer_inventor,automotive,"[""find_technical_solutions"", ""generate_product_ideas""]",2026-09-08,"[""autonomous_and_connected_vehicle""]"
How to Optimize Flocculant Dose for Turbidity Removal,"请据《How to Optimize Flocculant Dose for Turbidity Removal》生成结构化报告。分类:scout_report；对象:rd_engineer_inventor；行业:chemical/specialty_chemicals；任务:find_technical_solutions,assess_technical_feasibility；关键词:turbidity removal、flocculant、Flocculant Dose、flocculants revolutionize water treatment、aggregating suspended particles。概述:本文梳理turbidity removal、flocculant、Flocculant Dose的技术原理、研究或验证方法与应用证据，并讨论性能和可行性，为研发方向选择与后续验证提供参考。须含标题、摘要、结论、背景、技术/产品/市场/IP、风险机会、可落地建议、未来研究。",https://eureka.patsnap.com/ai-search/sess_992eba26e8d14b37?from=rd-home&start_from=eureka_landingpage,https://eureka.patsnap.com/share/?id=39df594fd5cc37e3e2753d907b28c247&from=invite-eureakplg-result&content=,How to Optimize Flocculant Dose for Turbidity Removal,"[""scout_report""]","[""turbidity removal"", ""flocculant"", ""Flocculant Dose"", ""flocculants revolutionize water treatment"", ""aggregating suspended particles"", ""enhanced purification efficiency""]",本文梳理turbidity removal、flocculant、Flocculant Dose的技术原理、研究或验证方法与应用证据，并讨论性能和可行性，为研发方向选择与后续验证提供参考。,rd_engineer_inventor,chemical,"[""find_technical_solutions"", ""assess_technical_feasibility""]",2026-09-08,"[""specialty_chemicals""]"
Quantify Flocculant Toxicity Risks in Aquaculture Effluent,"请据《Quantify Flocculant Toxicity Risks in Aquaculture Effluent》生成结构化报告。分类:risk_watch；对象:rd_engineer_inventor；行业:chemical/specialty_chemicals；任务:find_technical_solutions,assess_technical_feasibility；关键词:aquaculture、flocculant、Flocculant Toxicity Risks、Aquaculture Effluent、food。概述:本文分析aquaculture、flocculant、Flocculant Toxicity Risks的失效机理、风险来源与控制方法，并给出检测或验证要点，为降低研发和应用风险提供参考。须含标题、摘要、结论、背景、技术/产品/市场/IP、风险机会、可落地建议、未来研究。",https://eureka.patsnap.com/ai-search/sess_8de6d8fef168426a?from=rd-home&start_from=eureka_landingpage,https://eureka.patsnap.com/share/?id=a108173ca892c2620d38552226a037cd&from=invite-eureakplg-result&content=,Quantify Flocculant Toxicity Risks in Aquaculture Effluent,"[""risk_watch""]","[""aquaculture"", ""flocculant"", ""Flocculant Toxicity Risks"", ""Aquaculture Effluent"", ""food"", ""aquaculture addresses global food"", ""while driving economic growth"", ""report""]",本文分析aquaculture、flocculant、Flocculant Toxicity Risks的失效机理、风险来源与控制方法，并给出检测或验证要点，为降低研发和应用风险提供参考。,rd_engineer_inventor,chemical,"[""find_technical_solutions"", ""assess_technical_feasibility""]",2026-09-08,"[""specialty_chemicals""]"
Flocculant vs Centrifugation: Tailings Water Recovery,"请据《Flocculant vs Centrifugation: Tailings Water Recovery》生成结构化报告。分类:competitor_analysis；对象:innovation_product_strategy；行业:chemical/specialty_chemicals；任务:evaluate_r_and_d_directions,identify_innovation_opportunities；关键词:flocculant、Centrifugation Tailings Water Recovery、cutting-edge tailings management、addressing mining、critical environmental challenges。概述:本文比较flocculant、Centrifugation Tailings Water Recovery、cutting-edge tailings management在性能、成本、可靠性和适用条件上的差异，并给出验证思路，为技术选型与研发决策提供参考。须含标题、摘要、结论、背景、技术/产品/市场/IP、风险机会、可落地建议、未来研究。",https://eureka.patsnap.com/ai-search/sess_8f279969561844d6?from=rd-home&start_from=eureka_landingpage,https://eureka.patsnap.com/share/?id=b2bb1ee4fbcf86095ab5c13211fbda43&from=invite-eureakplg-result&content=,Flocculant vs Centrifugation: Tailings Water Recovery,"[""competitor_analysis""]","[""flocculant"", ""Centrifugation Tailings Water Recovery"", ""cutting-edge tailings management"", ""addressing mining"", ""critical environmental challenges"", ""operational risks""]",本文比较flocculant、Centrifugation Tailings Water Recovery、cutting-edge tailings management在性能、成本、可靠性和适用条件上的差异，并给出验证思路，为技术选型与研发决策提供参考。,innovation_product_strategy,chemical,"[""evaluate_r_and_d_directions"", ""identify_innovation_opportunities""]",2026-09-08,"[""specialty_chemicals""]"
Flocculant vs Ferric Chloride: Arsenic Removal Trade-Offs,"请据《Flocculant vs Ferric Chloride: Arsenic Removal Trade-Offs》生成结构化报告。分类:competitor_analysis；对象:innovation_product_strategy；行业:chemical/specialty_chemicals；任务:evaluate_r_and_d_directions,identify_innovation_opportunities；关键词:flocculant、Ferric Chloride Arsenic Removal、Chloride Arsenic Removal Trade-Offs、innovative、combat arsenic water contamination。概述:本文比较flocculant、Ferric Chloride Arsenic Removal、Chloride Arsenic Removal Trade-Offs在性能、成本、可靠性和适用条件上的差异，并给出验证思路，为技术选型与研发决策提供参考。须含标题、摘要、结论、背景、技术/产品/市场/IP、风险机会、可落地建议、未来研究。",https://eureka.patsnap.com/ai-search/sess_4647f35ead7940f8?from=rd-home&start_from=eureka_landingpage,https://eureka.patsnap.com/share/?id=5ea9d07e6d727a97540fdbed6ea85e5d&from=invite-eureakplg-result&content=,Flocculant vs Ferric Chloride: Arsenic Removal Trade-Offs,"[""competitor_analysis""]","[""flocculant"", ""Ferric Chloride Arsenic Removal"", ""Chloride Arsenic Removal Trade-Offs"", ""innovative"", ""combat arsenic water contamination"", ""affecting 200M people globally"", ""breakthrough"", ""findings""]",本文比较flocculant、Ferric Chloride Arsenic Removal、Chloride Arsenic Removal Trade-Offs在性能、成本、可靠性和适用条件上的差异，并给出验证思路，为技术选型与研发决策提供参考。,innovation_product_strategy,chemical,"[""evaluate_r_and_d_directions"", ""identify_innovation_opportunities""]",2026-09-08,"[""specialty_chemicals""]"
Flocculant vs Hydrocycloning: Mineral Classification Efficiency,"请据《Flocculant vs Hydrocycloning: Mineral Classification Efficiency》生成结构化报告。分类:competitor_analysis；对象:innovation_product_strategy；行业:chemical/specialty_chemicals；任务:evaluate_r_and_d_directions,identify_innovation_opportunities；关键词:flocculant、Hydrocycloning Mineral Classification Efficiency、mineral classification bridges comminution、concentration stages、separation efficiency。概述:本文比较flocculant、Hydrocycloning Mineral Classification Efficiency、mineral classification bridges comminution在性能、成本、可靠性和适用条件上的差异，并给出验证思路，为技术选型与研发决策提供参考。须含标题、摘要、结论、背景、技术/产品/市场/IP、风险机会、可落地建议、未来研究。",https://eureka.patsnap.com/ai-search/sess_4d6d6e04367c4868?from=rd-home&start_from=eureka_landingpage,https://eureka.patsnap.com/share/?id=0e9d7ebd70aee65ca717c477f24eab15&from=invite-eureakplg-result&content=,Flocculant vs Hydrocycloning: Mineral Classification Efficiency,"[""competitor_analysis""]","[""flocculant"", ""Hydrocycloning Mineral Classification Efficiency"", ""mineral classification bridges comminution"", ""concentration stages"", ""separation efficiency"", ""processing operations""]",本文比较flocculant、Hydrocycloning Mineral Classification Efficiency、mineral classification bridges comminution在性能、成本、可靠性和适用条件上的差异，并给出验证思路，为技术选型与研发决策提供参考。,innovation_product_strategy,chemical,"[""evaluate_r_and_d_directions"", ""identify_innovation_opportunities""]",2026-09-08,"[""specialty_chemicals""]"
Wafer Process Equipment Matching for Multi-Chamber Tools,"请据《Wafer Process Equipment Matching for Multi-Chamber Tools》生成结构化报告。分类:scout_report；对象:rd_engineer_inventor；行业:electronics_manufacturing/semiconductor_and_packaging；任务:find_technical_solutions,explore_existing_technologies；关键词:wafer、Equipment Matching、Multi-Chamber Tools、multi-chamber wafer processing tools、chambers have mismatched processing。概述:本文梳理wafer、Equipment Matching、Multi-Chamber Tools的技术原理、研究或验证方法与应用证据，并讨论性能和可行性，为研发方向选择与后续验证提供参考。须含标题、摘要、结论、背景、技术/产品/市场/IP、风险机会、可落地建议、未来研究。",https://eureka.patsnap.com/ai-search/sess_35ba6f4a7e6d41a9?from=rd-home&start_from=eureka_landingpage,https://eureka.patsnap.com/share/?id=4f83d07011da735f98ee20fe890af9eb&from=invite-eureakplg-result&content=,Wafer Process Equipment Matching for Multi-Chamber Tools,"[""scout_report""]","[""wafer"", ""Equipment Matching"", ""Multi-Chamber Tools"", ""multi-chamber wafer processing tools"", ""chambers have mismatched processing"", ""have mismatched processing rates"", ""insufficient throughput coordination causing"", ""coordination causing faster chambers""]",本文梳理wafer、Equipment Matching、Multi-Chamber Tools的技术原理、研究或验证方法与应用证据，并讨论性能和可行性，为研发方向选择与后续验证提供参考。,rd_engineer_inventor,electronics_manufacturing,"[""find_technical_solutions"", ""explore_existing_technologies""]",2026-09-08,"[""semiconductor_and_packaging""]"
Wafer Process Defect Pareto Analysis for Yield Improvement,"请据《Wafer Process Defect Pareto Analysis for Yield Improvement》生成结构化报告。分类:risk_watch；对象:rd_engineer_inventor；行业:electronics_manufacturing/semiconductor_and_packaging；任务:find_technical_solutions,assess_technical_feasibility；关键词:wafer、Defect Pareto、Yield Improvement、manufacturing、wafer manufacturing contamination particles。概述:本文分析wafer、Defect Pareto、Yield Improvement的失效机理、风险来源与控制方法，并给出检测或验证要点，为降低研发和应用风险提供参考。须含标题、摘要、结论、背景、技术/产品/市场/IP、风险机会、可落地建议、未来研究。",https://eureka.patsnap.com/ai-search/sess_f434a73d24234ad0?from=rd-home&start_from=eureka_landingpage,https://eureka.patsnap.com/share/?id=ec0314786b378411fc5617a48dc8818f&from=invite-eureakplg-result&content=,Wafer Process Defect Pareto Analysis for Yield Improvement,"[""risk_watch""]","[""wafer"", ""Defect Pareto"", ""Yield Improvement"", ""manufacturing"", ""wafer manufacturing contamination particles"", ""particles harmfully deposit onto"", ""wafer substrate causing electrical"", ""substrate causing electrical shorts""]",本文分析wafer、Defect Pareto、Yield Improvement的失效机理、风险来源与控制方法，并给出检测或验证要点，为降低研发和应用风险提供参考。,rd_engineer_inventor,electronics_manufacturing,"[""find_technical_solutions"", ""assess_technical_feasibility""]",2026-09-08,"[""semiconductor_and_packaging""]"
Pcb Technical Solutions,"请据《Pcb Technical Solutions》生成结构化报告。分类:scout_report；对象:rd_engineer_inventor；行业:electronics_manufacturing/semiconductor_and_packaging；任务:find_technical_solutions,explore_existing_technologies；关键词:pcb、technical validation、engineering performance、risk control、application scenarios。概述:本文梳理pcb、technical validation、engineering performance的技术原理、研究或验证方法与应用证据，并讨论性能和可行性，为研发方向选择与后续验证提供参考。须含标题、摘要、结论、背景、技术/产品/市场/IP、风险机会、可落地建议、未来研究。",https://eureka.patsnap.com/ai-search/sess_f8f3f799f4ec47cc?from=rd-home&start_from=eureka_landingpage,https://eureka.patsnap.com/share/?id=6960ff4fd9b4d03f102a11bd34953b69&from=invite-eureakplg-result&content=,Pcb Technical Solutions,"[""scout_report""]","[""pcb"", ""technical validation"", ""engineering performance"", ""risk control"", ""application scenarios""]",本文梳理pcb、technical validation、engineering performance的技术原理、研究或验证方法与应用证据，并讨论性能和可行性，为研发方向选择与后续验证提供参考。,rd_engineer_inventor,electronics_manufacturing,"[""find_technical_solutions"", ""explore_existing_technologies""]",2026-09-08,"[""semiconductor_and_packaging""]"
PCB Annular Ring Design Rules for IPC Class 3 Compliance,"请据《PCB Annular Ring Design Rules for IPC Class 3 Compliance》生成结构化报告。分类:scout_report；对象:rd_engineer_inventor；行业:electronics_manufacturing/semiconductor_and_packaging；任务:find_technical_solutions,explore_existing_technologies；关键词:pcb、PCB Annular Ring、Rules、IPC Class 3 Compliance、IPC。概述:本文梳理pcb、PCB Annular Ring、Rules的技术原理、研究或验证方法与应用证据，并讨论性能和可行性，为研发方向选择与后续验证提供参考。须含标题、摘要、结论、背景、技术/产品/市场/IP、风险机会、可落地建议、未来研究。",https://eureka.patsnap.com/ai-search/sess_42138a4a8a4d4a9b?from=rd-home&start_from=eureka_landingpage,https://eureka.patsnap.com/share/?id=77bca77165218c03e9282597fb6f2bb7&from=invite-eureakplg-result&content=,PCB Annular Ring Design Rules for IPC Class 3 Compliance,"[""scout_report""]","[""pcb"", ""PCB Annular Ring"", ""Rules"", ""IPC Class 3 Compliance"", ""IPC"", ""mechanical"", ""drilling positional deviation reduces"", ""copper annular ring width""]",本文梳理pcb、PCB Annular Ring、Rules的技术原理、研究或验证方法与应用证据，并讨论性能和可行性，为研发方向选择与后续验证提供参考。,rd_engineer_inventor,electronics_manufacturing,"[""find_technical_solutions"", ""explore_existing_technologies""]",2026-09-08,"[""semiconductor_and_packaging""]"
Advanced Packaging Hybrid Bonding vs Microbump for HBM4,"请据《Advanced Packaging Hybrid Bonding vs Microbump for HBM4》生成结构化报告。分类:opportunity_brief；对象:innovation_product_strategy；行业:electronics_manufacturing/semiconductor_and_packaging；任务:evaluate_r_and_d_directions,identify_innovation_opportunities；关键词:advanced packaging、hybrid bonding、microbump、hbm4、Advanced Packaging Hybrid Bonding。概述:本文比较advanced packaging、hybrid bonding、microbump在性能、成本、可靠性和适用条件上的差异，并给出验证思路，为技术选型与研发决策提供参考。须含标题、摘要、结论、背景、技术/产品/市场/IP、风险机会、可落地建议、未来研究。",https://eureka.patsnap.com/ai-search/sess_8e4ae0f085bb4022?from=rd-home&start_from=eureka_landingpage,https://eureka.patsnap.com/share/?id=977a6518217a3d1a6380b9b86da14c63&from=invite-eureakplg-result&content=,Advanced Packaging Hybrid Bonding vs Microbump for HBM4,"[""opportunity_brief""]","[""advanced packaging"", ""hybrid bonding"", ""microbump"", ""hbm4"", ""Advanced Packaging Hybrid Bonding"", ""interconnect"", ""HBM4 advanced packaging microbump"", ""provide insufficient electrical conductivity""]",本文比较advanced packaging、hybrid bonding、microbump在性能、成本、可靠性和适用条件上的差异，并给出验证思路，为技术选型与研发决策提供参考。,innovation_product_strategy,electronics_manufacturing,"[""evaluate_r_and_d_directions"", ""identify_innovation_opportunities""]",2026-09-08,"[""semiconductor_and_packaging""]"
How to Improve Hydrogen Generator Startup and Shutdown,"请据《How to Improve Hydrogen Generator Startup and Shutdown》生成结构化报告。分类:scout_report；对象:rd_engineer_inventor；行业:energy/hydrogen_and_fuel_cells；任务:find_technical_solutions,assess_technical_feasibility；关键词:hydrogen、Hydrogen Generator Startup、Shutdown、electrolysis、industrial。概述:本文梳理hydrogen、Hydrogen Generator Startup、Shutdown的技术原理、研究或验证方法与应用证据，并讨论性能和可行性，为研发方向选择与后续验证提供参考。须含标题、摘要、结论、背景、技术/产品/市场/IP、风险机会、可落地建议、未来研究。",https://eureka.patsnap.com/ai-search/sess_75bd9fdd7e744386?from=rd-home&start_from=eureka_landingpage,https://eureka.patsnap.com/share/?id=dfad83fe7550588ffad66c62663da901&from=invite-eureakplg-result&content=,How to Improve Hydrogen Generator Startup and Shutdown,"[""scout_report""]","[""hydrogen"", ""Hydrogen Generator Startup"", ""Shutdown"", ""electrolysis"", ""industrial"", ""hydrogen generation evolved"", ""industrial electrolysis"", ""advanced modular""]",本文梳理hydrogen、Hydrogen Generator Startup、Shutdown的技术原理、研究或验证方法与应用证据，并讨论性能和可行性，为研发方向选择与后续验证提供参考。,rd_engineer_inventor,energy,"[""find_technical_solutions"", ""assess_technical_feasibility""]",2026-09-08,"[""hydrogen_and_fuel_cells""]"
Compare Silver vs Aluminum Back Metal Electrodes for PSCs,"请据《Compare Silver vs Aluminum Back Metal Electrodes for PSCs》生成结构化报告。分类:opportunity_brief；对象:innovation_product_strategy；行业:energy/solar_and_power_electronics；任务:evaluate_r_and_d_directions,identify_innovation_opportunities；关键词:back metal electrodes、aluminum、metal、pscs、Silver。概述:本文比较back metal electrodes、aluminum、metal在性能、成本、可靠性和适用条件上的差异，并给出验证思路，为技术选型与研发决策提供参考。须含标题、摘要、结论、背景、技术/产品/市场/IP、风险机会、可落地建议、未来研究。",https://eureka.patsnap.com/ai-search/sess_d4b5736636d9454c?from=rd-home&start_from=eureka_landingpage,https://eureka.patsnap.com/share/?id=51702ae2f1fd27b0b1278af149b08efb&from=invite-eureakplg-result&content=,Compare Silver vs Aluminum Back Metal Electrodes for PSCs,"[""opportunity_brief""]","[""back metal electrodes"", ""aluminum"", ""metal"", ""pscs"", ""Silver"", ""Aluminum Back Metal Electrodes"", ""electrode"", ""risk controls""]",本文比较back metal electrodes、aluminum、metal在性能、成本、可靠性和适用条件上的差异，并给出验证思路，为技术选型与研发决策提供参考。,innovation_product_strategy,energy,"[""evaluate_r_and_d_directions"", ""identify_innovation_opportunities""]",2026-09-08,"[""solar_and_power_electronics""]"
Anodes for Solid-State Batteries: Interface Engineering,"请据《Anodes for Solid-State Batteries: Interface Engineering》生成结构化报告。分类:scout_report；对象:rd_engineer_inventor；行业:energy/batteries_and_storage；任务:find_technical_solutions,explore_existing_technologies；关键词:interface engineering、solid-state batteries、batteries、Anodes、Solid-State Batteries Interface Engineering。概述:本文梳理interface engineering、solid-state batteries、batteries的技术原理、研究或验证方法与应用证据，并讨论性能和可行性，为研发方向选择与后续验证提供参考。须含标题、摘要、结论、背景、技术/产品/市场/IP、风险机会、可落地建议、未来研究。",https://eureka.patsnap.com/ai-search/sess_40fab8b7d1044f0c?from=rd-home&start_from=eureka_landingpage,https://eureka.patsnap.com/share/?id=f7799415c26d570ccb7999d4517132c0&from=invite-eureakplg-result&content=,Anodes for Solid-State Batteries: Interface Engineering,"[""scout_report""]","[""interface engineering"", ""solid-state batteries"", ""batteries"", ""Anodes"", ""Solid-State Batteries Interface Engineering"", ""charge-discharge cycles"", ""anode material undergoes volume"", ""material undergoes volume changes""]",本文梳理interface engineering、solid-state batteries、batteries的技术原理、研究或验证方法与应用证据，并讨论性能和可行性，为研发方向选择与后续验证提供参考。,rd_engineer_inventor,energy,"[""find_technical_solutions"", ""explore_existing_technologies""]",2026-09-08,"[""batteries_and_storage""]"
How to Design BMS for Sodium-Ion Battery Chemistry,"请据《How to Design BMS for Sodium-Ion Battery Chemistry》生成结构化报告。分类:scout_report；对象:rd_engineer_inventor；行业:energy/batteries_and_storage；任务:find_technical_solutions,explore_existing_technologies；关键词:sodium-ion battery、battery、BMS、Sodium-Ion Battery Chemistry、designing。概述:本文梳理sodium-ion battery、battery、BMS的技术原理、研究或验证方法与应用证据，并讨论性能和可行性，为研发方向选择与后续验证提供参考。须含标题、摘要、结论、背景、技术/产品/市场/IP、风险机会、可落地建议、未来研究。",https://eureka.patsnap.com/ai-search/sess_dc0317c0dc71424f?from=rd-home&start_from=eureka_landingpage,https://eureka.patsnap.com/share/?id=be107c4a011dc2e3fd5e83311ff89af3&from=invite-eureakplg-result&content=,How to Design BMS for Sodium-Ion Battery Chemistry,"[""scout_report""]","[""sodium-ion battery"", ""battery"", ""BMS"", ""Sodium-Ion Battery Chemistry"", ""designing"", ""conventional lithium-ion calibration parameters"", ""state estimation processor provides"", ""insufficient calculation accuracy due""]",本文梳理sodium-ion battery、battery、BMS的技术原理、研究或验证方法与应用证据，并讨论性能和可行性，为研发方向选择与后续验证提供参考。,rd_engineer_inventor,energy,"[""find_technical_solutions"", ""explore_existing_technologies""]",2026-09-08,"[""batteries_and_storage""]"
Fuel Cell Hydrogen Crossover Detection Methods for QC,"请据《Fuel Cell Hydrogen Crossover Detection Methods for QC》生成结构化报告。分类:risk_watch；对象:rd_engineer_inventor；行业:energy/hydrogen_and_fuel_cells；任务:find_technical_solutions,assess_technical_feasibility；关键词:fuel cell、hydrogen、Fuel Cell Hydrogen Crossover、Cell Hydrogen Crossover Detection、QC。概述:本文分析fuel cell、hydrogen、Fuel Cell Hydrogen Crossover的失效机理、风险来源与控制方法，并给出检测或验证要点，为降低研发和应用风险提供参考。须含标题、摘要、结论、背景、技术/产品/市场/IP、风险机会、可落地建议、未来研究。",https://eureka.patsnap.com/ai-search/sess_8198593079dc4cbc?from=rd-home&start_from=eureka_landingpage,https://eureka.patsnap.com/share/?id=da7b75ea5c36f3324f2cf6baaa77436c&from=invite-eureakplg-result&content=,Fuel Cell Hydrogen Crossover Detection Methods for QC,"[""risk_watch""]","[""fuel cell"", ""hydrogen"", ""Fuel Cell Hydrogen Crossover"", ""Cell Hydrogen Crossover Detection"", ""QC"", ""manufacturing"", ""fuel cell manufacturing"", ""proton exchange membrane insufficiently""]",本文分析fuel cell、hydrogen、Fuel Cell Hydrogen Crossover的失效机理、风险来源与控制方法，并给出检测或验证要点，为降低研发和应用风险提供参考。,rd_engineer_inventor,energy,"[""find_technical_solutions"", ""assess_technical_feasibility""]",2026-09-08,"[""hydrogen_and_fuel_cells""]"
Katholieke Universiteit Leuven,请据《Katholieke Universiteit Leuven》生成结构化报告。分类:competitor_analysis；对象:innovation_product_strategy；行业:engineering/mechanical_systems；任务:track_technologies_and_competitors；关键词:Katholieke Universiteit Leuven、technical research、patent portfolio、competitor monitoring、market trends。概述:本文概述Katholieke Universiteit Leuven的业务与技术研发，并涵盖专利组合、竞争动态及市场趋势，可用于竞品跟踪和研发/IP决策。须含标题、摘要、结论、背景、技术/产品/市场/IP、风险机会、可落地建议、未来研究。,https://eureka.patsnap.com/ai-search/sess_1596b21b7f2e4d3c?from=rd-home&start_from=eureka_landingpage,https://eureka.patsnap.com/share/?id=c2bc80276bea9e80f077c13db8c2b2fe&from=invite-eureakplg-result&content=,Katholieke Universiteit Leuven,"[""competitor_analysis""]","[""Katholieke Universiteit Leuven"", ""technical research"", ""patent portfolio"", ""competitor monitoring"", ""market trends""]",本文概述Katholieke Universiteit Leuven的业务与技术研发，并涵盖专利组合、竞争动态及市场趋势，可用于竞品跟踪和研发/IP决策。,innovation_product_strategy,engineering,"[""track_technologies_and_competitors""]",2026-09-08,"[""mechanical_systems""]"
Sikorsky Aircraft Corp.,请据《Sikorsky Aircraft Corp.》生成结构化报告。分类:competitor_analysis；对象:innovation_product_strategy；行业:engineering/manufacturing_process_engineering；任务:track_technologies_and_competitors；关键词:Sikorsky Aircraft Corp、manufacturing、technical research、patent portfolio、competitor monitoring。概述:本文概述Sikorsky Aircraft Corp.的业务与技术研发，并涵盖专利组合、竞争动态及市场趋势，可用于竞品跟踪和研发/IP决策。须含标题、摘要、结论、背景、技术/产品/市场/IP、风险机会、可落地建议、未来研究。,https://eureka.patsnap.com/ai-search/sess_d4f023609cc64e59?from=rd-home&start_from=eureka_landingpage,https://eureka.patsnap.com/share/?id=5897d60c61b8f0699993f66e6f732f79&from=invite-eureakplg-result&content=,Sikorsky Aircraft Corp.,"[""competitor_analysis""]","[""Sikorsky Aircraft Corp"", ""manufacturing"", ""technical research"", ""patent portfolio"", ""competitor monitoring"", ""market trends""]",本文概述Sikorsky Aircraft Corp.的业务与技术研发，并涵盖专利组合、竞争动态及市场趋势，可用于竞品跟踪和研发/IP决策。,innovation_product_strategy,engineering,"[""track_technologies_and_competitors""]",2026-09-08,"[""manufacturing_process_engineering""]"
"Nikkiso Co., Ltd.","请据《Nikkiso Co., Ltd.》生成结构化报告。分类:competitor_analysis；对象:innovation_product_strategy；行业:engineering/manufacturing_process_engineering；任务:track_technologies_and_competitors；关键词:Nikkiso Co., Ltd、quality control、industrial、plastic、cfrp。概述:本文概述Nikkiso Co., Ltd.的业务与技术研发，并涵盖专利组合、竞争动态及市场趋势，可用于竞品跟踪和研发/IP决策。须含标题、摘要、结论、背景、技术/产品/市场/IP、风险机会、可落地建议、未来研究。",https://eureka.patsnap.com/ai-search/sess_23d31b0f29c1450d?from=rd-home&start_from=eureka_landingpage,https://eureka.patsnap.com/share/?id=3c188d38251bd8fac47bf643fb03a6ec&from=invite-eureakplg-result&content=,"Nikkiso Co., Ltd.","[""competitor_analysis""]","[""Nikkiso Co., Ltd"", ""quality control"", ""industrial"", ""plastic"", ""cfrp"", ""technical research"", ""patent portfolio"", ""competitor monitoring"", ""market trends""]","本文概述Nikkiso Co., Ltd.的业务与技术研发，并涵盖专利组合、竞争动态及市场趋势，可用于竞品跟踪和研发/IP决策。",innovation_product_strategy,engineering,"[""track_technologies_and_competitors""]",2026-09-08,"[""manufacturing_process_engineering""]"
W.R. Grace & Co.,请据《W.R. Grace & Co.》生成结构化报告。分类:competitor_analysis；对象:innovation_product_strategy；行业:engineering/manufacturing_process_engineering；任务:track_technologies_and_competitors；关键词:W.R. Grace & Co、pharmaceutical、manufacturing、industrial、beverage。概述:本文概述W.R. Grace & Co.的业务与技术研发，并涵盖专利组合、竞争动态及市场趋势，可用于竞品跟踪和研发/IP决策。须含标题、摘要、结论、背景、技术/产品/市场/IP、风险机会、可落地建议、未来研究。,https://eureka.patsnap.com/ai-search/sess_317c4323ab8d435a?from=rd-home&start_from=eureka_landingpage,https://eureka.patsnap.com/share/?id=1e0cadf227c5ffb5520c6c0af7f2fef0&from=invite-eureakplg-result&content=,W.R. Grace & Co.,"[""competitor_analysis""]","[""W.R. Grace & Co"", ""pharmaceutical"", ""manufacturing"", ""industrial"", ""beverage"", ""chemical"", ""food"", ""technical research"", ""patent portfolio"", ""competitor monitoring"", ""market trends""]",本文概述W.R. Grace & Co.的业务与技术研发，并涵盖专利组合、竞争动态及市场趋势，可用于竞品跟踪和研发/IP决策。,innovation_product_strategy,engineering,"[""track_technologies_and_competitors""]",2026-09-08,"[""manufacturing_process_engineering""]"
"Scientific-Atlanta, Inc.","请据《Scientific-Atlanta, Inc.》生成结构化报告。分类:competitor_analysis；对象:innovation_product_strategy；行业:engineering/manufacturing_process_engineering；任务:track_technologies_and_competitors；关键词:Scientific-Atlanta, Inc、technical research、patent portfolio、competitor monitoring、market trends。概述:本文概述Scientific-Atlanta, Inc.的业务与技术研发，并涵盖专利组合、竞争动态及市场趋势，可用于竞品跟踪和研发/IP决策。须含标题、摘要、结论、背景、技术/产品/市场/IP、风险机会、可落地建议、未来研究。",https://eureka.patsnap.com/ai-search/sess_d7c18c65ce964c59?from=rd-home&start_from=eureka_landingpage,https://eureka.patsnap.com/share/?id=71b345b5f2275251b350058d059ed6f6&from=invite-eureakplg-result&content=,"Scientific-Atlanta, Inc.","[""competitor_analysis""]","[""Scientific-Atlanta, Inc"", ""technical research"", ""patent portfolio"", ""competitor monitoring"", ""market trends""]","本文概述Scientific-Atlanta, Inc.的业务与技术研发，并涵盖专利组合、竞争动态及市场趋势，可用于竞品跟踪和研发/IP决策。",innovation_product_strategy,engineering,"[""track_technologies_and_competitors""]",2026-09-08,"[""manufacturing_process_engineering""]"
How to Control Crucibles Porosity and Gas Pickup,"请据《How to Control Crucibles Porosity and Gas Pickup》生成结构化报告。分类:scout_report；对象:rd_engineer_inventor；行业:materials/metals_and_alloys；任务:find_technical_solutions,assess_technical_feasibility；关键词:Crucibles Porosity、Gas Pickup、aluminum、crucible porosity、gas pickup challenges。概述:本文梳理Crucibles Porosity、Gas Pickup、aluminum的技术原理、研究或验证方法与应用证据，并讨论性能和可行性，为研发方向选择与后续验证提供参考。须含标题、摘要、结论、背景、技术/产品/市场/IP、风险机会、可落地建议、未来研究。",https://eureka.patsnap.com/ai-search/sess_4db896dfa9964b6e?from=rd-home&start_from=eureka_landingpage,https://eureka.patsnap.com/share/?id=1bf4c7f374ee990a79e69694f0be4aeb&from=invite-eureakplg-result&content=,How to Control Crucibles Porosity and Gas Pickup,"[""scout_report""]","[""Crucibles Porosity"", ""Gas Pickup"", ""aluminum"", ""crucible porosity"", ""gas pickup challenges"", ""aluminum melting"", ""innovative metallurgical"", ""now""]",本文梳理Crucibles Porosity、Gas Pickup、aluminum的技术原理、研究或验证方法与应用证据，并讨论性能和可行性，为研发方向选择与后续验证提供参考。,rd_engineer_inventor,materials,"[""find_technical_solutions"", ""assess_technical_feasibility""]",2026-09-08,"[""metals_and_alloys""]"
How to Improve Hydrophobic Coatings on 3D-Printed Parts,"请据《How to Improve Hydrophobic Coatings on 3D-Printed Parts》生成结构化报告。分类:scout_report；对象:rd_engineer_inventor；行业:materials/coatings_and_surfaces；任务:find_technical_solutions,assess_technical_feasibility；关键词:Hydrophobic Coatings、3D-Printed Parts、hydrophobic coating、coating、cutting-edge hydrophobic coating。概述:本文梳理Hydrophobic Coatings、3D-Printed Parts、hydrophobic coating的技术原理、研究或验证方法与应用证据，并讨论性能和可行性，为研发方向选择与后续验证提供参考。须含标题、摘要、结论、背景、技术/产品/市场/IP、风险机会、可落地建议、未来研究。",https://eureka.patsnap.com/ai-search/sess_541a3f1735f74e61?from=rd-home&start_from=eureka_landingpage,https://eureka.patsnap.com/share/?id=6f0150180bf042f9d74b20c3e7d58a7b&from=invite-eureakplg-result&content=,How to Improve Hydrophobic Coatings on 3D-Printed Parts,"[""scout_report""]","[""Hydrophobic Coatings"", ""3D-Printed Parts"", ""hydrophobic coating"", ""coating"", ""cutting-edge hydrophobic coating"", ""inspired"", ""lotus"", ""breakthrough surface modifications now""]",本文梳理Hydrophobic Coatings、3D-Printed Parts、hydrophobic coating的技术原理、研究或验证方法与应用证据，并讨论性能和可行性，为研发方向选择与后续验证提供参考。,rd_engineer_inventor,materials,"[""find_technical_solutions"", ""assess_technical_feasibility""]",2026-09-08,"[""coatings_and_surfaces""]"
How to Select Baddeleyite for Refractory Applications,"请据《How to Select Baddeleyite for Refractory Applications》生成结构化报告。分类:opportunity_brief；对象:innovation_product_strategy；行业:materials/advanced_materials；任务:evaluate_r_and_d_directions,identify_innovation_opportunities；关键词:refractory、Baddeleyite、risk controls、technical validation、engineering performance。概述:本文比较refractory、Baddeleyite、risk controls在性能、成本、可靠性和适用条件上的差异，并给出验证思路，为技术选型与研发决策提供参考。须含标题、摘要、结论、背景、技术/产品/市场/IP、风险机会、可落地建议、未来研究。",https://eureka.patsnap.com/ai-search/sess_6739878a335c4f69?from=rd-home&start_from=eureka_landingpage,https://eureka.patsnap.com/share/?id=58748a913c9ffbaf6fea7a30c23af8d7&from=invite-eureakplg-result&content=,How to Select Baddeleyite for Refractory Applications,"[""opportunity_brief""]","[""refractory"", ""Baddeleyite"", ""risk controls"", ""technical validation"", ""engineering performance""]",本文比较refractory、Baddeleyite、risk controls在性能、成本、可靠性和适用条件上的差异，并给出验证思路，为技术选型与研发决策提供参考。,innovation_product_strategy,materials,"[""evaluate_r_and_d_directions"", ""identify_innovation_opportunities""]",2026-09-08,"[""advanced_materials""]"
How to Control Surface Treatment Outgassing for Vacuum Systems,"请据《How to Control Surface Treatment Outgassing for Vacuum Systems》生成结构化报告。分类:scout_report；对象:rd_engineer_inventor；行业:materials/coatings_and_surfaces；任务:find_technical_solutions,explore_existing_technologies；关键词:surface treatment、Surface Treatment Outgassing、Vacuum、risk controls、technical validation。概述:本文梳理surface treatment、Surface Treatment Outgassing、Vacuum的技术原理、研究或验证方法与应用证据，并讨论性能和可行性，为研发方向选择与后续验证提供参考。须含标题、摘要、结论、背景、技术/产品/市场/IP、风险机会、可落地建议、未来研究。",https://eureka.patsnap.com/ai-search/sess_c4357882d358446f?from=rd-home&start_from=eureka_landingpage,https://eureka.patsnap.com/share/?id=28625652a1257fad18e45a6111a49195&from=invite-eureakplg-result&content=,How to Control Surface Treatment Outgassing for Vacuum Systems,"[""scout_report""]","[""surface treatment"", ""Surface Treatment Outgassing"", ""Vacuum"", ""risk controls"", ""technical validation""]",本文梳理surface treatment、Surface Treatment Outgassing、Vacuum的技术原理、研究或验证方法与应用证据，并讨论性能和可行性，为研发方向选择与后续验证提供参考。,rd_engineer_inventor,materials,"[""find_technical_solutions"", ""explore_existing_technologies""]",2026-09-08,"[""coatings_and_surfaces""]"
Four-Point Bending Test vs Three-Point Bending Test for Composite Flexural Strength,"请据《Four-Point Bending Test vs Three-Point Bending Test for Composite Flexural Strength》生成结构化报告。分类:opportunity_brief；对象:innovation_product_strategy；行业:materials/advanced_materials；任务:evaluate_r_and_d_directions,identify_innovation_opportunities；关键词:three-point bending、four-point bending、composite、Four-Point Bending Test、Three-Point Bending Test。概述:本文比较three-point bending、four-point bending、composite在性能、成本、可靠性和适用条件上的差异，并给出验证思路，为技术选型与研发决策提供参考。须含标题、摘要、结论、背景、技术/产品/市场/IP、风险机会、可落地建议、未来研究。",https://eureka.patsnap.com/ai-search/sess_2765d8fcfcd1492c?from=rd-home&start_from=eureka_landingpage,https://eureka.patsnap.com/share/?id=f358d9bd60609af28c8c5f3ee3f99c76&from=invite-eureakplg-result&content=,Four-Point Bending Test vs Three-Point Bending Test for Composite Flexural Strength,"[""opportunity_brief""]","[""three-point bending"", ""four-point bending"", ""composite"", ""Four-Point Bending Test"", ""Three-Point Bending Test"", ""Composite Flexural Strength"", ""risk controls""]",本文比较three-point bending、four-point bending、composite在性能、成本、可靠性和适用条件上的差异，并给出验证思路，为技术选型与研发决策提供参考。,innovation_product_strategy,materials,"[""evaluate_r_and_d_directions"", ""identify_innovation_opportunities""]",2026-09-08,"[""advanced_materials""]"
How to Select 5G Frequency Band for Maritime Coverage,"请据《How to Select 5G Frequency Band for Maritime Coverage》生成结构化报告。分类:opportunity_brief；对象:innovation_product_strategy；行业:other/general_strategy；任务:evaluate_r_and_d_directions,identify_innovation_opportunities；关键词:5G Frequency Band、Maritime Coverage、deploying 5G coverage over、higher frequency bands suffer、insufficient signal propagation distance。概述:本文比较5G Frequency Band、Maritime Coverage、deploying 5G coverage over在性能、成本、可靠性和适用条件上的差异，并给出验证思路，为技术选型与研发决策提供参考。须含标题、摘要、结论、背景、技术/产品/市场/IP、风险机会、可落地建议、未来研究。",https://eureka.patsnap.com/ai-search/sess_7e49140014f14b51?from=rd-home&start_from=eureka_landingpage,https://eureka.patsnap.com/share/?id=70b6b1d2c36ced07cbfbccc48fd4785f&from=invite-eureakplg-result&content=,How to Select 5G Frequency Band for Maritime Coverage,"[""opportunity_brief""]","[""5G Frequency Band"", ""Maritime Coverage"", ""deploying 5G coverage over"", ""higher frequency bands suffer"", ""insufficient signal propagation distance"", ""signal propagation distance due"", ""excessive atmospheric attenuation"", ""sea surface scattering failing""]",本文比较5G Frequency Band、Maritime Coverage、deploying 5G coverage over在性能、成本、可靠性和适用条件上的差异，并给出验证思路，为技术选型与研发决策提供参考。,innovation_product_strategy,other,"[""evaluate_r_and_d_directions"", ""identify_innovation_opportunities""]",2026-09-08,"[""general_strategy""]"
LLM Quantization Trade-offs: Accuracy vs Inference Speed,"请据《LLM Quantization Trade-offs: Accuracy vs Inference Speed》生成结构化报告。分类:opportunity_brief；对象:innovation_product_strategy；行业:other/general_strategy；任务:evaluate_r_and_d_directions,identify_innovation_opportunities；关键词:LLM quantization、llm、LLM Quantization Trade-offs Accuracy、Inference Speed、engine。概述:本文比较LLM quantization、llm、LLM Quantization Trade-offs Accuracy在性能、成本、可靠性和适用条件上的差异，并给出验证思路，为技术选型与研发决策提供参考。须含标题、摘要、结论、背景、技术/产品/市场/IP、风险机会、可落地建议、未来研究。",https://eureka.patsnap.com/ai-search/sess_9945307412684ac8?from=rd-home&start_from=eureka_landingpage,https://eureka.patsnap.com/share/?id=118f091fc159c67bd0885d1382b20dba&from=invite-eureakplg-result&content=,LLM Quantization Trade-offs: Accuracy vs Inference Speed,"[""opportunity_brief""]","[""LLM quantization"", ""llm"", ""LLM Quantization Trade-offs Accuracy"", ""Inference Speed"", ""engine"", ""quantization module converts model"", ""module converts model parameters"", ""introduces harmful numerical degradation""]",本文比较LLM quantization、llm、LLM Quantization Trade-offs Accuracy在性能、成本、可靠性和适用条件上的差异，并给出验证思路，为技术选型与研发决策提供参考。,innovation_product_strategy,other,"[""evaluate_r_and_d_directions"", ""identify_innovation_opportunities""]",2026-09-08,"[""general_strategy""]"
Modular Air-Conditioning Cassettes for Low-Cost Room Retrofit,"请据《Modular Air-Conditioning Cassettes for Low-Cost Room Retrofit》生成结构化报告。分类:case；对象:rd_engineer_inventor；行业:other/consumer_products；任务:find_technical_solutions,generate_product_ideas；关键词:retrofit、Modular Air-Conditioning Cassettes、Low-Cost Room Retrofit、Modular cassettes、integrated heat exchangers。概述:本文以retrofit、Modular Air-Conditioning Cassettes、Low-Cost Room Retrofit为案例，解析具体工程问题、解决构型及预期效果，为类似产品或工艺的技术改进与创新提供参考。须含标题、摘要、结论、背景、技术/产品/市场/IP、风险机会、可落地建议、未来研究。",https://eureka.patsnap.com/ai-search/sess_8397a6f96a6a4724?from=rd-home&start_from=eureka_landingpage,https://eureka.patsnap.com/share/?id=81c27aeecc9aee6d849892bd3d50f2be&from=invite-eureakplg-result&content=,Modular Air-Conditioning Cassettes for Low-Cost Room Retrofit,"[""case""]","[""retrofit"", ""Modular Air-Conditioning Cassettes"", ""Low-Cost Room Retrofit"", ""Modular cassettes"", ""integrated heat exchangers"", ""remote"", ""simplify room air-conditioning retrofit"", ""while cutting installation cost""]",本文以retrofit、Modular Air-Conditioning Cassettes、Low-Cost Room Retrofit为案例，解析具体工程问题、解决构型及预期效果，为类似产品或工艺的技术改进与创新提供参考。,rd_engineer_inventor,other,"[""find_technical_solutions"", ""generate_product_ideas""]",2026-09-08,"[""consumer_products""]"
Cloud Server Rightsizing Using Multi-Dimensional Workload Metrics,"请据《Cloud Server Rightsizing Using Multi-Dimensional Workload Metrics》生成结构化报告。分类:case；对象:rd_engineer_inventor；行业:other/general_strategy；任务:find_technical_solutions,generate_product_ideas；关键词:cloud server、Cloud Server Rightsizing、Multi-Dimensional Workload Metrics、Multi-dimensional usage data cleansing、predictive modeling。概述:本文以cloud server、Cloud Server Rightsizing、Multi-Dimensional Workload Metrics为案例，解析具体工程问题、解决构型及预期效果，为类似产品或工艺的技术改进与创新提供参考。须含标题、摘要、结论、背景、技术/产品/市场/IP、风险机会、可落地建议、未来研究。",https://eureka.patsnap.com/ai-search/sess_f00a38ef07f74514?from=rd-home&start_from=eureka_landingpage,https://eureka.patsnap.com/share/?id=fe5afb3246f88cb2a2ccc9f30ee44f0b&from=invite-eureakplg-result&content=,Cloud Server Rightsizing Using Multi-Dimensional Workload Metrics,"[""case""]","[""cloud server"", ""Cloud Server Rightsizing"", ""Multi-Dimensional Workload Metrics"", ""Multi-dimensional usage data cleansing"", ""predictive modeling"", ""proactive cloud server capacity"", ""cloud server capacity adjustments"", ""better allocation""]",本文以cloud server、Cloud Server Rightsizing、Multi-Dimensional Workload Metrics为案例，解析具体工程问题、解决构型及预期效果，为类似产品或工艺的技术改进与创新提供参考。,rd_engineer_inventor,other,"[""find_technical_solutions"", ""generate_product_ideas""]",2026-09-08,"[""general_strategy""]"
Water Heater Bypass Flow Line for Low-Pressure Activation,"请据《Water Heater Bypass Flow Line for Low-Pressure Activation》生成结构化报告。分类:case；对象:rd_engineer_inventor；行业:other/consumer_products；任务:find_technical_solutions,generate_product_ideas；关键词:Water Heater Bypass Flow、Heater Bypass Flow Line、Low-Pressure Activation、valve、bypass flow line。概述:本文以Water Heater Bypass Flow、Heater Bypass Flow Line、Low-Pressure Activation为案例，解析具体工程问题、解决构型及预期效果，为类似产品或工艺的技术改进与创新提供参考。须含标题、摘要、结论、背景、技术/产品/市场/IP、风险机会、可落地建议、未来研究。",https://eureka.patsnap.com/ai-search/sess_b81615f6d9d34e30?from=rd-home&start_from=eureka_landingpage,https://eureka.patsnap.com/share/?id=8a8cb7c6585ab94141bd11f45bc58d9a&from=invite-eureakplg-result&content=,Water Heater Bypass Flow Line for Low-Pressure Activation,"[""case""]","[""Water Heater Bypass Flow"", ""Heater Bypass Flow Line"", ""Low-Pressure Activation"", ""valve"", ""bypass flow line"", ""pressure-controlled valve ensures heating"", ""ensures heating element activation""]",本文以Water Heater Bypass Flow、Heater Bypass Flow Line、Low-Pressure Activation为案例，解析具体工程问题、解决构型及预期效果，为类似产品或工艺的技术改进与创新提供参考。,rd_engineer_inventor,other,"[""find_technical_solutions"", ""generate_product_ideas""]",2026-09-08,"[""consumer_products""]"
Flocculant vs Lime Softening: Phosphate Removal Costs,"请据《Flocculant vs Lime Softening: Phosphate Removal Costs》生成结构化报告。分类:competitor_analysis；对象:innovation_product_strategy；行业:chemical/specialty_chemicals；任务:evaluate_r_and_d_directions,identify_innovation_opportunities；关键词:flocculant、Lime Softening Phosphate Removal、Softening Phosphate Removal Costs、agriculture、innovative。概述:本文比较flocculant、Lime Softening Phosphate Removal、Softening Phosphate Removal Costs在性能、成本、可靠性和适用条件上的差异，并给出验证思路，为技术选型与研发决策提供参考。须含标题、摘要、结论、背景、技术/产品/市场/IP、风险机会、可落地建议、未来研究。",https://eureka.patsnap.com/ai-search/sess_b9efda8696004e5b?from=rd-home&start_from=eureka_landingpage,https://eureka.patsnap.com/share/?id=86ff49966670168c4ea8632a19225f4a&from=invite-eureakplg-result&content=,Flocculant vs Lime Softening: Phosphate Removal Costs,"[""competitor_analysis""]","[""flocculant"", ""Lime Softening Phosphate Removal"", ""Softening Phosphate Removal Costs"", ""agriculture"", ""innovative"", ""combat phosphate pollution"", ""agriculture industry"", ""waste""]",本文比较flocculant、Lime Softening Phosphate Removal、Softening Phosphate Removal Costs在性能、成本、可靠性和适用条件上的差异，并给出验证思路，为技术选型与研发决策提供参考。,innovation_product_strategy,chemical,"[""evaluate_r_and_d_directions"", ""identify_innovation_opportunities""]",2026-09-08,"[""specialty_chemicals""]"
How to Control Chloride in Naphtha Reforming Units,"请据《How to Control Chloride in Naphtha Reforming Units》生成结构化报告。分类:scout_report；对象:rd_engineer_inventor；行业:chemical/specialty_chemicals；任务:find_technical_solutions,assess_technical_feasibility；关键词:reforming、naphtha、Chloride、Naphtha Reforming Units、naphtha reforming transforms low-octane。概述:本文梳理reforming、naphtha、Chloride的技术原理、研究或验证方法与应用证据，并讨论性能和可行性，为研发方向选择与后续验证提供参考。须含标题、摘要、结论、背景、技术/产品/市场/IP、风险机会、可落地建议、未来研究。",https://eureka.patsnap.com/ai-search/sess_b2c19aa0dfcf48f1?from=rd-home&start_from=eureka_landingpage,https://eureka.patsnap.com/share/?id=3b4c344782eed616d1b872794a79e104&from=invite-eureakplg-result&content=,How to Control Chloride in Naphtha Reforming Units,"[""scout_report""]","[""reforming"", ""naphtha"", ""Chloride"", ""Naphtha Reforming Units"", ""naphtha reforming transforms low-octane"", ""reforming transforms low-octane feedstock"", ""high-octane gasoline components"", ""advanced catalytic processes""]",本文梳理reforming、naphtha、Chloride的技术原理、研究或验证方法与应用证据，并讨论性能和可行性，为研发方向选择与后续验证提供参考。,rd_engineer_inventor,chemical,"[""find_technical_solutions"", ""assess_technical_feasibility""]",2026-09-08,"[""specialty_chemicals""]"
How to Design Flocculant Screening for Complex Wastewater,"请据《How to Design Flocculant Screening for Complex Wastewater》生成结构化报告。分类:scout_report；对象:rd_engineer_inventor；行业:chemical/specialty_chemicals；任务:find_technical_solutions,assess_technical_feasibility；关键词:flocculant、Flocculant Screening、Complex Wastewater、aluminum、flocculants revolutionize wastewater treatment。概述:本文梳理flocculant、Flocculant Screening、Complex Wastewater的技术原理、研究或验证方法与应用证据，并讨论性能和可行性，为研发方向选择与后续验证提供参考。须含标题、摘要、结论、背景、技术/产品/市场/IP、风险机会、可落地建议、未来研究。",https://eureka.patsnap.com/ai-search/sess_444306ec653e4953?from=rd-home&start_from=eureka_landingpage,https://eureka.patsnap.com/share/?id=32f160712fd3c3a2df32566c24f3462e&from=invite-eureakplg-result&content=,How to Design Flocculant Screening for Complex Wastewater,"[""scout_report""]","[""flocculant"", ""Flocculant Screening"", ""Complex Wastewater"", ""aluminum"", ""flocculants revolutionize wastewater treatment"", ""revolutionize wastewater treatment since"", ""1900s"", ""aluminum salts""]",本文梳理flocculant、Flocculant Screening、Complex Wastewater的技术原理、研究或验证方法与应用证据，并讨论性能和可行性，为研发方向选择与后续验证提供参考。,rd_engineer_inventor,chemical,"[""find_technical_solutions"", ""assess_technical_feasibility""]",2026-09-08,"[""specialty_chemicals""]"
How to Diagnose Naphtha Cracker Coil Fouling,"请据《How to Diagnose Naphtha Cracker Coil Fouling》生成结构化报告。分类:risk_watch；对象:rd_engineer_inventor；行业:chemical/specialty_chemicals；任务:find_technical_solutions,assess_technical_feasibility；关键词:naphtha、Naphtha Cracker Coil Fouling、naphtha cracking furnaces drive、furnaces drive petrochemical production、high-temperature pyrolysis。概述:本文分析naphtha、Naphtha Cracker Coil Fouling、naphtha cracking furnaces drive的失效机理、风险来源与控制方法，并给出检测或验证要点，为降低研发和应用风险提供参考。须含标题、摘要、结论、背景、技术/产品/市场/IP、风险机会、可落地建议、未来研究。",https://eureka.patsnap.com/ai-search/sess_db10a84ea238453c?from=rd-home&start_from=eureka_landingpage,https://eureka.patsnap.com/share/?id=69e995bec9a0cf768584e33725066574&from=invite-eureakplg-result&content=,How to Diagnose Naphtha Cracker Coil Fouling,"[""risk_watch""]","[""naphtha"", ""Naphtha Cracker Coil Fouling"", ""naphtha cracking furnaces drive"", ""furnaces drive petrochemical production"", ""high-temperature pyrolysis"", ""produce ethylene"", ""propylene""]",本文分析naphtha、Naphtha Cracker Coil Fouling、naphtha cracking furnaces drive的失效机理、风险来源与控制方法，并给出检测或验证要点，为降低研发和应用风险提供参考。,rd_engineer_inventor,chemical,"[""find_technical_solutions"", ""assess_technical_feasibility""]",2026-09-08,"[""specialty_chemicals""]"
Chemical Synthesis Technical Solutions,"请据《Chemical Synthesis Technical Solutions》生成结构化报告。分类:scout_report；对象:rd_engineer_inventor；行业:chemical/specialty_chemicals；任务:find_technical_solutions,explore_existing_technologies；关键词:chemical、Chemical Synthesis、technical validation、engineering performance、risk control。概述:本文梳理chemical、Chemical Synthesis、technical validation的技术原理、研究或验证方法与应用证据，并讨论性能和可行性，为研发方向选择与后续验证提供参考。须含标题、摘要、结论、背景、技术/产品/市场/IP、风险机会、可落地建议、未来研究。",https://eureka.patsnap.com/ai-search/sess_3dccc7533e5740bc?from=rd-home&start_from=eureka_landingpage,https://eureka.patsnap.com/share/?id=9cbdbef2d35c329de136e47a1e87b8e1&from=invite-eureakplg-result&content=,Chemical Synthesis Technical Solutions,"[""scout_report""]","[""chemical"", ""Chemical Synthesis"", ""technical validation"", ""engineering performance"", ""risk control""]",本文梳理chemical、Chemical Synthesis、technical validation的技术原理、研究或验证方法与应用证据，并讨论性能和可行性，为研发方向选择与后续验证提供参考。,rd_engineer_inventor,chemical,"[""find_technical_solutions"", ""explore_existing_technologies""]",2026-09-08,"[""specialty_chemicals""]"
Chemical Synthesis Process Development for Glycosylation Reactions,"请据《Chemical Synthesis Process Development for Glycosylation Reactions》生成结构化报告。分类:scout_report；对象:rd_engineer_inventor；行业:chemical/specialty_chemicals；任务:find_technical_solutions,explore_existing_technologies；关键词:glycosylation、chemical、Chemical Synthesis、Development、Glycosylation Reactions。概述:本文梳理glycosylation、chemical、Chemical Synthesis的技术原理、研究或验证方法与应用证据，并讨论性能和可行性，为研发方向选择与后续验证提供参考。须含标题、摘要、结论、背景、技术/产品/市场/IP、风险机会、可落地建议、未来研究。",https://eureka.patsnap.com/ai-search/sess_2fceb7aa79474f43?from=rd-home&start_from=eureka_landingpage,https://eureka.patsnap.com/share/?id=79d753335edd63bb09825f1d3cb052f5&from=invite-eureakplg-result&content=,Chemical Synthesis Process Development for Glycosylation Reactions,"[""scout_report""]","[""glycosylation"", ""chemical"", ""Chemical Synthesis"", ""Development"", ""Glycosylation Reactions"", ""glycosylation reaction development"", ""glycosyl donor exhibits"", ""harmful""]",本文梳理glycosylation、chemical、Chemical Synthesis的技术原理、研究或验证方法与应用证据，并讨论性能和可行性，为研发方向选择与后续验证提供参考。,rd_engineer_inventor,chemical,"[""find_technical_solutions"", ""explore_existing_technologies""]",2026-09-08,"[""specialty_chemicals""]"
Compare Ion Chromatography vs Colorimetry for Ammonium,"请据《Compare Ion Chromatography vs Colorimetry for Ammonium》生成结构化报告。分类:opportunity_brief；对象:innovation_product_strategy；行业:chemical/specialty_chemicals；任务:evaluate_r_and_d_directions,identify_innovation_opportunities；关键词:ion chromatography、chromatography、colorimetry、Ammonium、risk controls。概述:本文比较ion chromatography、chromatography、colorimetry在性能、成本、可靠性和适用条件上的差异，并给出验证思路，为技术选型与研发决策提供参考。须含标题、摘要、结论、背景、技术/产品/市场/IP、风险机会、可落地建议、未来研究。",https://eureka.patsnap.com/ai-search/sess_a1ad1f9ffdf9432a?from=rd-home&start_from=eureka_landingpage,https://eureka.patsnap.com/share/?id=0af11cba7177834565ba7d97e4ec418a&from=invite-eureakplg-result&content=,Compare Ion Chromatography vs Colorimetry for Ammonium,"[""opportunity_brief""]","[""ion chromatography"", ""chromatography"", ""colorimetry"", ""Ammonium"", ""risk controls"", ""ammonium nitrogen""]",本文比较ion chromatography、chromatography、colorimetry在性能、成本、可靠性和适用条件上的差异，并给出验证思路，为技术选型与研发决策提供参考。,innovation_product_strategy,chemical,"[""evaluate_r_and_d_directions"", ""identify_innovation_opportunities""]",2026-09-08,"[""specialty_chemicals""]"
Amino Acid Derivative Surfactants for Simplified Cleaning Formulations,"请据《Amino Acid Derivative Surfactants for Simplified Cleaning Formulations》生成结构化报告。分类:case；对象:rd_engineer_inventor；行业:chemical/household_and_personal_care_chemistry；任务:find_technical_solutions,generate_product_ideas；关键词:acid、Amino Acid Derivative Surfactants、Simplified Cleaning Formulations、surfactant、merge multiple surfactant functionalities。概述:本文以acid、Amino Acid Derivative Surfactants、Simplified Cleaning Formulations为案例，解析具体工程问题、解决构型及预期效果，为类似产品或工艺的技术改进与创新提供参考。须含标题、摘要、结论、背景、技术/产品/市场/IP、风险机会、可落地建议、未来研究。",https://eureka.patsnap.com/ai-search/sess_11b409f0e111496d?from=rd-home&start_from=eureka_landingpage,https://eureka.patsnap.com/share/?id=cd48c734ccd6d10dd97aee43ded2c2fb&from=invite-eureakplg-result&content=,Amino Acid Derivative Surfactants for Simplified Cleaning Formulations,"[""case""]","[""acid"", ""Amino Acid Derivative Surfactants"", ""Simplified Cleaning Formulations"", ""surfactant"", ""merge multiple surfactant functionalities"", ""one""]",本文以acid、Amino Acid Derivative Surfactants、Simplified Cleaning Formulations为案例，解析具体工程问题、解决构型及预期效果，为类似产品或工艺的技术改进与创新提供参考。,rd_engineer_inventor,chemical,"[""find_technical_solutions"", ""generate_product_ideas""]",2026-09-08,"[""household_and_personal_care_chemistry""]"
Laundry Scent Additive Composition to Prevent Detergent Overdose,"请据《Laundry Scent Additive Composition to Prevent Detergent Overdose》生成结构化报告。分类:case；对象:rd_engineer_inventor；行业:chemical/household_and_personal_care_chemistry；任务:find_technical_solutions,generate_product_ideas；关键词:detergent、Laundry Scent Additive Composition、Detergent Overdose、standalone perfume additive、PEG。概述:本文以detergent、Laundry Scent Additive Composition、Detergent Overdose为案例，解析具体工程问题、解决构型及预期效果，为类似产品或工艺的技术改进与创新提供参考。须含标题、摘要、结论、背景、技术/产品/市场/IP、风险机会、可落地建议、未来研究。",https://eureka.patsnap.com/ai-search/sess_7728e04ce6d946ae?from=rd-home&start_from=eureka_landingpage,https://eureka.patsnap.com/share/?id=41ba6a389397bac6aa8ebd5a7c856798&from=invite-eureakplg-result&content=,Laundry Scent Additive Composition to Prevent Detergent Overdose,"[""case""]","[""detergent"", ""Laundry Scent Additive Composition"", ""Detergent Overdose"", ""standalone perfume additive"", ""PEG"", ""microencapsulated fragrance lets consumers""]",本文以detergent、Laundry Scent Additive Composition、Detergent Overdose为案例，解析具体工程问题、解决构型及预期效果，为类似产品或工艺的技术改进与创新提供参考。,rd_engineer_inventor,chemical,"[""find_technical_solutions"", ""generate_product_ideas""]",2026-09-08,"[""household_and_personal_care_chemistry""]"
Anodes for Electrochemical Fluorine Generation: Material Challenges,"请据《Anodes for Electrochemical Fluorine Generation: Material Challenges》生成结构化报告。分类:scout_report；对象:rd_engineer_inventor；行业:electronics_manufacturing/consumer_electronics_components；任务:find_technical_solutions,explore_existing_technologies；关键词:Anodes、Electrochemical Fluorine Generation Material、Fluorine Generation Material Challenges、electrode、electrochemical fluorine generation。概述:本文梳理Anodes、Electrochemical Fluorine Generation Material、Fluorine Generation Material Challenges的技术原理、研究或验证方法与应用证据，并讨论性能和可行性，为研发方向选择与后续验证提供参考。须含标题、摘要、结论、背景、技术/产品/市场/IP、风险机会、可落地建议、未来研究。",https://eureka.patsnap.com/ai-search/sess_9fda244989e749b9?from=rd-home&start_from=eureka_landingpage,https://eureka.patsnap.com/share/?id=7116369aef35cb2053922445625d83b7&from=invite-eureakplg-result&content=,Anodes for Electrochemical Fluorine Generation: Material Challenges,"[""scout_report""]","[""Anodes"", ""Electrochemical Fluorine Generation Material"", ""Fluorine Generation Material Challenges"", ""electrode"", ""electrochemical fluorine generation"", ""produced fluorine gas"", ""reactive fluoride intermediates create"", ""harmful corrosive""]",本文梳理Anodes、Electrochemical Fluorine Generation Material、Fluorine Generation Material Challenges的技术原理、研究或验证方法与应用证据，并讨论性能和可行性，为研发方向选择与后续验证提供参考。,rd_engineer_inventor,electronics_manufacturing,"[""find_technical_solutions"", ""explore_existing_technologies""]",2026-09-08,"[""consumer_electronics_components""]"
PCB Embedded Component Technology for Miniaturized Wearables,"请据《PCB Embedded Component Technology for Miniaturized Wearables》生成结构化报告。分类:risk_watch；对象:rd_engineer_inventor；行业:electronics_manufacturing/semiconductor_and_packaging；任务:find_technical_solutions,assess_technical_feasibility；关键词:pcb、PCB Embedded Component、Miniaturized Wearables、mechanical、wearable miniaturization。概述:本文分析pcb、PCB Embedded Component、Miniaturized Wearables的失效机理、风险来源与控制方法，并给出检测或验证要点，为降低研发和应用风险提供参考。须含标题、摘要、结论、背景、技术/产品/市场/IP、风险机会、可落地建议、未来研究。",https://eureka.patsnap.com/ai-search/sess_240addeb6ca84063?from=rd-home&start_from=eureka_landingpage,https://eureka.patsnap.com/share/?id=ea66b18e0108ffea9f88232eb3c07622&from=invite-eureakplg-result&content=,PCB Embedded Component Technology for Miniaturized Wearables,"[""risk_watch""]","[""pcb"", ""PCB Embedded Component"", ""Miniaturized Wearables"", ""mechanical"", ""wearable miniaturization"", ""component embedding structure insufficiently"", ""overall assembly thickness compared"", ""surface-mount alternatives while""]",本文分析pcb、PCB Embedded Component、Miniaturized Wearables的失效机理、风险来源与控制方法，并给出检测或验证要点，为降低研发和应用风险提供参考。,rd_engineer_inventor,electronics_manufacturing,"[""find_technical_solutions"", ""assess_technical_feasibility""]",2026-09-08,"[""semiconductor_and_packaging""]"
Semiconductor Manufacturing Ion Implantation Dose Uniformity Control,"请据《Semiconductor Manufacturing Ion Implantation Dose Uniformity Control》生成结构化报告。分类:scout_report；对象:rd_engineer_inventor；行业:electronics_manufacturing/semiconductor_and_packaging；任务:find_technical_solutions,explore_existing_technologies；关键词:ion implantation、manufacturing、semiconductor、Semiconductor Manufacturing Ion Implantation、Ion Implantation Dose Uniformity。概述:本文梳理ion implantation、manufacturing、semiconductor的技术原理、研究或验证方法与应用证据，并讨论性能和可行性，为研发方向选择与后续验证提供参考。须含标题、摘要、结论、背景、技术/产品/市场/IP、风险机会、可落地建议、未来研究。",https://eureka.patsnap.com/ai-search/sess_68fcfbabf8844df5?from=rd-home&start_from=eureka_landingpage,https://eureka.patsnap.com/share/?id=997a51e866f7a7be52013f9f628d8c48&from=invite-eureakplg-result&content=,Semiconductor Manufacturing Ion Implantation Dose Uniformity Control,"[""scout_report""]","[""ion implantation"", ""manufacturing"", ""semiconductor"", ""Semiconductor Manufacturing Ion Implantation"", ""Ion Implantation Dose Uniformity"", ""wafer"", ""beam scanning mechanism insufficiently"", ""scanning mechanism insufficiently guides""]",本文梳理ion implantation、manufacturing、semiconductor的技术原理、研究或验证方法与应用证据，并讨论性能和可行性，为研发方向选择与后续验证提供参考。,rd_engineer_inventor,electronics_manufacturing,"[""find_technical_solutions"", ""explore_existing_technologies""]",2026-09-08,"[""semiconductor_and_packaging""]"
Semiconductor Manufacturing Technical Solutions,"请据《Semiconductor Manufacturing Technical Solutions》生成结构化报告。分类:scout_report；对象:rd_engineer_inventor；行业:electronics_manufacturing/semiconductor_and_packaging；任务:find_technical_solutions,explore_existing_technologies；关键词:manufacturing、semiconductor、Semiconductor Manufacturing、technical validation、engineering performance。概述:本文梳理manufacturing、semiconductor、Semiconductor Manufacturing的技术原理、研究或验证方法与应用证据，并讨论性能和可行性，为研发方向选择与后续验证提供参考。须含标题、摘要、结论、背景、技术/产品/市场/IP、风险机会、可落地建议、未来研究。",https://eureka.patsnap.com/ai-search/sess_8011693c8cba4c87?from=rd-home&start_from=eureka_landingpage,https://eureka.patsnap.com/share/?id=7d1d37f415d14c1d72c97ea580b0d665&from=invite-eureakplg-result&content=,Semiconductor Manufacturing Technical Solutions,"[""scout_report""]","[""manufacturing"", ""semiconductor"", ""Semiconductor Manufacturing"", ""technical validation"", ""engineering performance""]",本文梳理manufacturing、semiconductor、Semiconductor Manufacturing的技术原理、研究或验证方法与应用证据，并讨论性能和可行性，为研发方向选择与后续验证提供参考。,rd_engineer_inventor,electronics_manufacturing,"[""find_technical_solutions"", ""explore_existing_technologies""]",2026-09-08,"[""semiconductor_and_packaging""]"
Glass Substrate Flatness Requirements for Photomask Production,"请据《Glass Substrate Flatness Requirements for Photomask Production》生成结构化报告。分类:scout_report；对象:rd_engineer_inventor；行业:electronics_manufacturing/photonics_and_optics；任务:find_technical_solutions,explore_existing_technologies；关键词:photomask、glass、Glass Substrate Flatness、Photomask Production、risk controls。概述:本文梳理photomask、glass、Glass Substrate Flatness的技术原理、研究或验证方法与应用证据，并讨论性能和可行性，为研发方向选择与后续验证提供参考。须含标题、摘要、结论、背景、技术/产品/市场/IP、风险机会、可落地建议、未来研究。",https://eureka.patsnap.com/ai-search/sess_3df8cdb90a3f4597?from=rd-home&start_from=eureka_landingpage,https://eureka.patsnap.com/share/?id=c8b7360ccc8012436fea8dccae5ca33f&from=invite-eureakplg-result&content=,Glass Substrate Flatness Requirements for Photomask Production,"[""scout_report""]","[""photomask"", ""glass"", ""Glass Substrate Flatness"", ""Photomask Production"", ""risk controls""]",本文梳理photomask、glass、Glass Substrate Flatness的技术原理、研究或验证方法与应用证据，并讨论性能和可行性，为研发方向选择与后续验证提供参考。,rd_engineer_inventor,electronics_manufacturing,"[""find_technical_solutions"", ""explore_existing_technologies""]",2026-09-08,"[""photonics_and_optics""]"
How to Reduce Defect Density in Wafer Process Steps,"请据《How to Reduce Defect Density in Wafer Process Steps》生成结构化报告。分类:risk_watch；对象:rd_engineer_inventor；行业:electronics_manufacturing/semiconductor_and_packaging；任务:find_technical_solutions,assess_technical_feasibility；关键词:wafer、Defect Density、Steps、processing environment insufficiently isolates、environment insufficiently isolates wafers。概述:本文分析wafer、Defect Density、Steps的失效机理、风险来源与控制方法，并给出检测或验证要点，为降低研发和应用风险提供参考。须含标题、摘要、结论、背景、技术/产品/市场/IP、风险机会、可落地建议、未来研究。",https://eureka.patsnap.com/ai-search/sess_ef1e05a375d348e6?from=rd-home&start_from=eureka_landingpage,https://eureka.patsnap.com/share/?id=cb69696c5e9a8feb12ad89ae8cf4eb5e&from=invite-eureakplg-result&content=,How to Reduce Defect Density in Wafer Process Steps,"[""risk_watch""]","[""wafer"", ""Defect Density"", ""Steps"", ""processing environment insufficiently isolates"", ""environment insufficiently isolates wafers"", ""particle contamination while"", ""processing equipment delivers insufficient"", ""equipment delivers insufficient uniformity""]",本文分析wafer、Defect Density、Steps的失效机理、风险来源与控制方法，并给出检测或验证要点，为降低研发和应用风险提供参考。,rd_engineer_inventor,electronics_manufacturing,"[""find_technical_solutions"", ""assess_technical_feasibility""]",2026-09-08,"[""semiconductor_and_packaging""]"
How to Select Thermal Management for High-Power Laser Systems,"请据《How to Select Thermal Management for High-Power Laser Systems》生成结构化报告。分类:opportunity_brief；对象:innovation_product_strategy；行业:electronics_manufacturing/photonics_and_optics；任务:evaluate_r_and_d_directions,identify_innovation_opportunities；关键词:laser、Thermal Management、High-Power Laser、laser generation、produces substantial waste heat。概述:本文比较laser、Thermal Management、High-Power Laser在性能、成本、可靠性和适用条件上的差异，并给出验证思路，为技术选型与研发决策提供参考。须含标题、摘要、结论、背景、技术/产品/市场/IP、风险机会、可落地建议、未来研究。",https://eureka.patsnap.com/ai-search/sess_54130780ce0b47be?from=rd-home&start_from=eureka_landingpage,https://eureka.patsnap.com/share/?id=46c08f9b0ad0eb9d605e21721993ab30&from=invite-eureakplg-result&content=,How to Select Thermal Management for High-Power Laser Systems,"[""opportunity_brief""]","[""laser"", ""Thermal Management"", ""High-Power Laser"", ""laser generation"", ""produces substantial waste heat"", ""thermally loads critical components"", ""components causing temperature rise"", ""degrades beam quality reduces""]",本文比较laser、Thermal Management、High-Power Laser在性能、成本、可靠性和适用条件上的差异，并给出验证思路，为技术选型与研发决策提供参考。,innovation_product_strategy,electronics_manufacturing,"[""evaluate_r_and_d_directions"", ""identify_innovation_opportunities""]",2026-09-08,"[""photonics_and_optics""]"
Low Temperature Interconnection vs Transient Liquid Phase Bonding for Die Attach,"请据《Low Temperature Interconnection vs Transient Liquid Phase Bonding for Die Attach》生成结构化报告。分类:opportunity_brief；对象:innovation_product_strategy；行业:electronics_manufacturing/semiconductor_and_packaging；任务:evaluate_r_and_d_directions,identify_innovation_opportunities；关键词:transient liquid phase bonding、die attach、Low Temperature Interconnection、risk controls、technical validation。概述:本文比较transient liquid phase bonding、die attach、Low Temperature Interconnection在性能、成本、可靠性和适用条件上的差异，并给出验证思路，为技术选型与研发决策提供参考。须含标题、摘要、结论、背景、技术/产品/市场/IP、风险机会、可落地建议、未来研究。",https://eureka.patsnap.com/ai-search/sess_28358376965843a1?from=rd-home&start_from=eureka_landingpage,https://eureka.patsnap.com/share/?id=f09b5aa21997fd7e992303ee62c6d3d9&from=invite-eureakplg-result&content=,Low Temperature Interconnection vs Transient Liquid Phase Bonding for Die Attach,"[""opportunity_brief""]","[""transient liquid phase bonding"", ""die attach"", ""Low Temperature Interconnection"", ""risk controls"", ""technical validation""]",本文比较transient liquid phase bonding、die attach、Low Temperature Interconnection在性能、成本、可靠性和适用条件上的差异，并给出验证思路，为技术选型与研发决策提供参考。,innovation_product_strategy,electronics_manufacturing,"[""evaluate_r_and_d_directions"", ""identify_innovation_opportunities""]",2026-09-08,"[""semiconductor_and_packaging""]"
Measure PCB Warpage Using Shadow Moiré Interferometry,"请据《Measure PCB Warpage Using Shadow Moiré Interferometry》生成结构化报告。分类:scout_report；对象:rd_engineer_inventor；行业:electronics_manufacturing/semiconductor_and_packaging；任务:find_technical_solutions,explore_existing_technologies；关键词:shadow moiré、pcb、PCB Warpage、Shadow Moir Interferometry、vibration。概述:本文梳理shadow moiré、pcb、PCB Warpage的技术原理、研究或验证方法与应用证据，并讨论性能和可行性，为研发方向选择与后续验证提供参考。须含标题、摘要、结论、背景、技术/产品/市场/IP、风险机会、可落地建议、未来研究。",https://eureka.patsnap.com/ai-search/sess_5e41f7eadebf452e?from=rd-home&start_from=eureka_landingpage,https://eureka.patsnap.com/share/?id=2dfbc88e455fc289c857f6b48bbbb148&from=invite-eureakplg-result&content=,Measure PCB Warpage Using Shadow Moiré Interferometry,"[""scout_report""]","[""shadow moiré"", ""pcb"", ""PCB Warpage"", ""Shadow Moir Interferometry"", ""vibration"", ""shadow moir interferometry ambient"", ""vibration transmits harmful motion"", ""optical components causing fringe""]",本文梳理shadow moiré、pcb、PCB Warpage的技术原理、研究或验证方法与应用证据，并讨论性能和可行性，为研发方向选择与后续验证提供参考。,rd_engineer_inventor,electronics_manufacturing,"[""find_technical_solutions"", ""explore_existing_technologies""]",2026-09-08,"[""semiconductor_and_packaging""]"
Display device,"请据《Display device》生成结构化报告。分类:case；对象:rd_engineer_inventor；行业:electronics_manufacturing/photonics_and_optics；任务:find_technical_solutions,generate_product_ideas；关键词:display、moving plate、driving member、display panel、retract。概述:本文以display、moving plate、driving member为案例，解析具体工程问题、解决构型及预期效果，为类似产品或工艺的技术改进与创新提供参考。须含标题、摘要、结论、背景、技术/产品/市场/IP、风险机会、可落地建议、未来研究。",https://eureka.patsnap.com/ai-search/sess_cbed290cb98849fd?from=rd-home&start_from=eureka_landingpage,https://eureka.patsnap.com/share/?id=bc017cc5b999065ab036e95c2144f6c6&from=invite-eureakplg-result&content=,Display device,"[""case""]","[""display"", ""moving plate"", ""driving member"", ""display panel"", ""retract"", ""module""]",本文以display、moving plate、driving member为案例，解析具体工程问题、解决构型及预期效果，为类似产品或工艺的技术改进与创新提供参考。,rd_engineer_inventor,electronics_manufacturing,"[""find_technical_solutions"", ""generate_product_ideas""]",2026-09-08,"[""photonics_and_optics""]"
VCSEL Laser Driver Using FET Capacitance for Multi-Channel Pulsing,"请据《VCSEL Laser Driver Using FET Capacitance for Multi-Channel Pulsing》生成结构化报告。分类:case；对象:rd_engineer_inventor；行业:electronics_manufacturing/photonics_and_optics；任务:find_technical_solutions,generate_product_ideas；关键词:laser、vcsel、VCSEL Laser Driver、FET Capacitance、Multi-Channel Pulsing。概述:本文以laser、vcsel、VCSEL Laser Driver为案例，解析具体工程问题、解决构型及预期效果，为类似产品或工艺的技术改进与创新提供参考。须含标题、摘要、结论、背景、技术/产品/市场/IP、风险机会、可落地建议、未来研究。",https://eureka.patsnap.com/ai-search/sess_1a42538a85834ecc?from=rd-home&start_from=eureka_landingpage,https://eureka.patsnap.com/share/?id=db5966dc0a137e1331f1d85570615c4f&from=invite-eureakplg-result&content=,VCSEL Laser Driver Using FET Capacitance for Multi-Channel Pulsing,"[""case""]","[""laser"", ""vcsel"", ""VCSEL Laser Driver"", ""FET Capacitance"", ""Multi-Channel Pulsing"", ""FET"", ""internal FET capacitance instead"", ""per-channel capacitors""]",本文以laser、vcsel、VCSEL Laser Driver为案例，解析具体工程问题、解决构型及预期效果，为类似产品或工艺的技术改进与创新提供参考。,rd_engineer_inventor,electronics_manufacturing,"[""find_technical_solutions"", ""generate_product_ideas""]",2026-09-08,"[""photonics_and_optics""]"
Lithium-Ion Capacitor Electrolyte for Wide-Temperature Stability,"请据《Lithium-Ion Capacitor Electrolyte for Wide-Temperature Stability》生成结构化报告。分类:case；对象:rd_engineer_inventor；行业:electronics_manufacturing/consumer_electronics_components；任务:find_technical_solutions,generate_product_ideas；关键词:capacitor、Lithium-Ion Capacitor Electrolyte、Wide-Temperature Stability、electrode、dual-lithium-salt electrolyte。概述:本文以capacitor、Lithium-Ion Capacitor Electrolyte、Wide-Temperature Stability为案例，解析具体工程问题、解决构型及预期效果，为类似产品或工艺的技术改进与创新提供参考。须含标题、摘要、结论、背景、技术/产品/市场/IP、风险机会、可落地建议、未来研究。",https://eureka.patsnap.com/ai-search/sess_c63214a97756492a?from=rd-home&start_from=eureka_landingpage,https://eureka.patsnap.com/share/?id=717e0d85fa71aab984baceb217aea162&from=invite-eureakplg-result&content=,Lithium-Ion Capacitor Electrolyte for Wide-Temperature Stability,"[""case""]","[""capacitor"", ""Lithium-Ion Capacitor Electrolyte"", ""Wide-Temperature Stability"", ""electrode"", ""dual-lithium-salt electrolyte"", ""treated plain-foil electrode"", ""suppress peeling high-temperature deterioration"", ""low-temperature resistance""]",本文以capacitor、Lithium-Ion Capacitor Electrolyte、Wide-Temperature Stability为案例，解析具体工程问题、解决构型及预期效果，为类似产品或工艺的技术改进与创新提供参考。,rd_engineer_inventor,electronics_manufacturing,"[""find_technical_solutions"", ""generate_product_ideas""]",2026-09-08,"[""consumer_electronics_components""]"
Porous External Electrode Structure for Bend-Resistant Multilayer Capacitors,"请据《Porous External Electrode Structure for Bend-Resistant Multilayer Capacitors》生成结构化报告。分类:case；对象:rd_engineer_inventor；行业:electronics_manufacturing/consumer_electronics_components；任务:find_technical_solutions,generate_product_ideas；关键词:electrode、Porous External Electrode Structure、Bend-Resistant Multilayer Capacitors、alloy、porous alloy external electrode。概述:本文以electrode、Porous External Electrode Structure、Bend-Resistant Multilayer Capacitors为案例，解析具体工程问题、解决构型及预期效果，为类似产品或工艺的技术改进与创新提供参考。须含标题、摘要、结论、背景、技术/产品/市场/IP、风险机会、可落地建议、未来研究。",https://eureka.patsnap.com/ai-search/sess_519b90a7b8b44c27?from=rd-home&start_from=eureka_landingpage,https://eureka.patsnap.com/share/?id=10931013105344e5a93da73563ceb23e&from=invite-eureakplg-result&content=,Porous External Electrode Structure for Bend-Resistant Multilayer Capacitors,"[""case""]","[""electrode"", ""Porous External Electrode Structure"", ""Bend-Resistant Multilayer Capacitors"", ""alloy"", ""porous alloy external electrode"", ""electrode cuts deformation stress"", ""thermal expansion"", ""multilayer capacitors while preserving""]",本文以electrode、Porous External Electrode Structure、Bend-Resistant Multilayer Capacitors为案例，解析具体工程问题、解决构型及预期效果，为类似产品或工艺的技术改进与创新提供参考。,rd_engineer_inventor,electronics_manufacturing,"[""find_technical_solutions"", ""generate_product_ideas""]",2026-09-08,"[""consumer_electronics_components""]"
Power Management Circuit Using Blanking Detection to Cut Display Idle Power,"请据《Power Management Circuit Using Blanking Detection to Cut Display Idle Power》生成结构化报告。分类:case；对象:rd_engineer_inventor；行业:electronics_manufacturing/photonics_and_optics；任务:find_technical_solutions,generate_product_ideas；关键词:display、Power Management Circuit、Blanking Detection、Cut Display Idle Power、Clock-disable detection shuts down。概述:本文以display、Power Management Circuit、Blanking Detection为案例，解析具体工程问题、解决构型及预期效果，为类似产品或工艺的技术改进与创新提供参考。须含标题、摘要、结论、背景、技术/产品/市场/IP、风险机会、可落地建议、未来研究。",https://eureka.patsnap.com/ai-search/sess_5cf1d02888314966?from=rd-home&start_from=eureka_landingpage,https://eureka.patsnap.com/share/?id=f27ddf2ec917fdc6eb3c7064e2c16a84&from=invite-eureakplg-result&content=,Power Management Circuit Using Blanking Detection to Cut Display Idle Power,"[""case""]","[""display"", ""Power Management Circuit"", ""Blanking Detection"", ""Cut Display Idle Power"", ""Clock-disable detection shuts down"", ""shuts down PMIC switching"", ""display blanking periods reducing"", ""reducing unnecessary power conversion""]",本文以display、Power Management Circuit、Blanking Detection为案例，解析具体工程问题、解决构型及预期效果，为类似产品或工艺的技术改进与创新提供参考。,rd_engineer_inventor,electronics_manufacturing,"[""find_technical_solutions"", ""generate_product_ideas""]",2026-09-08,"[""photonics_and_optics""]"
FinFET Metal Gate Work Function Tuning for Threshold Voltage Control,"请据《FinFET Metal Gate Work Function Tuning for Threshold Voltage Control》生成结构化报告。分类:case；对象:rd_engineer_inventor；行业:electronics_manufacturing/semiconductor_and_packaging；任务:find_technical_solutions,generate_product_ideas；关键词:threshold voltage、work function、metal gate、finfet、metal。概述:本文以threshold voltage、work function、metal gate为案例，解析具体工程问题、解决构型及预期效果，为类似产品或工艺的技术改进与创新提供参考。须含标题、摘要、结论、背景、技术/产品/市场/IP、风险机会、可落地建议、未来研究。",https://eureka.patsnap.com/ai-search/sess_55c60b8236f04967?from=rd-home&start_from=eureka_landingpage,https://eureka.patsnap.com/share/?id=77418d7b5c40ab0da2eb7f9ad014047a&from=invite-eureakplg-result&content=,FinFET Metal Gate Work Function Tuning for Threshold Voltage Control,"[""case""]","[""threshold voltage"", ""work function"", ""metal gate"", ""finfet"", ""metal"", ""FinFET Metal Gate Work"", ""Gate Work Function Tuning"", ""Plasma oxidation""]",本文以threshold voltage、work function、metal gate为案例，解析具体工程问题、解决构型及预期效果，为类似产品或工艺的技术改进与创新提供参考。,rd_engineer_inventor,electronics_manufacturing,"[""find_technical_solutions"", ""generate_product_ideas""]",2026-09-08,"[""semiconductor_and_packaging""]"
Pixel Shifting Control for OLED Burn-In Prevention,"请据《Pixel Shifting Control for OLED Burn-In Prevention》生成结构化报告。分类:case；对象:rd_engineer_inventor；行业:electronics_manufacturing/photonics_and_optics；任务:find_technical_solutions,generate_product_ideas；关键词:OLED burn-in、oled、Pixel Shifting、OLED Burn-In Prevention、Dynamic pixel shifting。概述:本文以OLED burn-in、oled、Pixel Shifting为案例，解析具体工程问题、解决构型及预期效果，为类似产品或工艺的技术改进与创新提供参考。须含标题、摘要、结论、背景、技术/产品/市场/IP、风险机会、可落地建议、未来研究。",https://eureka.patsnap.com/ai-search/sess_ae8163137fe4407b?from=rd-home&start_from=eureka_landingpage,https://eureka.patsnap.com/share/?id=3d9697afef7dde3f43b932feda22e974&from=invite-eureakplg-result&content=,Pixel Shifting Control for OLED Burn-In Prevention,"[""case""]","[""OLED burn-in"", ""oled"", ""Pixel Shifting"", ""OLED Burn-In Prevention"", ""Dynamic pixel shifting"", ""touch detection pauses"", ""stylus"", ""balancing burn-in prevention""]",本文以OLED burn-in、oled、Pixel Shifting为案例，解析具体工程问题、解决构型及预期效果，为类似产品或工艺的技术改进与创新提供参考。,rd_engineer_inventor,electronics_manufacturing,"[""find_technical_solutions"", ""generate_product_ideas""]",2026-09-08,"[""photonics_and_optics""]"
Switched-Capacitor Reverse Charging for Higher Power and Lower Heat,"请据《Switched-Capacitor Reverse Charging for Higher Power and Lower Heat》生成结构化报告。分类:case；对象:rd_engineer_inventor；行业:electronics_manufacturing/consumer_electronics_components；任务:find_technical_solutions,generate_product_ideas；关键词:capacitor、Switched-Capacitor Reverse Charging、Higher Power、Lower Heat、switched-capacitor boost stage raises。概述:本文以capacitor、Switched-Capacitor Reverse Charging、Higher Power为案例，解析具体工程问题、解决构型及预期效果，为类似产品或工艺的技术改进与创新提供参考。须含标题、摘要、结论、背景、技术/产品/市场/IP、风险机会、可落地建议、未来研究。",https://eureka.patsnap.com/ai-search/sess_58928cd54eac4d7f?from=rd-home&start_from=eureka_landingpage,https://eureka.patsnap.com/share/?id=05017960a0031e03bb20cb8884ed4f07&from=invite-eureakplg-result&content=,Switched-Capacitor Reverse Charging for Higher Power and Lower Heat,"[""case""]","[""capacitor"", ""Switched-Capacitor Reverse Charging"", ""Higher Power"", ""Lower Heat"", ""switched-capacitor boost stage raises"", ""reverse charging power while"", ""efficiency"", ""reducing heat""]",本文以capacitor、Switched-Capacitor Reverse Charging、Higher Power为案例，解析具体工程问题、解决构型及预期效果，为类似产品或工艺的技术改进与创新提供参考。,rd_engineer_inventor,electronics_manufacturing,"[""find_technical_solutions"", ""generate_product_ideas""]",2026-09-08,"[""consumer_electronics_components""]"
Fuel Cell Membrane Hydration Control for High-Altitude UAVs,"请据《Fuel Cell Membrane Hydration Control for High-Altitude UAVs》生成结构化报告。分类:scout_report；对象:rd_engineer_inventor；行业:energy/hydrogen_and_fuel_cells；任务:find_technical_solutions,explore_existing_technologies；关键词:fuel cell、Fuel Cell Membrane Hydration、High-Altitude UAVs、high altitudes、low-pressure environment creates。概述:本文梳理fuel cell、Fuel Cell Membrane Hydration、High-Altitude UAVs的技术原理、研究或验证方法与应用证据，并讨论性能和可行性，为研发方向选择与后续验证提供参考。须含标题、摘要、结论、背景、技术/产品/市场/IP、风险机会、可落地建议、未来研究。",https://eureka.patsnap.com/ai-search/sess_ddcea5f4968a4af0?from=rd-home&start_from=eureka_landingpage,https://eureka.patsnap.com/share/?id=2ab3457cb90a5f4c0e7f599cf26edf17&from=invite-eureakplg-result&content=,Fuel Cell Membrane Hydration Control for High-Altitude UAVs,"[""scout_report""]","[""fuel cell"", ""Fuel Cell Membrane Hydration"", ""High-Altitude UAVs"", ""high altitudes"", ""low-pressure environment creates"", ""harmful"", ""excessively removing moisture"", ""proton exchange membrane""]",本文梳理fuel cell、Fuel Cell Membrane Hydration、High-Altitude UAVs的技术原理、研究或验证方法与应用证据，并讨论性能和可行性，为研发方向选择与后续验证提供参考。,rd_engineer_inventor,energy,"[""find_technical_solutions"", ""explore_existing_technologies""]",2026-09-08,"[""hydrogen_and_fuel_cells""]"
New Energy Vehicles Battery Pack Water Ingress Detection Methods,"请据《New Energy Vehicles Battery Pack Water Ingress Detection Methods》生成结构化报告。分类:scout_report；对象:rd_engineer_inventor；行业:energy/batteries_and_storage；任务:find_technical_solutions,explore_existing_technologies；关键词:battery pack、battery、Energy Vehicles Battery Pack、Pack Water Ingress Detection、detection。概述:本文梳理battery pack、battery、Energy Vehicles Battery Pack的技术原理、研究或验证方法与应用证据，并讨论性能和可行性，为研发方向选择与后续验证提供参考。须含标题、摘要、结论、背景、技术/产品/市场/IP、风险机会、可落地建议、未来研究。",https://eureka.patsnap.com/ai-search/sess_ae7cb777f0f34b6b?from=rd-home&start_from=eureka_landingpage,https://eureka.patsnap.com/share/?id=04655f085373c639bd2519ea9c7757d2&from=invite-eureakplg-result&content=,New Energy Vehicles Battery Pack Water Ingress Detection Methods,"[""scout_report""]","[""battery pack"", ""battery"", ""Energy Vehicles Battery Pack"", ""Pack Water Ingress Detection"", ""detection"", ""have insufficient capability"", ""identify water ingress"", ""early stages""]",本文梳理battery pack、battery、Energy Vehicles Battery Pack的技术原理、研究或验证方法与应用证据，并讨论性能和可行性，为研发方向选择与后续验证提供参考。,rd_engineer_inventor,energy,"[""find_technical_solutions"", ""explore_existing_technologies""]",2026-09-08,"[""batteries_and_storage""]"
Resins for Solid-State Battery Electrolyte Encapsulation,"请据《Resins for Solid-State Battery Electrolyte Encapsulation》生成结构化报告。分类:scout_report；对象:rd_engineer_inventor；行业:energy/batteries_and_storage；任务:find_technical_solutions,explore_existing_technologies；关键词:battery、Resins、Solid-State Battery Electrolyte Encapsulation、risk controls、technical validation。概述:本文梳理battery、Resins、Solid-State Battery Electrolyte Encapsulation的技术原理、研究或验证方法与应用证据，并讨论性能和可行性，为研发方向选择与后续验证提供参考。须含标题、摘要、结论、背景、技术/产品/市场/IP、风险机会、可落地建议、未来研究。",https://eureka.patsnap.com/ai-search/sess_7403d720ea7249a9?from=rd-home&start_from=eureka_landingpage,https://eureka.patsnap.com/share/?id=816f88081a745982815d8b8619bc8162&from=invite-eureakplg-result&content=,Resins for Solid-State Battery Electrolyte Encapsulation,"[""scout_report""]","[""battery"", ""Resins"", ""Solid-State Battery Electrolyte Encapsulation"", ""risk controls"", ""technical validation""]",本文梳理battery、Resins、Solid-State Battery Electrolyte Encapsulation的技术原理、研究或验证方法与应用证据，并讨论性能和可行性，为研发方向选择与后续验证提供参考。,rd_engineer_inventor,energy,"[""find_technical_solutions"", ""explore_existing_technologies""]",2026-09-08,"[""batteries_and_storage""]"
BMS Current Sensor Selection for Precision SOC Tracking,"请据《BMS Current Sensor Selection for Precision SOC Tracking》生成结构化报告。分类:opportunity_brief；对象:innovation_product_strategy；行业:energy/batteries_and_storage；任务:evaluate_r_and_d_directions,identify_innovation_opportunities；关键词:BMS、Sensor Selection、Precision SOC Tracking、SOC、battery。概述:本文比较BMS、Sensor Selection、Precision SOC Tracking在性能、成本、可靠性和适用条件上的差异，并给出验证思路，为技术选型与研发决策提供参考。须含标题、摘要、结论、背景、技术/产品/市场/IP、风险机会、可落地建议、未来研究。",https://eureka.patsnap.com/ai-search/sess_f21a24eced454d4d?from=rd-home&start_from=eureka_landingpage,https://eureka.patsnap.com/share/?id=86f90b1bfa3f7d1eed3d6ace69ba8fe1&from=invite-eureakplg-result&content=,BMS Current Sensor Selection for Precision SOC Tracking,"[""opportunity_brief""]","[""BMS"", ""Sensor Selection"", ""Precision SOC Tracking"", ""SOC"", ""battery"", ""element provides insufficient detection"", ""causing accumulated measurement errors"", ""lead""]",本文比较BMS、Sensor Selection、Precision SOC Tracking在性能、成本、可靠性和适用条件上的差异，并给出验证思路，为技术选型与研发决策提供参考。,innovation_product_strategy,energy,"[""evaluate_r_and_d_directions"", ""identify_innovation_opportunities""]",2026-09-08,"[""batteries_and_storage""]"
CIGS vs GaAs Solar Cells: Efficiency Trade-offs for Space,"请据《CIGS vs GaAs Solar Cells: Efficiency Trade-offs for Space》生成结构化报告。分类:opportunity_brief；对象:innovation_product_strategy；行业:energy/solar_and_power_electronics；任务:evaluate_r_and_d_directions,identify_innovation_opportunities；关键词:gaas solar、solar、cigs、GaAs Solar Cells Efficiency、Solar Cells Efficiency Trade-offs。概述:本文比较gaas solar、solar、cigs在性能、成本、可靠性和适用条件上的差异，并给出验证思路，为技术选型与研发决策提供参考。须含标题、摘要、结论、背景、技术/产品/市场/IP、风险机会、可落地建议、未来研究。",https://eureka.patsnap.com/ai-search/sess_cfc9c7dbdb3c44b0?from=rd-home&start_from=eureka_landingpage,https://eureka.patsnap.com/share/?id=3903126c16babdde7937c9b459623fab&from=invite-eureakplg-result&content=,CIGS vs GaAs Solar Cells: Efficiency Trade-offs for Space,"[""opportunity_brief""]","[""gaas solar"", ""solar"", ""cigs"", ""GaAs Solar Cells Efficiency"", ""Solar Cells Efficiency Trade-offs"", ""Space"", ""risk controls"", ""copper indium gallium selenide""]",本文比较gaas solar、solar、cigs在性能、成本、可靠性和适用条件上的差异，并给出验证思路，为技术选型与研发决策提供参考。,innovation_product_strategy,energy,"[""evaluate_r_and_d_directions"", ""identify_innovation_opportunities""]",2026-09-08,"[""solar_and_power_electronics""]"
How to Choose V2G Systems for Grid Stabilization,"请据《How to Choose V2G Systems for Grid Stabilization》生成结构化报告。分类:opportunity_brief；对象:innovation_product_strategy；行业:energy/batteries_and_storage；任务:evaluate_r_and_d_directions,identify_innovation_opportunities；关键词:V2G、Grid Stabilization、energy storage、clear selection criteria、there。概述:本文比较V2G、Grid Stabilization、energy storage在性能、成本、可靠性和适用条件上的差异，并给出验证思路，为技术选型与研发决策提供参考。须含标题、摘要、结论、背景、技术/产品/市场/IP、风险机会、可落地建议、未来研究。",https://eureka.patsnap.com/ai-search/sess_828e5eeba9534b71?from=rd-home&start_from=eureka_landingpage,https://eureka.patsnap.com/share/?id=6dd2eee3fc8a258c03d89f3ec994fd88&from=invite-eureakplg-result&content=,How to Choose V2G Systems for Grid Stabilization,"[""opportunity_brief""]","[""V2G"", ""Grid Stabilization"", ""energy storage"", ""clear selection criteria"", ""there"", ""insufficient capability"", ""match bidirectional power conversion"", ""speed energy storage capacity""]",本文比较V2G、Grid Stabilization、energy storage在性能、成本、可靠性和适用条件上的差异，并给出验证思路，为技术选型与研发决策提供参考。,innovation_product_strategy,energy,"[""evaluate_r_and_d_directions"", ""identify_innovation_opportunities""]",2026-09-08,"[""batteries_and_storage""]"
How to Prevent Solar PV Connector Arcing and Fire Risk,"请据《How to Prevent Solar PV Connector Arcing and Fire Risk》生成结构化报告。分类:risk_watch；对象:rd_engineer_inventor；行业:energy/solar_and_power_electronics；任务:find_technical_solutions,assess_technical_feasibility；关键词:solar、Solar PV Connector Arcing、Fire Risk、PV、solar PV connector。概述:本文分析solar、Solar PV Connector Arcing、Fire Risk的失效机理、风险来源与控制方法，并给出检测或验证要点，为降低研发和应用风险提供参考。须含标题、摘要、结论、背景、技术/产品/市场/IP、风险机会、可落地建议、未来研究。",https://eureka.patsnap.com/ai-search/sess_6fbfa653417c4de6?from=rd-home&start_from=eureka_landingpage,https://eureka.patsnap.com/share/?id=dc899fea2705b6833bd67ace1bc2dcf0&from=invite-eureakplg-result&content=,How to Prevent Solar PV Connector Arcing and Fire Risk,"[""risk_watch""]","[""solar"", ""Solar PV Connector Arcing"", ""Fire Risk"", ""PV"", ""solar PV connector"", ""degraded contact surfaces generate"", ""harmful excessive heat due"", ""increased electrical resistance which""]",本文分析solar、Solar PV Connector Arcing、Fire Risk的失效机理、风险来源与控制方法，并给出检测或验证要点，为降低研发和应用风险提供参考。,rd_engineer_inventor,energy,"[""find_technical_solutions"", ""assess_technical_feasibility""]",2026-09-08,"[""solar_and_power_electronics""]"
Optimize Gas Diffusion Layer Porosity for Electrochemical Membrane Electrolysis,"请据《Optimize Gas Diffusion Layer Porosity for Electrochemical Membrane Electrolysis》生成结构化报告。分类:scout_report；对象:rd_engineer_inventor；行业:energy/hydrogen_and_fuel_cells；任务:find_technical_solutions,explore_existing_technologies；关键词:electrolysis、Gas Diffusion Layer Porosity、Electrochemical Membrane Electrolysis、Electrochemical Membrane Electrolysis Addresses、between gas diffusion rate。概述:本文梳理electrolysis、Gas Diffusion Layer Porosity、Electrochemical Membrane Electrolysis的技术原理、研究或验证方法与应用证据，并讨论性能和可行性，为研发方向选择与后续验证提供参考。须含标题、摘要、结论、背景、技术/产品/市场/IP、风险机会、可落地建议、未来研究。",https://eureka.patsnap.com/ai-search/sess_d72acc8b0bb043b1?from=rd-home&start_from=eureka_landingpage,https://eureka.patsnap.com/share/?id=fb036ffa11465272843cb3ba42f44051&from=invite-eureakplg-result&content=,Optimize Gas Diffusion Layer Porosity for Electrochemical Membrane Electrolysis,"[""scout_report""]","[""electrolysis"", ""Gas Diffusion Layer Porosity"", ""Electrochemical Membrane Electrolysis"", ""Electrochemical Membrane Electrolysis Addresses"", ""between gas diffusion rate"", ""electron conductivity""]",本文梳理electrolysis、Gas Diffusion Layer Porosity、Electrochemical Membrane Electrolysis的技术原理、研究或验证方法与应用证据，并讨论性能和可行性，为研发方向选择与后续验证提供参考。,rd_engineer_inventor,energy,"[""find_technical_solutions"", ""explore_existing_technologies""]",2026-09-08,"[""hydrogen_and_fuel_cells""]"
Current Transformer Polarity Verification for Secondary Wiring Errors,"请据《Current Transformer Polarity Verification for Secondary Wiring Errors》生成结构化报告。分类:case；对象:rd_engineer_inventor；行业:energy/solar_and_power_electronics；任务:find_technical_solutions,generate_product_ideas；关键词:transformer、Transformer Polarity Verification、Secondary Wiring Errors、Primary-side test、injection verifies CT polarity。概述:本文以transformer、Transformer Polarity Verification、Secondary Wiring Errors为案例，解析具体工程问题、解决构型及预期效果，为类似产品或工艺的技术改进与创新提供参考。须含标题、摘要、结论、背景、技术/产品/市场/IP、风险机会、可落地建议、未来研究。",https://eureka.patsnap.com/ai-search/sess_2a11b5e5827d4bd3?from=rd-home&start_from=eureka_landingpage,https://eureka.patsnap.com/share/?id=2b9f28eede24564959e63da498c10b18&from=invite-eureakplg-result&content=,Current Transformer Polarity Verification for Secondary Wiring Errors,"[""case""]","[""transformer"", ""Transformer Polarity Verification"", ""Secondary Wiring Errors"", ""Primary-side test"", ""injection verifies CT polarity"", ""secondary wiring detecting miswiring"", ""shorting blocks"", ""less manual testing""]",本文以transformer、Transformer Polarity Verification、Secondary Wiring Errors为案例，解析具体工程问题、解决构型及预期效果，为类似产品或工艺的技术改进与创新提供参考。,rd_engineer_inventor,energy,"[""find_technical_solutions"", ""generate_product_ideas""]",2026-09-08,"[""solar_and_power_electronics""]"
Battery Cell Current Interrupt Structure for Overcharge Pressure Cutoff,"请据《Battery Cell Current Interrupt Structure for Overcharge Pressure Cutoff》生成结构化报告。分类:case；对象:rd_engineer_inventor；行业:energy/batteries_and_storage；任务:find_technical_solutions,generate_product_ideas；关键词:battery、Battery Cell、Interrupt Structure、Overcharge Pressure Cutoff、pressure-triggered interrupt structure disconnects。概述:本文以battery、Battery Cell、Interrupt Structure为案例，解析具体工程问题、解决构型及预期效果，为类似产品或工艺的技术改进与创新提供参考。须含标题、摘要、结论、背景、技术/产品/市场/IP、风险机会、可落地建议、未来研究。",https://eureka.patsnap.com/ai-search/sess_9271a6e44ee44996?from=rd-home&start_from=eureka_landingpage,https://eureka.patsnap.com/share/?id=751039fc204d40f565a95296526c9290&from=invite-eureakplg-result&content=,Battery Cell Current Interrupt Structure for Overcharge Pressure Cutoff,"[""case""]","[""battery"", ""Battery Cell"", ""Interrupt Structure"", ""Overcharge Pressure Cutoff"", ""pressure-triggered interrupt structure disconnects"", ""battery post"", ""overcharge preventing continued"", ""flow""]",本文以battery、Battery Cell、Interrupt Structure为案例，解析具体工程问题、解决构型及预期效果，为类似产品或工艺的技术改进与创新提供参考。,rd_engineer_inventor,energy,"[""find_technical_solutions"", ""generate_product_ideas""]",2026-09-08,"[""batteries_and_storage""]"
EV Battery State-of-Health Assessment Using Cell Voltage Balance,"请据《EV Battery State-of-Health Assessment Using Cell Voltage Balance》生成结构化报告。分类:case；对象:rd_engineer_inventor；行业:energy/batteries_and_storage；任务:find_technical_solutions,generate_product_ideas；关键词:battery、EV Battery State-of-Health Assessment、Cell Voltage Balance、EV、Combining trouble codes internal。概述:本文以battery、EV Battery State-of-Health Assessment、Cell Voltage Balance为案例，解析具体工程问题、解决构型及预期效果，为类似产品或工艺的技术改进与创新提供参考。须含标题、摘要、结论、背景、技术/产品/市场/IP、风险机会、可落地建议、未来研究。",https://eureka.patsnap.com/ai-search/sess_9ddb27778d0f43b7?from=rd-home&start_from=eureka_landingpage,https://eureka.patsnap.com/share/?id=0973dc8fbf1fe8997dc44ddcc4380bbc&from=invite-eureakplg-result&content=,EV Battery State-of-Health Assessment Using Cell Voltage Balance,"[""case""]","[""battery"", ""EV Battery State-of-Health Assessment"", ""Cell Voltage Balance"", ""EV"", ""Combining trouble codes internal"", ""codes internal resistance temperature"", ""cell voltage balance improves"", ""EV battery health assessment""]",本文以battery、EV Battery State-of-Health Assessment、Cell Voltage Balance为案例，解析具体工程问题、解决构型及预期效果，为类似产品或工艺的技术改进与创新提供参考。,rd_engineer_inventor,energy,"[""find_technical_solutions"", ""generate_product_ideas""]",2026-09-08,"[""batteries_and_storage""]"
Cold-Plate Rectification Module Layout for Server Power Cooling,"请据《Cold-Plate Rectification Module Layout for Server Power Cooling》生成结构化报告。分类:case；对象:rd_engineer_inventor；行业:energy/solar_and_power_electronics；任务:find_technical_solutions,generate_product_ideas；关键词:Cold-Plate Rectification Module Layout、Server Power Cooling、transformer、cold plate covers、rectifier together。概述:本文以Cold-Plate Rectification Module Layout、Server Power Cooling、transformer为案例，解析具体工程问题、解决构型及预期效果，为类似产品或工艺的技术改进与创新提供参考。须含标题、摘要、结论、背景、技术/产品/市场/IP、风险机会、可落地建议、未来研究。",https://eureka.patsnap.com/ai-search/sess_4871d145a5b749d2?from=rd-home&start_from=eureka_landingpage,https://eureka.patsnap.com/share/?id=98d83d212f3983b8a3719dfbfd431de3&from=invite-eureakplg-result&content=,Cold-Plate Rectification Module Layout for Server Power Cooling,"[""case""]","[""Cold-Plate Rectification Module Layout"", ""Server Power Cooling"", ""transformer"", ""cold plate covers"", ""rectifier together"", ""cool windings cores"", ""capacitors"", ""high-power-density server supplies""]",本文以Cold-Plate Rectification Module Layout、Server Power Cooling、transformer为案例，解析具体工程问题、解决构型及预期效果，为类似产品或工艺的技术改进与创新提供参考。,rd_engineer_inventor,energy,"[""find_technical_solutions"", ""generate_product_ideas""]",2026-09-08,"[""solar_and_power_electronics""]"
Current Transformer Polarity Verification for Secondary Wiring,"请据《Current Transformer Polarity Verification for Secondary Wiring》生成结构化报告。分类:case；对象:rd_engineer_inventor；行业:energy/solar_and_power_electronics；任务:find_technical_solutions,generate_product_ideas；关键词:transformer、Transformer Polarity Verification、Secondary Wiring、Injecting test、CT primary nodes verifies。概述:本文以transformer、Transformer Polarity Verification、Secondary Wiring为案例，解析具体工程问题、解决构型及预期效果，为类似产品或工艺的技术改进与创新提供参考。须含标题、摘要、结论、背景、技术/产品/市场/IP、风险机会、可落地建议、未来研究。",https://eureka.patsnap.com/ai-search/sess_15c9406270894386?from=rd-home&start_from=eureka_landingpage,https://eureka.patsnap.com/share/?id=fa183492545f05358055abbb37b20d49&from=invite-eureakplg-result&content=,Current Transformer Polarity Verification for Secondary Wiring,"[""case""]","[""transformer"", ""Transformer Polarity Verification"", ""Secondary Wiring"", ""Injecting test"", ""CT primary nodes verifies"", ""primary nodes verifies polarity"", ""protective"", ""secondary-side connections""]",本文以transformer、Transformer Polarity Verification、Secondary Wiring为案例，解析具体工程问题、解决构型及预期效果，为类似产品或工艺的技术改进与创新提供参考。,rd_engineer_inventor,energy,"[""find_technical_solutions"", ""generate_product_ideas""]",2026-09-08,"[""solar_and_power_electronics""]"
"BTG, Inc.","请据《BTG, Inc.》生成结构化报告。分类:competitor_analysis；对象:innovation_product_strategy；行业:engineering/mechanical_systems；任务:track_technologies_and_competitors；关键词:BTG, Inc、technical research、patent portfolio、competitor monitoring、market trends。概述:本文概述BTG, Inc.的业务与技术研发，并涵盖专利组合、竞争动态及市场趋势，可用于竞品跟踪和研发/IP决策。须含标题、摘要、结论、背景、技术/产品/市场/IP、风险机会、可落地建议、未来研究。",https://eureka.patsnap.com/ai-search/sess_4d5a80f29b8145ef?from=rd-home&start_from=eureka_landingpage,https://eureka.patsnap.com/share/?id=b791ff78a79bb743e171be5b42c63ce4&from=invite-eureakplg-result&content=,"BTG, Inc.","[""competitor_analysis""]","[""BTG, Inc"", ""technical research"", ""patent portfolio"", ""competitor monitoring"", ""market trends""]","本文概述BTG, Inc.的业务与技术研发，并涵盖专利组合、竞争动态及市场趋势，可用于竞品跟踪和研发/IP决策。",innovation_product_strategy,engineering,"[""track_technologies_and_competitors""]",2026-09-08,"[""mechanical_systems""]"
Campagnolo SRL,请据《Campagnolo SRL》生成结构化报告。分类:competitor_analysis；对象:innovation_product_strategy；行业:engineering/manufacturing_process_engineering；任务:track_technologies_and_competitors；关键词:Campagnolo SRL、technical research、patent portfolio、competitor monitoring、market trends。概述:本文概述Campagnolo SRL的业务与技术研发，并涵盖专利组合、竞争动态及市场趋势，可用于竞品跟踪和研发/IP决策。须含标题、摘要、结论、背景、技术/产品/市场/IP、风险机会、可落地建议、未来研究。,https://eureka.patsnap.com/ai-search/sess_2199b060e3d24302?from=rd-home&start_from=eureka_landingpage,https://eureka.patsnap.com/share/?id=a1fbfaa3f8be594f632524c874e7701a&from=invite-eureakplg-result&content=,Campagnolo SRL,"[""competitor_analysis""]","[""Campagnolo SRL"", ""technical research"", ""patent portfolio"", ""competitor monitoring"", ""market trends""]",本文概述Campagnolo SRL的业务与技术研发，并涵盖专利组合、竞争动态及市场趋势，可用于竞品跟踪和研发/IP决策。,innovation_product_strategy,engineering,"[""track_technologies_and_competitors""]",2026-09-08,"[""manufacturing_process_engineering""]"
Mitsubishi Engineering-Plastics Corp.,请据《Mitsubishi Engineering-Plastics Corp.》生成结构化报告。分类:competitor_analysis；对象:innovation_product_strategy；行业:engineering/manufacturing_process_engineering；任务:track_technologies_and_competitors；关键词:Mitsubishi Engineering-Plastics Corp、technical research、patent portfolio、competitor monitoring、market trends。概述:本文概述Mitsubishi Engineering-Plastics Corp.的业务与技术研发，并涵盖专利组合、竞争动态及市场趋势，可用于竞品跟踪和研发/IP决策。须含标题、摘要、结论、背景、技术/产品/市场/IP、风险机会、可落地建议、未来研究。,https://eureka.patsnap.com/ai-search/sess_c69553a23183483c?from=rd-home&start_from=eureka_landingpage,https://eureka.patsnap.com/share/?id=ef9746e98c4cd52099750f7fc62f26f5&from=invite-eureakplg-result&content=,Mitsubishi Engineering-Plastics Corp.,"[""competitor_analysis""]","[""Mitsubishi Engineering-Plastics Corp"", ""technical research"", ""patent portfolio"", ""competitor monitoring"", ""market trends""]",本文概述Mitsubishi Engineering-Plastics Corp.的业务与技术研发，并涵盖专利组合、竞争动态及市场趋势，可用于竞品跟踪和研发/IP决策。,innovation_product_strategy,engineering,"[""track_technologies_and_competitors""]",2026-09-08,"[""manufacturing_process_engineering""]"
Foxboro,请据《Foxboro》生成结构化报告。分类:competitor_analysis；对象:innovation_product_strategy；行业:engineering/manufacturing_process_engineering；任务:track_technologies_and_competitors；关键词:Foxboro、technical research、patent portfolio、competitor monitoring、market trends。概述:本文概述Foxboro的业务与技术研发，并涵盖专利组合、竞争动态及市场趋势，可用于竞品跟踪和研发/IP决策。须含标题、摘要、结论、背景、技术/产品/市场/IP、风险机会、可落地建议、未来研究。,https://eureka.patsnap.com/ai-search/sess_7db08e7d49b442b7?from=rd-home&start_from=eureka_landingpage,https://eureka.patsnap.com/share/?id=a9ffc24ed3125fc46a84477eae7dc373&from=invite-eureakplg-result&content=,Foxboro,"[""competitor_analysis""]","[""Foxboro"", ""technical research"", ""patent portfolio"", ""competitor monitoring"", ""market trends""]",本文概述Foxboro的业务与技术研发，并涵盖专利组合、竞争动态及市场趋势，可用于竞品跟踪和研发/IP决策。,innovation_product_strategy,engineering,"[""track_technologies_and_competitors""]",2026-09-08,"[""manufacturing_process_engineering""]"
"Air Products & Chemicals, Inc.","请据《Air Products & Chemicals, Inc.》生成结构化报告。分类:competitor_analysis；对象:innovation_product_strategy；行业:engineering/manufacturing_process_engineering；任务:track_technologies_and_competitors；关键词:Air Products & Chemicals, Inc、industrial、hydrogen、technical research、patent portfolio。概述:本文概述Air Products & Chemicals, Inc.的业务与技术研发，并涵盖专利组合、竞争动态及市场趋势，可用于竞品跟踪和研发/IP决策。须含标题、摘要、结论、背景、技术/产品/市场/IP、风险机会、可落地建议、未来研究。",https://eureka.patsnap.com/ai-search/sess_0e82186a559f4715?from=rd-home&start_from=eureka_landingpage,https://eureka.patsnap.com/share/?id=671d16c823b7c80f115b577927b5d37b&from=invite-eureakplg-result&content=,"Air Products & Chemicals, Inc.","[""competitor_analysis""]","[""Air Products & Chemicals, Inc"", ""industrial"", ""hydrogen"", ""technical research"", ""patent portfolio"", ""competitor monitoring"", ""market trends""]","本文概述Air Products & Chemicals, Inc.的业务与技术研发，并涵盖专利组合、竞争动态及市场趋势，可用于竞品跟踪和研发/IP决策。",innovation_product_strategy,engineering,"[""track_technologies_and_competitors""]",2026-09-08,"[""manufacturing_process_engineering""]"
Heidelberger Druckmaschinen AG,请据《Heidelberger Druckmaschinen AG》生成结构化报告。分类:competitor_analysis；对象:innovation_product_strategy；行业:engineering/mechanical_systems；任务:track_technologies_and_competitors；关键词:Heidelberger Druckmaschinen AG、technical research、patent portfolio、competitor monitoring、market trends。概述:本文概述Heidelberger Druckmaschinen AG的业务与技术研发，并涵盖专利组合、竞争动态及市场趋势，可用于竞品跟踪和研发/IP决策。须含标题、摘要、结论、背景、技术/产品/市场/IP、风险机会、可落地建议、未来研究。,https://eureka.patsnap.com/ai-search/sess_821b889614e44037?from=rd-home&start_from=eureka_landingpage,https://eureka.patsnap.com/share/?id=9a78eb3c1040b35e5d225fdd664a348e&from=invite-eureakplg-result&content=,Heidelberger Druckmaschinen AG,"[""competitor_analysis""]","[""Heidelberger Druckmaschinen AG"", ""technical research"", ""patent portfolio"", ""competitor monitoring"", ""market trends""]",本文概述Heidelberger Druckmaschinen AG的业务与技术研发，并涵盖专利组合、竞争动态及市场趋势，可用于竞品跟踪和研发/IP决策。,innovation_product_strategy,engineering,"[""track_technologies_and_competitors""]",2026-09-08,"[""mechanical_systems""]"
"China Tobacco Jiangsu Industrial Co., Ltd.","请据《China Tobacco Jiangsu Industrial Co., Ltd.》生成结构化报告。分类:competitor_analysis；对象:innovation_product_strategy；行业:engineering/manufacturing_process_engineering；任务:track_technologies_and_competitors；关键词:China Tobacco Jiangsu Industrial Co., Ltd、industrial、technical research、patent portfolio、competitor monitoring。概述:本文概述China Tobacco Jiangsu Industrial Co., Ltd.的业务与技术研发，并涵盖专利组合、竞争动态及市场趋势，可用于竞品跟踪和研发/IP决策。须含标题、摘要、结论、背景、技术/产品/市场/IP、风险机会、可落地建议、未来研究。",https://eureka.patsnap.com/ai-search/sess_ecbd4c15c4a54ca2?from=rd-home&start_from=eureka_landingpage,https://eureka.patsnap.com/share/?id=c8f53874f561fba316e6399c0e5010cb&from=invite-eureakplg-result&content=,"China Tobacco Jiangsu Industrial Co., Ltd.","[""competitor_analysis""]","[""China Tobacco Jiangsu Industrial Co., Ltd"", ""industrial"", ""technical research"", ""patent portfolio"", ""competitor monitoring"", ""market trends""]","本文概述China Tobacco Jiangsu Industrial Co., Ltd.的业务与技术研发，并涵盖专利组合、竞争动态及市场趋势，可用于竞品跟踪和研发/IP决策。",innovation_product_strategy,engineering,"[""track_technologies_and_competitors""]",2026-09-08,"[""manufacturing_process_engineering""]"
"Zoosk, Inc.","请据《Zoosk, Inc.》生成结构化报告。分类:competitor_analysis；对象:innovation_product_strategy；行业:engineering/industrial_equipment；任务:track_technologies_and_competitors；关键词:Zoosk, Inc、technical research、patent portfolio、competitor monitoring、market trends。概述:本文概述Zoosk, Inc.的业务与技术研发，并涵盖专利组合、竞争动态及市场趋势，可用于竞品跟踪和研发/IP决策。须含标题、摘要、结论、背景、技术/产品/市场/IP、风险机会、可落地建议、未来研究。",https://eureka.patsnap.com/ai-search/sess_0baf624c4a81401b?from=rd-home&start_from=eureka_landingpage,https://eureka.patsnap.com/share/?id=bd5a6d2727edb8a05cf1e64f8b49dd46&from=invite-eureakplg-result&content=,"Zoosk, Inc.","[""competitor_analysis""]","[""Zoosk, Inc"", ""technical research"", ""patent portfolio"", ""competitor monitoring"", ""market trends""]","本文概述Zoosk, Inc.的业务与技术研发，并涵盖专利组合、竞争动态及市场趋势，可用于竞品跟踪和研发/IP决策。",innovation_product_strategy,engineering,"[""track_technologies_and_competitors""]",2026-09-08,"[""industrial_equipment""]"
Subaru Corp.,请据《Subaru Corp.》生成结构化报告。分类:competitor_analysis；对象:innovation_product_strategy；行业:engineering/manufacturing_process_engineering；任务:track_technologies_and_competitors；关键词:Subaru Corp、manufacturing、technical research、patent portfolio、competitor monitoring。概述:本文概述Subaru Corp.的业务与技术研发，并涵盖专利组合、竞争动态及市场趋势，可用于竞品跟踪和研发/IP决策。须含标题、摘要、结论、背景、技术/产品/市场/IP、风险机会、可落地建议、未来研究。,https://eureka.patsnap.com/ai-search/sess_f8a169aa05b24251?from=rd-home&start_from=eureka_landingpage,https://eureka.patsnap.com/share/?id=5124bc046640971d778c391816195c3c&from=invite-eureakplg-result&content=,Subaru Corp.,"[""competitor_analysis""]","[""Subaru Corp"", ""manufacturing"", ""technical research"", ""patent portfolio"", ""competitor monitoring"", ""market trends""]",本文概述Subaru Corp.的业务与技术研发，并涵盖专利组合、竞争动态及市场趋势，可用于竞品跟踪和研发/IP决策。,innovation_product_strategy,engineering,"[""track_technologies_and_competitors""]",2026-09-08,"[""manufacturing_process_engineering""]"
"Ocean's King Lighting Science & Technology Co., Ltd.","请据《Ocean's King Lighting Science & Technology Co., Ltd.》生成结构化报告。分类:competitor_analysis；对象:innovation_product_strategy；行业:engineering/industrial_equipment；任务:track_technologies_and_competitors；关键词:Ocean's King Lighting Science & Technology Co., Ltd、technical research、patent portfolio、competitor monitoring、market trends。概述:本文概述Ocean's King Lighting Science & Technology Co., Ltd.的业务与技术研发，并涵盖专利组合、竞争动态及市场趋势，可用于竞品跟踪和研发/IP决策。须含标题、摘要、结论、背景、技术/产品/市场/IP、风险机会、可落地建议、未来研究。",https://eureka.patsnap.com/ai-search/sess_daaac1b34b5d4a4d?from=rd-home&start_from=eureka_landingpage,https://eureka.patsnap.com/share/?id=0c138eacb431fcbc94f7df36765727b3&from=invite-eureakplg-result&content=,"Ocean's King Lighting Science & Technology Co., Ltd.","[""competitor_analysis""]","[""Ocean's King Lighting Science & Technology Co., Ltd"", ""technical research"", ""patent portfolio"", ""competitor monitoring"", ""market trends""]","本文概述Ocean's King Lighting Science & Technology Co., Ltd.的业务与技术研发，并涵盖专利组合、竞争动态及市场趋势，可用于竞品跟踪和研发/IP决策。",innovation_product_strategy,engineering,"[""track_technologies_and_competitors""]",2026-09-08,"[""industrial_equipment""]"
Changsha Zoomlion Environmental & Sanitation Machinery Co. Ltd,请据《Changsha Zoomlion Environmental & Sanitation Machinery Co. Ltd》生成结构化报告。分类:competitor_analysis；对象:innovation_product_strategy；行业:engineering/manufacturing_process_engineering；任务:track_technologies_and_competitors；关键词:Changsha Zoomlion Environmental & Sanitation Machinery Co. Ltd、technical research、patent portfolio、competitor monitoring、market trends。概述:本文概述Changsha Zoomlion Environmental & Sanitation Machinery Co. Ltd的业务与技术研发，并涵盖专利组合、竞争动态及市场趋势，可用于竞品跟踪和研发/IP决策。须含标题、摘要、结论、背景、技术/产品/市场/IP、风险机会、可落地建议、未来研究。,https://eureka.patsnap.com/ai-search/sess_576b2503a6114156?from=rd-home&start_from=eureka_landingpage,https://eureka.patsnap.com/share/?id=e798c96416b231bace8af7394d810dbe&from=invite-eureakplg-result&content=,Changsha Zoomlion Environmental & Sanitation Machinery Co. Ltd,"[""competitor_analysis""]","[""Changsha Zoomlion Environmental & Sanitation Machinery Co. Ltd"", ""technical research"", ""patent portfolio"", ""competitor monitoring"", ""market trends""]",本文概述Changsha Zoomlion Environmental & Sanitation Machinery Co. Ltd的业务与技术研发，并涵盖专利组合、竞争动态及市场趋势，可用于竞品跟踪和研发/IP决策。,innovation_product_strategy,engineering,"[""track_technologies_and_competitors""]",2026-09-08,"[""manufacturing_process_engineering""]"
Advantages And Limitations Of PID Control Versus LQR,"请据《Advantages And Limitations Of PID Control Versus LQR》生成结构化报告。分类:competitor_analysis；对象:innovation_product_strategy；行业:engineering/mechanical_systems；任务:evaluate_r_and_d_directions,identify_innovation_opportunities；关键词:pid control、lqr、Advantages、Limitations、PID。概述:本文比较pid control、lqr、Advantages在性能、成本、可靠性和适用条件上的差异，并给出验证思路，为技术选型与研发决策提供参考。须含标题、摘要、结论、背景、技术/产品/市场/IP、风险机会、可落地建议、未来研究。",https://eureka.patsnap.com/ai-search/sess_7e7ea3304e11488e?from=rd-home&start_from=eureka_landingpage,https://eureka.patsnap.com/share/?id=607aeb01133b508fb71d86192ad677e0&from=invite-eureakplg-result&content=,Advantages And Limitations Of PID Control Versus LQR,"[""competitor_analysis""]","[""pid control"", ""lqr"", ""Advantages"", ""Limitations"", ""PID"", ""evolution"", ""theory"", ""LQR examining""]",本文比较pid control、lqr、Advantages在性能、成本、可靠性和适用条件上的差异，并给出验证思路，为技术选型与研发决策提供参考。,innovation_product_strategy,engineering,"[""evaluate_r_and_d_directions"", ""identify_innovation_opportunities""]",2025-09-05,"[""mechanical_systems""]"
"Tin Whiskers Test Methods: JESD201/JESD22, Storage Conditions And Acceptance","请据《Tin Whiskers Test Methods: JESD201/JESD22, Storage Conditions And Acceptance》生成结构化报告。分类:scout_report；对象:researcher_scientist；行业:engineering/mechanical_systems；任务:find_research_methods,track_research_trends；关键词:tin whiskers、JESD201、JESD22、Tin Whiskers Test、JESD201/JESD22 Storage Conditions。概述:本文梳理tin whiskers、JESD201、JESD22的技术原理、研究或验证方法与应用证据，并讨论性能和可行性，为研发方向选择与后续验证提供参考。须含标题、摘要、结论、背景、技术/产品/市场/IP、风险机会、可落地建议、未来研究。",https://eureka.patsnap.com/ai-search/sess_254bad23fa444a9f?from=rd-home&start_from=eureka_landingpage,https://eureka.patsnap.com/share/?id=2023a42ec4d293795adda6c7ac36e564&from=invite-eureakplg-result&content=,"Tin Whiskers Test Methods: JESD201/JESD22, Storage Conditions And Acceptance","[""scout_report""]","[""tin whiskers"", ""JESD201"", ""JESD22"", ""Tin Whiskers Test"", ""JESD201/JESD22 Storage Conditions"", ""Acceptance"", ""JESD201/JESD22"", ""reliability"", ""Standardized tin whisker testing""]",本文梳理tin whiskers、JESD201、JESD22的技术原理、研究或验证方法与应用证据，并讨论性能和可行性，为研发方向选择与后续验证提供参考。,researcher_scientist,engineering,"[""find_research_methods"", ""track_research_trends""]",2025-09-16,"[""mechanical_systems""]"
Bioplastics vs Traditional Plastics: Cost Efficiency in Production,"请据《Bioplastics vs Traditional Plastics: Cost Efficiency in Production》生成结构化报告。分类:competitor_analysis；对象:innovation_product_strategy；行业:engineering/mechanical_systems；任务:evaluate_r_and_d_directions,identify_innovation_opportunities；关键词:Bioplastics、Traditional Plastics Cost Efficiency、Production、achieve cost parity、petroleum plastics。概述:本文比较Bioplastics、Traditional Plastics Cost Efficiency、Production在性能、成本、可靠性和适用条件上的差异，并给出验证思路，为技术选型与研发决策提供参考。须含标题、摘要、结论、背景、技术/产品/市场/IP、风险机会、可落地建议、未来研究。",https://eureka.patsnap.com/ai-search/sess_6a160d76c03b409f?from=rd-home&start_from=eureka_landingpage,https://eureka.patsnap.com/share/?id=7ce689f6e71c172890afd126b66c769d&from=invite-eureakplg-result&content=,Bioplastics vs Traditional Plastics: Cost Efficiency in Production,"[""competitor_analysis""]","[""Bioplastics"", ""Traditional Plastics Cost Efficiency"", ""Production"", ""achieve cost parity"", ""petroleum plastics"", ""1-2/kg"", ""breakthrough production""]",本文比较Bioplastics、Traditional Plastics Cost Efficiency、Production在性能、成本、可靠性和适用条件上的差异，并给出验证思路，为技术选型与研发决策提供参考。,innovation_product_strategy,engineering,"[""evaluate_r_and_d_directions"", ""identify_innovation_opportunities""]",2026-03-31,"[""mechanical_systems""]"
Comparing Trimethylglycine vs Creatine for Athletic Endurance,"请据《Comparing Trimethylglycine vs Creatine for Athletic Endurance》生成结构化报告。分类:competitor_analysis；对象:innovation_product_strategy；行业:engineering/mechanical_systems；任务:evaluate_r_and_d_directions,identify_innovation_opportunities；关键词:Trimethylglycine、Creatine、Athletic Endurance、TMG、ergogenic aids mechanisms。概述:本文比较Trimethylglycine、Creatine、Athletic Endurance在性能、成本、可靠性和适用条件上的差异，并给出验证思路，为技术选型与研发决策提供参考。须含标题、摘要、结论、背景、技术/产品/市场/IP、风险机会、可落地建议、未来研究。",https://eureka.patsnap.com/ai-search/sess_be90e0baf15d4105?from=rd-home&start_from=eureka_landingpage,https://eureka.patsnap.com/share/?id=9980299f604b3ce9535b742641fefc0d&from=invite-eureakplg-result&content=,Comparing Trimethylglycine vs Creatine for Athletic Endurance,"[""competitor_analysis""]","[""Trimethylglycine"", ""Creatine"", ""Athletic Endurance"", ""TMG"", ""ergogenic aids mechanisms"", ""evolution"", ""personalized supplementation"", ""enhanced athletic endurance""]",本文比较Trimethylglycine、Creatine、Athletic Endurance在性能、成本、可靠性和适用条件上的差异，并给出验证思路，为技术选型与研发决策提供参考。,innovation_product_strategy,engineering,"[""evaluate_r_and_d_directions"", ""identify_innovation_opportunities""]",2025-09-10,"[""mechanical_systems""]"
Electromagnetic Waves and Their Role in Satellite Systems,"请据《Electromagnetic Waves and Their Role in Satellite Systems》生成结构化报告。分类:scout_report；对象:researcher_scientist；行业:engineering/mechanical_systems；任务:explore_new_research_fields,track_research_trends；关键词:Electromagnetic Waves、Satellite、crucial、communication navigation、remote sensing。概述:本文梳理Electromagnetic Waves、Satellite、crucial的技术原理、研究或验证方法与应用证据，并讨论性能和可行性，为研发方向选择与后续验证提供参考。须含标题、摘要、结论、背景、技术/产品/市场/IP、风险机会、可落地建议、未来研究。",https://eureka.patsnap.com/ai-search/sess_204e54e20a094ebe?from=rd-home&start_from=eureka_landingpage,https://eureka.patsnap.com/share/?id=790ce2bdb122a81ff289bbab33bf9d71&from=invite-eureakplg-result&content=,Electromagnetic Waves and Their Role in Satellite Systems,"[""scout_report""]","[""Electromagnetic Waves"", ""Satellite"", ""crucial"", ""communication navigation"", ""remote sensing"", ""challenges""]",本文梳理Electromagnetic Waves、Satellite、crucial的技术原理、研究或验证方法与应用证据，并讨论性能和可行性，为研发方向选择与后续验证提供参考。,researcher_scientist,engineering,"[""explore_new_research_fields"", ""track_research_trends""]",2025-07-11,"[""mechanical_systems""]"
"ASME Section VIII And PED Design: Corrosion Allowance, Joint Efficiency And Integrity","请据《ASME Section VIII And PED Design: Corrosion Allowance, Joint Efficiency And Integrity》生成结构化报告。分类:scout_report；对象:researcher_scientist；行业:engineering/industrial_equipment；任务:find_research_methods,track_research_trends；关键词:ASME Section VIII、PED、Corrosion Allowance Joint Efficiency、Integrity、ASME。概述:本文梳理ASME Section VIII、PED、Corrosion Allowance Joint Efficiency的技术原理、研究或验证方法与应用证据，并讨论性能和可行性，为研发方向选择与后续验证提供参考。须含标题、摘要、结论、背景、技术/产品/市场/IP、风险机会、可落地建议、未来研究。",https://eureka.patsnap.com/ai-search/sess_52207097cb364f55?from=rd-home&start_from=eureka_landingpage,https://eureka.patsnap.com/share/?id=4a3107c1256870744c47977d6699e292&from=invite-eureakplg-result&content=,"ASME Section VIII And PED Design: Corrosion Allowance, Joint Efficiency And Integrity","[""scout_report""]","[""ASME Section VIII"", ""PED"", ""Corrosion Allowance Joint Efficiency"", ""Integrity"", ""ASME"", ""VIII"", ""reliability"", ""industrial"", ""primary objective""]",本文梳理ASME Section VIII、PED、Corrosion Allowance Joint Efficiency的技术原理、研究或验证方法与应用证据，并讨论性能和可行性，为研发方向选择与后续验证提供参考。,researcher_scientist,engineering,"[""find_research_methods"", ""track_research_trends""]",2025-09-12,"[""industrial_equipment""]"
Zeolite-based Adsorption Chillers for Industrial Cooling,"请据《Zeolite-based Adsorption Chillers for Industrial Cooling》生成结构化报告。分类:scout_report；对象:researcher_scientist；行业:engineering/mechanical_systems；任务:explore_new_research_fields,track_research_trends；关键词:industrial、Zeolite-based Adsorption Chillers、Industrial Cooling、zeolite-based adsorption chillers eco-friendly、eco-friendly industrial cooling tech。概述:本文梳理industrial、Zeolite-based Adsorption Chillers、Industrial Cooling的技术原理、研究或验证方法与应用证据，并讨论性能和可行性，为研发方向选择与后续验证提供参考。须含标题、摘要、结论、背景、技术/产品/市场/IP、风险机会、可落地建议、未来研究。",https://eureka.patsnap.com/ai-search/sess_57da7e8706ca425d?from=rd-home&start_from=eureka_landingpage,https://eureka.patsnap.com/share/?id=71b66296c4dbd78c248bc01ae2fada39&from=invite-eureakplg-result&content=,Zeolite-based Adsorption Chillers for Industrial Cooling,"[""scout_report""]","[""industrial"", ""Zeolite-based Adsorption Chillers"", ""Industrial Cooling"", ""zeolite-based adsorption chillers eco-friendly"", ""eco-friendly industrial cooling tech"", ""low-grade heat sources"", ""advantages""]",本文梳理industrial、Zeolite-based Adsorption Chillers、Industrial Cooling的技术原理、研究或验证方法与应用证据，并讨论性能和可行性，为研发方向选择与后续验证提供参考。,researcher_scientist,engineering,"[""explore_new_research_fields"", ""track_research_trends""]",2025-08-11,"[""mechanical_systems""]"
"Ball Mill Versus Vertical Roller Mill: Energy, Fineness, And Cost Comparison","请据《Ball Mill Versus Vertical Roller Mill: Energy, Fineness, And Cost Comparison》生成结构化报告。分类:competitor_analysis；对象:innovation_product_strategy；行业:engineering/industrial_equipment；任务:evaluate_r_and_d_directions,identify_innovation_opportunities；关键词:roller mill、ball mill、Vertical Roller Mill Energy、Roller Mill Energy Fineness、Cost。概述:本文比较roller mill、ball mill、Vertical Roller Mill Energy在性能、成本、可靠性和适用条件上的差异，并给出验证思路，为技术选型与研发决策提供参考。须含标题、摘要、结论、背景、技术/产品/市场/IP、风险机会、可落地建议、未来研究。",https://eureka.patsnap.com/ai-search/sess_496e11e6d7594994?from=rd-home&start_from=eureka_landingpage,https://eureka.patsnap.com/share/?id=5cdfa0b14aa802fc55c5f99f9cd8a53c&from=invite-eureakplg-result&content=,"Ball Mill Versus Vertical Roller Mill: Energy, Fineness, And Cost Comparison","[""competitor_analysis""]","[""roller mill"", ""ball mill"", ""Vertical Roller Mill Energy"", ""Roller Mill Energy Fineness"", ""Cost"", ""energy efficiency"", ""evolution"", ""grinding""]",本文比较roller mill、ball mill、Vertical Roller Mill Energy在性能、成本、可靠性和适用条件上的差异，并给出验证思路，为技术选型与研发决策提供参考。,innovation_product_strategy,engineering,"[""evaluate_r_and_d_directions"", ""identify_innovation_opportunities""]",2025-08-22,"[""industrial_equipment""]"
Neodymium Magnets vs Rare Earth: Environmental Impact Assessment,"请据《Neodymium Magnets vs Rare Earth: Environmental Impact Assessment》生成结构化报告。分类:competitor_analysis；对象:innovation_product_strategy；行业:engineering/mechanical_systems；任务:evaluate_r_and_d_directions,identify_innovation_opportunities；关键词:Neodymium Magnets、Rare Earth Environmental Impact、Earth Environmental Impact Assessment、lifecycle assessment、rare earth materials identifying。概述:本文比较Neodymium Magnets、Rare Earth Environmental Impact、Earth Environmental Impact Assessment在性能、成本、可靠性和适用条件上的差异，并给出验证思路，为技术选型与研发决策提供参考。须含标题、摘要、结论、背景、技术/产品/市场/IP、风险机会、可落地建议、未来研究。",https://eureka.patsnap.com/ai-search/sess_757e7c07be064c35?from=rd-home&start_from=eureka_landingpage,https://eureka.patsnap.com/share/?id=0860bbbf5d4b0041b50e98503cebec4e&from=invite-eureakplg-result&content=,Neodymium Magnets vs Rare Earth: Environmental Impact Assessment,"[""competitor_analysis""]","[""Neodymium Magnets"", ""Rare Earth Environmental Impact"", ""Earth Environmental Impact Assessment"", ""lifecycle assessment"", ""rare earth materials identifying"", ""materials identifying environmental hotspots"", ""mitigation""]",本文比较Neodymium Magnets、Rare Earth Environmental Impact、Earth Environmental Impact Assessment在性能、成本、可靠性和适用条件上的差异，并给出验证思路，为技术选型与研发决策提供参考。,innovation_product_strategy,engineering,"[""evaluate_r_and_d_directions"", ""identify_innovation_opportunities""]",2025-09-12,"[""mechanical_systems""]"
MOSFET vs Diode Rectification: Efficiency At Low Load,"请据《MOSFET vs Diode Rectification: Efficiency At Low Load》生成结构化报告。分类:competitor_analysis；对象:innovation_product_strategy；行业:engineering/mechanical_systems；任务:evaluate_r_and_d_directions,identify_innovation_opportunities；关键词:MOSFET、Diode Rectification Efficiency、Low Load、advanced rectification efficiency transforms、efficiency transforms power conversion。概述:本文比较MOSFET、Diode Rectification Efficiency、Low Load在性能、成本、可靠性和适用条件上的差异，并给出验证思路，为技术选型与研发决策提供参考。须含标题、摘要、结论、背景、技术/产品/市场/IP、风险机会、可落地建议、未来研究。",https://eureka.patsnap.com/ai-search/sess_f13f89c4a6f74ce1?from=rd-home&start_from=eureka_landingpage,https://eureka.patsnap.com/share/?id=30b9dc2c56cc46b6d63dda6d2942d998&from=invite-eureakplg-result&content=,MOSFET vs Diode Rectification: Efficiency At Low Load,"[""competitor_analysis""]","[""MOSFET"", ""Diode Rectification Efficiency"", ""Low Load"", ""advanced rectification efficiency transforms"", ""efficiency transforms power conversion"", ""meet modern energy demands"", ""boost""]",本文比较MOSFET、Diode Rectification Efficiency、Low Load在性能、成本、可靠性和适用条件上的差异，并给出验证思路，为技术选型与研发决策提供参考。,innovation_product_strategy,engineering,"[""evaluate_r_and_d_directions"", ""identify_innovation_opportunities""]",2026-09-08,"[""mechanical_systems""]"
Rotary Actuator vs Induction Motor: Variable-Speed Efficiency,"请据《Rotary Actuator vs Induction Motor: Variable-Speed Efficiency》生成结构化报告。分类:competitor_analysis；对象:innovation_product_strategy；行业:engineering/mechanical_systems；任务:evaluate_r_and_d_directions,identify_innovation_opportunities；关键词:rotary actuator、motor、Induction Motor Variable-Speed Efficiency、industrial、rotary actuators。概述:本文比较rotary actuator、motor、Induction Motor Variable-Speed Efficiency在性能、成本、可靠性和适用条件上的差异，并给出验证思路，为技术选型与研发决策提供参考。须含标题、摘要、结论、背景、技术/产品/市场/IP、风险机会、可落地建议、未来研究。",https://eureka.patsnap.com/ai-search/sess_3dd85929024d45e6?from=rd-home&start_from=eureka_landingpage,https://eureka.patsnap.com/share/?id=b9066cd03fce062b73b475784484740a&from=invite-eureakplg-result&content=,Rotary Actuator vs Induction Motor: Variable-Speed Efficiency,"[""competitor_analysis""]","[""rotary actuator"", ""motor"", ""Induction Motor Variable-Speed Efficiency"", ""industrial"", ""rotary actuators"", ""induction motors evolved"", ""distinct industrial needs"", ""insights now""]",本文比较rotary actuator、motor、Induction Motor Variable-Speed Efficiency在性能、成本、可靠性和适用条件上的差异，并给出验证思路，为技术选型与研发决策提供参考。,innovation_product_strategy,engineering,"[""evaluate_r_and_d_directions"", ""identify_innovation_opportunities""]",2026-09-08,"[""mechanical_systems""]"
Factory Automation vs AMRs for Intralogistics Flexibility,"请据《Factory Automation vs AMRs for Intralogistics Flexibility》生成结构化报告。分类:competitor_analysis；对象:innovation_product_strategy；行业:engineering/manufacturing_process_engineering；任务:evaluate_r_and_d_directions,identify_innovation_opportunities；关键词:factory automation、AMRs、Intralogistics Flexibility、manufacturing、factory automation evolved。概述:本文比较factory automation、AMRs、Intralogistics Flexibility在性能、成本、可靠性和适用条件上的差异，并给出验证思路，为技术选型与研发决策提供参考。须含标题、摘要、结论、背景、技术/产品/市场/IP、风险机会、可落地建议、未来研究。",https://eureka.patsnap.com/ai-search/sess_8ca5517aa2414df9?from=rd-home&start_from=eureka_landingpage,https://eureka.patsnap.com/share/?id=a41ebc382ff46aa68589d27e06fdf5a8&from=invite-eureakplg-result&content=,Factory Automation vs AMRs for Intralogistics Flexibility,"[""competitor_analysis""]","[""factory automation"", ""AMRs"", ""Intralogistics Flexibility"", ""manufacturing"", ""factory automation evolved"", ""mechanized lines"", ""cyber-physical"", ""innovations shaping modern manufacturing""]",本文比较factory automation、AMRs、Intralogistics Flexibility在性能、成本、可靠性和适用条件上的差异，并给出验证思路，为技术选型与研发决策提供参考。,innovation_product_strategy,engineering,"[""evaluate_r_and_d_directions"", ""identify_innovation_opportunities""]",2026-09-08,"[""manufacturing_process_engineering""]"
Measure Flange Face Flatness for Reliable Gasket Seating,"请据《Measure Flange Face Flatness for Reliable Gasket Seating》生成结构化报告。分类:scout_report；对象:rd_engineer_inventor；行业:engineering/industrial_equipment；任务:find_technical_solutions,assess_technical_feasibility；关键词:flange、gasket、Flange Face Flatness、Reliable Gasket Seating、chemical。概述:本文梳理flange、gasket、Flange Face Flatness的技术原理、研究或验证方法与应用证据，并讨论性能和可行性，为研发方向选择与后续验证提供参考。须含标题、摘要、结论、背景、技术/产品/市场/IP、风险机会、可落地建议、未来研究。",https://eureka.patsnap.com/ai-search/sess_c4b9efc418894654?from=rd-home&start_from=eureka_landingpage,https://eureka.patsnap.com/share/?id=f67d8f0d20cf917c7587b690c18eba17&from=invite-eureakplg-result&content=,Measure Flange Face Flatness for Reliable Gasket Seating,"[""scout_report""]","[""flange"", ""gasket"", ""Flange Face Flatness"", ""Reliable Gasket Seating"", ""chemical"", ""piping"", ""flange connections ensure piping"", ""integrity across oil gas""]",本文梳理flange、gasket、Flange Face Flatness的技术原理、研究或验证方法与应用证据，并讨论性能和可行性，为研发方向选择与后续验证提供参考。,rd_engineer_inventor,engineering,"[""find_technical_solutions"", ""assess_technical_feasibility""]",2026-09-08,"[""industrial_equipment""]"
Hydrostatic Transmission vs CVT: Reliability in Dusty Sites,"请据《Hydrostatic Transmission vs CVT: Reliability in Dusty Sites》生成结构化报告。分类:competitor_analysis；对象:innovation_product_strategy；行业:engineering/mechanical_systems；任务:evaluate_r_and_d_directions,identify_innovation_opportunities；关键词:hydrostatic transmission、reliability、cvt、CVT Reliability、Dusty Sites。概述:本文比较hydrostatic transmission、reliability、cvt在性能、成本、可靠性和适用条件上的差异，并给出验证思路，为技术选型与研发决策提供参考。须含标题、摘要、结论、背景、技术/产品/市场/IP、风险机会、可落地建议、未来研究。",https://eureka.patsnap.com/ai-search/sess_a3006eedb84f48e3?from=rd-home&start_from=eureka_landingpage,https://eureka.patsnap.com/share/?id=fa3919276c2d132a5a415f745ef4839d&from=invite-eureakplg-result&content=,Hydrostatic Transmission vs CVT: Reliability in Dusty Sites,"[""competitor_analysis""]","[""hydrostatic transmission"", ""reliability"", ""cvt"", ""CVT Reliability"", ""Dusty Sites"", ""transmission"", ""power transfer"", ""mobile machinery""]",本文比较hydrostatic transmission、reliability、cvt在性能、成本、可靠性和适用条件上的差异，并给出验证思路，为技术选型与研发决策提供参考。,innovation_product_strategy,engineering,"[""evaluate_r_and_d_directions"", ""identify_innovation_opportunities""]",2026-09-08,"[""mechanical_systems""]"
Optimize Flange Connections for Thermal Shock,"请据《Optimize Flange Connections for Thermal Shock》生成结构化报告。分类:scout_report；对象:rd_engineer_inventor；行业:engineering/industrial_equipment；任务:find_technical_solutions,assess_technical_feasibility；关键词:flange、Flange Connections、Thermal Shock、flange connections ensure critical、integrity across petrochemical power。概述:本文梳理flange、Flange Connections、Thermal Shock的技术原理、研究或验证方法与应用证据，并讨论性能和可行性，为研发方向选择与后续验证提供参考。须含标题、摘要、结论、背景、技术/产品/市场/IP、风险机会、可落地建议、未来研究。",https://eureka.patsnap.com/ai-search/sess_e72131a7ed4f4887?from=rd-home&start_from=eureka_landingpage,https://eureka.patsnap.com/share/?id=b12e43341b66ae479a873ff0f20167b4&from=invite-eureakplg-result&content=,Optimize Flange Connections for Thermal Shock,"[""scout_report""]","[""flange"", ""Flange Connections"", ""Thermal Shock"", ""flange connections ensure critical"", ""integrity across petrochemical power"", ""power aerospace nuclear industries""]",本文梳理flange、Flange Connections、Thermal Shock的技术原理、研究或验证方法与应用证据，并讨论性能和可行性，为研发方向选择与后续验证提供参考。,rd_engineer_inventor,engineering,"[""find_technical_solutions"", ""assess_technical_feasibility""]",2026-09-08,"[""industrial_equipment""]"
Validate Factory Automation Time Synchronization,"请据《Validate Factory Automation Time Synchronization》生成结构化报告。分类:scout_report；对象:rd_engineer_inventor；行业:engineering/industrial_equipment；任务:find_technical_solutions,assess_technical_feasibility；关键词:factory automation、Factory Automation Time Synchronization、mechanical、factory automation evolved、integrated cyber-physical environments。概述:本文梳理factory automation、Factory Automation Time Synchronization、mechanical的技术原理、研究或验证方法与应用证据，并讨论性能和可行性，为研发方向选择与后续验证提供参考。须含标题、摘要、结论、背景、技术/产品/市场/IP、风险机会、可落地建议、未来研究。",https://eureka.patsnap.com/ai-search/sess_82f37170dca94440?from=rd-home&start_from=eureka_landingpage,https://eureka.patsnap.com/share/?id=3e5f7771457ee1897ce61d5b7dd8aa2f&from=invite-eureakplg-result&content=,Validate Factory Automation Time Synchronization,"[""scout_report""]","[""factory automation"", ""Factory Automation Time Synchronization"", ""mechanical"", ""factory automation evolved"", ""integrated cyber-physical environments"", ""report""]",本文梳理factory automation、Factory Automation Time Synchronization、mechanical的技术原理、研究或验证方法与应用证据，并讨论性能和可行性，为研发方向选择与后续验证提供参考。,rd_engineer_inventor,engineering,"[""find_technical_solutions"", ""assess_technical_feasibility""]",2026-09-08,"[""industrial_equipment""]"
How to Assess Flange Leakage After Hydrotesting,"请据《How to Assess Flange Leakage After Hydrotesting》生成结构化报告。分类:risk_watch；对象:rd_engineer_inventor；行业:engineering/industrial_equipment；任务:find_technical_solutions,assess_technical_feasibility；关键词:flange、Flange Leakage After Hydrotesting、piping、flange connection、pressure vessels。概述:本文分析flange、Flange Leakage After Hydrotesting、piping的失效机理、风险来源与控制方法，并给出检测或验证要点，为降低研发和应用风险提供参考。须含标题、摘要、结论、背景、技术/产品/市场/IP、风险机会、可落地建议、未来研究。",https://eureka.patsnap.com/ai-search/sess_12aa4109b29d474e?from=rd-home&start_from=eureka_landingpage,https://eureka.patsnap.com/share/?id=e53ef59f0395f38cb81116fab7f28b17&from=invite-eureakplg-result&content=,How to Assess Flange Leakage After Hydrotesting,"[""risk_watch""]","[""flange"", ""Flange Leakage After Hydrotesting"", ""piping"", ""flange connection"", ""pressure vessels"", ""across oil gas"", ""petrochemical industries""]",本文分析flange、Flange Leakage After Hydrotesting、piping的失效机理、风险来源与控制方法，并给出检测或验证要点，为降低研发和应用风险提供参考。,rd_engineer_inventor,engineering,"[""find_technical_solutions"", ""assess_technical_feasibility""]",2026-09-08,"[""industrial_equipment""]"
Flange Rating vs Temperature: Safe Operating Envelope,"请据《Flange Rating vs Temperature: Safe Operating Envelope》生成结构化报告。分类:competitor_analysis；对象:innovation_product_strategy；行业:engineering/industrial_equipment；任务:evaluate_r_and_d_directions,identify_innovation_opportunities；关键词:flange、Flange Rating、Temperature Safe Operating Envelope、chemical、piping。概述:本文比较flange、Flange Rating、Temperature Safe Operating Envelope在性能、成本、可靠性和适用条件上的差异，并给出验证思路，为技术选型与研发决策提供参考。须含标题、摘要、结论、背景、技术/产品/市场/IP、风险机会、可落地建议、未来研究。",https://eureka.patsnap.com/ai-search/sess_192f7b73dc13439f?from=rd-home&start_from=eureka_landingpage,https://eureka.patsnap.com/share/?id=2c88c3a34252310c26629f545604946c&from=invite-eureakplg-result&content=,Flange Rating vs Temperature: Safe Operating Envelope,"[""competitor_analysis""]","[""flange"", ""Flange Rating"", ""Temperature Safe Operating Envelope"", ""chemical"", ""piping"", ""critical flange connection"", ""oil gas"", ""chemical industries""]",本文比较flange、Flange Rating、Temperature Safe Operating Envelope在性能、成本、可靠性和适用条件上的差异，并给出验证思路，为技术选型与研发决策提供参考。,innovation_product_strategy,engineering,"[""evaluate_r_and_d_directions"", ""identify_innovation_opportunities""]",2026-09-08,"[""industrial_equipment""]"
How to Improve Flange Alignment in Large-Bore Piping,"请据《How to Improve Flange Alignment in Large-Bore Piping》生成结构化报告。分类:scout_report；对象:rd_engineer_inventor；行业:engineering/industrial_equipment；任务:find_technical_solutions,assess_technical_feasibility；关键词:flange、piping、Flange Alignment、Large-Bore Piping、infrastructure。概述:本文梳理flange、piping、Flange Alignment的技术原理、研究或验证方法与应用证据，并讨论性能和可行性，为研发方向选择与后续验证提供参考。须含标题、摘要、结论、背景、技术/产品/市场/IP、风险机会、可落地建议、未来研究。",https://eureka.patsnap.com/ai-search/sess_ea89704e62724cc8?from=rd-home&start_from=eureka_landingpage,https://eureka.patsnap.com/share/?id=5baf0f327fc7f846faad6c7b1d2ef2f1&from=invite-eureakplg-result&content=,How to Improve Flange Alignment in Large-Bore Piping,"[""scout_report""]","[""flange"", ""piping"", ""Flange Alignment"", ""Large-Bore Piping"", ""infrastructure"", ""critical infrastructure"", ""oil gas"", ""power generation industries""]",本文梳理flange、piping、Flange Alignment的技术原理、研究或验证方法与应用证据，并讨论性能和可行性，为研发方向选择与后续验证提供参考。,rd_engineer_inventor,engineering,"[""find_technical_solutions"", ""assess_technical_feasibility""]",2026-09-08,"[""industrial_equipment""]"
How to Quantify Hydrophobic Surface Defects in Quality Control,"请据《How to Quantify Hydrophobic Surface Defects in Quality Control》生成结构化报告。分类:risk_watch；对象:rd_engineer_inventor；行业:engineering/manufacturing_process_engineering；任务:find_technical_solutions,assess_technical_feasibility；关键词:quality control、Hydrophobic Surface Defects、Quality、manufacturing、automotive。概述:本文分析quality control、Hydrophobic Surface Defects、Quality的失效机理、风险来源与控制方法，并给出检测或验证要点，为降低研发和应用风险提供参考。须含标题、摘要、结论、背景、技术/产品/市场/IP、风险机会、可落地建议、未来研究。",https://eureka.patsnap.com/ai-search/sess_caadd132aca8417f?from=rd-home&start_from=eureka_landingpage,https://eureka.patsnap.com/share/?id=569f41944f82e493a9ba1afa7ae93d29&from=invite-eureakplg-result&content=,How to Quantify Hydrophobic Surface Defects in Quality Control,"[""risk_watch""]","[""quality control"", ""Hydrophobic Surface Defects"", ""Quality"", ""manufacturing"", ""automotive"", ""cutting-edge hydrophobic surface"", ""transforming automotive medical"", ""electronics manufacturing industries""]",本文分析quality control、Hydrophobic Surface Defects、Quality的失效机理、风险来源与控制方法，并给出检测或验证要点，为降低研发和应用风险提供参考。,rd_engineer_inventor,engineering,"[""find_technical_solutions"", ""assess_technical_feasibility""]",2026-09-08,"[""manufacturing_process_engineering""]"
How to Reduce Assembly Errors in Flanged Joints,"请据《How to Reduce Assembly Errors in Flanged Joints》生成结构化报告。分类:scout_report；对象:rd_engineer_inventor；行业:engineering/industrial_equipment；任务:find_technical_solutions,assess_technical_feasibility；关键词:Assembly Errors、Flanged Joints、flanged joints serve、essential connection elements、petrochemical power generation。概述:本文梳理Assembly Errors、Flanged Joints、flanged joints serve的技术原理、研究或验证方法与应用证据，并讨论性能和可行性，为研发方向选择与后续验证提供参考。须含标题、摘要、结论、背景、技术/产品/市场/IP、风险机会、可落地建议、未来研究。",https://eureka.patsnap.com/ai-search/sess_e68a644b00054abd?from=rd-home&start_from=eureka_landingpage,https://eureka.patsnap.com/share/?id=8138a066d474a495813a95eba49790b6&from=invite-eureakplg-result&content=,How to Reduce Assembly Errors in Flanged Joints,"[""scout_report""]","[""Assembly Errors"", ""Flanged Joints"", ""flanged joints serve"", ""essential connection elements"", ""petrochemical power generation"", ""pipeline""]",本文梳理Assembly Errors、Flanged Joints、flanged joints serve的技术原理、研究或验证方法与应用证据，并讨论性能和可行性，为研发方向选择与后续验证提供参考。,rd_engineer_inventor,engineering,"[""find_technical_solutions"", ""assess_technical_feasibility""]",2026-09-08,"[""industrial_equipment""]"
Measure Rotary Actuator Vibration for Predictive Maintenance,"请据《Measure Rotary Actuator Vibration for Predictive Maintenance》生成结构化报告。分类:scout_report；对象:rd_engineer_inventor；行业:engineering/industrial_equipment；任务:find_technical_solutions,assess_technical_feasibility；关键词:predictive maintenance、rotary actuator、vibration、Rotary Actuator Vibration、industrial。概述:本文梳理predictive maintenance、rotary actuator、vibration的技术原理、研究或验证方法与应用证据，并讨论性能和可行性，为研发方向选择与后续验证提供参考。须含标题、摘要、结论、背景、技术/产品/市场/IP、风险机会、可落地建议、未来研究。",https://eureka.patsnap.com/ai-search/sess_ba339cb904ae4df5?from=rd-home&start_from=eureka_landingpage,https://eureka.patsnap.com/share/?id=275bd3e43b2b5edaaf21dad90d5017ad&from=invite-eureakplg-result&content=,Measure Rotary Actuator Vibration for Predictive Maintenance,"[""scout_report""]","[""predictive maintenance"", ""rotary actuator"", ""vibration"", ""Rotary Actuator Vibration"", ""industrial"", ""rotary actuators drive industrial"", ""actuators drive industrial automation"", ""converting energy""]",本文梳理predictive maintenance、rotary actuator、vibration的技术原理、研究或验证方法与应用证据，并讨论性能和可行性，为研发方向选择与后续验证提供参考。,rd_engineer_inventor,engineering,"[""find_technical_solutions"", ""assess_technical_feasibility""]",2026-09-08,"[""industrial_equipment""]"
Optimize Film Casting System Solvent Blend for Drying Quality,"请据《Optimize Film Casting System Solvent Blend for Drying Quality》生成结构化报告。分类:scout_report；对象:rd_engineer_inventor；行业:engineering/manufacturing_process_engineering；任务:find_technical_solutions,assess_technical_feasibility；关键词:casting、solvent、Film Casting、Solvent Blend、Drying Quality。概述:本文梳理casting、solvent、Film Casting的技术原理、研究或验证方法与应用证据，并讨论性能和可行性，为研发方向选择与后续验证提供参考。须含标题、摘要、结论、背景、技术/产品/市场/IP、风险机会、可落地建议、未来研究。",https://eureka.patsnap.com/ai-search/sess_ef547e2b9f5b4d10?from=rd-home&start_from=eureka_landingpage,https://eureka.patsnap.com/share/?id=0a583ec780d3c53bf0aeee9257cab2f0&from=invite-eureakplg-result&content=,Optimize Film Casting System Solvent Blend for Drying Quality,"[""scout_report""]","[""casting"", ""solvent"", ""Film Casting"", ""Solvent Blend"", ""Drying Quality"", ""evolved"", ""basic"", ""advanced continuous processes since""]",本文梳理casting、solvent、Film Casting的技术原理、研究或验证方法与应用证据，并讨论性能和可行性，为研发方向选择与后续验证提供参考。,rd_engineer_inventor,engineering,"[""find_technical_solutions"", ""assess_technical_feasibility""]",2026-09-08,"[""manufacturing_process_engineering""]"
Quantify Haptic Energy Use in Mobile Devices,"请据《Quantify Haptic Energy Use in Mobile Devices》生成结构化报告。分类:scout_report；对象:rd_engineer_inventor；行业:engineering/mechanical_systems；任务:find_technical_solutions,assess_technical_feasibility；关键词:Haptic Energy、Mobile、haptic feedback evolved、basic vibrations、advanced tactile。概述:本文梳理Haptic Energy、Mobile、haptic feedback evolved的技术原理、研究或验证方法与应用证据，并讨论性能和可行性，为研发方向选择与后续验证提供参考。须含标题、摘要、结论、背景、技术/产品/市场/IP、风险机会、可落地建议、未来研究。",https://eureka.patsnap.com/ai-search/sess_4d219b44414a4921?from=rd-home&start_from=eureka_landingpage,https://eureka.patsnap.com/share/?id=4e1b4fa4be41dd4c1a08ae57c4986c66&from=invite-eureakplg-result&content=,Quantify Haptic Energy Use in Mobile Devices,"[""scout_report""]","[""Haptic Energy"", ""Mobile"", ""haptic feedback evolved"", ""basic vibrations"", ""advanced tactile"", ""innovations shaping user interaction"", ""shaping user interaction today""]",本文梳理Haptic Energy、Mobile、haptic feedback evolved的技术原理、研究或验证方法与应用证据，并讨论性能和可行性，为研发方向选择与后续验证提供参考。,rd_engineer_inventor,engineering,"[""find_technical_solutions"", ""assess_technical_feasibility""]",2026-09-08,"[""mechanical_systems""]"
Quantify Haptic Perception Under Glove Constraints,"请据《Quantify Haptic Perception Under Glove Constraints》生成结构化报告。分类:scout_report；对象:rd_engineer_inventor；行业:engineering/mechanical_systems；任务:find_technical_solutions,assess_technical_feasibility；关键词:Haptic Perception、Glove Constraints、humans、gather critical information、touch。概述:本文梳理Haptic Perception、Glove Constraints、humans的技术原理、研究或验证方法与应用证据，并讨论性能和可行性，为研发方向选择与后续验证提供参考。须含标题、摘要、结论、背景、技术/产品/市场/IP、风险机会、可落地建议、未来研究。",https://eureka.patsnap.com/ai-search/sess_fb06efe8c7e9449e?from=rd-home&start_from=eureka_landingpage,https://eureka.patsnap.com/share/?id=fb7267c1488bb952c61826bffa380fd2&from=invite-eureakplg-result&content=,Quantify Haptic Perception Under Glove Constraints,"[""scout_report""]","[""Haptic Perception"", ""Glove Constraints"", ""humans"", ""gather critical information"", ""touch"", ""report""]",本文梳理Haptic Perception、Glove Constraints、humans的技术原理、研究或验证方法与应用证据，并讨论性能和可行性，为研发方向选择与后续验证提供参考。,rd_engineer_inventor,engineering,"[""find_technical_solutions"", ""assess_technical_feasibility""]",2026-09-08,"[""mechanical_systems""]"
Quantify Scroll Compressor Start-Up Wear for Service Life,"请据《Quantify Scroll Compressor Start-Up Wear for Service Life》生成结构化报告。分类:risk_watch；对象:rd_engineer_inventor；行业:engineering/industrial_equipment；任务:find_technical_solutions,assess_technical_feasibility；关键词:compressor、Scroll Compressor Start-Up Wear、Service Life、hvac、scroll compressors dominate HVAC。概述:本文分析compressor、Scroll Compressor Start-Up Wear、Service Life的失效机理、风险来源与控制方法，并给出检测或验证要点，为降低研发和应用风险提供参考。须含标题、摘要、结论、背景、技术/产品/市场/IP、风险机会、可落地建议、未来研究。",https://eureka.patsnap.com/ai-search/sess_49fc638c39ec401d?from=rd-home&start_from=eureka_landingpage,https://eureka.patsnap.com/share/?id=32ee2776a86d042192f3dbd83f61c582&from=invite-eureakplg-result&content=,Quantify Scroll Compressor Start-Up Wear for Service Life,"[""risk_watch""]","[""compressor"", ""Scroll Compressor Start-Up Wear"", ""Service Life"", ""hvac"", ""scroll compressors dominate HVAC"", ""refrigeration"", ""superior efficiency"", ""quiet operation""]",本文分析compressor、Scroll Compressor Start-Up Wear、Service Life的失效机理、风险来源与控制方法，并给出检测或验证要点，为降低研发和应用风险提供参考。,rd_engineer_inventor,engineering,"[""find_technical_solutions"", ""assess_technical_feasibility""]",2026-09-08,"[""industrial_equipment""]"
Validate Hydrostatic Transmission Efficiency Claims with Duty Cycles,"请据《Validate Hydrostatic Transmission Efficiency Claims with Duty Cycles》生成结构化报告。分类:scout_report；对象:rd_engineer_inventor；行业:engineering/mechanical_systems；任务:find_technical_solutions,assess_technical_feasibility；关键词:hydrostatic transmission、Hydrostatic Transmission Efficiency Claims、Duty Cycles、hydrostatic transmissions revolutionize mobile、revolutionize mobile machinery power。概述:本文梳理hydrostatic transmission、Hydrostatic Transmission Efficiency Claims、Duty Cycles的技术原理、研究或验证方法与应用证据，并讨论性能和可行性，为研发方向选择与后续验证提供参考。须含标题、摘要、结论、背景、技术/产品/市场/IP、风险机会、可落地建议、未来研究。",https://eureka.patsnap.com/ai-search/sess_844926d82bf3457f?from=rd-home&start_from=eureka_landingpage,https://eureka.patsnap.com/share/?id=d3294b6349546ea835cdf038bc82cd04&from=invite-eureakplg-result&content=,Validate Hydrostatic Transmission Efficiency Claims with Duty Cycles,"[""scout_report""]","[""hydrostatic transmission"", ""Hydrostatic Transmission Efficiency Claims"", ""Duty Cycles"", ""hydrostatic transmissions revolutionize mobile"", ""revolutionize mobile machinery power"", ""since"", ""1960s"", ""critical insights now""]",本文梳理hydrostatic transmission、Hydrostatic Transmission Efficiency Claims、Duty Cycles的技术原理、研究或验证方法与应用证据，并讨论性能和可行性，为研发方向选择与后续验证提供参考。,rd_engineer_inventor,engineering,"[""find_technical_solutions"", ""assess_technical_feasibility""]",2026-09-08,"[""mechanical_systems""]"
Blind vs Spectacle Flanges: Isolation Reliability,"请据《Blind vs Spectacle Flanges: Isolation Reliability》生成结构化报告。分类:competitor_analysis；对象:innovation_product_strategy；行业:engineering/industrial_equipment；任务:evaluate_r_and_d_directions,identify_innovation_opportunities；关键词:reliability、Blind、Spectacle Flanges Isolation Reliability、flange、flange isolation。概述:本文比较reliability、Blind、Spectacle Flanges Isolation Reliability在性能、成本、可靠性和适用条件上的差异，并给出验证思路，为技术选型与研发决策提供参考。须含标题、摘要、结论、背景、技术/产品/市场/IP、风险机会、可落地建议、未来研究。",https://eureka.patsnap.com/ai-search/sess_c80399051d95433c?from=rd-home&start_from=eureka_landingpage,https://eureka.patsnap.com/share/?id=8a2b727139acbb864b80ef33990a3fc7&from=invite-eureakplg-result&content=,Blind vs Spectacle Flanges: Isolation Reliability,"[""competitor_analysis""]","[""reliability"", ""Blind"", ""Spectacle Flanges Isolation Reliability"", ""flange"", ""flange isolation"", ""revolutionizes pipeline safety across"", ""safety across oil gas"", ""petrochemical industries""]",本文比较reliability、Blind、Spectacle Flanges Isolation Reliability在性能、成本、可靠性和适用条件上的差异，并给出验证思路，为技术选型与研发决策提供参考。,innovation_product_strategy,engineering,"[""evaluate_r_and_d_directions"", ""identify_innovation_opportunities""]",2026-09-08,"[""industrial_equipment""]"
Copper Oxide vs WO3: Response Speed in Gas Sensors,"请据《Copper Oxide vs WO3: Response Speed in Gas Sensors》生成结构化报告。分类:competitor_analysis；对象:innovation_product_strategy；行业:engineering/mechanical_systems；任务:evaluate_r_and_d_directions,identify_innovation_opportunities；关键词:Copper Oxide、WO3 Response Speed、Gas Sensors、WO3、industrial。概述:本文比较Copper Oxide、WO3 Response Speed、Gas Sensors在性能、成本、可靠性和适用条件上的差异，并给出验证思路，为技术选型与研发决策提供参考。须含标题、摘要、结论、背景、技术/产品/市场/IP、风险机会、可落地建议、未来研究。",https://eureka.patsnap.com/ai-search/sess_3f105f99ccb94da4?from=rd-home&start_from=eureka_landingpage,https://eureka.patsnap.com/share/?id=f790570605bbc46e7b4bf8d9e5dd70ea&from=invite-eureakplg-result&content=,Copper Oxide vs WO3: Response Speed in Gas Sensors,"[""competitor_analysis""]","[""Copper Oxide"", ""WO3 Response Speed"", ""Gas Sensors"", ""WO3"", ""industrial"", ""gas sensors revolutionize environmental"", ""environmental monitoring industrial safety"", ""smart homes""]",本文比较Copper Oxide、WO3 Response Speed、Gas Sensors在性能、成本、可靠性和适用条件上的差异，并给出验证思路，为技术选型与研发决策提供参考。,innovation_product_strategy,engineering,"[""evaluate_r_and_d_directions"", ""identify_innovation_opportunities""]",2026-09-08,"[""mechanical_systems""]"
How to Evaluate Flange Seals for Cryogenic Cycling,"请据《How to Evaluate Flange Seals for Cryogenic Cycling》生成结构化报告。分类:scout_report；对象:rd_engineer_inventor；行业:engineering/industrial_equipment；任务:find_technical_solutions,assess_technical_feasibility；关键词:flange、Evaluate Flange Seals、Cryogenic Cycling、critical cryogenic flange seal、extreme low-temperature。概述:本文梳理flange、Evaluate Flange Seals、Cryogenic Cycling的技术原理、研究或验证方法与应用证据，并讨论性能和可行性，为研发方向选择与后续验证提供参考。须含标题、摘要、结论、背景、技术/产品/市场/IP、风险机会、可落地建议、未来研究。",https://eureka.patsnap.com/ai-search/sess_25ba68a1e6d34804?from=rd-home&start_from=eureka_landingpage,https://eureka.patsnap.com/share/?id=453f57cb00eef77fda6abfdbd28766f5&from=invite-eureakplg-result&content=,How to Evaluate Flange Seals for Cryogenic Cycling,"[""scout_report""]","[""flange"", ""Evaluate Flange Seals"", ""Cryogenic Cycling"", ""critical cryogenic flange seal"", ""extreme low-temperature"", ""below 150 C where"", ""where standard seals fail""]",本文梳理flange、Evaluate Flange Seals、Cryogenic Cycling的技术原理、研究或验证方法与应用证据，并讨论性能和可行性，为研发方向选择与后续验证提供参考。,rd_engineer_inventor,engineering,"[""find_technical_solutions"", ""assess_technical_feasibility""]",2026-09-08,"[""industrial_equipment""]"
Quantify Factory Automation Spare Capacity for Growth,"请据《Quantify Factory Automation Spare Capacity for Growth》生成结构化报告。分类:scout_report；对象:rd_engineer_inventor；行业:engineering/industrial_equipment；任务:find_technical_solutions,assess_technical_feasibility；关键词:factory automation、Factory Automation Spare Capacity、Growth、mechanical、factory automation evolved。概述:本文梳理factory automation、Factory Automation Spare Capacity、Growth的技术原理、研究或验证方法与应用证据，并讨论性能和可行性，为研发方向选择与后续验证提供参考。须含标题、摘要、结论、背景、技术/产品/市场/IP、风险机会、可落地建议、未来研究。",https://eureka.patsnap.com/ai-search/sess_6d377051009744e0?from=rd-home&start_from=eureka_landingpage,https://eureka.patsnap.com/share/?id=09ea76304db4807a39f93a0ac1f29d88&from=invite-eureakplg-result&content=,Quantify Factory Automation Spare Capacity for Growth,"[""scout_report""]","[""factory automation"", ""Factory Automation Spare Capacity"", ""Growth"", ""mechanical"", ""factory automation evolved"", ""cyber-physical environments"", ""insights now""]",本文梳理factory automation、Factory Automation Spare Capacity、Growth的技术原理、研究或验证方法与应用证据，并讨论性能和可行性，为研发方向选择与后续验证提供参考。,rd_engineer_inventor,engineering,"[""find_technical_solutions"", ""assess_technical_feasibility""]",2026-09-08,"[""industrial_equipment""]"
Spiral-Wound vs Kammprofile Gaskets for Flange Sealing,"请据《Spiral-Wound vs Kammprofile Gaskets for Flange Sealing》生成结构化报告。分类:competitor_analysis；对象:innovation_product_strategy；行业:engineering/industrial_equipment；任务:evaluate_r_and_d_directions,identify_innovation_opportunities；关键词:flange、Spiral-Wound、Kammprofile Gaskets、Flange Sealing、industrial。概述:本文比较flange、Spiral-Wound、Kammprofile Gaskets在性能、成本、可靠性和适用条件上的差异，并给出验证思路，为技术选型与研发决策提供参考。须含标题、摘要、结论、背景、技术/产品/市场/IP、风险机会、可落地建议、未来研究。",https://eureka.patsnap.com/ai-search/sess_c7bd418c119c4821?from=rd-home&start_from=eureka_landingpage,https://eureka.patsnap.com/share/?id=9488b8a120e1dc7c85b8af50d1bf7897&from=invite-eureakplg-result&content=,Spiral-Wound vs Kammprofile Gaskets for Flange Sealing,"[""competitor_analysis""]","[""flange"", ""Spiral-Wound"", ""Kammprofile Gaskets"", ""Flange Sealing"", ""industrial"", ""evolution"", ""critical"", ""modern industrial""]",本文比较flange、Spiral-Wound、Kammprofile Gaskets在性能、成本、可靠性和适用条件上的差异，并给出验证思路，为技术选型与研发决策提供参考。,innovation_product_strategy,engineering,"[""evaluate_r_and_d_directions"", ""identify_innovation_opportunities""]",2026-09-08,"[""industrial_equipment""]"
Tactile Displays vs Haptic Gloves: Training Scalability,"请据《Tactile Displays vs Haptic Gloves: Training Scalability》生成结构化报告。分类:competitor_analysis；对象:innovation_product_strategy；行业:engineering/mechanical_systems；任务:evaluate_r_and_d_directions,identify_innovation_opportunities；关键词:tactile displays、haptic gloves、Haptic Gloves Training Scalability、haptic、evolved。概述:本文比较tactile displays、haptic gloves、Haptic Gloves Training Scalability在性能、成本、可靠性和适用条件上的差异，并给出验证思路，为技术选型与研发决策提供参考。须含标题、摘要、结论、背景、技术/产品/市场/IP、风险机会、可落地建议、未来研究。",https://eureka.patsnap.com/ai-search/sess_ebe04ce85913438b?from=rd-home&start_from=eureka_landingpage,https://eureka.patsnap.com/share/?id=7499d27ebcc1728cd0f45c196158dbfb&from=invite-eureakplg-result&content=,Tactile Displays vs Haptic Gloves: Training Scalability,"[""competitor_analysis""]","[""tactile displays"", ""haptic gloves"", ""Haptic Gloves Training Scalability"", ""haptic"", ""evolved"", ""basic vibrations"", ""advanced tactile"", ""over 20 years""]",本文比较tactile displays、haptic gloves、Haptic Gloves Training Scalability在性能、成本、可靠性和适用条件上的差异，并给出验证思路，为技术选型与研发决策提供参考。,innovation_product_strategy,engineering,"[""evaluate_r_and_d_directions"", ""identify_innovation_opportunities""]",2026-09-08,"[""mechanical_systems""]"
Validate Factory Automation Robots for Collaborative Workcells,"请据《Validate Factory Automation Robots for Collaborative Workcells》生成结构化报告。分类:scout_report；对象:rd_engineer_inventor；行业:engineering/manufacturing_process_engineering；任务:find_technical_solutions,assess_technical_feasibility；关键词:collaborative workcells、factory automation、Factory Automation Robots、manufacturing、collaborative robots revolutionize factory。概述:本文梳理collaborative workcells、factory automation、Factory Automation Robots的技术原理、研究或验证方法与应用证据，并讨论性能和可行性，为研发方向选择与后续验证提供参考。须含标题、摘要、结论、背景、技术/产品/市场/IP、风险机会、可落地建议、未来研究。",https://eureka.patsnap.com/ai-search/sess_873114505e984b4c?from=rd-home&start_from=eureka_landingpage,https://eureka.patsnap.com/share/?id=01b0c5c338121d11bdc5035d0daed291&from=invite-eureakplg-result&content=,Validate Factory Automation Robots for Collaborative Workcells,"[""scout_report""]","[""collaborative workcells"", ""factory automation"", ""Factory Automation Robots"", ""manufacturing"", ""collaborative robots revolutionize factory"", ""robots revolutionize factory automation"", ""transform modern manufacturing processes""]",本文梳理collaborative workcells、factory automation、Factory Automation Robots的技术原理、研究或验证方法与应用证据，并讨论性能和可行性，为研发方向选择与后续验证提供参考。,rd_engineer_inventor,engineering,"[""find_technical_solutions"", ""assess_technical_feasibility""]",2026-09-08,"[""manufacturing_process_engineering""]"
ASME vs EN Flanges: Pressure Rating Selection,"请据《ASME vs EN Flanges: Pressure Rating Selection》生成结构化报告。分类:competitor_analysis；对象:innovation_product_strategy；行业:engineering/industrial_equipment；任务:evaluate_r_and_d_directions,identify_innovation_opportunities；关键词:ASME、EN Flanges Pressure Rating、Flanges Pressure Rating Selection、EN、chemical。概述:本文比较ASME、EN Flanges Pressure Rating、Flanges Pressure Rating Selection在性能、成本、可靠性和适用条件上的差异，并给出验证思路，为技术选型与研发决策提供参考。须含标题、摘要、结论、背景、技术/产品/市场/IP、风险机会、可落地建议、未来研究。",https://eureka.patsnap.com/ai-search/sess_51f37fc536564727?from=rd-home&start_from=eureka_landingpage,https://eureka.patsnap.com/share/?id=f68aff266caeb37b62e1bb16c04b55f1&from=invite-eureakplg-result&content=,ASME vs EN Flanges: Pressure Rating Selection,"[""competitor_analysis""]","[""ASME"", ""EN Flanges Pressure Rating"", ""Flanges Pressure Rating Selection"", ""EN"", ""chemical"", ""flange"", ""piping"", ""flange connections""]",本文比较ASME、EN Flanges Pressure Rating、Flanges Pressure Rating Selection在性能、成本、可靠性和适用条件上的差异，并给出验证思路，为技术选型与研发决策提供参考。,innovation_product_strategy,engineering,"[""evaluate_r_and_d_directions"", ""identify_innovation_opportunities""]",2026-09-08,"[""industrial_equipment""]"
Brake Shoe Linings vs Disc Pads: Thermal Recovery in Fleets,"请据《Brake Shoe Linings vs Disc Pads: Thermal Recovery in Fleets》生成结构化报告。分类:competitor_analysis；对象:innovation_product_strategy；行业:engineering/mechanical_systems；任务:evaluate_r_and_d_directions,identify_innovation_opportunities；关键词:Brake Shoe Linings、Disc Pads Thermal Recovery、Fleets、commercial fleets、capture。概述:本文比较Brake Shoe Linings、Disc Pads Thermal Recovery、Fleets在性能、成本、可靠性和适用条件上的差异，并给出验证思路，为技术选型与研发决策提供参考。须含标题、摘要、结论、背景、技术/产品/市场/IP、风险机会、可落地建议、未来研究。",https://eureka.patsnap.com/ai-search/sess_ae9ef2b0665e4215?from=rd-home&start_from=eureka_landingpage,https://eureka.patsnap.com/share/?id=0eef924c173216622667095ce8d85182&from=invite-eureakplg-result&content=,Brake Shoe Linings vs Disc Pads: Thermal Recovery in Fleets,"[""competitor_analysis""]","[""Brake Shoe Linings"", ""Disc Pads Thermal Recovery"", ""Fleets"", ""commercial fleets"", ""capture"", ""reuse braking thermal energy"", ""boost efficiency"", ""cut costs""]",本文比较Brake Shoe Linings、Disc Pads Thermal Recovery、Fleets在性能、成本、可靠性和适用条件上的差异，并给出验证思路，为技术选型与研发决策提供参考。,innovation_product_strategy,engineering,"[""evaluate_r_and_d_directions"", ""identify_innovation_opportunities""]",2026-09-08,"[""mechanical_systems""]"
Design for Manufacturing vs Forging Design: Material Yield,"请据《Design for Manufacturing vs Forging Design: Material Yield》生成结构化报告。分类:competitor_analysis；对象:innovation_product_strategy；行业:engineering/manufacturing_process_engineering；任务:evaluate_r_and_d_directions,identify_innovation_opportunities；关键词:manufacturing、Forging、Material Yield、metal、Manufacturing optimizes metal forming。概述:本文比较manufacturing、Forging、Material Yield在性能、成本、可靠性和适用条件上的差异，并给出验证思路，为技术选型与研发决策提供参考。须含标题、摘要、结论、背景、技术/产品/市场/IP、风险机会、可落地建议、未来研究。",https://eureka.patsnap.com/ai-search/sess_a61a161162f740ac?from=rd-home&start_from=eureka_landingpage,https://eureka.patsnap.com/share/?id=e907e5e670c8845005d2d1bc8961ca3f&from=invite-eureakplg-result&content=,Design for Manufacturing vs Forging Design: Material Yield,"[""competitor_analysis""]","[""manufacturing"", ""Forging"", ""Material Yield"", ""metal"", ""Manufacturing optimizes metal forming"", ""optimizes metal forming processes"", ""boost efficiency"", ""material utilization""]",本文比较manufacturing、Forging、Material Yield在性能、成本、可靠性和适用条件上的差异，并给出验证思路，为技术选型与研发决策提供参考。,innovation_product_strategy,engineering,"[""evaluate_r_and_d_directions"", ""identify_innovation_opportunities""]",2026-09-08,"[""manufacturing_process_engineering""]"
Factory Automation vs Fixed Automation for High Mix,"请据《Factory Automation vs Fixed Automation for High Mix》生成结构化报告。分类:competitor_analysis；对象:innovation_product_strategy；行业:engineering/manufacturing_process_engineering；任务:evaluate_r_and_d_directions,identify_innovation_opportunities；关键词:factory automation、Fixed Automation、High Mix、manufacturing、manufacturing evolved。概述:本文比较factory automation、Fixed Automation、High Mix在性能、成本、可靠性和适用条件上的差异，并给出验证思路，为技术选型与研发决策提供参考。须含标题、摘要、结论、背景、技术/产品/市场/IP、风险机会、可落地建议、未来研究。",https://eureka.patsnap.com/ai-search/sess_9724c392b2644b6a?from=rd-home&start_from=eureka_landingpage,https://eureka.patsnap.com/share/?id=afb4cc3c373626137db9e785f964b03b&from=invite-eureakplg-result&content=,Factory Automation vs Fixed Automation for High Mix,"[""competitor_analysis""]","[""factory automation"", ""Fixed Automation"", ""High Mix"", ""manufacturing"", ""manufacturing evolved"", ""market demands"", ""tech advances transforming traditional"", ""advances transforming traditional production""]",本文比较factory automation、Fixed Automation、High Mix在性能、成本、可靠性和适用条件上的差异，并给出验证思路，为技术选型与研发决策提供参考。,innovation_product_strategy,engineering,"[""evaluate_r_and_d_directions"", ""identify_innovation_opportunities""]",2026-09-08,"[""manufacturing_process_engineering""]"
Flange Bolt Torque vs Lubrication: Preload Control,"请据《Flange Bolt Torque vs Lubrication: Preload Control》生成结构化报告。分类:competitor_analysis；对象:innovation_product_strategy；行业:engineering/industrial_equipment；任务:evaluate_r_and_d_directions,identify_innovation_opportunities；关键词:flange、Flange Bolt Torque、Lubrication Preload、industrial、critical flange bolted joint。概述:本文比较flange、Flange Bolt Torque、Lubrication Preload在性能、成本、可靠性和适用条件上的差异，并给出验证思路，为技术选型与研发决策提供参考。须含标题、摘要、结论、背景、技术/产品/市场/IP、风险机会、可落地建议、未来研究。",https://eureka.patsnap.com/ai-search/sess_93cb5289e7234e44?from=rd-home&start_from=eureka_landingpage,https://eureka.patsnap.com/share/?id=6379424928e3daf328c382b984cbd082&from=invite-eureakplg-result&content=,Flange Bolt Torque vs Lubrication: Preload Control,"[""competitor_analysis""]","[""flange"", ""Flange Bolt Torque"", ""Lubrication Preload"", ""industrial"", ""critical flange bolted joint"", ""principles"", ""aerospace"", ""preload optimization""]",本文比较flange、Flange Bolt Torque、Lubrication Preload在性能、成本、可靠性和适用条件上的差异，并给出验证思路，为技术选型与研发决策提供参考。,innovation_product_strategy,engineering,"[""evaluate_r_and_d_directions"", ""identify_innovation_opportunities""]",2026-09-08,"[""industrial_equipment""]"
How to Control Resins Ionic Contamination for Quantum Computing Packaging,"请据《How to Control Resins Ionic Contamination for Quantum Computing Packaging》生成结构化报告。分类:scout_report；对象:rd_engineer_inventor；行业:materials/polymers_and_resins；任务:find_technical_solutions,explore_existing_technologies；关键词:quantum computing packaging、Resins Ionic Contamination、risk controls、resins、technical validation。概述:本文梳理quantum computing packaging、Resins Ionic Contamination、risk controls的技术原理、研究或验证方法与应用证据，并讨论性能和可行性，为研发方向选择与后续验证提供参考。须含标题、摘要、结论、背景、技术/产品/市场/IP、风险机会、可落地建议、未来研究。",https://eureka.patsnap.com/ai-search/sess_5c9e29ec86094632?from=rd-home&start_from=eureka_landingpage,https://eureka.patsnap.com/share/?id=35fd38e1ee72848945ab198ce9d887a2&from=invite-eureakplg-result&content=,How to Control Resins Ionic Contamination for Quantum Computing Packaging,"[""scout_report""]","[""quantum computing packaging"", ""Resins Ionic Contamination"", ""risk controls"", ""resins"", ""technical validation""]",本文梳理quantum computing packaging、Resins Ionic Contamination、risk controls的技术原理、研究或验证方法与应用证据，并讨论性能和可行性，为研发方向选择与后续验证提供参考。,rd_engineer_inventor,materials,"[""find_technical_solutions"", ""explore_existing_technologies""]",2026-09-08,"[""polymers_and_resins""]"
How to Reduce Thermal Shock Failure in Glass Components,"请据《How to Reduce Thermal Shock Failure in Glass Components》生成结构化报告。分类:risk_watch；对象:rd_engineer_inventor；行业:materials/advanced_materials；任务:find_technical_solutions,assess_technical_feasibility；关键词:glass、Thermal Shock Failure、Glass Components、risk controls、technical validation。概述:本文分析glass、Thermal Shock Failure、Glass Components的失效机理、风险来源与控制方法，并给出检测或验证要点，为降低研发和应用风险提供参考。须含标题、摘要、结论、背景、技术/产品/市场/IP、风险机会、可落地建议、未来研究。",https://eureka.patsnap.com/ai-search/sess_5e64259095344e52?from=rd-home&start_from=eureka_landingpage,https://eureka.patsnap.com/share/?id=dedc395331846979018c906c67e67c0f&from=invite-eureakplg-result&content=,How to Reduce Thermal Shock Failure in Glass Components,"[""risk_watch""]","[""glass"", ""Thermal Shock Failure"", ""Glass Components"", ""risk controls"", ""technical validation""]",本文分析glass、Thermal Shock Failure、Glass Components的失效机理、风险来源与控制方法，并给出检测或验证要点，为降低研发和应用风险提供参考。,rd_engineer_inventor,materials,"[""find_technical_solutions"", ""assess_technical_feasibility""]",2026-09-08,"[""advanced_materials""]"
New Energy Vehicles Permanent Magnet Motor Demagnetization Risk Assessment,"请据《New Energy Vehicles Permanent Magnet Motor Demagnetization Risk Assessment》生成结构化报告。分类:risk_watch；对象:rd_engineer_inventor；行业:materials/metals_and_alloys；任务:find_technical_solutions,assess_technical_feasibility；关键词:magnet、motor、Energy Vehicles Permanent Magnet、Motor Demagnetization Risk Assessment、high-load operation。概述:本文分析magnet、motor、Energy Vehicles Permanent Magnet的失效机理、风险来源与控制方法，并给出检测或验证要点，为降低研发和应用风险提供参考。须含标题、摘要、结论、背景、技术/产品/市场/IP、风险机会、可落地建议、未来研究。",https://eureka.patsnap.com/ai-search/sess_b7ac40e9390b41d2?from=rd-home&start_from=eureka_landingpage,https://eureka.patsnap.com/share/?id=f7bdb7cdf958d4efe89ab48e9557a426&from=invite-eureakplg-result&content=,New Energy Vehicles Permanent Magnet Motor Demagnetization Risk Assessment,"[""risk_watch""]","[""magnet"", ""motor"", ""Energy Vehicles Permanent Magnet"", ""Motor Demagnetization Risk Assessment"", ""high-load operation"", ""stator winding generates harmful"", ""winding generates harmful heating"", ""elevates permanent magnet temperature""]",本文分析magnet、motor、Energy Vehicles Permanent Magnet的失效机理、风险来源与控制方法，并给出检测或验证要点，为降低研发和应用风险提供参考。,rd_engineer_inventor,materials,"[""find_technical_solutions"", ""assess_technical_feasibility""]",2026-09-08,"[""metals_and_alloys""]"
Glass Melt Homogenization for Optical Fiber Preform Quality,"请据《Glass Melt Homogenization for Optical Fiber Preform Quality》生成结构化报告。分类:scout_report；对象:rd_engineer_inventor；行业:materials/polymers_and_resins；任务:find_technical_solutions,explore_existing_technologies；关键词:optical fiber、glass、Glass Melt Homogenization、Optical Fiber Preform Quality、glass melt exhibits insufficient。概述:本文梳理optical fiber、glass、Glass Melt Homogenization的技术原理、研究或验证方法与应用证据，并讨论性能和可行性，为研发方向选择与后续验证提供参考。须含标题、摘要、结论、背景、技术/产品/市场/IP、风险机会、可落地建议、未来研究。",https://eureka.patsnap.com/ai-search/sess_5fabed3e868046ac?from=rd-home&start_from=eureka_landingpage,https://eureka.patsnap.com/share/?id=aa7e68c6ca22d4b719fb9eeee8871e28&from=invite-eureakplg-result&content=,Glass Melt Homogenization for Optical Fiber Preform Quality,"[""scout_report""]","[""optical fiber"", ""glass"", ""Glass Melt Homogenization"", ""Optical Fiber Preform Quality"", ""glass melt exhibits insufficient"", ""insufficient homogenization function failing"", ""achieve uniform temperature"", ""compositional distribution throughout""]",本文梳理optical fiber、glass、Glass Melt Homogenization的技术原理、研究或验证方法与应用证据，并讨论性能和可行性，为研发方向选择与后续验证提供参考。,rd_engineer_inventor,materials,"[""find_technical_solutions"", ""explore_existing_technologies""]",2026-09-08,"[""polymers_and_resins""]"
How to Prevent Reboil Defects in Glass Container Production,"请据《How to Prevent Reboil Defects in Glass Container Production》生成结构化报告。分类:risk_watch；对象:rd_engineer_inventor；行业:materials/advanced_materials；任务:find_technical_solutions,assess_technical_feasibility；关键词:glass、Reboil Defects、Glass Container Production、risk controls、technical validation。概述:本文分析glass、Reboil Defects、Glass Container Production的失效机理、风险来源与控制方法，并给出检测或验证要点，为降低研发和应用风险提供参考。须含标题、摘要、结论、背景、技术/产品/市场/IP、风险机会、可落地建议、未来研究。",https://eureka.patsnap.com/ai-search/sess_0e23c4eb24b04563?from=rd-home&start_from=eureka_landingpage,https://eureka.patsnap.com/share/?id=ffe01f30276251df40728cf60d86bc0f&from=invite-eureakplg-result&content=,How to Prevent Reboil Defects in Glass Container Production,"[""risk_watch""]","[""glass"", ""Reboil Defects"", ""Glass Container Production"", ""risk controls"", ""technical validation""]",本文分析glass、Reboil Defects、Glass Container Production的失效机理、风险来源与控制方法，并给出检测或验证要点，为降低研发和应用风险提供参考。,rd_engineer_inventor,materials,"[""find_technical_solutions"", ""assess_technical_feasibility""]",2026-09-08,"[""advanced_materials""]"
Textile Warp Tension Control for Weaving Defect Prevention,"请据《Textile Warp Tension Control for Weaving Defect Prevention》生成结构化报告。分类:risk_watch；对象:rd_engineer_inventor；行业:materials/polymers_and_resins；任务:find_technical_solutions,assess_technical_feasibility；关键词:textile、Textile Warp Tension、Weaving Defect Prevention、tension、mechanism insufficiently regulates warp。概述:本文分析textile、Textile Warp Tension、Weaving Defect Prevention的失效机理、风险来源与控制方法，并给出检测或验证要点，为降低研发和应用风险提供参考。须含标题、摘要、结论、背景、技术/产品/市场/IP、风险机会、可落地建议、未来研究。",https://eureka.patsnap.com/ai-search/sess_a06dc0ac1fb7476c?from=rd-home&start_from=eureka_landingpage,https://eureka.patsnap.com/share/?id=9ad60a83b666fe51a44415c9cbd49d0e&from=invite-eureakplg-result&content=,Textile Warp Tension Control for Weaving Defect Prevention,"[""risk_watch""]","[""textile"", ""Textile Warp Tension"", ""Weaving Defect Prevention"", ""tension"", ""mechanism insufficiently regulates warp"", ""allowing harmful tension variations"", ""weaving excessive tension creates"", ""harmful""]",本文分析textile、Textile Warp Tension、Weaving Defect Prevention的失效机理、风险来源与控制方法，并给出检测或验证要点，为降低研发和应用风险提供参考。,rd_engineer_inventor,materials,"[""find_technical_solutions"", ""assess_technical_feasibility""]",2026-09-08,"[""polymers_and_resins""]"
Conductive Adhesive vs Thermal Paste for Electronics,"请据《Conductive Adhesive vs Thermal Paste for Electronics》生成结构化报告。分类:opportunity_brief；对象:innovation_product_strategy；行业:materials/polymers_and_resins；任务:evaluate_r_and_d_directions,identify_innovation_opportunities；关键词:adhesive、Conductive Adhesive、Thermal Paste、Electronics、risk controls。概述:本文比较adhesive、Conductive Adhesive、Thermal Paste在性能、成本、可靠性和适用条件上的差异，并给出验证思路，为技术选型与研发决策提供参考。须含标题、摘要、结论、背景、技术/产品/市场/IP、风险机会、可落地建议、未来研究。",https://eureka.patsnap.com/ai-search/sess_8b54227146c04fab?from=rd-home&start_from=eureka_landingpage,https://eureka.patsnap.com/share/?id=817ec0ba8275b422bf9c2dd8f5a81311&from=invite-eureakplg-result&content=,Conductive Adhesive vs Thermal Paste for Electronics,"[""opportunity_brief""]","[""adhesive"", ""Conductive Adhesive"", ""Thermal Paste"", ""Electronics"", ""risk controls""]",本文比较adhesive、Conductive Adhesive、Thermal Paste在性能、成本、可靠性和适用条件上的差异，并给出验证思路，为技术选型与研发决策提供参考。,innovation_product_strategy,materials,"[""evaluate_r_and_d_directions"", ""identify_innovation_opportunities""]",2026-09-08,"[""polymers_and_resins""]"
How to Measure Coatings Dielectric Breakdown Voltage,"请据《How to Measure Coatings Dielectric Breakdown Voltage》生成结构化报告。分类:scout_report；对象:rd_engineer_inventor；行业:materials/coatings_and_surfaces；任务:find_technical_solutions,explore_existing_technologies；关键词:dielectric breakdown、Coatings Dielectric Breakdown Voltage、electrode、coating、testing electrode structure insufficiently。概述:本文梳理dielectric breakdown、Coatings Dielectric Breakdown Voltage、electrode的技术原理、研究或验证方法与应用证据，并讨论性能和可行性，为研发方向选择与后续验证提供参考。须含标题、摘要、结论、背景、技术/产品/市场/IP、风险机会、可落地建议、未来研究。",https://eureka.patsnap.com/ai-search/sess_df05708c49ea4d78?from=rd-home&start_from=eureka_landingpage,https://eureka.patsnap.com/share/?id=dbafd349368b02aae9fd6d902e85fd37&from=invite-eureakplg-result&content=,How to Measure Coatings Dielectric Breakdown Voltage,"[""scout_report""]","[""dielectric breakdown"", ""Coatings Dielectric Breakdown Voltage"", ""electrode"", ""coating"", ""testing electrode structure insufficiently"", ""electrode structure insufficiently distributes"", ""electric field uniformly across"", ""coating specimen causing localized""]",本文梳理dielectric breakdown、Coatings Dielectric Breakdown Voltage、electrode的技术原理、研究或验证方法与应用证据，并讨论性能和可行性，为研发方向选择与后续验证提供参考。,rd_engineer_inventor,materials,"[""find_technical_solutions"", ""explore_existing_technologies""]",2026-09-08,"[""coatings_and_surfaces""]"
How to Reduce Bubble Defects in Glass Casting Operations,"请据《How to Reduce Bubble Defects in Glass Casting Operations》生成结构化报告。分类:risk_watch；对象:rd_engineer_inventor；行业:materials/advanced_materials；任务:find_technical_solutions,assess_technical_feasibility；关键词:casting、glass、Bubble Defects、Glass Casting Operations、risk controls。概述:本文分析casting、glass、Bubble Defects的失效机理、风险来源与控制方法，并给出检测或验证要点，为降低研发和应用风险提供参考。须含标题、摘要、结论、背景、技术/产品/市场/IP、风险机会、可落地建议、未来研究。",https://eureka.patsnap.com/ai-search/sess_eeeb85f347e3475a?from=rd-home&start_from=eureka_landingpage,https://eureka.patsnap.com/share/?id=ac37374a724cca261307c9e2d3a6270c&from=invite-eureakplg-result&content=,How to Reduce Bubble Defects in Glass Casting Operations,"[""risk_watch""]","[""casting"", ""glass"", ""Bubble Defects"", ""Glass Casting Operations"", ""risk controls""]",本文分析casting、glass、Bubble Defects的失效机理、风险来源与控制方法，并给出检测或验证要点，为降低研发和应用风险提供参考。,rd_engineer_inventor,materials,"[""find_technical_solutions"", ""assess_technical_feasibility""]",2026-09-08,"[""advanced_materials""]"
How to Reduce Polymer Mold Fouling in Injection Molding,"请据《How to Reduce Polymer Mold Fouling in Injection Molding》生成结构化报告。分类:risk_watch；对象:rd_engineer_inventor；行业:materials/coatings_and_surfaces；任务:find_technical_solutions,assess_technical_feasibility；关键词:polymer、Polymer Mold Fouling、Injection Molding、injection molding cycles polymer、cycles polymer components deposit。概述:本文分析polymer、Polymer Mold Fouling、Injection Molding的失效机理、风险来源与控制方法，并给出检测或验证要点，为降低研发和应用风险提供参考。须含标题、摘要、结论、背景、技术/产品/市场/IP、风险机会、可落地建议、未来研究。",https://eureka.patsnap.com/ai-search/sess_6435c0040039452d?from=rd-home&start_from=eureka_landingpage,https://eureka.patsnap.com/share/?id=c53f93d1eff70593a7a5cd35feaac2ff&from=invite-eureakplg-result&content=,How to Reduce Polymer Mold Fouling in Injection Molding,"[""risk_watch""]","[""polymer"", ""Polymer Mold Fouling"", ""Injection Molding"", ""injection molding cycles polymer"", ""cycles polymer components deposit"", ""accumulate"", ""mold cavity surface forming"", ""fouling layer""]",本文分析polymer、Polymer Mold Fouling、Injection Molding的失效机理、风险来源与控制方法，并给出检测或验证要点，为降低研发和应用风险提供参考。,rd_engineer_inventor,materials,"[""find_technical_solutions"", ""assess_technical_feasibility""]",2026-09-08,"[""coatings_and_surfaces""]"
How to Select Glass for Neutron Shielding in Reactors,"请据《How to Select Glass for Neutron Shielding in Reactors》生成结构化报告。分类:opportunity_brief；对象:innovation_product_strategy；行业:materials/advanced_materials；任务:evaluate_r_and_d_directions,identify_innovation_opportunities；关键词:glass、Neutron Shielding、Reactors、risk controls、technical validation。概述:本文比较glass、Neutron Shielding、Reactors在性能、成本、可靠性和适用条件上的差异，并给出验证思路，为技术选型与研发决策提供参考。须含标题、摘要、结论、背景、技术/产品/市场/IP、风险机会、可落地建议、未来研究。",https://eureka.patsnap.com/ai-search/sess_656ed00eade740d0?from=rd-home&start_from=eureka_landingpage,https://eureka.patsnap.com/share/?id=9292b436731af9ab16b900f9c5a6e349&from=invite-eureakplg-result&content=,How to Select Glass for Neutron Shielding in Reactors,"[""opportunity_brief""]","[""glass"", ""Neutron Shielding"", ""Reactors"", ""risk controls"", ""technical validation""]",本文比较glass、Neutron Shielding、Reactors在性能、成本、可靠性和适用条件上的差异，并给出验证思路，为技术选型与研发决策提供参考。,innovation_product_strategy,materials,"[""evaluate_r_and_d_directions"", ""identify_innovation_opportunities""]",2026-09-08,"[""advanced_materials""]"
Improved modifying agent for yankee coatings,"请据《Improved modifying agent for yankee coatings》生成结构化报告。分类:case；对象:rd_engineer_inventor；行业:materials/coatings_and_surfaces；任务:find_technical_solutions,generate_product_ideas；关键词:modifying agent、yankee coatings、adhesive、polyglycerol modifies creping adhesive、maintain plasticity。概述:本文以modifying agent、yankee coatings、adhesive为案例，解析具体工程问题、解决构型及预期效果，为类似产品或工艺的技术改进与创新提供参考。须含标题、摘要、结论、背景、技术/产品/市场/IP、风险机会、可落地建议、未来研究。",https://eureka.patsnap.com/ai-search/sess_eea87b3bff5f4b98?from=rd-home&start_from=eureka_landingpage,https://eureka.patsnap.com/share/?id=e1d0a69af6f9d8567ab579f21a9b9120&from=invite-eureakplg-result&content=,Improved modifying agent for yankee coatings,"[""case""]","[""modifying agent"", ""yankee coatings"", ""adhesive"", ""polyglycerol modifies creping adhesive"", ""maintain plasticity"", ""adhesion"", ""high""]",本文以modifying agent、yankee coatings、adhesive为案例，解析具体工程问题、解决构型及预期效果，为类似产品或工艺的技术改进与创新提供参考。,rd_engineer_inventor,materials,"[""find_technical_solutions"", ""generate_product_ideas""]",2026-09-08,"[""coatings_and_surfaces""]"
UV-LED Coating Composition for Surface Cure Without Yellowing,"请据《UV-LED Coating Composition for Surface Cure Without Yellowing》生成结构化报告。分类:case；对象:rd_engineer_inventor；行业:materials/coatings_and_surfaces；任务:find_technical_solutions,generate_product_ideas；关键词:coating、led、UV-LED Coating Composition、Surface Cure、Yellowing。概述:本文以coating、led、UV-LED Coating Composition为案例，解析具体工程问题、解决构型及预期效果，为类似产品或工艺的技术改进与创新提供参考。须含标题、摘要、结论、背景、技术/产品/市场/IP、风险机会、可落地建议、未来研究。",https://eureka.patsnap.com/ai-search/sess_6e0e651884564e12?from=rd-home&start_from=eureka_landingpage,https://eureka.patsnap.com/share/?id=f70b423f83c291effabc3b936672e48c&from=invite-eureakplg-result&content=,UV-LED Coating Composition for Surface Cure Without Yellowing,"[""case""]","[""coating"", ""led"", ""UV-LED Coating Composition"", ""Surface Cure"", ""Yellowing"", ""UV-LED"", ""thioxanthone-amine UV-LED coating"", ""colorant""]",本文以coating、led、UV-LED Coating Composition为案例，解析具体工程问题、解决构型及预期效果，为类似产品或工艺的技术改进与创新提供参考。,rd_engineer_inventor,materials,"[""find_technical_solutions"", ""generate_product_ideas""]",2026-09-08,"[""coatings_and_surfaces""]"
Multilayer Ceramic Structure With Asymmetric Ridge Curvature,"请据《Multilayer Ceramic Structure With Asymmetric Ridge Curvature》生成结构化报告。分类:case；对象:rd_engineer_inventor；行业:materials/advanced_materials；任务:find_technical_solutions,generate_product_ideas；关键词:ceramic、Multilayer Ceramic Structure、Asymmetric Ridge Curvature、Asymmetric ridge curvatures、protection section spread impact。概述:本文以ceramic、Multilayer Ceramic Structure、Asymmetric Ridge Curvature为案例，解析具体工程问题、解决构型及预期效果，为类似产品或工艺的技术改进与创新提供参考。须含标题、摘要、结论、背景、技术/产品/市场/IP、风险机会、可落地建议、未来研究。",https://eureka.patsnap.com/ai-search/sess_55f5c7655cf04474?from=rd-home&start_from=eureka_landingpage,https://eureka.patsnap.com/share/?id=eb77c25c3424616ff1ebf90ce2f2002f&from=invite-eureakplg-result&content=,Multilayer Ceramic Structure With Asymmetric Ridge Curvature,"[""case""]","[""ceramic"", ""Multilayer Ceramic Structure"", ""Asymmetric Ridge Curvature"", ""Asymmetric ridge curvatures"", ""protection section spread impact"", ""forces reducing edge cracking"", ""multilayer ceramic components""]",本文以ceramic、Multilayer Ceramic Structure、Asymmetric Ridge Curvature为案例，解析具体工程问题、解决构型及预期效果，为类似产品或工艺的技术改进与创新提供参考。,rd_engineer_inventor,materials,"[""find_technical_solutions"", ""generate_product_ideas""]",2026-09-08,"[""advanced_materials""]"
Embedded Diffusion Barriers for Scaled Copper Interconnects,"请据《Embedded Diffusion Barriers for Scaled Copper Interconnects》生成结构化报告。分类:case；对象:rd_engineer_inventor；行业:materials/metals_and_alloys；任务:find_technical_solutions,generate_product_ideas；关键词:Embedded Diffusion Barriers、Scaled Copper Interconnects、interconnect、metal、Annealing drives barrier-forming material。概述:本文以Embedded Diffusion Barriers、Scaled Copper Interconnects、interconnect为案例，解析具体工程问题、解决构型及预期效果，为类似产品或工艺的技术改进与创新提供参考。须含标题、摘要、结论、背景、技术/产品/市场/IP、风险机会、可落地建议、未来研究。",https://eureka.patsnap.com/ai-search/sess_65d7bfa185f447ff?from=rd-home&start_from=eureka_landingpage,https://eureka.patsnap.com/share/?id=003946dd5a386187b062b181a7d12385&from=invite-eureakplg-result&content=,Embedded Diffusion Barriers for Scaled Copper Interconnects,"[""case""]","[""Embedded Diffusion Barriers"", ""Scaled Copper Interconnects"", ""interconnect"", ""metal"", ""Annealing drives barrier-forming material"", ""dielectric"", ""create"", ""self-forming oxide barrier""]",本文以Embedded Diffusion Barriers、Scaled Copper Interconnects、interconnect为案例，解析具体工程问题、解决构型及预期效果，为类似产品或工艺的技术改进与创新提供参考。,rd_engineer_inventor,materials,"[""find_technical_solutions"", ""generate_product_ideas""]",2026-09-08,"[""metals_and_alloys""]"
Integrated Passive Structure With Edge Stress Buffer for Thermal Cracks,"请据《Integrated Passive Structure With Edge Stress Buffer for Thermal Cracks》生成结构化报告。分类:case；对象:rd_engineer_inventor；行业:materials/metals_and_alloys；任务:find_technical_solutions,generate_product_ideas；关键词:Integrated Passive Structure、Edge Stress Buffer、Thermal Cracks、metal、localized stress buffer layer。概述:本文以Integrated Passive Structure、Edge Stress Buffer、Thermal Cracks为案例，解析具体工程问题、解决构型及预期效果，为类似产品或工艺的技术改进与创新提供参考。须含标题、摘要、结论、背景、技术/产品/市场/IP、风险机会、可落地建议、未来研究。",https://eureka.patsnap.com/ai-search/sess_7a2c0a6bafc24f04?from=rd-home&start_from=eureka_landingpage,https://eureka.patsnap.com/share/?id=003086c01728f92ce15725460374b73d&from=invite-eureakplg-result&content=,Integrated Passive Structure With Edge Stress Buffer for Thermal Cracks,"[""case""]","[""Integrated Passive Structure"", ""Edge Stress Buffer"", ""Thermal Cracks"", ""metal"", ""localized stress buffer layer"", ""metal edges absorbs thermal"", ""stress limiting passivation cracks"", ""delamination""]",本文以Integrated Passive Structure、Edge Stress Buffer、Thermal Cracks为案例，解析具体工程问题、解决构型及预期效果，为类似产品或工艺的技术改进与创新提供参考。,rd_engineer_inventor,materials,"[""find_technical_solutions"", ""generate_product_ideas""]",2026-09-08,"[""metals_and_alloys""]"
Thermal Runaway Prevention Film With Adhesive-Free Fireproof Sealing,"请据《Thermal Runaway Prevention Film With Adhesive-Free Fireproof Sealing》生成结构化报告。分类:case；对象:rd_engineer_inventor；行业:materials/polymers_and_resins；任务:find_technical_solutions,generate_product_ideas；关键词:thermal runaway、adhesive、Thermal Runaway Prevention Film、Adhesive-Free Fireproof Sealing、battery。概述:本文以thermal runaway、adhesive、Thermal Runaway Prevention Film为案例，解析具体工程问题、解决构型及预期效果，为类似产品或工艺的技术改进与创新提供参考。须含标题、摘要、结论、背景、技术/产品/市场/IP、风险机会、可落地建议、未来研究。",https://eureka.patsnap.com/ai-search/sess_d651b8c11c2e401c?from=rd-home&start_from=eureka_landingpage,https://eureka.patsnap.com/share/?id=36052babe1d883b676660f56a8b49149&from=invite-eureakplg-result&content=,Thermal Runaway Prevention Film With Adhesive-Free Fireproof Sealing,"[""case""]","[""thermal runaway"", ""adhesive"", ""Thermal Runaway Prevention Film"", ""Adhesive-Free Fireproof Sealing"", ""battery"", ""Flame-retardant sealing replaces adhesives"", ""multilayer battery film preventing"", ""battery film preventing delamination""]",本文以thermal runaway、adhesive、Thermal Runaway Prevention Film为案例，解析具体工程问题、解决构型及预期效果，为类似产品或工艺的技术改进与创新提供参考。,rd_engineer_inventor,materials,"[""find_technical_solutions"", ""generate_product_ideas""]",2026-09-08,"[""polymers_and_resins""]"
"Composite magnetically permeable layer for pot, preparation method therefor, and pot","请据《Composite magnetically permeable layer for pot, preparation method therefor, and pot》生成结构化报告。分类:case；对象:rd_engineer_inventor；行业:materials/metals_and_alloys；任务:find_technical_solutions,generate_product_ideas；关键词:composite、Composite magnetically permeable layer、pot preparation、therefor、pot。概述:本文以composite、Composite magnetically permeable layer、pot preparation为案例，解析具体工程问题、解决构型及预期效果，为类似产品或工艺的技术改进与创新提供参考。须含标题、摘要、结论、背景、技术/产品/市场/IP、风险机会、可落地建议、未来研究。",https://eureka.patsnap.com/ai-search/sess_38d0d32159cf45c8?from=rd-home&start_from=eureka_landingpage,https://eureka.patsnap.com/share/?id=8c069c86b8cbeea5f8df6bc906069dc0&from=invite-eureakplg-result&content=,"Composite magnetically permeable layer for pot, preparation method therefor, and pot","[""case""]","[""composite"", ""Composite magnetically permeable layer"", ""pot preparation"", ""therefor"", ""pot"", ""high-entropy alloy"", ""alloy"", ""rare earth oxide""]",本文以composite、Composite magnetically permeable layer、pot preparation为案例，解析具体工程问题、解决构型及预期效果，为类似产品或工艺的技术改进与创新提供参考。,rd_engineer_inventor,materials,"[""find_technical_solutions"", ""generate_product_ideas""]",2026-09-08,"[""metals_and_alloys""]"
Fabric Pretreatment Coating for Inkjet Color Density and Washfastness,"请据《Fabric Pretreatment Coating for Inkjet Color Density and Washfastness》生成结构化报告。分类:case；对象:rd_engineer_inventor；行业:materials/coatings_and_surfaces；任务:find_technical_solutions,generate_product_ideas；关键词:coating、Fabric Pretreatment Coating、Inkjet Color Density、Washfastness、textile。概述:本文以coating、Fabric Pretreatment Coating、Inkjet Color Density为案例，解析具体工程问题、解决构型及预期效果，为类似产品或工艺的技术改进与创新提供参考。须含标题、摘要、结论、背景、技术/产品/市场/IP、风险机会、可落地建议、未来研究。",https://eureka.patsnap.com/ai-search/sess_1e2f532a12fe4e33?from=rd-home&start_from=eureka_landingpage,https://eureka.patsnap.com/share/?id=51597f7c94a58e056027415284e8bfc3&from=invite-eureakplg-result&content=,Fabric Pretreatment Coating for Inkjet Color Density and Washfastness,"[""case""]","[""coating"", ""Fabric Pretreatment Coating"", ""Inkjet Color Density"", ""Washfastness"", ""textile"", ""nonionic latex"", ""multivalent cation pretreatment improves"", ""inkjet color density washfastness""]",本文以coating、Fabric Pretreatment Coating、Inkjet Color Density为案例，解析具体工程问题、解决构型及预期效果，为类似产品或工艺的技术改进与创新提供参考。,rd_engineer_inventor,materials,"[""find_technical_solutions"", ""generate_product_ideas""]",2026-09-08,"[""coatings_and_surfaces""]"
Modular Diatomaceous Earth Absorption Mat for Rapid Drying and Hygiene,"请据《Modular Diatomaceous Earth Absorption Mat for Rapid Drying and Hygiene》生成结构化报告。分类:case；对象:rd_engineer_inventor；行业:materials/polymers_and_resins；任务:find_technical_solutions,generate_product_ideas；关键词:Modular Diatomaceous Earth Absorption、Diatomaceous Earth Absorption Mat、Rapid Drying、Hygiene、polymer。概述:本文以Modular Diatomaceous Earth Absorption、Diatomaceous Earth Absorption Mat、Rapid Drying为案例，解析具体工程问题、解决构型及预期效果，为类似产品或工艺的技术改进与创新提供参考。须含标题、摘要、结论、背景、技术/产品/市场/IP、风险机会、可落地建议、未来研究。",https://eureka.patsnap.com/ai-search/sess_ba15ef0c3c5b4699?from=rd-home&start_from=eureka_landingpage,https://eureka.patsnap.com/share/?id=f99cd68f8782198d6287db358fce8d12&from=invite-eureakplg-result&content=,Modular Diatomaceous Earth Absorption Mat for Rapid Drying and Hygiene,"[""case""]","[""Modular Diatomaceous Earth Absorption"", ""Diatomaceous Earth Absorption Mat"", ""Rapid Drying"", ""Hygiene"", ""polymer"", ""modular diatomaceous earth substrates"", ""connectable polymer webbings""]",本文以Modular Diatomaceous Earth Absorption、Diatomaceous Earth Absorption Mat、Rapid Drying为案例，解析具体工程问题、解决构型及预期效果，为类似产品或工艺的技术改进与创新提供参考。,rd_engineer_inventor,materials,"[""find_technical_solutions"", ""generate_product_ideas""]",2026-09-08,"[""polymers_and_resins""]"
Wireless Charging Power Control for Cover Material and Heat Limits,"请据《Wireless Charging Power Control for Cover Material and Heat Limits》生成结构化报告。分类:case；对象:rd_engineer_inventor；行业:materials/coatings_and_surfaces；任务:find_technical_solutions,generate_product_ideas；关键词:Wireless Charging Power、Cover Material、Heat Limits、metal、Charging power。概述:本文以Wireless Charging Power、Cover Material、Heat Limits为案例，解析具体工程问题、解决构型及预期效果，为类似产品或工艺的技术改进与创新提供参考。须含标题、摘要、结论、背景、技术/产品/市场/IP、风险机会、可落地建议、未来研究。",https://eureka.patsnap.com/ai-search/sess_354b26f9498b4a62?from=rd-home&start_from=eureka_landingpage,https://eureka.patsnap.com/share/?id=c6a8aaf8c5b4acf8e11085226752a1af&from=invite-eureakplg-result&content=,Wireless Charging Power Control for Cover Material and Heat Limits,"[""case""]","[""Wireless Charging Power"", ""Cover Material"", ""Heat Limits"", ""metal"", ""Charging power"", ""adjusted"", ""surface temperature sensing"", ""overheating material damage""]",本文以Wireless Charging Power、Cover Material、Heat Limits为案例，解析具体工程问题、解决构型及预期效果，为类似产品或工艺的技术改进与创新提供参考。,rd_engineer_inventor,materials,"[""find_technical_solutions"", ""generate_product_ideas""]",2026-09-08,"[""coatings_and_surfaces""]"
Process for treating a fabric and related compositions,"请据《Process for treating a fabric and related compositions》生成结构化报告。分类:case；对象:rd_engineer_inventor；行业:materials/metals_and_alloys；任务:find_technical_solutions,generate_product_ideas；关键词:treating、fabric、related compositions、metal、high-level metal sequestration agents。概述:本文以treating、fabric、related compositions为案例，解析具体工程问题、解决构型及预期效果，为类似产品或工艺的技术改进与创新提供参考。须含标题、摘要、结论、背景、技术/产品/市场/IP、风险机会、可落地建议、未来研究。",https://eureka.patsnap.com/ai-search/sess_4fb7dd9516aa4286?from=rd-home&start_from=eureka_landingpage,https://eureka.patsnap.com/share/?id=196ff3835a36ea80ce5cb5f7be71a4de&from=invite-eureakplg-result&content=,Process for treating a fabric and related compositions,"[""case""]","[""treating"", ""fabric"", ""related compositions"", ""metal"", ""high-level metal sequestration agents"", ""acidic pH deliver fabric"", ""pH deliver fabric softness""]",本文以treating、fabric、related compositions为案例，解析具体工程问题、解决构型及预期效果，为类似产品或工艺的技术改进与创新提供参考。,rd_engineer_inventor,materials,"[""find_technical_solutions"", ""generate_product_ideas""]",2026-09-08,"[""metals_and_alloys""]"
Potassium Fluoroaluminate Brazing Flux for Corrosion Control,"请据《Potassium Fluoroaluminate Brazing Flux for Corrosion Control》生成结构化报告。分类:case；对象:rd_engineer_inventor；行业:materials/coatings_and_surfaces；任务:find_technical_solutions,generate_product_ideas；关键词:brazing flux、Potassium Fluoroaluminate Brazing Flux、Corrosion、aluminum、Additive salts。概述:本文以brazing flux、Potassium Fluoroaluminate Brazing Flux、Corrosion为案例，解析具体工程问题、解决构型及预期效果，为类似产品或工艺的技术改进与创新提供参考。须含标题、摘要、结论、背景、技术/产品/市场/IP、风险机会、可落地建议、未来研究。",https://eureka.patsnap.com/ai-search/sess_c360ff87825043d3?from=rd-home&start_from=eureka_landingpage,https://eureka.patsnap.com/share/?id=fa2b20511b9d9cab2c5106347325b5a4&from=invite-eureakplg-result&content=,Potassium Fluoroaluminate Brazing Flux for Corrosion Control,"[""case""]","[""brazing flux"", ""Potassium Fluoroaluminate Brazing Flux"", ""Corrosion"", ""aluminum"", ""Additive salts"", ""KAlF4-rich brazing flux cut"", ""flux cut fluoride leaching"", ""aluminum corrosion""]",本文以brazing flux、Potassium Fluoroaluminate Brazing Flux、Corrosion为案例，解析具体工程问题、解决构型及预期效果，为类似产品或工艺的技术改进与创新提供参考。,rd_engineer_inventor,materials,"[""find_technical_solutions"", ""generate_product_ideas""]",2026-09-08,"[""coatings_and_surfaces""]"
Ceramic Capacitor Metal Electrode with In-Situ BaTiO3 Dispersion,"请据《Ceramic Capacitor Metal Electrode with In-Situ BaTiO3 Dispersion》生成结构化报告。分类:case；对象:rd_engineer_inventor；行业:materials/metals_and_alloys；任务:find_technical_solutions,generate_product_ideas；关键词:capacitor、electrode、ceramic、metal、Ceramic Capacitor Metal Electrode。概述:本文以capacitor、electrode、ceramic为案例，解析具体工程问题、解决构型及预期效果，为类似产品或工艺的技术改进与创新提供参考。须含标题、摘要、结论、背景、技术/产品/市场/IP、风险机会、可落地建议、未来研究。",https://eureka.patsnap.com/ai-search/sess_a40f51d083074c3f?from=rd-home&start_from=eureka_landingpage,https://eureka.patsnap.com/share/?id=9f89ebd98a383f1285a2d308f5b54e3c&from=invite-eureakplg-result&content=,Ceramic Capacitor Metal Electrode with In-Situ BaTiO3 Dispersion,"[""case""]","[""capacitor"", ""electrode"", ""ceramic"", ""metal"", ""Ceramic Capacitor Metal Electrode"", ""In-Situ BaTiO3 Dispersion"", ""BaTiO3"", ""organic BaTiO3 precursor disperses""]",本文以capacitor、electrode、ceramic为案例，解析具体工程问题、解决构型及预期效果，为类似产品或工艺的技术改进与创新提供参考。,rd_engineer_inventor,materials,"[""find_technical_solutions"", ""generate_product_ideas""]",2026-09-08,"[""metals_and_alloys""]"
Domestic appliance with a control system,"请据《Domestic appliance with a control system》生成结构化报告。分类:case；对象:rd_engineer_inventor；行业:other/consumer_products；任务:find_technical_solutions,generate_product_ideas；关键词:domestic appliance、control system、motor、unit calculates motor operating、calculates motor operating temperature。概述:本文以domestic appliance、control system、motor为案例，解析具体工程问题、解决构型及预期效果，为类似产品或工艺的技术改进与创新提供参考。须含标题、摘要、结论、背景、技术/产品/市场/IP、风险机会、可落地建议、未来研究。",https://eureka.patsnap.com/ai-search/sess_264f0d2c63484d70?from=rd-home&start_from=eureka_landingpage,https://eureka.patsnap.com/share/?id=938929f6732383c1bffe1a0c722ef011&from=invite-eureakplg-result&content=,Domestic appliance with a control system,"[""case""]","[""domestic appliance"", ""control system"", ""motor"", ""unit calculates motor operating"", ""calculates motor operating temperature"", ""electrical resistance""]",本文以domestic appliance、control system、motor为案例，解析具体工程问题、解决构型及预期效果，为类似产品或工艺的技术改进与创新提供参考。,rd_engineer_inventor,other,"[""find_technical_solutions"", ""generate_product_ideas""]",2026-09-08,"[""consumer_products""]"
Air-Conditioning Power Estimation With Field-Calibrated Lookup Tables,"请据《Air-Conditioning Power Estimation With Field-Calibrated Lookup Tables》生成结构化报告。分类:case；对象:rd_engineer_inventor；行业:other/consumer_products；任务:find_technical_solutions,generate_product_ideas；关键词:Air-Conditioning Power Estimation、Field-Calibrated Lookup Tables、Periodic power meter feedback、recalibrates AC lookup tables、reflect field conditions aging。概述:本文以Air-Conditioning Power Estimation、Field-Calibrated Lookup Tables、Periodic power meter feedback为案例，解析具体工程问题、解决构型及预期效果，为类似产品或工艺的技术改进与创新提供参考。须含标题、摘要、结论、背景、技术/产品/市场/IP、风险机会、可落地建议、未来研究。",https://eureka.patsnap.com/ai-search/sess_e49916c723b04c60?from=rd-home&start_from=eureka_landingpage,https://eureka.patsnap.com/share/?id=4971518633aad2102b0a68f23aea90b3&from=invite-eureakplg-result&content=,Air-Conditioning Power Estimation With Field-Calibrated Lookup Tables,"[""case""]","[""Air-Conditioning Power Estimation"", ""Field-Calibrated Lookup Tables"", ""Periodic power meter feedback"", ""recalibrates AC lookup tables"", ""reflect field conditions aging"", ""missing readings""]",本文以Air-Conditioning Power Estimation、Field-Calibrated Lookup Tables、Periodic power meter feedback为案例，解析具体工程问题、解决构型及预期效果，为类似产品或工艺的技术改进与创新提供参考。,rd_engineer_inventor,other,"[""find_technical_solutions"", ""generate_product_ideas""]",2026-09-08,"[""consumer_products""]"
Towel with Secured Openings for Headrest and Chair Anchoring,"请据《Towel with Secured Openings for Headrest and Chair Anchoring》生成结构化报告。分类:case；对象:rd_engineer_inventor；行业:other/consumer_products；任务:find_technical_solutions,generate_product_ideas；关键词:chair、towel、Secured Openings、Headrest、Chair Anchoring。概述:本文以chair、towel、Secured Openings为案例，解析具体工程问题、解决构型及预期效果，为类似产品或工艺的技术改进与创新提供参考。须含标题、摘要、结论、背景、技术/产品/市场/IP、风险机会、可落地建议、未来研究。",https://eureka.patsnap.com/ai-search/sess_a521dda4a1f14ba7?from=rd-home&start_from=eureka_landingpage,https://eureka.patsnap.com/share/?id=c6184f4414aea54f893f78c836881add&from=invite-eureakplg-result&content=,Towel with Secured Openings for Headrest and Chair Anchoring,"[""case""]","[""chair"", ""towel"", ""Secured Openings"", ""Headrest"", ""Chair Anchoring"", ""reinforced openings"", ""securing fixtures"", ""anchor around headrests""]",本文以chair、towel、Secured Openings为案例，解析具体工程问题、解决构型及预期效果，为类似产品或工艺的技术改进与创新提供参考。,rd_engineer_inventor,other,"[""find_technical_solutions"", ""generate_product_ideas""]",2026-09-08,"[""consumer_products""]"
Adaptive Capacitor Switching for Low-Speed Ceiling Fan Control,"请据《Adaptive Capacitor Switching for Low-Speed Ceiling Fan Control》生成结构化报告。分类:case；对象:rd_engineer_inventor；行业:other/general_strategy；任务:find_technical_solutions,generate_product_ideas；关键词:capacitor、Adaptive Capacitor Switching、Low-Speed Ceiling Fan、motor、Power-based motor sizing switches。概述:本文以capacitor、Adaptive Capacitor Switching、Low-Speed Ceiling Fan为案例，解析具体工程问题、解决构型及预期效果，为类似产品或工艺的技术改进与创新提供参考。须含标题、摘要、结论、背景、技术/产品/市场/IP、风险机会、可落地建议、未来研究。",https://eureka.patsnap.com/ai-search/sess_0cdcad0dfab647a1?from=rd-home&start_from=eureka_landingpage,https://eureka.patsnap.com/share/?id=766b8f75982bf87e576f5bfa607237ef&from=invite-eureakplg-result&content=,Adaptive Capacitor Switching for Low-Speed Ceiling Fan Control,"[""case""]","[""capacitor"", ""Adaptive Capacitor Switching"", ""Low-Speed Ceiling Fan"", ""motor"", ""Power-based motor sizing switches"", ""fan motors run efficiently"", ""lowest speed""]",本文以capacitor、Adaptive Capacitor Switching、Low-Speed Ceiling Fan为案例，解析具体工程问题、解决构型及预期效果，为类似产品或工艺的技术改进与创新提供参考。,rd_engineer_inventor,other,"[""find_technical_solutions"", ""generate_product_ideas""]",2026-09-08,"[""general_strategy""]"
System and method for defrosting/ de-icing an air-conditioner,"请据《System and method for defrosting/ de-icing an air-conditioner》生成结构化报告。分类:case；对象:rd_engineer_inventor；行业:other/consumer_products；任务:find_technical_solutions,generate_product_ideas；关键词:defrosting de-icing、air-conditioner、heat exchanger、3D depth sensor measures、sensor measures frost thickness。概述:本文以defrosting de-icing、air-conditioner、heat exchanger为案例，解析具体工程问题、解决构型及预期效果，为类似产品或工艺的技术改进与创新提供参考。须含标题、摘要、结论、背景、技术/产品/市场/IP、风险机会、可落地建议、未来研究。",https://eureka.patsnap.com/ai-search/sess_cb08c5688f4b42a4?from=rd-home&start_from=eureka_landingpage,https://eureka.patsnap.com/share/?id=4f2d73ae8534e79187210c00339d0853&from=invite-eureakplg-result&content=,System and method for defrosting/ de-icing an air-conditioner,"[""case""]","[""defrosting de-icing"", ""air-conditioner"", ""heat exchanger"", ""3D depth sensor measures"", ""sensor measures frost thickness"", ""heat exchanger pipes"", ""trigger""]",本文以defrosting de-icing、air-conditioner、heat exchanger为案例，解析具体工程问题、解决构型及预期效果，为类似产品或工艺的技术改进与创新提供参考。,rd_engineer_inventor,other,"[""find_technical_solutions"", ""generate_product_ideas""]",2026-09-08,"[""consumer_products""]"
Cleaning robot and method for performing task thereof,"请据《Cleaning robot and method for performing task thereof》生成结构化报告。分类:case；对象:rd_engineer_inventor；行业:other/consumer_products；任务:find_technical_solutions,generate_product_ideas；关键词:cleaning robot、performing task、sensor fusion、AI-based image recognition、generate。概述:本文以cleaning robot、performing task、sensor fusion为案例，解析具体工程问题、解决构型及预期效果，为类似产品或工艺的技术改进与创新提供参考。须含标题、摘要、结论、背景、技术/产品/市场/IP、风险机会、可落地建议、未来研究。",https://eureka.patsnap.com/ai-search/sess_f122f3df44e44fba?from=rd-home&start_from=eureka_landingpage,https://eureka.patsnap.com/share/?id=46be926b787ce84d50570a1f9be2aa80&from=invite-eureakplg-result&content=,Cleaning robot and method for performing task thereof,"[""case""]","[""cleaning robot"", ""performing task"", ""sensor fusion"", ""AI-based image recognition"", ""generate""]",本文以cleaning robot、performing task、sensor fusion为案例，解析具体工程问题、解决构型及预期效果，为类似产品或工艺的技术改进与创新提供参考。,rd_engineer_inventor,other,"[""find_technical_solutions"", ""generate_product_ideas""]",2026-09-08,"[""consumer_products""]"
Device for determining a fill level of a dust collector for a vacuum cleaner,"请据《Device for determining a fill level of a dust collector for a vacuum cleaner》生成结构化报告。分类:case；对象:rd_engineer_inventor；行业:other/packaging_and_retail；任务:find_technical_solutions,generate_product_ideas；关键词:vacuum cleaner、determining、fill level、dust collector、vibration。概述:本文以vacuum cleaner、determining、fill level为案例，解析具体工程问题、解决构型及预期效果，为类似产品或工艺的技术改进与创新提供参考。须含标题、摘要、结论、背景、技术/产品/市场/IP、风险机会、可落地建议、未来研究。",https://eureka.patsnap.com/ai-search/sess_24c436345d864cee?from=rd-home&start_from=eureka_landingpage,https://eureka.patsnap.com/share/?id=06fac31dcf825c54e60cb1b926373186&from=invite-eureakplg-result&content=,Device for determining a fill level of a dust collector for a vacuum cleaner,"[""case""]","[""vacuum cleaner"", ""determining"", ""fill level"", ""dust collector"", ""vibration"", ""resonator element mounted"", ""dust container outer wall"", ""outer wall measures vibration""]",本文以vacuum cleaner、determining、fill level为案例，解析具体工程问题、解决构型及预期效果，为类似产品或工艺的技术改进与创新提供参考。,rd_engineer_inventor,other,"[""find_technical_solutions"", ""generate_product_ideas""]",2026-09-08,"[""packaging_and_retail""]"
Heating control circuit and electric blanket configured with heating control circuit,"请据《Heating control circuit and electric blanket configured with heating control circuit》生成结构化报告。分类:case；对象:rd_engineer_inventor；行业:other/consumer_products；任务:find_technical_solutions,generate_product_ideas；关键词:Heating、circuit、electric blanket configured、modular heating、PTC temperature sensing。概述:本文以Heating、circuit、electric blanket configured为案例，解析具体工程问题、解决构型及预期效果，为类似产品或工艺的技术改进与创新提供参考。须含标题、摘要、结论、背景、技术/产品/市场/IP、风险机会、可落地建议、未来研究。",https://eureka.patsnap.com/ai-search/sess_28c1205ff7364963?from=rd-home&start_from=eureka_landingpage,https://eureka.patsnap.com/share/?id=892ef8731a55f5fe3c66a1527333f881&from=invite-eureakplg-result&content=,Heating control circuit and electric blanket configured with heating control circuit,"[""case""]","[""Heating"", ""circuit"", ""electric blanket configured"", ""modular heating"", ""PTC temperature sensing"", ""dual""]",本文以Heating、circuit、electric blanket configured为案例，解析具体工程问题、解决构型及预期效果，为类似产品或工艺的技术改进与创新提供参考。,rd_engineer_inventor,other,"[""find_technical_solutions"", ""generate_product_ideas""]",2026-09-08,"[""consumer_products""]"
Smart toilet for human health monitoring,"请据《Smart toilet for human health monitoring》生成结构化报告。分类:case；对象:rd_engineer_inventor；行业:other/consumer_products；任务:find_technical_solutions,generate_product_ideas；关键词:health monitoring、toilet、Smart toilet、human health monitoring、integrated urinalysis strips cameras。概述:本文以health monitoring、toilet、Smart toilet为案例，解析具体工程问题、解决构型及预期效果，为类似产品或工艺的技术改进与创新提供参考。须含标题、摘要、结论、背景、技术/产品/市场/IP、风险机会、可落地建议、未来研究。",https://eureka.patsnap.com/ai-search/sess_f0decb65da4f4e86?from=rd-home&start_from=eureka_landingpage,https://eureka.patsnap.com/share/?id=745f8921be150a017ba0c640423c5ad6&from=invite-eureakplg-result&content=,Smart toilet for human health monitoring,"[""case""]","[""health monitoring"", ""toilet"", ""Smart toilet"", ""human health monitoring"", ""integrated urinalysis strips cameras"", ""biometric sensors""]",本文以health monitoring、toilet、Smart toilet为案例，解析具体工程问题、解决构型及预期效果，为类似产品或工艺的技术改进与创新提供参考。,rd_engineer_inventor,other,"[""find_technical_solutions"", ""generate_product_ideas""]",2026-09-08,"[""consumer_products""]"
Dishwasher Spray Arm Obstruction Detection via Pump Power Monitoring,"请据《Dishwasher Spray Arm Obstruction Detection via Pump Power Monitoring》生成结构化报告。分类:case；对象:rd_engineer_inventor；行业:other/consumer_products；任务:find_technical_solutions,generate_product_ideas；关键词:pump、Dishwasher Spray Arm Obstruction、Spray Arm Obstruction Detection、Pump Power Monitoring、Pump power tracking。概述:本文以pump、Dishwasher Spray Arm Obstruction、Spray Arm Obstruction Detection为案例，解析具体工程问题、解决构型及预期效果，为类似产品或工艺的技术改进与创新提供参考。须含标题、摘要、结论、背景、技术/产品/市场/IP、风险机会、可落地建议、未来研究。",https://eureka.patsnap.com/ai-search/sess_e7cf2f8bb797434a?from=rd-home&start_from=eureka_landingpage,https://eureka.patsnap.com/share/?id=5bcc428a4a090f1e1f22e57bda753db0&from=invite-eureakplg-result&content=,Dishwasher Spray Arm Obstruction Detection via Pump Power Monitoring,"[""case""]","[""pump"", ""Dishwasher Spray Arm Obstruction"", ""Spray Arm Obstruction Detection"", ""Pump Power Monitoring"", ""Pump power tracking"", ""blocked spray arm rotation"", ""spray arm rotation letting"", ""controller stop""]",本文以pump、Dishwasher Spray Arm Obstruction、Spray Arm Obstruction Detection为案例，解析具体工程问题、解决构型及预期效果，为类似产品或工艺的技术改进与创新提供参考。,rd_engineer_inventor,other,"[""find_technical_solutions"", ""generate_product_ideas""]",2026-09-08,"[""consumer_products""]"
Stackable Molded Plastic Rocking Chair with Rocker Stability Design,"请据《Stackable Molded Plastic Rocking Chair with Rocker Stability Design》生成结构化报告。分类:case；对象:rd_engineer_inventor；行业:other/consumer_products；任务:find_technical_solutions,generate_product_ideas；关键词:plastic、chair、Stackable Molded Plastic Rocking、Molded Plastic Rocking Chair、Rocker Stability。概述:本文以plastic、chair、Stackable Molded Plastic Rocking为案例，解析具体工程问题、解决构型及预期效果，为类似产品或工艺的技术改进与创新提供参考。须含标题、摘要、结论、背景、技术/产品/市场/IP、风险机会、可落地建议、未来研究。",https://eureka.patsnap.com/ai-search/sess_ea6f3da91dd64346?from=rd-home&start_from=eureka_landingpage,https://eureka.patsnap.com/share/?id=de7b210396ad6fedf5e3afe10a2a1525&from=invite-eureakplg-result&content=,Stackable Molded Plastic Rocking Chair with Rocker Stability Design,"[""case""]","[""plastic"", ""chair"", ""Stackable Molded Plastic Rocking"", ""Molded Plastic Rocking Chair"", ""Rocker Stability"", ""curved rocker bases spacers"", ""angled rear legs"", ""outward splaying""]",本文以plastic、chair、Stackable Molded Plastic Rocking为案例，解析具体工程问题、解决构型及预期效果，为类似产品或工艺的技术改进与创新提供参考。,rd_engineer_inventor,other,"[""find_technical_solutions"", ""generate_product_ideas""]",2026-09-08,"[""consumer_products""]"
Adaptive Beamforming for Fixed-Microphone Boomless Headphones,"请据《Adaptive Beamforming for Fixed-Microphone Boomless Headphones》生成结构化报告。分类:case；对象:rd_engineer_inventor；行业:other/general_strategy；任务:find_technical_solutions,generate_product_ideas；关键词:beamforming、headphones、Adaptive Beamforming、Fixed-Microphone Boomless Headphones、Fixed microphones。概述:本文以beamforming、headphones、Adaptive Beamforming为案例，解析具体工程问题、解决构型及预期效果，为类似产品或工艺的技术改进与创新提供参考。须含标题、摘要、结论、背景、技术/产品/市场/IP、风险机会、可落地建议、未来研究。",https://eureka.patsnap.com/ai-search/sess_800d1105b0ee42af?from=rd-home&start_from=eureka_landingpage,https://eureka.patsnap.com/share/?id=c108ab0333ccfabef920a108fd02159b&from=invite-eureakplg-result&content=,Adaptive Beamforming for Fixed-Microphone Boomless Headphones,"[""case""]","[""beamforming"", ""headphones"", ""Adaptive Beamforming"", ""Fixed-Microphone Boomless Headphones"", ""Fixed microphones"", ""miss"", ""user"", ""mouth""]",本文以beamforming、headphones、Adaptive Beamforming为案例，解析具体工程问题、解决构型及预期效果，为类似产品或工艺的技术改进与创新提供参考。,rd_engineer_inventor,other,"[""find_technical_solutions"", ""generate_product_ideas""]",2026-09-08,"[""general_strategy""]"
Compact Antenna Angle Adjustment Mechanism With Dual-Range Pivoting,"请据《Compact Antenna Angle Adjustment Mechanism With Dual-Range Pivoting》生成结构化报告。分类:case；对象:rd_engineer_inventor；行业:other/general_strategy；任务:find_technical_solutions,generate_product_ideas；关键词:antenna、Compact Antenna Angle Adjustment、Antenna Angle Adjustment Mechanism、Dual-Range Pivoting、compact bracket clamp。概述:本文以antenna、Compact Antenna Angle Adjustment、Antenna Angle Adjustment Mechanism为案例，解析具体工程问题、解决构型及预期效果，为类似产品或工艺的技术改进与创新提供参考。须含标题、摘要、结论、背景、技术/产品/市场/IP、风险机会、可落地建议、未来研究。",https://eureka.patsnap.com/ai-search/sess_d96f70ab2fcb4db7?from=rd-home&start_from=eureka_landingpage,https://eureka.patsnap.com/share/?id=3968ad149e94486a0d4cfd7dd746caf7&from=invite-eureakplg-result&content=,Compact Antenna Angle Adjustment Mechanism With Dual-Range Pivoting,"[""case""]","[""antenna"", ""Compact Antenna Angle Adjustment"", ""Antenna Angle Adjustment Mechanism"", ""Dual-Range Pivoting"", ""compact bracket clamp"", ""fine-tuning screw"", ""wide"", ""precise antenna angle adjustment""]",本文以antenna、Compact Antenna Angle Adjustment、Antenna Angle Adjustment Mechanism为案例，解析具体工程问题、解决构型及预期效果，为类似产品或工艺的技术改进与创新提供参考。,rd_engineer_inventor,other,"[""find_technical_solutions"", ""generate_product_ideas""]",2026-09-08,"[""general_strategy""]"
Refrigerator with heat dissipation compartment at bootom,"请据《Refrigerator with heat dissipation compartment at bootom》生成结构化报告。分类:case；对象:rd_engineer_inventor；行业:other/consumer_products；任务:find_technical_solutions,generate_product_ideas；关键词:refrigerator、heat dissipation compartment、bootom、divided bottom heat dissipation、bottom heat dissipation compartment。概述:本文以refrigerator、heat dissipation compartment、bootom为案例，解析具体工程问题、解决构型及预期效果，为类似产品或工艺的技术改进与创新提供参考。须含标题、摘要、结论、背景、技术/产品/市场/IP、风险机会、可落地建议、未来研究。",https://eureka.patsnap.com/ai-search/sess_712a98c5fa3842e2?from=rd-home&start_from=eureka_landingpage,https://eureka.patsnap.com/share/?id=526047e6d204886504854ed4704020e9&from=invite-eureakplg-result&content=,Refrigerator with heat dissipation compartment at bootom,"[""case""]","[""refrigerator"", ""heat dissipation compartment"", ""bootom"", ""divided bottom heat dissipation"", ""bottom heat dissipation compartment"", ""integrated fan"", ""condenser""]",本文以refrigerator、heat dissipation compartment、bootom为案例，解析具体工程问题、解决构型及预期效果，为类似产品或工艺的技术改进与创新提供参考。,rd_engineer_inventor,other,"[""find_technical_solutions"", ""generate_product_ideas""]",2026-09-08,"[""consumer_products""]"
Cup Locking Structure with Magnetic Bolt Mechanism for Hidden Security,"请据《Cup Locking Structure with Magnetic Bolt Mechanism for Hidden Security》生成结构化报告。分类:case；对象:rd_engineer_inventor；行业:other/consumer_products；任务:find_technical_solutions,generate_product_ideas；关键词:cup、Cup Locking Structure、Magnetic Bolt Mechanism、Hidden Security、magnetic bolt。概述:本文以cup、Cup Locking Structure、Magnetic Bolt Mechanism为案例，解析具体工程问题、解决构型及预期效果，为类似产品或工艺的技术改进与创新提供参考。须含标题、摘要、结论、背景、技术/产品/市场/IP、风险机会、可落地建议、未来研究。",https://eureka.patsnap.com/ai-search/sess_b45dece3637c41df?from=rd-home&start_from=eureka_landingpage,https://eureka.patsnap.com/share/?id=e8bd4a04648dba2651d851352dcdae57&from=invite-eureakplg-result&content=,Cup Locking Structure with Magnetic Bolt Mechanism for Hidden Security,"[""case""]","[""cup"", ""Cup Locking Structure"", ""Magnetic Bolt Mechanism"", ""Hidden Security"", ""magnetic bolt"", ""buckle"", ""provides hidden reliable cup"", ""hidden reliable cup locking""]",本文以cup、Cup Locking Structure、Magnetic Bolt Mechanism为案例，解析具体工程问题、解决构型及预期效果，为类似产品或工艺的技术改进与创新提供参考。,rd_engineer_inventor,other,"[""find_technical_solutions"", ""generate_product_ideas""]",2026-09-08,"[""consumer_products""]"
