case_index,title,industry,status,selected_at,used_at,last_run_at,session_url,share_url,error
0,"Bazaarvoice, Inc.",other,used,2026-09-08T09:33:56.508656+00:00,2026-09-08T11:10:40.236877+00:00,2026-09-08T11:10:40.236877+00:00,https://eureka.patsnap.com/ai-search/sess_42b455ca4fee40bf?from=rd-home&start_from=eureka_landingpage,https://eureka.patsnap.com/share/?id=44a3e9fb30ef7d5023cc680dd093086b&from=invite-eureakplg-result&content=,
1,"Jacuzzi, Inc.",other,used,2026-09-08T09:33:56.508661+00:00,2026-09-08T12:00:26.991364+00:00,2026-09-08T12:00:26.991364+00:00,https://eureka.patsnap.com/ai-search/sess_29330c82a0504a1b?from=rd-home&start_from=eureka_landingpage,https://eureka.patsnap.com/share/?id=cf5714cb50c26a422a51caca0e8aae81&from=invite-eureakplg-result&content=,
2,Mohalla Tech Pvt Ltd.,engineering,used,2026-09-08T09:33:56.508552+00:00,2026-09-08T11:10:32.563882+00:00,2026-09-08T11:10:32.563882+00:00,https://eureka.patsnap.com/ai-search/sess_ffac822fe90d474f?from=rd-home&start_from=eureka_landingpage,https://eureka.patsnap.com/share/?id=c45f4a3b2e55770246447a5cf7b157d9&from=invite-eureakplg-result&content=,
3,4titude Ltd.,engineering,used,2026-09-08T09:33:56.508553+00:00,2026-09-08T11:59:40.721558+00:00,2026-09-08T11:59:40.721558+00:00,https://eureka.patsnap.com/ai-search/sess_f0be6383d8274e98?from=rd-home&start_from=eureka_landingpage,https://eureka.patsnap.com/share/?id=87d65070a7a51f45981de9148c74e643&from=invite-eureakplg-result&content=,
4,Yandex LLC,other,used,2026-09-08T09:33:56.508662+00:00,2026-09-08T12:00:28.676603+00:00,2026-09-08T12:00:28.676603+00:00,https://eureka.patsnap.com/ai-search/sess_748ece6bdb994e10?from=rd-home&start_from=eureka_landingpage,https://eureka.patsnap.com/share/?id=d5f07078b8c3daa75e627b458ad9996a&from=invite-eureakplg-result&content=,
5,Google LLC,other,used,2026-09-08T09:33:56.508663+00:00,2026-09-08T12:00:30.721826+00:00,2026-09-08T12:00:30.721826+00:00,https://eureka.patsnap.com/ai-search/sess_78c82c6ae18c4cdc?from=rd-home&start_from=eureka_landingpage,https://eureka.patsnap.com/share/?id=b7adb798aa84074ce4e05fd37e8472de&from=invite-eureakplg-result&content=,
6,List of companies starting with Alphabet J – Discovery,engineering,used,2026-09-08T09:33:56.508554+00:00,2026-09-08T11:59:42.352115+00:00,2026-09-08T11:59:42.352115+00:00,https://eureka.patsnap.com/ai-search/sess_9e0db4b3e9744736?from=rd-home&start_from=eureka_landingpage,https://eureka.patsnap.com/share/?id=af9639da2c9f7138ddd3fe51a5867acc&from=invite-eureakplg-result&content=,
7,"ServiceNow, Inc.",engineering,used,2026-09-08T09:33:56.508556+00:00,2026-09-08T11:59:43.978869+00:00,2026-09-08T11:59:43.978869+00:00,https://eureka.patsnap.com/ai-search/sess_f70ad91b529343c5?from=rd-home&start_from=eureka_landingpage,https://eureka.patsnap.com/share/?id=afbd3fadda36ab420e2a42339af80265&from=invite-eureakplg-result&content=,
8,Dribbble Holdings Ltd.,engineering,used,2026-09-08T09:33:56.508557+00:00,2026-09-08T11:59:45.606266+00:00,2026-09-08T11:59:45.606266+00:00,https://eureka.patsnap.com/ai-search/sess_a85da12cbf064283?from=rd-home&start_from=eureka_landingpage,https://eureka.patsnap.com/share/?id=a614afcaac85d773406ff613e55f479c&from=invite-eureakplg-result&content=,
9,"Shandong Zhuoyue Biotechnology Co., Ltd.",biotech,used,2026-09-08T09:33:56.508392+00:00,2026-09-08T10:52:42.905273+00:00,2026-09-08T10:52:42.905273+00:00,https://eureka.patsnap.com/ai-search/sess_5756191aa54a44ab?from=rd-home&start_from=eureka_landingpage,https://eureka.patsnap.com/share/?id=e9802c26ceac86033401200c14fee6fb&from=invite-eureakplg-result&content=,
10,"IBIDEN Co., Ltd.",materials,used,2026-09-08T09:33:56.508606+00:00,2026-09-08T11:10:37.097958+00:00,2026-09-08T11:10:37.097958+00:00,https://eureka.patsnap.com/ai-search/sess_1fd0b263335d49ad?from=rd-home&start_from=eureka_landingpage,https://eureka.patsnap.com/share/?id=12498b62d6dbf9ddc16fa0e44004ebba&from=invite-eureakplg-result&content=,
11,Atotech Deutschland GmbH & Co. KG,materials,used,2026-09-08T09:33:56.508607+00:00,2026-09-08T12:00:02.226915+00:00,2026-09-08T12:00:02.226915+00:00,https://eureka.patsnap.com/ai-search/sess_513b81d307524ca7?from=rd-home&start_from=eureka_landingpage,https://eureka.patsnap.com/share/?id=41cb21ff9d4b27a4621a057b880e8162&from=invite-eureakplg-result&content=,
12,"Huawei Device Co., Ltd.",engineering,used,2026-09-08T09:33:56.508558+00:00,2026-09-08T11:59:47.461123+00:00,2026-09-08T11:59:47.461123+00:00,https://eureka.patsnap.com/ai-search/sess_7ee2e729c8bd4079?from=rd-home&start_from=eureka_landingpage,https://eureka.patsnap.com/share/?id=a996d919e69ffb781cd40d3179613c8f&from=invite-eureakplg-result&content=,
13,"Taiwan Semiconductor Manufacturing Co., Ltd.",electronics_manufacturing,used,2026-09-08T09:33:56.508480+00:00,2026-09-08T11:10:29.528084+00:00,2026-09-08T11:10:29.528084+00:00,https://eureka.patsnap.com/ai-search/sess_92a0ee6d569e4476?from=rd-home&start_from=eureka_landingpage,https://eureka.patsnap.com/share/?id=dfbcf776f6dd64e209a4972c125cbc49&from=invite-eureakplg-result&content=,
14,Sanofi-Aventis Deutschland GmbH,biotech,used,2026-09-08T09:33:56.508393+00:00,2026-09-08T10:52:44.429767+00:00,2026-09-08T10:52:44.429767+00:00,https://eureka.patsnap.com/ai-search/sess_1121f6f3fc634769?from=rd-home&start_from=eureka_landingpage,https://eureka.patsnap.com/share/?id=8e98af53b8837246c159cb59d40cc68d&from=invite-eureakplg-result&content=,
15,Massachusetts Institute of Technology,other,used,2026-09-08T09:33:56.508665+00:00,2026-09-08T12:00:32.268036+00:00,2026-09-08T12:00:32.268036+00:00,https://eureka.patsnap.com/ai-search/sess_29216c6523764aac?from=rd-home&start_from=eureka_landingpage,https://eureka.patsnap.com/share/?id=169209731b1da8ee99a2201a2e56d641&from=invite-eureakplg-result&content=,
16,"Kobe Steel, Ltd.",materials,used,2026-09-08T09:33:56.508608+00:00,2026-09-08T12:00:04.142005+00:00,2026-09-08T12:00:04.142005+00:00,https://eureka.patsnap.com/ai-search/sess_57430594b33d4935?from=rd-home&start_from=eureka_landingpage,https://eureka.patsnap.com/share/?id=09cbad42b72fc32b483059dd63f335ef&from=invite-eureakplg-result&content=,
17,NEC Platforms Ltd.,engineering,used,2026-09-08T09:33:56.508559+00:00,2026-09-08T12:04:39.247223+00:00,2026-09-08T12:04:39.247223+00:00,https://eureka.patsnap.com/ai-search/sess_9eaa69dc0b614b98?from=rd-home&start_from=eureka_landingpage,https://eureka.patsnap.com/share/?id=983bd2f5b4cba5a8d71180c47f4f5c40&from=invite-eureakplg-result&content=,
18,"Suzuki Co., Ltd.",engineering,used,2026-09-08T09:33:56.508560+00:00,2026-09-08T12:04:41.216048+00:00,2026-09-08T12:04:41.216048+00:00,https://eureka.patsnap.com/ai-search/sess_149e04feb03044d3?from=rd-home&start_from=eureka_landingpage,https://eureka.patsnap.com/share/?id=ea8b5fd528e755242dab16179ef933cb&from=invite-eureakplg-result&content=,
19,Alcon AG,medical_devices,used,2026-09-08T09:33:56.508643+00:00,2026-09-08T11:10:38.702852+00:00,2026-09-08T11:10:38.702852+00:00,https://eureka.patsnap.com/ai-search/sess_47b3ce70fcb74cb5?from=rd-home&start_from=eureka_landingpage,https://eureka.patsnap.com/share/?id=44cbdfbaf74a9cc61a4fe0b062e55f35&from=invite-eureakplg-result&content=,
20,DISCO Corp.,electronics_manufacturing,used,2026-09-08T09:33:56.508481+00:00,2026-09-08T11:59:24.077594+00:00,2026-09-08T11:59:24.077594+00:00,https://eureka.patsnap.com/ai-search/sess_a7603b67aea94c6d?from=rd-home&start_from=eureka_landingpage,https://eureka.patsnap.com/share/?id=dc91550820feeaa5ff5d8b397b65a594&from=invite-eureakplg-result&content=,
21,"Trimble, Inc.",construction,used,2026-09-08T09:33:56.508464+00:00,2026-09-08T11:10:27.619570+00:00,2026-09-08T11:10:27.619570+00:00,https://eureka.patsnap.com/ai-search/sess_7fbe9a5a7cc549c8?from=rd-home&start_from=eureka_landingpage,https://eureka.patsnap.com/share/?id=fc92b9d9c8dc9a13fa566a6ae4fbf399&from=invite-eureakplg-result&content=,
22,Janssen Pharmaceutica NV,biotech,used,2026-09-08T09:33:56.508395+00:00,2026-09-08T10:52:46.016907+00:00,2026-09-08T10:52:46.016907+00:00,https://eureka.patsnap.com/ai-search/sess_e82feb643fcd483e?from=rd-home&start_from=eureka_landingpage,https://eureka.patsnap.com/share/?id=5cd1e3eebc9e03ef56f7eae3e004c794&from=invite-eureakplg-result&content=,
23,Oppo,engineering,used,2026-09-08T09:33:56.508562+00:00,2026-09-08T12:04:42.825484+00:00,2026-09-08T12:04:42.825484+00:00,https://eureka.patsnap.com/ai-search/sess_6049ab797c8740bc?from=rd-home&start_from=eureka_landingpage,https://eureka.patsnap.com/share/?id=5b6f069bec088891a4c497e724ab9091&from=invite-eureakplg-result&content=,
24,"Graco, Inc.",engineering,used,2026-09-08T09:33:56.508563+00:00,2026-09-08T12:04:45.019250+00:00,2026-09-08T12:04:45.019250+00:00,https://eureka.patsnap.com/ai-search/sess_56804fc951c44504?from=rd-home&start_from=eureka_landingpage,https://eureka.patsnap.com/share/?id=29cd790c62af988145364478bda99b46&from=invite-eureakplg-result&content=,
25,Search results for “Metallurgy” companies,materials,used,2026-09-08T09:33:56.508609+00:00,2026-09-08T12:00:06.772030+00:00,2026-09-08T12:00:06.772030+00:00,https://eureka.patsnap.com/ai-search/sess_9e368606e4384b99?from=rd-home&start_from=eureka_landingpage,https://eureka.patsnap.com/share/?id=368e6074ecdb5a54e41103fa87801415&from=invite-eureakplg-result&content=,
26,"JD.com, Inc.",other,used,2026-09-08T09:33:56.508666+00:00,2026-09-08T12:00:34.696382+00:00,2026-09-08T12:00:34.696382+00:00,https://eureka.patsnap.com/ai-search/sess_f1f691ed14af48ff?from=rd-home&start_from=eureka_landingpage,https://eureka.patsnap.com/share/?id=ccfdd554ebc29701817a5277317ef081&from=invite-eureakplg-result&content=,
27,Promega Corp.,biotech,used,2026-09-08T09:33:56.508396+00:00,2026-09-08T10:52:48.481265+00:00,2026-09-08T10:52:48.481265+00:00,https://eureka.patsnap.com/ai-search/sess_1c01eed31b234242?from=rd-home&start_from=eureka_landingpage,https://eureka.patsnap.com/share/?id=9b74914a7a87c5398da95b712e13ac76&from=invite-eureakplg-result&content=,
28,"Fiberhome Telecommunication Technologies Co., Ltd.",other,used,2026-09-08T09:33:56.508667+00:00,2026-09-08T12:05:26.089488+00:00,2026-09-08T12:05:26.089488+00:00,https://eureka.patsnap.com/ai-search/sess_4194fed069bd4bed?from=rd-home&start_from=eureka_landingpage,https://eureka.patsnap.com/share/?id=b9b092330a99421823b3a9862d1f9e28&from=invite-eureakplg-result&content=,
29,Arenco AB,engineering,used,2026-09-08T09:33:56.508564+00:00,2026-09-08T12:04:46.598507+00:00,2026-09-08T12:04:46.598507+00:00,https://eureka.patsnap.com/ai-search/sess_9e307c44ab43470b?from=rd-home&start_from=eureka_landingpage,https://eureka.patsnap.com/share/?id=72177af50d0f9af2683839e1f25a3b54&from=invite-eureakplg-result&content=,
30,Hexcel Corp.,engineering,used,2026-09-08T09:33:56.508565+00:00,2026-09-08T12:06:26.288449+00:00,2026-09-08T12:06:26.288449+00:00,https://eureka.patsnap.com/ai-search/sess_3f431e98b1f44b90?from=rd-home&start_from=eureka_landingpage,https://eureka.patsnap.com/share/?id=1c83ae08c9c28dea0b8233298a21a5b0&from=invite-eureakplg-result&content=,
31,China Agricultural University,other,used,2026-09-08T09:33:56.508668+00:00,2026-09-08T12:05:27.716494+00:00,2026-09-08T12:05:27.716494+00:00,https://eureka.patsnap.com/ai-search/sess_2a50ef9749c14aa6?from=rd-home&start_from=eureka_landingpage,https://eureka.patsnap.com/share/?id=b3b3ab394b4411f22a872aa7cc29c66e&from=invite-eureakplg-result&content=,
32,Cilag AG,biotech,used,2026-09-08T09:33:56.508397+00:00,2026-09-08T10:52:50.871047+00:00,2026-09-08T10:52:50.871047+00:00,https://eureka.patsnap.com/ai-search/sess_8a1aad13c9bb402a?from=rd-home&start_from=eureka_landingpage,https://eureka.patsnap.com/share/?id=7d2e8f694f1b062daeb0af103195bb8b&from=invite-eureakplg-result&content=,
33,Leica Geosystems AG,engineering,used,2026-09-08T09:33:56.508566+00:00,2026-09-08T12:06:28.487346+00:00,2026-09-08T12:06:28.487346+00:00,https://eureka.patsnap.com/ai-search/sess_9c0649d226d442a8?from=rd-home&start_from=eureka_landingpage,https://eureka.patsnap.com/share/?id=9f539b78b208b7502d52276818af5687&from=invite-eureakplg-result&content=,
34,Nichia Corp.,electronics_manufacturing,used,2026-09-08T09:33:56.508483+00:00,2026-09-08T11:59:25.633270+00:00,2026-09-08T11:59:25.633270+00:00,https://eureka.patsnap.com/ai-search/sess_4c882114df734a85?from=rd-home&start_from=eureka_landingpage,https://eureka.patsnap.com/share/?id=7fd39b5afb4b92bf3f3b1a2ed6ba6628&from=invite-eureakplg-result&content=,
35,"ABB Automation, Inc.",engineering,used,2026-09-08T09:33:56.508567+00:00,2026-09-08T12:06:31.502159+00:00,2026-09-08T12:06:31.502159+00:00,https://eureka.patsnap.com/ai-search/sess_d719d92f47f44e9e?from=rd-home&start_from=eureka_landingpage,https://eureka.patsnap.com/share/?id=f6fb5f0fb523fcffe8031c870472a899&from=invite-eureakplg-result&content=,
36,"Fuji Electronics Co., Ltd.",engineering,used,2026-09-08T09:33:56.508569+00:00,2026-09-08T12:06:36.031388+00:00,2026-09-08T12:06:36.031388+00:00,https://eureka.patsnap.com/ai-search/sess_c479ef252a254100?from=rd-home&start_from=eureka_landingpage,https://eureka.patsnap.com/share/?id=49ce56192a2cf0639d53ec52f58f55da&from=invite-eureakplg-result&content=,
37,"Kennametal, Inc.",engineering,used,2026-09-08T09:33:56.508571+00:00,2026-09-08T12:06:37.754670+00:00,2026-09-08T12:06:37.754670+00:00,https://eureka.patsnap.com/ai-search/sess_97334f1f955e470b?from=rd-home&start_from=eureka_landingpage,https://eureka.patsnap.com/share/?id=de3ddfbea6da7f77018788ed91194152&from=invite-eureakplg-result&content=,
38,AC Immune SA,biotech,used,2026-09-08T09:33:56.508398+00:00,2026-09-08T10:52:52.376617+00:00,2026-09-08T10:52:52.376617+00:00,https://eureka.patsnap.com/ai-search/sess_15d8c943ea494ca1?from=rd-home&start_from=eureka_landingpage,https://eureka.patsnap.com/share/?id=5b81fd173e87b56a106a18c49dd02d11&from=invite-eureakplg-result&content=,
39,"Qingdao Haier Air Conditioning Electronics Co., Ltd.",engineering,used,2026-09-08T09:33:56.508572+00:00,2026-09-08T12:08:33.741731+00:00,2026-09-08T12:08:33.741731+00:00,https://eureka.patsnap.com/ai-search/sess_baee210e5ca841d8?from=rd-home&start_from=eureka_landingpage,https://eureka.patsnap.com/share/?id=319b93c77c2a7af1d4090dce04920d19&from=invite-eureakplg-result&content=,
40,University Of Jinan,other,used,2026-09-08T09:33:56.508669+00:00,2026-09-08T12:05:29.826484+00:00,2026-09-08T12:05:29.826484+00:00,https://eureka.patsnap.com/ai-search/sess_b128d623e72143f2?from=rd-home&start_from=eureka_landingpage,https://eureka.patsnap.com/share/?id=a7c252bf1ec658f2e419f45e3486adb8&from=invite-eureakplg-result&content=,
41,Search results for “Biomedicine” companies,biotech,used,2026-09-08T09:33:56.508400+00:00,2026-09-08T10:52:53.851425+00:00,2026-09-08T10:52:53.851425+00:00,https://eureka.patsnap.com/ai-search/sess_26d21a0fd2ad4b03?from=rd-home&start_from=eureka_landingpage,https://eureka.patsnap.com/share/?id=024482d54196c2210031573a3d139375&from=invite-eureakplg-result&content=,
42,OSRAM Opto Semiconductors GmbH,electronics_manufacturing,used,2026-09-08T09:33:56.508484+00:00,2026-09-08T11:59:27.217850+00:00,2026-09-08T11:59:27.217850+00:00,https://eureka.patsnap.com/ai-search/sess_0571e6d6e8054b21?from=rd-home&start_from=eureka_landingpage,https://eureka.patsnap.com/share/?id=3d75287c5ee520e7e6eb968f6814d764&from=invite-eureakplg-result&content=,
43,"Shandong Iron & Steel Co., Ltd.",materials,used,2026-09-08T09:33:56.508611+00:00,2026-09-08T12:00:08.406110+00:00,2026-09-08T12:00:08.406110+00:00,https://eureka.patsnap.com/ai-search/sess_dbff80c1d2d24333?from=rd-home&start_from=eureka_landingpage,https://eureka.patsnap.com/share/?id=58aaab931084e2e8e0f0a528ac64fa15&from=invite-eureakplg-result&content=,
44,"ADT, Inc.",other,used,2026-09-08T09:33:56.508671+00:00,2026-09-08T12:05:31.527859+00:00,2026-09-08T12:05:31.527859+00:00,https://eureka.patsnap.com/ai-search/sess_007137689e914c88?from=rd-home&start_from=eureka_landingpage,https://eureka.patsnap.com/share/?id=de5bb9016381e367b4291c1bf51224cb&from=invite-eureakplg-result&content=,
45,Nisshinbo Textile Inc.,materials,used,2026-09-08T09:33:56.508612+00:00,2026-09-08T12:00:12.542135+00:00,2026-09-08T12:00:12.542135+00:00,https://eureka.patsnap.com/ai-search/sess_2f2e475a7c8a4221?from=rd-home&start_from=eureka_landingpage,https://eureka.patsnap.com/share/?id=f304b6a7dfce40a271d2a26dbf113be8&from=invite-eureakplg-result&content=,
46,"S.C. Johnson & Son, Inc.",engineering,used,2026-09-08T09:33:56.508573+00:00,2026-09-08T12:08:38.781486+00:00,2026-09-08T12:08:38.781486+00:00,https://eureka.patsnap.com/ai-search/sess_79f85e68faf14301?from=rd-home&start_from=eureka_landingpage,https://eureka.patsnap.com/share/?id=824cdfd63f10b1b3184c94e6599fb205&from=invite-eureakplg-result&content=,
47,"Affymetrix, Inc.",biotech,used,2026-09-08T09:33:56.508401+00:00,2026-09-08T10:52:56.929040+00:00,2026-09-08T10:52:56.929040+00:00,https://eureka.patsnap.com/ai-search/sess_ca0ba37ca5794118?from=rd-home&start_from=eureka_landingpage,https://eureka.patsnap.com/share/?id=053a1b232492dd9fc868b6b56c49ebb3&from=invite-eureakplg-result&content=,
48,JSW,materials,used,2026-09-08T09:33:56.508613+00:00,2026-09-08T12:05:00.181552+00:00,2026-09-08T12:05:00.181552+00:00,https://eureka.patsnap.com/ai-search/sess_737cc769355443dc?from=rd-home&start_from=eureka_landingpage,https://eureka.patsnap.com/share/?id=6dac3ffdd404f965fa31279ebd013050&from=invite-eureakplg-result&content=,
49,Procter & Gamble GmbH,engineering,used,2026-09-08T09:33:56.508575+00:00,2026-09-08T12:08:42.078936+00:00,2026-09-08T12:08:42.078936+00:00,https://eureka.patsnap.com/ai-search/sess_d06d85d54b6b469d?from=rd-home&start_from=eureka_landingpage,https://eureka.patsnap.com/share/?id=393f73bc66327f198becf5bf688256fa&from=invite-eureakplg-result&content=,
50,"Guangdong OPPO Mobile Telecommunications Corp., Ltd.",engineering,used,2026-09-08T09:33:56.508576+00:00,2026-09-08T12:08:47.019471+00:00,2026-09-08T12:08:47.019471+00:00,https://eureka.patsnap.com/ai-search/sess_9705eff85b1842d3?from=rd-home&start_from=eureka_landingpage,https://eureka.patsnap.com/share/?id=6014c3b13334ff7cf61d1142832a887d&from=invite-eureakplg-result&content=,
51,"Fujian Electric Power Co., Ltd. Quanzhou Electric Power Technology Research Institute",engineering,used,2026-09-08T09:33:56.508578+00:00,2026-09-08T12:08:52.591614+00:00,2026-09-08T12:08:52.591614+00:00,https://eureka.patsnap.com/ai-search/sess_481aec52489f4477?from=rd-home&start_from=eureka_landingpage,https://eureka.patsnap.com/share/?id=bfb8936258e3277b805e58c48a46ac7e&from=invite-eureakplg-result&content=,
52,X Corp. (United States),materials,used,2026-09-08T09:33:56.508614+00:00,2026-09-08T12:05:05.595100+00:00,2026-09-08T12:05:05.595100+00:00,https://eureka.patsnap.com/ai-search/sess_ca0ffb2da25a4b16?from=rd-home&start_from=eureka_landingpage,https://eureka.patsnap.com/share/?id=7f39204a7f12727bb6b30b3e9bd153dd&from=invite-eureakplg-result&content=,
53,manroland AG,engineering,used,2026-09-08T09:33:56.508579+00:00,2026-09-08T12:11:48.320523+00:00,2026-09-08T12:11:48.320523+00:00,https://eureka.patsnap.com/ai-search/sess_c02e35aa82714f41?from=rd-home&start_from=eureka_landingpage,https://eureka.patsnap.com/share/?id=bd04da7ae07e69074026144a2d1b8ceb&from=invite-eureakplg-result&content=,
54,Atlas Copco AB,engineering,used,2026-09-08T09:33:56.508580+00:00,2026-09-08T12:11:52.060164+00:00,2026-09-08T12:11:52.060164+00:00,https://eureka.patsnap.com/ai-search/sess_510dd3b988454e5e?from=rd-home&start_from=eureka_landingpage,https://eureka.patsnap.com/share/?id=f50c69d5f442301d8c83eb5c21233233&from=invite-eureakplg-result&content=,
55,"Mabuchi Motor Co., Ltd.",engineering,used,2026-09-08T09:33:56.508581+00:00,2026-09-08T12:11:55.740475+00:00,2026-09-08T12:11:55.740475+00:00,https://eureka.patsnap.com/ai-search/sess_f8c8cc8472ad4484?from=rd-home&start_from=eureka_landingpage,https://eureka.patsnap.com/share/?id=fed782f65f24ad333922c3b167057959&from=invite-eureakplg-result&content=,
56,International Paper Co.,engineering,used,2026-09-08T09:33:56.508582+00:00,2026-09-08T12:11:59.688845+00:00,2026-09-08T12:11:59.688845+00:00,https://eureka.patsnap.com/ai-search/sess_cbc4b34f4c86496f?from=rd-home&start_from=eureka_landingpage,https://eureka.patsnap.com/share/?id=a37cdb54e622c5dd953eef31c2041fee&from=invite-eureakplg-result&content=,
57,"General Mills, Inc.",other,used,2026-09-08T09:33:56.508672+00:00,2026-09-08T12:05:34.153325+00:00,2026-09-08T12:05:34.153325+00:00,https://eureka.patsnap.com/ai-search/sess_729649603ced4c49?from=rd-home&start_from=eureka_landingpage,https://eureka.patsnap.com/share/?id=ef304b04d0d24ccd26312c4ac726a32f&from=invite-eureakplg-result&content=,
58,E.I. du Pont de Nemours & Co.,food_farming_production,used,2026-09-08T09:33:56.508589+00:00,2026-09-08T11:10:34.154454+00:00,2026-09-08T11:10:34.154454+00:00,https://eureka.patsnap.com/ai-search/sess_604885974e214274?from=rd-home&start_from=eureka_landingpage,https://eureka.patsnap.com/share/?id=d671bc4ffbdaa47a5e44b3ac4e4d1e56&from=invite-eureakplg-result&content=,
59,KITZ Corp.,engineering,used,2026-09-08T09:33:56.508583+00:00,2026-09-08T12:12:02.682756+00:00,2026-09-08T12:12:02.682756+00:00,https://eureka.patsnap.com/ai-search/sess_00bbeafe1d3c4692?from=rd-home&start_from=eureka_landingpage,https://eureka.patsnap.com/share/?id=fa8cd097f435568720b8383756867ec1&from=invite-eureakplg-result&content=,
60,BIONEER Corp.,biotech,used,2026-09-08T09:33:56.508402+00:00,2026-09-08T10:53:02.171482+00:00,2026-09-08T10:53:02.171482+00:00,https://eureka.patsnap.com/ai-search/sess_9be3668e98954760?from=rd-home&start_from=eureka_landingpage,https://eureka.patsnap.com/share/?id=973b6113f10a2a01de91cf1ecbb97b1c&from=invite-eureakplg-result&content=,
61,Katholieke Universiteit Leuven,engineering,used,2026-09-08T09:33:56.508584+00:00,2026-09-08T12:14:30.140984+00:00,2026-09-08T12:14:30.140984+00:00,https://eureka.patsnap.com/ai-search/sess_1596b21b7f2e4d3c?from=rd-home&start_from=eureka_landingpage,https://eureka.patsnap.com/share/?id=c2bc80276bea9e80f077c13db8c2b2fe&from=invite-eureakplg-result&content=,
62,"Ventana Medical Systems, Inc.",medical_devices,used,2026-09-08T09:33:56.508644+00:00,2026-09-08T12:00:14.117985+00:00,2026-09-08T12:00:14.117985+00:00,https://eureka.patsnap.com/ai-search/sess_8a828017a776451e?from=rd-home&start_from=eureka_landingpage,https://eureka.patsnap.com/share/?id=2603391e2af4d09639f118b88f1ccb5d&from=invite-eureakplg-result&content=,
63,Sikorsky Aircraft Corp.,engineering,used,2026-09-08T09:33:56.508586+00:00,2026-09-08T12:14:33.247864+00:00,2026-09-08T12:14:33.247864+00:00,https://eureka.patsnap.com/ai-search/sess_d4f023609cc64e59?from=rd-home&start_from=eureka_landingpage,https://eureka.patsnap.com/share/?id=5897d60c61b8f0699993f66e6f732f79&from=invite-eureakplg-result&content=,
64,"Nikkiso Co., Ltd.",engineering,used,2026-09-08T09:33:56.508587+00:00,2026-09-08T12:14:38.765615+00:00,2026-09-08T12:14:38.765615+00:00,https://eureka.patsnap.com/ai-search/sess_23d31b0f29c1450d?from=rd-home&start_from=eureka_landingpage,https://eureka.patsnap.com/share/?id=3c188d38251bd8fac47bf643fb03a6ec&from=invite-eureakplg-result&content=,
65,W.R. Grace & Co.,engineering,used,2026-09-08T09:33:56.508588+00:00,2026-09-08T12:14:43.280886+00:00,2026-09-08T12:14:43.280886+00:00,https://eureka.patsnap.com/ai-search/sess_317c4323ab8d435a?from=rd-home&start_from=eureka_landingpage,https://eureka.patsnap.com/share/?id=1e0cadf227c5ffb5520c6c0af7f2fef0&from=invite-eureakplg-result&content=,
66,"Freescale Semiconductor, Inc.",electronics_manufacturing,used,2026-09-08T09:33:56.508485+00:00,2026-09-08T11:59:28.999979+00:00,2026-09-08T11:59:28.999979+00:00,https://eureka.patsnap.com/ai-search/sess_08d9b1c7f91a48d1?from=rd-home&start_from=eureka_landingpage,https://eureka.patsnap.com/share/?id=06ab4877533ba08d238ec63d72d389d0&from=invite-eureakplg-result&content=,
67,SNECMA SA,automotive,used,2026-09-08T09:33:56.507959+00:00,2026-09-08T10:51:53.569204+00:00,2026-09-08T10:51:53.569204+00:00,https://eureka.patsnap.com/ai-search/sess_75099f8f7d044e18?from=rd-home&start_from=eureka_landingpage,https://eureka.patsnap.com/share/?id=423261c4dcdfaaa202a1288fb8565160&from=invite-eureakplg-result&content=,
68,"Scientific-Atlanta, Inc.",engineering,used,2026-09-08T12:14:43.287891+00:00,2026-09-08T12:14:49.471151+00:00,2026-09-08T12:14:49.471151+00:00,https://eureka.patsnap.com/ai-search/sess_d7c18c65ce964c59?from=rd-home&start_from=eureka_landingpage,https://eureka.patsnap.com/share/?id=71b345b5f2275251b350058d059ed6f6&from=invite-eureakplg-result&content=,
69,"BTG, Inc.",engineering,used,2026-09-08T12:18:18.944603+00:00,2026-09-08T12:18:23.749490+00:00,2026-09-08T12:18:23.749490+00:00,https://eureka.patsnap.com/ai-search/sess_4d5a80f29b8145ef?from=rd-home&start_from=eureka_landingpage,https://eureka.patsnap.com/share/?id=b791ff78a79bb743e171be5b42c63ce4&from=invite-eureakplg-result&content=,
70,Campagnolo SRL,engineering,used,2026-09-08T12:18:23.756707+00:00,2026-09-08T12:18:28.147770+00:00,2026-09-08T12:18:28.147770+00:00,https://eureka.patsnap.com/ai-search/sess_2199b060e3d24302?from=rd-home&start_from=eureka_landingpage,https://eureka.patsnap.com/share/?id=a1fbfaa3f8be594f632524c874e7701a&from=invite-eureakplg-result&content=,
71,Microsoft Corp.,other,used,2026-09-08T09:33:56.508673+00:00,2026-09-08T12:06:50.038661+00:00,2026-09-08T12:06:50.038661+00:00,https://eureka.patsnap.com/ai-search/sess_055c0ddab1f54d41?from=rd-home&start_from=eureka_landingpage,https://eureka.patsnap.com/share/?id=42f113769f3675dbd55ee47deebe2a31&from=invite-eureakplg-result&content=,
72,"Nittetsu Mining Co., Ltd.",construction,used,2026-09-08T09:33:56.508465+00:00,2026-09-08T11:59:16.359210+00:00,2026-09-08T11:59:16.359210+00:00,https://eureka.patsnap.com/ai-search/sess_6dd6ad19cf294b45?from=rd-home&start_from=eureka_landingpage,https://eureka.patsnap.com/share/?id=9c11c5faa8d6aed70ab6826f73c79f0a&from=invite-eureakplg-result&content=,
73,"Chuo Spring Co., Ltd.",automotive,used,2026-09-08T09:33:56.508344+00:00,2026-09-08T10:51:55.139017+00:00,2026-09-08T10:51:55.139017+00:00,https://eureka.patsnap.com/ai-search/sess_b61667c4517d4535?from=rd-home&start_from=eureka_landingpage,https://eureka.patsnap.com/share/?id=31481d3a1f3d2138286a414fc82eb448&from=invite-eureakplg-result&content=,
74,Pilz GmbH & Co. KG,other,used,2026-09-08T09:33:56.508674+00:00,2026-09-08T12:06:53.024653+00:00,2026-09-08T12:06:53.024653+00:00,https://eureka.patsnap.com/ai-search/sess_a6cc7cc1a05d42a9?from=rd-home&start_from=eureka_landingpage,https://eureka.patsnap.com/share/?id=6d440b68421586446712c172185dc326&from=invite-eureakplg-result&content=,
75,"Schneider Electric USA, Inc.",construction,used,2026-09-08T09:33:56.508467+00:00,2026-09-08T11:59:17.878401+00:00,2026-09-08T11:59:17.878401+00:00,https://eureka.patsnap.com/ai-search/sess_6cb48444a16f4516?from=rd-home&start_from=eureka_landingpage,https://eureka.patsnap.com/share/?id=e22e8ec38848d3ef16ba8b7ec7167e96&from=invite-eureakplg-result&content=,
76,"KOHJIN Co., Ltd.",food_farming_production,used,2026-09-08T09:33:56.508594+00:00,2026-09-08T11:10:35.602168+00:00,2026-09-08T11:10:35.602168+00:00,https://eureka.patsnap.com/ai-search/sess_8c464926bf0d427c?from=rd-home&start_from=eureka_landingpage,https://eureka.patsnap.com/share/?id=e880ecb4bbf57d32587824c73d0f9100&from=invite-eureakplg-result&content=,
77,Nippon Sanso KK,materials,used,2026-09-08T09:33:56.508615+00:00,2026-09-08T12:05:07.311449+00:00,2026-09-08T12:05:07.311449+00:00,https://eureka.patsnap.com/ai-search/sess_fec98881d947400d?from=rd-home&start_from=eureka_landingpage,https://eureka.patsnap.com/share/?id=ce90d4592aff4e9ff458cb2d368ef088&from=invite-eureakplg-result&content=,
78,Mitsubishi Engineering-Plastics Corp.,engineering,used,2026-09-08T12:18:28.154729+00:00,2026-09-08T12:18:33.475288+00:00,2026-09-08T12:18:33.475288+00:00,https://eureka.patsnap.com/ai-search/sess_c69553a23183483c?from=rd-home&start_from=eureka_landingpage,https://eureka.patsnap.com/share/?id=ef9746e98c4cd52099750f7fc62f26f5&from=invite-eureakplg-result&content=,
79,"Alexion Pharmaceuticals, Inc.",biotech,used,2026-09-08T09:33:56.508403+00:00,2026-09-08T10:53:05.248245+00:00,2026-09-08T10:53:05.248245+00:00,https://eureka.patsnap.com/ai-search/sess_bab3629c23104116?from=rd-home&start_from=eureka_landingpage,https://eureka.patsnap.com/share/?id=6e1b3398ab869c695a889e75cb74f240&from=invite-eureakplg-result&content=,
80,Foxboro,engineering,used,2026-09-08T12:18:33.481870+00:00,2026-09-08T12:18:36.508435+00:00,2026-09-08T12:18:36.508435+00:00,https://eureka.patsnap.com/ai-search/sess_7db08e7d49b442b7?from=rd-home&start_from=eureka_landingpage,https://eureka.patsnap.com/share/?id=a9ffc24ed3125fc46a84477eae7dc373&from=invite-eureakplg-result&content=,
81,"Sakai Chemical Industry Co., Ltd.",chemical,used,2026-09-08T09:33:56.508426+00:00,2026-09-08T10:53:43.425979+00:00,2026-09-08T10:53:43.425979+00:00,https://eureka.patsnap.com/ai-search/sess_3cd935e26619455c?from=rd-home&start_from=eureka_landingpage,https://eureka.patsnap.com/share/?id=c6cfe1bd4d24626ec1aab156f4d3bb98&from=invite-eureakplg-result&content=,
82,"Air Products & Chemicals, Inc.",engineering,used,2026-09-08T12:18:36.515437+00:00,2026-09-08T12:18:41.226588+00:00,2026-09-08T12:18:41.226588+00:00,https://eureka.patsnap.com/ai-search/sess_0e82186a559f4715?from=rd-home&start_from=eureka_landingpage,https://eureka.patsnap.com/share/?id=671d16c823b7c80f115b577927b5d37b&from=invite-eureakplg-result&content=,
83,"Zhejiang Hd4u Smart Home Co., Ltd.",other,used,2026-09-08T09:33:56.508675+00:00,2026-09-08T12:06:56.800156+00:00,2026-09-08T12:06:56.800156+00:00,https://eureka.patsnap.com/ai-search/sess_6e1ba13b63574ccb?from=rd-home&start_from=eureka_landingpage,https://eureka.patsnap.com/share/?id=67c724a3b084d110a39da3b1dd4b2bbe&from=invite-eureakplg-result&content=,
84,Heidelberger Druckmaschinen AG,engineering,used,2026-09-08T12:18:41.231551+00:00,2026-09-08T12:18:44.049615+00:00,2026-09-08T12:18:44.049615+00:00,https://eureka.patsnap.com/ai-search/sess_821b889614e44037?from=rd-home&start_from=eureka_landingpage,https://eureka.patsnap.com/share/?id=9a78eb3c1040b35e5d225fdd664a348e&from=invite-eureakplg-result&content=,
85,Nihon Kohden Corp.,medical_devices,used,2026-09-08T09:33:56.508645+00:00,2026-09-08T12:00:16.751822+00:00,2026-09-08T12:00:16.751822+00:00,https://eureka.patsnap.com/ai-search/sess_8676f5a624184fb5?from=rd-home&start_from=eureka_landingpage,https://eureka.patsnap.com/share/?id=67346b66195318541c753586ca3dcabd&from=invite-eureakplg-result&content=,
86,"Alpine Electronics, Inc.",automotive,used,2026-09-08T09:33:56.508347+00:00,2026-09-08T10:51:56.850293+00:00,2026-09-08T10:51:56.850293+00:00,https://eureka.patsnap.com/ai-search/sess_ad4f368a10fe407e?from=rd-home&start_from=eureka_landingpage,https://eureka.patsnap.com/share/?id=a2b22767e6744cf53f8907866207fd7a&from=invite-eureakplg-result&content=,
87,"China Tobacco Jiangsu Industrial Co., Ltd.",engineering,used,2026-09-08T12:18:44.057240+00:00,2026-09-08T12:18:46.595147+00:00,2026-09-08T12:18:46.595147+00:00,https://eureka.patsnap.com/ai-search/sess_ecbd4c15c4a54ca2?from=rd-home&start_from=eureka_landingpage,https://eureka.patsnap.com/share/?id=c8f53874f561fba316e6399c0e5010cb&from=invite-eureakplg-result&content=,
88,"Shougang Group Co., Ltd.",materials,used,2026-09-08T09:33:56.508617+00:00,2026-09-08T12:05:09.593186+00:00,2026-09-08T12:05:09.593186+00:00,https://eureka.patsnap.com/ai-search/sess_481b4f1ddf664ec2?from=rd-home&start_from=eureka_landingpage,https://eureka.patsnap.com/share/?id=763f27aa837ae8c4e849262d122c70df&from=invite-eureakplg-result&content=,
89,Wuhan University,other,used,2026-09-08T09:33:56.508677+00:00,2026-09-08T12:06:58.968803+00:00,2026-09-08T12:06:58.968803+00:00,https://eureka.patsnap.com/ai-search/sess_133db8bc71484f95?from=rd-home&start_from=eureka_landingpage,https://eureka.patsnap.com/share/?id=79fe0a93c39b87a49440df1f5461e413&from=invite-eureakplg-result&content=,
90,MiTAC International Corp.,electronics_manufacturing,used,2026-09-08T09:33:56.508486+00:00,2026-09-08T11:59:30.600604+00:00,2026-09-08T11:59:30.600604+00:00,https://eureka.patsnap.com/ai-search/sess_a5e4e1d4fdf54573?from=rd-home&start_from=eureka_landingpage,https://eureka.patsnap.com/share/?id=c1990fc3e6460acdcc41842713322f90&from=invite-eureakplg-result&content=,
91,Search results for “Materials science” companies,materials,used,2026-09-08T09:33:56.508618+00:00,2026-09-08T12:05:11.649373+00:00,2026-09-08T12:05:11.649373+00:00,https://eureka.patsnap.com/ai-search/sess_8c8c4561d4db4032?from=rd-home&start_from=eureka_landingpage,https://eureka.patsnap.com/share/?id=9f1e27fcaaad3d15d348d149e5b7aefa&from=invite-eureakplg-result&content=,
92,"Zoosk, Inc.",engineering,used,2026-09-08T12:18:46.602593+00:00,2026-09-08T12:18:48.265837+00:00,2026-09-08T12:18:48.265837+00:00,https://eureka.patsnap.com/ai-search/sess_0baf624c4a81401b?from=rd-home&start_from=eureka_landingpage,https://eureka.patsnap.com/share/?id=bd5a6d2727edb8a05cf1e64f8b49dd46&from=invite-eureakplg-result&content=,
93,Infosys Ltd.,construction,used,2026-09-08T09:33:56.508468+00:00,2026-09-08T11:59:19.407038+00:00,2026-09-08T11:59:19.407038+00:00,https://eureka.patsnap.com/ai-search/sess_764d2835491e4eff?from=rd-home&start_from=eureka_landingpage,https://eureka.patsnap.com/share/?id=e059890f11127f8d43d3c79cf9624ba5&from=invite-eureakplg-result&content=,
94,Subaru Corp.,engineering,used,2026-09-08T12:18:48.273781+00:00,2026-09-08T12:18:49.880031+00:00,2026-09-08T12:18:49.880031+00:00,https://eureka.patsnap.com/ai-search/sess_f8a169aa05b24251?from=rd-home&start_from=eureka_landingpage,https://eureka.patsnap.com/share/?id=5124bc046640971d778c391816195c3c&from=invite-eureakplg-result&content=,
95,Swiss Federal Institute of Technology Zurich,other,used,2026-09-08T09:33:56.508678+00:00,2026-09-08T12:07:02.049930+00:00,2026-09-08T12:07:02.049930+00:00,https://eureka.patsnap.com/ai-search/sess_a6c3a2993191451b?from=rd-home&start_from=eureka_landingpage,https://eureka.patsnap.com/share/?id=689e5d6605eb27933f19f0ae2fba77ab&from=invite-eureakplg-result&content=,
96,Nagoya University,other,used,2026-09-08T09:33:56.508679+00:00,2026-09-08T12:09:21.852015+00:00,2026-09-08T12:09:21.852015+00:00,https://eureka.patsnap.com/ai-search/sess_78d1b2922fe04336?from=rd-home&start_from=eureka_landingpage,https://eureka.patsnap.com/share/?id=91e928235b84f0a83a5f4a1c706995c7&from=invite-eureakplg-result&content=,
97,"Ocean's King Lighting Science & Technology Co., Ltd.",engineering,used,2026-09-08T12:18:49.886159+00:00,2026-09-08T12:18:52.147479+00:00,2026-09-08T12:18:52.147479+00:00,https://eureka.patsnap.com/ai-search/sess_daaac1b34b5d4a4d?from=rd-home&start_from=eureka_landingpage,https://eureka.patsnap.com/share/?id=0c138eacb431fcbc94f7df36765727b3&from=invite-eureakplg-result&content=,
98,Changsha Zoomlion Environmental & Sanitation Machinery Co. Ltd,engineering,used,2026-09-08T12:18:52.154542+00:00,2026-09-08T12:18:54.305361+00:00,2026-09-08T12:18:54.305361+00:00,https://eureka.patsnap.com/ai-search/sess_576b2503a6114156?from=rd-home&start_from=eureka_landingpage,https://eureka.patsnap.com/share/?id=e798c96416b231bace8af7394d810dbe&from=invite-eureakplg-result&content=,
99,Hewlett-Packard Development Co. LP,electronics_manufacturing,used,2026-09-08T09:33:56.508487+00:00,2026-09-08T12:04:14.309345+00:00,2026-09-08T12:04:14.309345+00:00,https://eureka.patsnap.com/ai-search/sess_c7e64bed6f6a4ccb?from=rd-home&start_from=eureka_landingpage,https://eureka.patsnap.com/share/?id=ebdfd36b6008af9c5f0eff6c57891565&from=invite-eureakplg-result&content=,
100,How to Characterize Limit of Detection (LOD) and Dynamic Range for Resonant Biosensors,medical_devices,used,2026-09-08T09:33:56.508647+00:00,2026-09-08T12:00:18.832409+00:00,2026-09-08T12:00:18.832409+00:00,https://eureka.patsnap.com/ai-search/sess_3f8ac163a9ae4c90?from=rd-home&start_from=eureka_landingpage,https://eureka.patsnap.com/share/?id=416eebe35b5bf35bb80fcedfec96c595&from=invite-eureakplg-result&content=,
101,Lithium orotate's potential in addiction therapy frameworks,biotech,used,2026-09-08T09:33:56.508405+00:00,2026-09-08T10:53:07.609041+00:00,2026-09-08T10:53:07.609041+00:00,https://eureka.patsnap.com/ai-search/sess_51ce5e709bbf4416?from=rd-home&start_from=eureka_landingpage,https://eureka.patsnap.com/share/?id=4da6eae2dbf7a20346ba647080df4898&from=invite-eureakplg-result&content=,
102,how does the schumann resonance affect humans,other,used,2026-09-08T09:33:56.508680+00:00,2026-09-08T12:09:24.788281+00:00,2026-09-08T12:09:24.788281+00:00,https://eureka.patsnap.com/ai-search/sess_ac262b3267c34a4c?from=rd-home&start_from=eureka_landingpage,https://eureka.patsnap.com/share/?id=d59c194bd8816535c98863dfb8003d2f&from=invite-eureakplg-result&content=,
103,Photonic Integrated Circuits and their Impact on Sensor Technology,electronics_manufacturing,used,2026-09-08T09:33:56.508489+00:00,2026-09-08T12:04:16.162860+00:00,2026-09-08T12:04:16.162860+00:00,https://eureka.patsnap.com/ai-search/sess_7866316f980f41ac?from=rd-home&start_from=eureka_landingpage,https://eureka.patsnap.com/share/?id=d0c671cdfc15aa25eeed89f36561d8a8&from=invite-eureakplg-result&content=,
104,Hirudoid’s Potential in Treating Hemorrhoids,medical_devices,used,2026-09-08T09:33:56.508648+00:00,2026-09-08T12:00:20.389919+00:00,2026-09-08T12:00:20.389919+00:00,https://eureka.patsnap.com/ai-search/sess_e3b59b13086d4527?from=rd-home&start_from=eureka_landingpage,https://eureka.patsnap.com/share/?id=4565786531f5cf2e23a04f251ef5555a&from=invite-eureakplg-result&content=,
105,"ROS 2 Networking: CycloneDDS Vs Fast DDS—Throughput, Latency And CPU",other,used,2026-09-08T09:33:56.508681+00:00,2026-09-08T12:09:30.540677+00:00,2026-09-08T12:09:30.540677+00:00,https://eureka.patsnap.com/ai-search/sess_bd342b183ee843e2?from=rd-home&start_from=eureka_landingpage,https://eureka.patsnap.com/share/?id=8b676bacdf6df39a6ac1834b42fd097b&from=invite-eureakplg-result&content=,
106,Optimizing WOLED Light Extraction for Enhanced Display,electronics_manufacturing,used,2026-09-08T09:33:56.508490+00:00,2026-09-08T12:04:17.976026+00:00,2026-09-08T12:04:17.976026+00:00,https://eureka.patsnap.com/ai-search/sess_19c7c3187e6a4c47?from=rd-home&start_from=eureka_landingpage,https://eureka.patsnap.com/share/?id=fe62a4c53ee2a61d59ec08cdbdeaa77c&from=invite-eureakplg-result&content=,
107,How to Choose the Right Frequency in PEMF Therapy Applications?,medical_devices,used,2026-09-08T09:33:56.508649+00:00,2026-09-08T12:00:22.796072+00:00,2026-09-08T12:00:22.796072+00:00,https://eureka.patsnap.com/ai-search/sess_7b9f1d38e78c4575?from=rd-home&start_from=eureka_landingpage,https://eureka.patsnap.com/share/?id=4533a3550b28f1c1592310fffe083383&from=invite-eureakplg-result&content=,
108,"Alkaline Water Electrolyzer Stack Design: Compression, Seals And Pressure Balance",energy,used,2026-09-08T09:33:56.508516+00:00,2026-09-08T11:10:31.098917+00:00,2026-09-08T11:10:31.098917+00:00,https://eureka.patsnap.com/ai-search/sess_20f7bcf40e7d4447?from=rd-home&start_from=eureka_landingpage,https://eureka.patsnap.com/share/?id=f1be579b5dbdd80605dc16c1f709db55&from=invite-eureakplg-result&content=,
109,Comparative study on lithium orotate and lithium aspartate in mood regulation,biotech,used,2026-09-08T09:33:56.508406+00:00,2026-09-08T10:53:09.344058+00:00,2026-09-08T10:53:09.344058+00:00,https://eureka.patsnap.com/ai-search/sess_ea7828ff925b43de?from=rd-home&start_from=eureka_landingpage,https://eureka.patsnap.com/share/?id=fadd80986719f103897764a66cb84e45&from=invite-eureakplg-result&content=,
110,Comparison of Sodium Percarbonate and Borax as Cleaning Agents,chemical,used,2026-09-08T09:33:56.508428+00:00,2026-09-08T10:53:45.833337+00:00,2026-09-08T10:53:45.833337+00:00,https://eureka.patsnap.com/ai-search/sess_5545097ab22844df?from=rd-home&start_from=eureka_landingpage,https://eureka.patsnap.com/share/?id=3fe80d023ac8a8889cc37ca80b35054a&from=invite-eureakplg-result&content=,
111,How to Troubleshoot 5.4 Triton Engine Misfire Problems?,automotive,used,2026-09-08T09:33:56.508349+00:00,2026-09-08T10:51:59.025641+00:00,2026-09-08T10:51:59.025641+00:00,https://eureka.patsnap.com/ai-search/sess_a72e1e294dd24ae4?from=rd-home&start_from=eureka_landingpage,https://eureka.patsnap.com/share/?id=74f8f5b89c295a425920c0bfe318a0a8&from=invite-eureakplg-result&content=,
112,How Muriatic Acid Reacts with Different Types of Metals,chemical,used,2026-09-08T09:33:56.508429+00:00,2026-09-08T10:53:48.866457+00:00,2026-09-08T10:53:48.866457+00:00,https://eureka.patsnap.com/ai-search/sess_94380d654f0f44b5?from=rd-home&start_from=eureka_landingpage,https://eureka.patsnap.com/share/?id=4f8c92f18638961ec2707b0298fc8b90&from=invite-eureakplg-result&content=,
113,Comparing Different Frequency Waves in PEMF Therapy Applications,medical_devices,used,2026-09-08T09:33:56.508650+00:00,2026-09-08T12:05:15.570359+00:00,2026-09-08T12:05:15.570359+00:00,https://eureka.patsnap.com/ai-search/sess_b1a347d3d4174971?from=rd-home&start_from=eureka_landingpage,https://eureka.patsnap.com/share/?id=f5abc7dcb3a197bb90fee941cd877940&from=invite-eureakplg-result&content=,
114,Lithium orotate's potential in managing obsessive-compulsive behavior,biotech,used,2026-09-08T09:33:56.508408+00:00,2026-09-08T10:53:12.179279+00:00,2026-09-08T10:53:12.179279+00:00,https://eureka.patsnap.com/ai-search/sess_ab8b80c6d7f547f1?from=rd-home&start_from=eureka_landingpage,https://eureka.patsnap.com/share/?id=81bdd22092919de3d393290133da996f&from=invite-eureakplg-result&content=,
115,Role of Glycerol in Enhancing Bioplastic Compostability,biotech,used,2026-09-08T09:33:56.508409+00:00,2026-09-08T10:53:15.585179+00:00,2026-09-08T10:53:15.585179+00:00,https://eureka.patsnap.com/ai-search/sess_3cd924aef6594d13?from=rd-home&start_from=eureka_landingpage,https://eureka.patsnap.com/share/?id=c097acfd35f0f1e99337d23f738a9e4c&from=invite-eureakplg-result&content=,
116,Isotonic solutions and their role in pharmaceutical formulations,biotech,used,2026-09-08T09:33:56.508411+00:00,2026-09-08T10:53:17.985324+00:00,2026-09-08T10:53:17.985324+00:00,https://eureka.patsnap.com/ai-search/sess_b656c110347d4140?from=rd-home&start_from=eureka_landingpage,https://eureka.patsnap.com/share/?id=3e0600525dff77db944c464cf148da59&from=invite-eureakplg-result&content=,
117,Hydrofluoric Acid Applications in Semiconductor Manufacturing,electronics_manufacturing,used,2026-09-08T09:33:56.508491+00:00,2026-09-08T12:04:20.458100+00:00,2026-09-08T12:04:20.458100+00:00,https://eureka.patsnap.com/ai-search/sess_1da9fd415d5c40d4?from=rd-home&start_from=eureka_landingpage,https://eureka.patsnap.com/share/?id=644a60d986d3b2ccce66c16b586ede70&from=invite-eureakplg-result&content=,
118,How to Detect Water Content Using FTIR Techniques,chemical,used,2026-09-08T09:33:56.508430+00:00,2026-09-08T10:53:50.404754+00:00,2026-09-08T10:53:50.404754+00:00,https://eureka.patsnap.com/ai-search/sess_c1995e0d1197423a?from=rd-home&start_from=eureka_landingpage,https://eureka.patsnap.com/share/?id=99ca8bcf35633b3c1b1b021f382cad65&from=invite-eureakplg-result&content=,
119,Analysis of Environmental Impact in Titanium Alloy vs Stainless Steel Production,materials,used,2026-09-08T09:33:56.508619+00:00,2026-09-08T12:06:39.500424+00:00,2026-09-08T12:06:39.500424+00:00,https://eureka.patsnap.com/ai-search/sess_2d56088b0c1f49a1?from=rd-home&start_from=eureka_landingpage,https://eureka.patsnap.com/share/?id=8f2d5108270b66a1ab898feedd10c5a3&from=invite-eureakplg-result&content=,
120,What are the Health Risks Associated with Muriatic Acid Fumes?,chemical,used,2026-09-08T09:33:56.508431+00:00,2026-09-08T10:53:52.863166+00:00,2026-09-08T10:53:52.863166+00:00,https://eureka.patsnap.com/ai-search/sess_67585ff2c04142d6?from=rd-home&start_from=eureka_landingpage,https://eureka.patsnap.com/share/?id=7343dcdd35f23d666269fa302f9bf2d4&from=invite-eureakplg-result&content=,
121,Glycerol as a Plasticizer in Biodegradable Films,materials,used,2026-09-08T09:33:56.508620+00:00,2026-09-08T12:06:41.110153+00:00,2026-09-08T12:06:41.110153+00:00,https://eureka.patsnap.com/ai-search/sess_aee3ced80de844b5?from=rd-home&start_from=eureka_landingpage,https://eureka.patsnap.com/share/?id=41407a0102e6c52930f3ae1e73a149dc&from=invite-eureakplg-result&content=,
122,The effect of lithium orotate on hormonal pathways in the endocrine system,biotech,used,2026-09-08T09:33:56.508414+00:00,2026-09-08T10:53:22.335933+00:00,2026-09-08T10:53:22.335933+00:00,https://eureka.patsnap.com/ai-search/sess_daef8d9073e94267?from=rd-home&start_from=eureka_landingpage,https://eureka.patsnap.com/share/?id=05ed982662d2e7cef9c6d15b41b213f8&from=invite-eureakplg-result&content=,
123,Compare Boric Acid and Borax in Ant Killer Mixes,chemical,used,2026-09-08T09:33:56.508432+00:00,2026-09-08T10:53:55.250965+00:00,2026-09-08T10:53:55.250965+00:00,https://eureka.patsnap.com/ai-search/sess_57628aec096745ce?from=rd-home&start_from=eureka_landingpage,https://eureka.patsnap.com/share/?id=07471e673aa8477d78208a17ce0a5757&from=invite-eureakplg-result&content=,
124,How sodium silicate enhances waterproofing solutions?,construction,used,2026-09-08T09:33:56.508469+00:00,2026-09-08T11:59:20.942064+00:00,2026-09-08T11:59:20.942064+00:00,https://eureka.patsnap.com/ai-search/sess_d2b0eae2a92f46b8?from=rd-home&start_from=eureka_landingpage,https://eureka.patsnap.com/share/?id=4b1707e97bcf385afd2e51c03d1604bf&from=invite-eureakplg-result&content=,
125,How to Analyze Polydispersity Index in Dynamic Light Scattering,chemical,used,2026-09-08T09:33:56.508433+00:00,2026-09-08T10:53:57.567114+00:00,2026-09-08T10:53:57.567114+00:00,https://eureka.patsnap.com/ai-search/sess_6fc3c73f187640b1?from=rd-home&start_from=eureka_landingpage,https://eureka.patsnap.com/share/?id=34c5d4cb756a014490df1443cdc2db65&from=invite-eureakplg-result&content=,
126,FinFET Vs GAAFET: Performance Comparison In Nanometer Nodes,electronics_manufacturing,used,2026-09-08T09:33:56.508492+00:00,2026-09-08T12:04:22.141875+00:00,2026-09-08T12:04:22.141875+00:00,https://eureka.patsnap.com/ai-search/sess_12a03c275467496c?from=rd-home&start_from=eureka_landingpage,https://eureka.patsnap.com/share/?id=e0a0606aa0eabbe9bbd67a6315aa9b73&from=invite-eureakplg-result&content=,
127,New Horizons: UHMWPE in the 3D Printing Industry,materials,used,2026-09-08T09:33:56.508621+00:00,2026-09-08T12:06:43.091449+00:00,2026-09-08T12:06:43.091449+00:00,https://eureka.patsnap.com/ai-search/sess_67bd69ef780b4536?from=rd-home&start_from=eureka_landingpage,https://eureka.patsnap.com/share/?id=9f32253e53da02c599d4db37d2143e71&from=invite-eureakplg-result&content=,
128,How to Extract Kinetic Parameters from CV Using Laviron and Nicholson Methods — Step-by-Step,chemical,used,2026-09-08T09:33:56.508435+00:00,2026-09-08T10:53:59.912111+00:00,2026-09-08T10:53:59.912111+00:00,https://eureka.patsnap.com/ai-search/sess_bbd42a7833c04e7a?from=rd-home&start_from=eureka_landingpage,https://eureka.patsnap.com/share/?id=cc34206eb6ffcb69e4487478cb7e5232&from=invite-eureakplg-result&content=,
129,Ethyl Acetate Production: Enhancing Yield and Purity,chemical,used,2026-09-08T09:33:56.508436+00:00,2026-09-08T10:54:02.246290+00:00,2026-09-08T10:54:02.246290+00:00,https://eureka.patsnap.com/ai-search/sess_e90c45a223d840df?from=rd-home&start_from=eureka_landingpage,https://eureka.patsnap.com/share/?id=691bfc7d27c3597420d0d24c7c61e576&from=invite-eureakplg-result&content=,
130,Advantages And Limitations Of PID Control Versus LQR,engineering,used,2026-09-08T12:18:54.311202+00:00,2026-09-08T12:18:56.460080+00:00,2026-09-08T12:18:56.460080+00:00,https://eureka.patsnap.com/ai-search/sess_7e7ea3304e11488e?from=rd-home&start_from=eureka_landingpage,https://eureka.patsnap.com/share/?id=607aeb01133b508fb71d86192ad677e0&from=invite-eureakplg-result&content=,
131,Comparing LS2 Engine vs LS3: Power Output and Durability,automotive,used,2026-09-08T09:33:56.508351+00:00,2026-09-08T10:52:00.546874+00:00,2026-09-08T10:52:00.546874+00:00,https://eureka.patsnap.com/ai-search/sess_c71407fc348044ca?from=rd-home&start_from=eureka_landingpage,https://eureka.patsnap.com/share/?id=8feee7d6f3708a084a95eeec57a02c14&from=invite-eureakplg-result&content=,
132,Efficacy of lithium orotate in managing ADHD symptoms,biotech,used,2026-09-08T09:33:56.508415+00:00,2026-09-08T10:53:25.392427+00:00,2026-09-08T10:53:25.392427+00:00,https://eureka.patsnap.com/ai-search/sess_543bd9dd556344a8?from=rd-home&start_from=eureka_landingpage,https://eureka.patsnap.com/share/?id=773d11a15acc747f6daeb486b26097b1&from=invite-eureakplg-result&content=,
133,"Polyketone Carbon Monoxide Ethylene Propylene Terpolymer: Comprehensive Analysis Of Structure, Properties, And Engineering Applications",materials,used,2026-09-08T09:33:56.508624+00:00,2026-09-08T12:06:45.926633+00:00,2026-09-08T12:06:45.926633+00:00,https://eureka.patsnap.com/ai-search/sess_e6e4be9f677c45f7?from=rd-home&start_from=eureka_landingpage,https://eureka.patsnap.com/share/?id=2752db4198c520ad85543cebefc4b3d3&from=invite-eureakplg-result&content=,
134,"Distillation Column Troubleshooting: Flooding, Weeping, And Tray Damage",construction,used,2026-09-08T09:33:56.508470+00:00,2026-09-08T11:59:22.525225+00:00,2026-09-08T11:59:22.525225+00:00,https://eureka.patsnap.com/ai-search/sess_29d183def54f4248?from=rd-home&start_from=eureka_landingpage,https://eureka.patsnap.com/share/?id=80bd210c46a2d0691e76ed2e74eaecce&from=invite-eureakplg-result&content=,
135,The Effectiveness of Muriatic Acid in Removing Algae,chemical,used,2026-09-08T09:33:56.508437+00:00,2026-09-08T10:54:03.848700+00:00,2026-09-08T10:54:03.848700+00:00,https://eureka.patsnap.com/ai-search/sess_47e1da1e88bc4169?from=rd-home&start_from=eureka_landingpage,https://eureka.patsnap.com/share/?id=795987eb23fcb566f2a7d780b39f2e93&from=invite-eureakplg-result&content=,
136,HBM4 TSV Pitch: Density Targets And SI/PI Trade-Offs,electronics_manufacturing,used,2026-09-08T09:33:56.508493+00:00,2026-09-08T12:06:07.457546+00:00,2026-09-08T12:06:07.457546+00:00,https://eureka.patsnap.com/ai-search/sess_4b74d10ec65e4fe6?from=rd-home&start_from=eureka_landingpage,https://eureka.patsnap.com/share/?id=0d22d4a73edae5e68e08f75d89007a67&from=invite-eureakplg-result&content=,
137,How to Architect a Medium-Voltage SST: MMC vs DAB vs LLC — Topology Selection,energy,used,2026-09-08T09:33:56.508517+00:00,2026-09-08T11:59:32.182750+00:00,2026-09-08T11:59:32.182750+00:00,https://eureka.patsnap.com/ai-search/sess_16b37ae13b764506?from=rd-home&start_from=eureka_landingpage,https://eureka.patsnap.com/share/?id=14c89c41c741a653d633501f0f87ee08&from=invite-eureakplg-result&content=,
138,How Trimethylglycine Modulates Hormonal Equilibrium in the Body,biotech,used,2026-09-08T09:33:56.508416+00:00,2026-09-08T10:53:28.694145+00:00,2026-09-08T10:53:28.694145+00:00,https://eureka.patsnap.com/ai-search/sess_c3feb34b28014d86?from=rd-home&start_from=eureka_landingpage,https://eureka.patsnap.com/share/?id=98fe20333bec79aa115f13399d242975&from=invite-eureakplg-result&content=,
139,Comprehensive Guide to Ethyl Acetate Reactivity and Use,chemical,used,2026-09-08T09:33:56.508438+00:00,2026-09-08T11:10:26.065941+00:00,2026-09-08T11:10:26.065941+00:00,https://eureka.patsnap.com/ai-search/sess_644b97f164d04f51?from=rd-home&start_from=eureka_landingpage,https://eureka.patsnap.com/share/?id=1014175cece35bda42e7c08d86ff77fa&from=invite-eureakplg-result&content=,
140,"SST vs Conventional Transformer + Power Electronics: Weight, Efficiency and Faults",energy,used,2026-09-08T09:33:56.508518+00:00,2026-09-08T11:59:33.858573+00:00,2026-09-08T11:59:33.858573+00:00,https://eureka.patsnap.com/ai-search/sess_6b2a54b9f4734204?from=rd-home&start_from=eureka_landingpage,https://eureka.patsnap.com/share/?id=0f8ea593e731cf0607839daf3df3cc9e&from=invite-eureakplg-result&content=,
141,Measuring Trimethylglycine's Effect on Blood Pressure Regulation,biotech,used,2026-09-08T09:33:56.508417+00:00,2026-09-08T10:53:30.251386+00:00,2026-09-08T10:53:30.251386+00:00,https://eureka.patsnap.com/ai-search/sess_a7387d267c9f4dc9?from=rd-home&start_from=eureka_landingpage,https://eureka.patsnap.com/share/?id=918ce1a141e91f2f36ead8ea3f9632a6&from=invite-eureakplg-result&content=,
142,CFRP vs Aluminum: Comparing Weight and Stiffness Ratios,materials,used,2026-09-08T09:33:56.508625+00:00,2026-09-08T12:06:48.390064+00:00,2026-09-08T12:06:48.390064+00:00,https://eureka.patsnap.com/ai-search/sess_9c57e019356a4e80?from=rd-home&start_from=eureka_landingpage,https://eureka.patsnap.com/share/?id=04c4efa6a87e7900dddcc835ba7e3cb9&from=invite-eureakplg-result&content=,
143,"ATR-FTIR Crystal Choices: Diamond Vs ZnSe Vs Ge—Spectral Range, Hardness And Chemistry",chemical,used,2026-09-08T09:33:56.508440+00:00,2026-09-08T11:59:08.456483+00:00,2026-09-08T11:59:08.456483+00:00,https://eureka.patsnap.com/ai-search/sess_ba91faa27dd94300?from=rd-home&start_from=eureka_landingpage,https://eureka.patsnap.com/share/?id=30abb70b113526481f58f895243836d7&from=invite-eureakplg-result&content=,
144,How to Test Fulvic Acid Quality Using HPLC — Standards,chemical,used,2026-09-08T09:33:56.508441+00:00,2026-09-08T11:59:10.014353+00:00,2026-09-08T11:59:10.014353+00:00,https://eureka.patsnap.com/ai-search/sess_bd8f2ef8bc9d48e3?from=rd-home&start_from=eureka_landingpage,https://eureka.patsnap.com/share/?id=74395060903fd4262d9e57491ea82009&from=invite-eureakplg-result&content=,
145,Measure Peak Area in HPLC for Quantitative Analysis,chemical,used,2026-09-08T09:33:56.508442+00:00,2026-09-08T11:59:11.578382+00:00,2026-09-08T11:59:11.578382+00:00,https://eureka.patsnap.com/ai-search/sess_451637661f99445d?from=rd-home&start_from=eureka_landingpage,https://eureka.patsnap.com/share/?id=ee5416cb44c47d655007e4c7e6c482f3&from=invite-eureakplg-result&content=,
146,"Tin Whiskers Test Methods: JESD201/JESD22, Storage Conditions And Acceptance",engineering,used,2026-09-08T12:18:56.467261+00:00,2026-09-08T12:18:58.695049+00:00,2026-09-08T12:18:58.695049+00:00,https://eureka.patsnap.com/ai-search/sess_254bad23fa444a9f?from=rd-home&start_from=eureka_landingpage,https://eureka.patsnap.com/share/?id=2023a42ec4d293795adda6c7ac36e564&from=invite-eureakplg-result&content=,
147,Bioplastics vs Traditional Plastics: Cost Efficiency in Production,engineering,used,2026-09-08T12:18:58.701586+00:00,2026-09-08T12:19:00.494002+00:00,2026-09-08T12:19:00.494002+00:00,https://eureka.patsnap.com/ai-search/sess_6a160d76c03b409f?from=rd-home&start_from=eureka_landingpage,https://eureka.patsnap.com/share/?id=7ce689f6e71c172890afd126b66c769d&from=invite-eureakplg-result&content=,
148,How Hirudoid Affects Hemorrhoid Symptoms?,medical_devices,used,2026-09-08T09:33:56.508651+00:00,2026-09-08T12:05:17.809331+00:00,2026-09-08T12:05:17.809331+00:00,https://eureka.patsnap.com/ai-search/sess_8ca597ccdd094042?from=rd-home&start_from=eureka_landingpage,https://eureka.patsnap.com/share/?id=1aae9576e246d9d8fb113eee3b16d6fa&from=invite-eureakplg-result&content=,
149,Comparing Trimethylglycine vs Creatine for Athletic Endurance,engineering,used,2026-09-08T12:19:00.501655+00:00,2026-09-08T12:19:02.671396+00:00,2026-09-08T12:19:02.671396+00:00,https://eureka.patsnap.com/ai-search/sess_be90e0baf15d4105?from=rd-home&start_from=eureka_landingpage,https://eureka.patsnap.com/share/?id=9980299f604b3ce9535b742641fefc0d&from=invite-eureakplg-result&content=,
150,How To Quantify Lithium Hydroxide Purity Using Titration,chemical,used,2026-09-08T09:33:56.508443+00:00,2026-09-08T11:59:13.167328+00:00,2026-09-08T11:59:13.167328+00:00,https://eureka.patsnap.com/ai-search/sess_11017fe315df4599?from=rd-home&start_from=eureka_landingpage,https://eureka.patsnap.com/share/?id=d382fbbdba1e778bae1847016443ccd5&from=invite-eureakplg-result&content=,
151,Analyzing PEMF Therapy for Thyroid Health Optimization,medical_devices,used,2026-09-08T09:33:56.508653+00:00,2026-09-08T12:05:19.931834+00:00,2026-09-08T12:05:19.931834+00:00,https://eureka.patsnap.com/ai-search/sess_6ff9371781454850?from=rd-home&start_from=eureka_landingpage,https://eureka.patsnap.com/share/?id=c26bb2f1ba2ae51c20d9c976694da9a4&from=invite-eureakplg-result&content=,
152,"LFP Battery Vs NMC: Safety Margin, Cycle Life And Low-Temperature Performance",energy,used,2026-09-08T09:33:56.508519+00:00,2026-09-08T11:59:35.394425+00:00,2026-09-08T11:59:35.394425+00:00,https://eureka.patsnap.com/ai-search/sess_da6069547bdb45e2?from=rd-home&start_from=eureka_landingpage,https://eureka.patsnap.com/share/?id=3e565f73a7a48d84731472869a2b9386&from=invite-eureakplg-result&content=,
153,"Package Comparison For GaN Power Devices: QFN, LGA, And Flip-Chip",electronics_manufacturing,used,2026-09-08T09:33:56.508495+00:00,2026-09-08T12:06:09.465584+00:00,2026-09-08T12:06:09.465584+00:00,https://eureka.patsnap.com/ai-search/sess_790cce531e344fb9?from=rd-home&start_from=eureka_landingpage,https://eureka.patsnap.com/share/?id=49bf66eed2f4a68050b01db8f0f8aaca&from=invite-eureakplg-result&content=,
154,Electromagnetic Waves and Their Role in Satellite Systems,engineering,used,2026-09-08T12:19:02.677161+00:00,2026-09-08T12:19:04.444765+00:00,2026-09-08T12:19:04.444765+00:00,https://eureka.patsnap.com/ai-search/sess_204e54e20a094ebe?from=rd-home&start_from=eureka_landingpage,https://eureka.patsnap.com/share/?id=790ce2bdb122a81ff289bbab33bf9d71&from=invite-eureakplg-result&content=,
155,Breaking Down Alkyl Halides: Key Reactions and Uses,chemical,used,2026-09-08T09:33:56.508444+00:00,2026-09-08T11:59:14.693825+00:00,2026-09-08T11:59:14.693825+00:00,https://eureka.patsnap.com/ai-search/sess_dd840328e29d490a?from=rd-home&start_from=eureka_landingpage,https://eureka.patsnap.com/share/?id=da62b66371478597f60eed8f01f3b889&from=invite-eureakplg-result&content=,
156,Benchmark DDR5 Power Consumption at Different Loads,electronics_manufacturing,used,2026-09-08T09:33:56.508496+00:00,2026-09-08T12:06:11.273640+00:00,2026-09-08T12:06:11.273640+00:00,https://eureka.patsnap.com/ai-search/sess_e117e2956ef74340?from=rd-home&start_from=eureka_landingpage,https://eureka.patsnap.com/share/?id=112316a54e8d1bd19a40c20f18ebe130&from=invite-eureakplg-result&content=,
157,"Wire Bonding On Aluminum Pads: Pad Damage, Cratering And Passivation Integrity",electronics_manufacturing,used,2026-09-08T09:33:56.508497+00:00,2026-09-08T12:06:12.872589+00:00,2026-09-08T12:06:12.872589+00:00,https://eureka.patsnap.com/ai-search/sess_caac01f6c8ad4f3f?from=rd-home&start_from=eureka_landingpage,https://eureka.patsnap.com/share/?id=43a0325c34a2e34d8525021d2217801c&from=invite-eureakplg-result&content=,
158,Muriatic Acid's Application in Battery Maintenance,energy,used,2026-09-08T09:33:56.508520+00:00,2026-09-08T11:59:37.469488+00:00,2026-09-08T11:59:37.469488+00:00,https://eureka.patsnap.com/ai-search/sess_a9b685483a2c408d?from=rd-home&start_from=eureka_landingpage,https://eureka.patsnap.com/share/?id=d00f95c99fe7e5e7d26feeb9f5bdbf3c&from=invite-eureakplg-result&content=,
159,Sodium silicate-based corrosion inhibitors in automotive coolants,automotive,used,2026-09-08T09:33:56.508352+00:00,2026-09-08T10:52:02.107371+00:00,2026-09-08T10:52:02.107371+00:00,https://eureka.patsnap.com/ai-search/sess_341d58a2d7c64d4b?from=rd-home&start_from=eureka_landingpage,https://eureka.patsnap.com/share/?id=04c370e06367c309c5e22d0d29b35007&from=invite-eureakplg-result&content=,
160,How can lithium orotate affect benzodiazepine receptor modulation,biotech,used,2026-09-08T09:33:56.508420+00:00,2026-09-08T10:53:31.843570+00:00,2026-09-08T10:53:31.843570+00:00,https://eureka.patsnap.com/ai-search/sess_c12175603159417c?from=rd-home&start_from=eureka_landingpage,https://eureka.patsnap.com/share/?id=ec729a953f98bd61d39c19eb2ced4527&from=invite-eureakplg-result&content=,
161,Muscimol Tolerance and Withdrawal: A Scientific Overview,biotech,used,2026-09-08T09:33:56.508421+00:00,2026-09-08T10:53:33.344723+00:00,2026-09-08T10:53:33.344723+00:00,https://eureka.patsnap.com/ai-search/sess_b21a0db9c4b84e0b?from=rd-home&start_from=eureka_landingpage,https://eureka.patsnap.com/share/?id=8bd466cb759850d81fd08df8c1cb9664&from=invite-eureakplg-result&content=,
162,How to Monitor Schumann Resonance in Real-Time?,other,used,2026-09-08T09:33:56.508683+00:00,2026-09-08T12:09:34.431879+00:00,2026-09-08T12:09:34.431879+00:00,https://eureka.patsnap.com/ai-search/sess_e2fd6c0bbe434f06?from=rd-home&start_from=eureka_landingpage,https://eureka.patsnap.com/share/?id=fb80bcb186c53d3b732b47428bd883be&from=invite-eureakplg-result&content=,
163,How to Troubleshoot Common K24 Engine Problems?,automotive,used,2026-09-08T09:33:56.508354+00:00,2026-09-08T10:52:03.977664+00:00,2026-09-08T10:52:03.977664+00:00,https://eureka.patsnap.com/ai-search/sess_d31773d6c3b444d0?from=rd-home&start_from=eureka_landingpage,https://eureka.patsnap.com/share/?id=2ec16b9103e2431182f2895722cab0e8&from=invite-eureakplg-result&content=,
164,"ASME Section VIII And PED Design: Corrosion Allowance, Joint Efficiency And Integrity",engineering,used,2026-09-08T12:19:04.452666+00:00,2026-09-08T12:19:06.675738+00:00,2026-09-08T12:19:06.675738+00:00,https://eureka.patsnap.com/ai-search/sess_52207097cb364f55?from=rd-home&start_from=eureka_landingpage,https://eureka.patsnap.com/share/?id=4a3107c1256870744c47977d6699e292&from=invite-eureakplg-result&content=,
165,"Benchmarking MRAM Against SRAM: Latency, Density and Power Profiles",electronics_manufacturing,used,2026-09-08T09:33:56.508498+00:00,2026-09-08T12:06:14.714396+00:00,2026-09-08T12:06:14.714396+00:00,https://eureka.patsnap.com/ai-search/sess_e17d15d4af9941ef?from=rd-home&start_from=eureka_landingpage,https://eureka.patsnap.com/share/?id=20fbac3d20fc30b49cc504f470950560&from=invite-eureakplg-result&content=,
166,HDPE in Medical Devices: Current Uses and Future Potential,medical_devices,used,2026-09-08T09:33:56.508654+00:00,2026-09-08T12:05:21.621471+00:00,2026-09-08T12:05:21.621471+00:00,https://eureka.patsnap.com/ai-search/sess_6f7100d5b7f84b83?from=rd-home&start_from=eureka_landingpage,https://eureka.patsnap.com/share/?id=4c115de0f64451fdcc19914a5c37d0c1&from=invite-eureakplg-result&content=,
167,Gel Electrophoresis in Forensic Science: Key Innovations,biotech,used,2026-09-08T09:33:56.508422+00:00,2026-09-08T10:53:34.844273+00:00,2026-09-08T10:53:34.844273+00:00,https://eureka.patsnap.com/ai-search/sess_2744703e40ad48bc?from=rd-home&start_from=eureka_landingpage,https://eureka.patsnap.com/share/?id=7fe13fa35d8b481e2aab78b2a3b5ab6a&from=invite-eureakplg-result&content=,
168,LT1 Engine vs LT4 Engine: Key Differences,automotive,used,2026-09-08T09:33:56.508361+00:00,2026-09-08T10:52:05.547962+00:00,2026-09-08T10:52:05.547962+00:00,https://eureka.patsnap.com/ai-search/sess_540614b2b6874931?from=rd-home&start_from=eureka_landingpage,https://eureka.patsnap.com/share/?id=1afa60608b4b11e670c2936f4da1dd3c&from=invite-eureakplg-result&content=,
169,The role of isotonic solutions in ophthalmic drug formulations,medical_devices,used,2026-09-08T09:33:56.508655+00:00,2026-09-08T12:05:23.943460+00:00,2026-09-08T12:05:23.943460+00:00,https://eureka.patsnap.com/ai-search/sess_c87cd8920a6b4152?from=rd-home&start_from=eureka_landingpage,https://eureka.patsnap.com/share/?id=18dcb4c7245852b89674739c15ad782f&from=invite-eureakplg-result&content=,
170,Quantify Analyte Recovery in HPLC—Validation Methods,chemical,used,2026-09-08T09:33:56.508446+00:00,2026-09-08T12:03:54.273614+00:00,2026-09-08T12:03:54.273614+00:00,https://eureka.patsnap.com/ai-search/sess_5c1315e744a542d1?from=rd-home&start_from=eureka_landingpage,https://eureka.patsnap.com/share/?id=cee1252c8abbb95a2e43feaf619678ae&from=invite-eureakplg-result&content=,
171,How to Design CV Experiments to Distinguish Surface vs Diffusion-controlled Processes — Protocols,chemical,used,2026-09-08T09:33:56.508447+00:00,2026-09-08T12:03:56.341829+00:00,2026-09-08T12:03:56.341829+00:00,https://eureka.patsnap.com/ai-search/sess_be620aabe6b34e76?from=rd-home&start_from=eureka_landingpage,https://eureka.patsnap.com/share/?id=6249ac3aafb03bf92adc0bebf5d7bd0a&from=invite-eureakplg-result&content=,
172,Hydrochloric Acid in Public Safety and Environmental Impact,chemical,used,2026-09-08T09:33:56.508448+00:00,2026-09-08T12:03:58.480187+00:00,2026-09-08T12:03:58.480187+00:00,https://eureka.patsnap.com/ai-search/sess_06856ebf020041a7?from=rd-home&start_from=eureka_landingpage,https://eureka.patsnap.com/share/?id=3eb2faffed9421ada990ef2363c614a7&from=invite-eureakplg-result&content=,
173,How to Diagnose Common 5.4 Triton Engine Issues?,automotive,used,2026-09-08T09:33:56.508363+00:00,2026-09-08T10:52:06.988659+00:00,2026-09-08T10:52:06.988659+00:00,https://eureka.patsnap.com/ai-search/sess_75902970b8354503?from=rd-home&start_from=eureka_landingpage,https://eureka.patsnap.com/share/?id=2896c98196f912d8bc4a944177c230e5&from=invite-eureakplg-result&content=,
174,Deep eutectic solvents vs ionic liquids: cost and performance,chemical,used,2026-09-08T09:33:56.508449+00:00,2026-09-08T12:04:00.198954+00:00,2026-09-08T12:04:00.198954+00:00,https://eureka.patsnap.com/ai-search/sess_721c2f604eca4e4d?from=rd-home&start_from=eureka_landingpage,https://eureka.patsnap.com/share/?id=0e7140e771ced87e9f42a799b0ee46e5&from=invite-eureakplg-result&content=,
175,How to Measure Schumann Resonance Accurately?,other,used,2026-09-08T09:33:56.508684+00:00,2026-09-08T12:09:38.858746+00:00,2026-09-08T12:09:38.858746+00:00,https://eureka.patsnap.com/ai-search/sess_2ac1e0bfe1124b41?from=rd-home&start_from=eureka_landingpage,https://eureka.patsnap.com/share/?id=db8d5418ebbe180cf53eb8eca6ed109f&from=invite-eureakplg-result&content=,
176,How to Enhance 5.4 Triton Engine Performance with Aftermarket Parts?,automotive,used,2026-09-08T09:33:56.508365+00:00,2026-09-08T10:52:08.501223+00:00,2026-09-08T10:52:08.501223+00:00,https://eureka.patsnap.com/ai-search/sess_c985fad0b8de40f0?from=rd-home&start_from=eureka_landingpage,https://eureka.patsnap.com/share/?id=4c6192d585e764a1b1f63dbec88780d7&from=invite-eureakplg-result&content=,
177,ICP-MS Calibration Drift: Causes and Solutions,chemical,used,2026-09-08T09:33:56.508451+00:00,2026-09-08T12:04:01.913067+00:00,2026-09-08T12:04:01.913067+00:00,https://eureka.patsnap.com/ai-search/sess_989ab3975aa04b3d?from=rd-home&start_from=eureka_landingpage,https://eureka.patsnap.com/share/?id=57873ce6a0ac8d779191184052f23552&from=invite-eureakplg-result&content=,
178,NMC Battery vs SSB: Temperature Range for Maximum Output,energy,used,2026-09-08T09:33:56.508522+00:00,2026-09-08T11:59:39.072938+00:00,2026-09-08T11:59:39.072938+00:00,https://eureka.patsnap.com/ai-search/sess_f2ab1b1255ff4294?from=rd-home&start_from=eureka_landingpage,https://eureka.patsnap.com/share/?id=19990ef137e9bf4eaeeccf7664504850&from=invite-eureakplg-result&content=,
179,How to Mitigate Environmental Concerns with Hydrochloric Acid?,chemical,used,2026-09-08T09:33:56.508453+00:00,2026-09-08T12:05:55.482871+00:00,2026-09-08T12:05:55.482871+00:00,https://eureka.patsnap.com/ai-search/sess_4ccb57e692ad4b70?from=rd-home&start_from=eureka_landingpage,https://eureka.patsnap.com/share/?id=4b25c019eaa214cb69ac49ce3a056c72&from=invite-eureakplg-result&content=,
180,Zeolite-based Adsorption Chillers for Industrial Cooling,engineering,used,2026-09-08T12:19:06.682952+00:00,2026-09-08T12:19:08.430298+00:00,2026-09-08T12:19:08.430298+00:00,https://eureka.patsnap.com/ai-search/sess_57da7e8706ca425d?from=rd-home&start_from=eureka_landingpage,https://eureka.patsnap.com/share/?id=71b66296c4dbd78c248bc01ae2fada39&from=invite-eureakplg-result&content=,
181,What are the Long-Term Environmental Effects of Muriatic Acid?,chemical,used,2026-09-08T09:33:56.508454+00:00,2026-09-08T12:05:57.158577+00:00,2026-09-08T12:05:57.158577+00:00,https://eureka.patsnap.com/ai-search/sess_96a9ee882a99445a?from=rd-home&start_from=eureka_landingpage,https://eureka.patsnap.com/share/?id=c23bb02aef0544fb997d05fe5c824422&from=invite-eureakplg-result&content=,
182,Tartaric Acid vs Oxalic Acid in Cleaning Solutions,chemical,used,2026-09-08T09:33:56.508455+00:00,2026-09-08T12:05:58.906462+00:00,2026-09-08T12:05:58.906462+00:00,https://eureka.patsnap.com/ai-search/sess_fd5d54fe140a43e9?from=rd-home&start_from=eureka_landingpage,https://eureka.patsnap.com/share/?id=bdc3565806f395018dcbbeffc8bcc97a&from=invite-eureakplg-result&content=,
183,Comparative Analysis: PSA vs Membrane vs Getter for H₂ Cleanup,energy,used,2026-09-08T09:33:56.508523+00:00,2026-09-08T12:04:24.377833+00:00,2026-09-08T12:04:24.377833+00:00,https://eureka.patsnap.com/ai-search/sess_e0201c52d25d4376?from=rd-home&start_from=eureka_landingpage,https://eureka.patsnap.com/share/?id=c7f808696754558b759c83899f380c67&from=invite-eureakplg-result&content=,
184,LS1 Engine vs LS3: Application Comparison,automotive,used,2026-09-08T09:33:56.508366+00:00,2026-09-08T10:52:10.048759+00:00,2026-09-08T10:52:10.048759+00:00,https://eureka.patsnap.com/ai-search/sess_4f2fd11b53224ba1?from=rd-home&start_from=eureka_landingpage,https://eureka.patsnap.com/share/?id=15295986941e0be4f0d53c08afd9c322&from=invite-eureakplg-result&content=,
185,Hydrochloric Acid in Acidizing Wells: Best Practices,chemical,used,2026-09-08T09:33:56.508456+00:00,2026-09-08T12:06:00.632415+00:00,2026-09-08T12:06:00.632415+00:00,https://eureka.patsnap.com/ai-search/sess_f32bfef715c24c2e?from=rd-home&start_from=eureka_landingpage,https://eureka.patsnap.com/share/?id=96b48a94ac1be370fada3bcd4f40048f&from=invite-eureakplg-result&content=,
186,Gas Crossover And Safety Considerations In AEM Electrolyzer Operation,energy,used,2026-09-08T09:33:56.508524+00:00,2026-09-08T12:04:26.574612+00:00,2026-09-08T12:04:26.574612+00:00,https://eureka.patsnap.com/ai-search/sess_80d25999dab449aa?from=rd-home&start_from=eureka_landingpage,https://eureka.patsnap.com/share/?id=a74799cb3b9145c67d3e1e3fde17225a&from=invite-eureakplg-result&content=,
187,Graphene Coating Applications and Compliance with Industry Standards,materials,used,2026-09-08T09:33:56.508626+00:00,2026-09-08T12:08:56.997079+00:00,2026-09-08T12:08:56.997079+00:00,https://eureka.patsnap.com/ai-search/sess_3ad65ddfa4db49cb?from=rd-home&start_from=eureka_landingpage,https://eureka.patsnap.com/share/?id=258f83ecfe7305b83feb79068cc540eb&from=invite-eureakplg-result&content=,
188,Energy And Carbon Footprint Comparison With Anthraquinone Process,energy,used,2026-09-08T09:33:56.508525+00:00,2026-09-08T12:04:28.324025+00:00,2026-09-08T12:04:28.324025+00:00,https://eureka.patsnap.com/ai-search/sess_70799b6d6413444d?from=rd-home&start_from=eureka_landingpage,https://eureka.patsnap.com/share/?id=c088c2b5017ae053d7a5d037851c3e67&from=invite-eureakplg-result&content=,
189,Fulvic Acid vs. Humic Acid: Effectiveness in Toxic Metal Absorption,chemical,used,2026-09-08T09:33:56.508457+00:00,2026-09-08T12:06:02.343046+00:00,2026-09-08T12:06:02.343046+00:00,https://eureka.patsnap.com/ai-search/sess_6e396affd8da4df0?from=rd-home&start_from=eureka_landingpage,https://eureka.patsnap.com/share/?id=c2631a3ec98724b337e7caf2af9543db&from=invite-eureakplg-result&content=,
190,HBM4 Stack Configurations: 12-Hi And 16-Hi Structures And Reliability,electronics_manufacturing,used,2026-09-08T09:33:56.508499+00:00,2026-09-08T12:07:54.658374+00:00,2026-09-08T12:07:54.658374+00:00,https://eureka.patsnap.com/ai-search/sess_e2fb08df79e64a59?from=rd-home&start_from=eureka_landingpage,https://eureka.patsnap.com/share/?id=a12631590f40c47699eb5b4efabe924c&from=invite-eureakplg-result&content=,
191,"Ball Mill Versus Vertical Roller Mill: Energy, Fineness, And Cost Comparison",engineering,used,2026-09-08T12:19:08.437850+00:00,2026-09-08T12:19:10.578366+00:00,2026-09-08T12:19:10.578366+00:00,https://eureka.patsnap.com/ai-search/sess_496e11e6d7594994?from=rd-home&start_from=eureka_landingpage,https://eureka.patsnap.com/share/?id=5cdfa0b14aa802fc55c5f99f9cd8a53c&from=invite-eureakplg-result&content=,
192,How to Use Cyclic Voltammetry to Characterize Supercapacitor Materials — Step-by-Step Guide,energy,used,2026-09-08T09:33:56.508526+00:00,2026-09-08T12:04:31.755386+00:00,2026-09-08T12:04:31.755386+00:00,https://eureka.patsnap.com/ai-search/sess_6845971aee87429d?from=rd-home&start_from=eureka_landingpage,https://eureka.patsnap.com/share/?id=1f46053278d5a00f077af1a37e58fbd9&from=invite-eureakplg-result&content=,
193,"LPDDR5X Vs LPDDR5: Data Rate, Latency And Power Efficiency",electronics_manufacturing,used,2026-09-08T09:33:56.508500+00:00,2026-09-08T12:07:56.597502+00:00,2026-09-08T12:07:56.597502+00:00,https://eureka.patsnap.com/ai-search/sess_89c0c73d81504ad8?from=rd-home&start_from=eureka_landingpage,https://eureka.patsnap.com/share/?id=d3866afce01eb462eab5a9b9e8b20557&from=invite-eureakplg-result&content=,
194,Neodymium Magnets vs Rare Earth: Environmental Impact Assessment,engineering,used,2026-09-08T12:19:10.584965+00:00,2026-09-08T12:19:12.615426+00:00,2026-09-08T12:19:12.615426+00:00,https://eureka.patsnap.com/ai-search/sess_757e7c07be064c35?from=rd-home&start_from=eureka_landingpage,https://eureka.patsnap.com/share/?id=0860bbbf5d4b0041b50e98503cebec4e&from=invite-eureakplg-result&content=,
195,OLED Display Response vs CRT: Speed Analysis for Gamers,electronics_manufacturing,used,2026-09-08T09:33:56.508501+00:00,2026-09-08T12:08:00.570488+00:00,2026-09-08T12:08:00.570488+00:00,https://eureka.patsnap.com/ai-search/sess_6a67786877554cb2?from=rd-home&start_from=eureka_landingpage,https://eureka.patsnap.com/share/?id=be02695aed7f28aa11b9e05b89ee2dda&from=invite-eureakplg-result&content=,
196,Quantify Lithium Mine Water Consumption Per Kilogram of Lithium Output,energy,used,2026-09-08T09:33:56.508527+00:00,2026-09-08T12:04:33.760133+00:00,2026-09-08T12:04:33.760133+00:00,https://eureka.patsnap.com/ai-search/sess_bbea656fcb3b4b2f?from=rd-home&start_from=eureka_landingpage,https://eureka.patsnap.com/share/?id=8dc7fdca43c4f2c89fd067f94ec719c0&from=invite-eureakplg-result&content=,
197,Perovskite vs Silicon: Stability Comparison for Long-Term Field Deployment,energy,used,2026-09-08T09:33:56.508528+00:00,2026-09-08T12:06:16.336700+00:00,2026-09-08T12:06:16.336700+00:00,https://eureka.patsnap.com/ai-search/sess_7f38d3f347de459e?from=rd-home&start_from=eureka_landingpage,https://eureka.patsnap.com/share/?id=166a1107e72b80bb7a3c0d443967710c&from=invite-eureakplg-result&content=,
198,"HBM4 TSV Engineering: Resistance, Capacitance And Signal Quality",electronics_manufacturing,used,2026-09-08T09:33:56.508503+00:00,2026-09-08T12:08:02.886696+00:00,2026-09-08T12:08:02.886696+00:00,https://eureka.patsnap.com/ai-search/sess_dfa932643d9849de?from=rd-home&start_from=eureka_landingpage,https://eureka.patsnap.com/share/?id=10db3ce68c252193fa5f651d3e8b6a7f&from=invite-eureakplg-result&content=,
199,Strategies To Reduce Cost Of Nanocellulose For Commodity Applications,materials,used,2026-09-08T09:33:56.508627+00:00,2026-09-08T12:09:02.486845+00:00,2026-09-08T12:09:02.486845+00:00,https://eureka.patsnap.com/ai-search/sess_69ccbacd203b4ad2?from=rd-home&start_from=eureka_landingpage,https://eureka.patsnap.com/share/?id=5dcc432699c512b26609772b5990d4e4&from=invite-eureakplg-result&content=,
200,How to Size Renewable Energy Storage for Peak Demand,energy,used,2026-09-08T09:33:56.508530+00:00,2026-09-08T12:06:18.651810+00:00,2026-09-08T12:06:18.651810+00:00,https://eureka.patsnap.com/ai-search/sess_3bafd8b25bd548da?from=rd-home&start_from=eureka_landingpage,https://eureka.patsnap.com/share/?id=ccffdab822f7b50d98b9828c21cd53c2&from=invite-eureakplg-result&content=,
201,Optimize Hydrothermal Liquefaction for Pharmaceutical Sludge,biotech,used,2026-09-08T09:33:56.508424+00:00,2026-09-08T10:53:37.044995+00:00,2026-09-08T10:53:37.044995+00:00,https://eureka.patsnap.com/ai-search/sess_0c5d7c95092a45ef?from=rd-home&start_from=eureka_landingpage,https://eureka.patsnap.com/share/?id=d44f99290ed455734246393c7482c7ff&from=invite-eureakplg-result&content=,
202,MOSFET vs Diode Rectification: Efficiency At Low Load,engineering,used,2026-09-08T12:19:12.618105+00:00,2026-09-08T12:19:14.730536+00:00,2026-09-08T12:19:14.730536+00:00,https://eureka.patsnap.com/ai-search/sess_f13f89c4a6f74ce1?from=rd-home&start_from=eureka_landingpage,https://eureka.patsnap.com/share/?id=30b9dc2c56cc46b6d63dda6d2942d998&from=invite-eureakplg-result&content=,
203,Measure Round-Trip Efficiency for Storage Project Decisions,energy,used,2026-09-08T09:33:56.508531+00:00,2026-09-08T12:06:20.855934+00:00,2026-09-08T12:06:20.855934+00:00,https://eureka.patsnap.com/ai-search/sess_60b14bd9245e46d4?from=rd-home&start_from=eureka_landingpage,https://eureka.patsnap.com/share/?id=c8528d5c90e66bdc19669c8043ab7771&from=invite-eureakplg-result&content=,
204,Thermal Storage vs Lithium Batteries for Solar Shifting,energy,used,2026-09-08T09:33:56.508532+00:00,2026-09-08T12:06:22.581922+00:00,2026-09-08T12:06:22.581922+00:00,https://eureka.patsnap.com/ai-search/sess_8a16aeb94d8546af?from=rd-home&start_from=eureka_landingpage,https://eureka.patsnap.com/share/?id=9ddcaa049c2eeef41ae26b41be5f3e75&from=invite-eureakplg-result&content=,
205,Validate Hydrophobic Textiles After Laundering and Flexing,materials,used,2026-09-08T09:33:56.508628+00:00,2026-09-08T12:09:06.379468+00:00,2026-09-08T12:09:06.379468+00:00,https://eureka.patsnap.com/ai-search/sess_d221b53b04b149ce?from=rd-home&start_from=eureka_landingpage,https://eureka.patsnap.com/share/?id=e448b7de7f3b2a4bf4320b11854192d3&from=invite-eureakplg-result&content=,
206,Rotary Actuator vs Induction Motor: Variable-Speed Efficiency,engineering,used,2026-09-08T12:19:14.738125+00:00,2026-09-08T12:19:16.777095+00:00,2026-09-08T12:19:16.777095+00:00,https://eureka.patsnap.com/ai-search/sess_3dd85929024d45e6?from=rd-home&start_from=eureka_landingpage,https://eureka.patsnap.com/share/?id=b9066cd03fce062b73b475784484740a&from=invite-eureakplg-result&content=,
207,Factory Automation vs AMRs for Intralogistics Flexibility,engineering,used,2026-09-08T12:19:16.784328+00:00,2026-09-08T12:19:18.839954+00:00,2026-09-08T12:19:18.839954+00:00,https://eureka.patsnap.com/ai-search/sess_8ca5517aa2414df9?from=rd-home&start_from=eureka_landingpage,https://eureka.patsnap.com/share/?id=a41ebc382ff46aa68589d27e06fdf5a8&from=invite-eureakplg-result&content=,
208,Fossil Naphtha vs Bio-Naphtha: Drop-In Processing Risks,chemical,used,2026-09-08T09:33:56.508459+00:00,2026-09-08T12:07:36.783236+00:00,2026-09-08T12:07:36.783236+00:00,https://eureka.patsnap.com/ai-search/sess_70975a9bbeeb461c?from=rd-home&start_from=eureka_landingpage,https://eureka.patsnap.com/share/?id=4bb75a6bd5765db180194bae4e3b8848&from=invite-eureakplg-result&content=,
209,How to Calculate Brake Horsepower From Torque and RPM,automotive,used,2026-09-08T09:33:56.508368+00:00,2026-09-08T10:52:11.975967+00:00,2026-09-08T10:52:11.975967+00:00,https://eureka.patsnap.com/ai-search/sess_c88e605750d94fcc?from=rd-home&start_from=eureka_landingpage,https://eureka.patsnap.com/share/?id=88cd1f103c2bd455b3f08fee0aa1bbe7&from=invite-eureakplg-result&content=,
210,Measure Flange Face Flatness for Reliable Gasket Seating,engineering,used,2026-09-08T12:19:18.846504+00:00,2026-09-08T12:19:20.613091+00:00,2026-09-08T12:19:20.613091+00:00,https://eureka.patsnap.com/ai-search/sess_c4b9efc418894654?from=rd-home&start_from=eureka_landingpage,https://eureka.patsnap.com/share/?id=f67d8f0d20cf917c7587b690c18eba17&from=invite-eureakplg-result&content=,
211,Optimize Storage State Estimation for Renewable Microgrids,energy,used,2026-09-08T09:33:56.508533+00:00,2026-09-08T12:06:24.438197+00:00,2026-09-08T12:06:24.438197+00:00,https://eureka.patsnap.com/ai-search/sess_847609c445aa4da8?from=rd-home&start_from=eureka_landingpage,https://eureka.patsnap.com/share/?id=fe02e648d76bd021306a5ca6d6358ba5&from=invite-eureakplg-result&content=,
212,Brake Horsepower vs Electric Motor Power for Hybrid Design,automotive,used,2026-09-08T09:33:56.508369+00:00,2026-09-08T10:52:13.399212+00:00,2026-09-08T10:52:13.399212+00:00,https://eureka.patsnap.com/ai-search/sess_ecce1a22870a46ef?from=rd-home&start_from=eureka_landingpage,https://eureka.patsnap.com/share/?id=aa9f8bb08a7705c16d24c48ee1277038&from=invite-eureakplg-result&content=,
213,Brake Horsepower vs Wheel Horsepower Under Load,automotive,used,2026-09-08T09:33:56.508371+00:00,2026-09-08T10:52:14.886485+00:00,2026-09-08T10:52:14.886485+00:00,https://eureka.patsnap.com/ai-search/sess_ff8f1a82fce140ed?from=rd-home&start_from=eureka_landingpage,https://eureka.patsnap.com/share/?id=1882bd2d5373b5c03a23372ffc9dc471&from=invite-eureakplg-result&content=,
214,How to Compare Brake Horsepower Before and After Tuning,automotive,used,2026-09-08T09:33:56.508372+00:00,2026-09-08T10:52:16.328869+00:00,2026-09-08T10:52:16.328869+00:00,https://eureka.patsnap.com/ai-search/sess_74cf2296065f4659?from=rd-home&start_from=eureka_landingpage,https://eureka.patsnap.com/share/?id=db38bb536fa312fca8479d70d6d236c9&from=invite-eureakplg-result&content=,
215,How to Prevent Hydrophobic Coating Cracking During Cure,materials,used,2026-09-08T09:33:56.508629+00:00,2026-09-08T12:09:11.079377+00:00,2026-09-08T12:09:11.079377+00:00,https://eureka.patsnap.com/ai-search/sess_cffe56f2d9ec4f86?from=rd-home&start_from=eureka_landingpage,https://eureka.patsnap.com/share/?id=99dacb76f7c3e53b98d087021bf1d16e&from=invite-eureakplg-result&content=,
216,Hydrostatic Transmission vs CVT: Reliability in Dusty Sites,engineering,used,2026-09-08T12:19:20.619827+00:00,2026-09-08T12:19:22.664438+00:00,2026-09-08T12:19:22.664438+00:00,https://eureka.patsnap.com/ai-search/sess_a3006eedb84f48e3?from=rd-home&start_from=eureka_landingpage,https://eureka.patsnap.com/share/?id=fa3919276c2d132a5a415f745ef4839d&from=invite-eureakplg-result&content=,
217,Measure Heat Dissipation to Prevent LED Lumen Depreciation,electronics_manufacturing,used,2026-09-08T09:33:56.508504+00:00,2026-09-08T12:08:04.661124+00:00,2026-09-08T12:08:04.661124+00:00,https://eureka.patsnap.com/ai-search/sess_0ad139bec5944dbf?from=rd-home&start_from=eureka_landingpage,https://eureka.patsnap.com/share/?id=0d1c10a008163a8d1984e3e060d5f8d2&from=invite-eureakplg-result&content=,
218,Naphtha Reforming vs Alkylation: Hydrogen and Octane,chemical,used,2026-09-08T09:33:56.508460+00:00,2026-09-08T12:07:39.240196+00:00,2026-09-08T12:07:39.240196+00:00,https://eureka.patsnap.com/ai-search/sess_c85ac895b98f4737?from=rd-home&start_from=eureka_landingpage,https://eureka.patsnap.com/share/?id=7871dd2d7a0a8d8b4f531600ecbb0b11&from=invite-eureakplg-result&content=,
219,Optimize Flange Connections for Thermal Shock,engineering,used,2026-09-08T12:19:22.670359+00:00,2026-09-08T12:19:24.658985+00:00,2026-09-08T12:19:24.658985+00:00,https://eureka.patsnap.com/ai-search/sess_e72131a7ed4f4887?from=rd-home&start_from=eureka_landingpage,https://eureka.patsnap.com/share/?id=b12e43341b66ae479a873ff0f20167b4&from=invite-eureakplg-result&content=,
220,Validate Factory Automation Time Synchronization,engineering,used,2026-09-08T12:19:24.666351+00:00,2026-09-08T12:19:26.327889+00:00,2026-09-08T12:19:26.327889+00:00,https://eureka.patsnap.com/ai-search/sess_82f37170dca94440?from=rd-home&start_from=eureka_landingpage,https://eureka.patsnap.com/share/?id=3e5f7771457ee1897ce61d5b7dd8aa2f&from=invite-eureakplg-result&content=,
221,Cermet vs PCD: Machining Performance in Aluminum,materials,used,2026-09-08T09:33:56.508631+00:00,2026-09-08T12:09:16.815166+00:00,2026-09-08T12:09:16.815166+00:00,https://eureka.patsnap.com/ai-search/sess_675b69dec4804b88?from=rd-home&start_from=eureka_landingpage,https://eureka.patsnap.com/share/?id=88ff1800bca0361e94ce85d87fc32a0a&from=invite-eureakplg-result&content=,
222,Float Glass Surface Defects vs Bath Oxygen Potential,materials,used,2026-09-08T09:33:56.508632+00:00,2026-09-08T12:12:07.648829+00:00,2026-09-08T12:12:07.648829+00:00,https://eureka.patsnap.com/ai-search/sess_9f12fcd0b0df46d5?from=rd-home&start_from=eureka_landingpage,https://eureka.patsnap.com/share/?id=85bc98917d4084f4350c4ac3f43f6724&from=invite-eureakplg-result&content=,
223,How to Assess Flange Leakage After Hydrotesting,engineering,used,2026-09-08T12:19:26.333023+00:00,2026-09-08T12:19:28.157553+00:00,2026-09-08T12:19:28.157553+00:00,https://eureka.patsnap.com/ai-search/sess_12aa4109b29d474e?from=rd-home&start_from=eureka_landingpage,https://eureka.patsnap.com/share/?id=e53ef59f0395f38cb81116fab7f28b17&from=invite-eureakplg-result&content=,
224,How to Manage Naphtha Feed Variability in Reformers,chemical,used,2026-09-08T09:33:56.508461+00:00,2026-09-08T12:07:43.633439+00:00,2026-09-08T12:07:43.633439+00:00,https://eureka.patsnap.com/ai-search/sess_c79881841b1645fc?from=rd-home&start_from=eureka_landingpage,https://eureka.patsnap.com/share/?id=ca65f53d97021f7088d9af6af6e0d618&from=invite-eureakplg-result&content=,
225,Quantify Hydrophobic Sealant Aging Under Chemical Exposure,chemical,used,2026-09-08T09:33:56.508462+00:00,2026-09-08T12:07:52.441470+00:00,2026-09-08T12:07:52.441470+00:00,https://eureka.patsnap.com/ai-search/sess_f9ad1cc332414957?from=rd-home&start_from=eureka_landingpage,https://eureka.patsnap.com/share/?id=2c068b7a4c5b008179967086ae5ec7a0&from=invite-eureakplg-result&content=,
226,Brake Horsepower Correction for Humidity and Intake Conditions,automotive,used,2026-09-08T09:33:56.508373+00:00,2026-09-08T10:52:17.844512+00:00,2026-09-08T10:52:17.844512+00:00,https://eureka.patsnap.com/ai-search/sess_83d6f7388aa34156?from=rd-home&start_from=eureka_landingpage,https://eureka.patsnap.com/share/?id=061738086d926662c7feccadfdea8c03&from=invite-eureakplg-result&content=,
227,Brake Horsepower Correction Standards: SAE vs JIS,automotive,used,2026-09-08T09:33:56.508374+00:00,2026-09-08T10:52:19.432349+00:00,2026-09-08T10:52:19.432349+00:00,https://eureka.patsnap.com/ai-search/sess_ee610a94d6854fd2?from=rd-home&start_from=eureka_landingpage,https://eureka.patsnap.com/share/?id=7c9ba920d73e7e7e1a4419592260a728&from=invite-eureakplg-result&content=,
228,Brake Horsepower vs Gross Power Under Different Standards,automotive,used,2026-09-08T09:33:56.508376+00:00,2026-09-08T10:52:20.906260+00:00,2026-09-08T10:52:20.906260+00:00,https://eureka.patsnap.com/ai-search/sess_3aa56fd956164b69?from=rd-home&start_from=eureka_landingpage,https://eureka.patsnap.com/share/?id=6cc1656ba4dc7cd9b658c2bba63f2d9d&from=invite-eureakplg-result&content=,
229,Brake Horsepower vs Net Horsepower: Rating Consistency,automotive,used,2026-09-08T09:33:56.508377+00:00,2026-09-08T10:52:22.536737+00:00,2026-09-08T10:52:22.536737+00:00,https://eureka.patsnap.com/ai-search/sess_355349805b3a44e5?from=rd-home&start_from=eureka_landingpage,https://eureka.patsnap.com/share/?id=23ced1a42645c7ba17cc4927c7cc4d0f&from=invite-eureakplg-result&content=,
230,Brake Horsepower vs Torque: Choosing Engine Control Targets,automotive,used,2026-09-08T09:33:56.508378+00:00,2026-09-08T10:52:23.991319+00:00,2026-09-08T10:52:23.991319+00:00,https://eureka.patsnap.com/ai-search/sess_c260477c4c8f420f?from=rd-home&start_from=eureka_landingpage,https://eureka.patsnap.com/share/?id=dd87c65fc30c2298800cc7c1e71b0b30&from=invite-eureakplg-result&content=,
231,Flange Rating vs Temperature: Safe Operating Envelope,engineering,used,2026-09-08T12:19:28.164255+00:00,2026-09-08T12:19:29.757207+00:00,2026-09-08T12:19:29.757207+00:00,https://eureka.patsnap.com/ai-search/sess_192f7b73dc13439f?from=rd-home&start_from=eureka_landingpage,https://eureka.patsnap.com/share/?id=2c88c3a34252310c26629f545604946c&from=invite-eureakplg-result&content=,
232,How to Design Hydrogen Storage for Seasonal Demand,energy,used,2026-09-08T09:33:56.508534+00:00,2026-09-08T12:08:13.778722+00:00,2026-09-08T12:08:13.778722+00:00,https://eureka.patsnap.com/ai-search/sess_8f5f88ce8d89471e?from=rd-home&start_from=eureka_landingpage,https://eureka.patsnap.com/share/?id=3f2a376bd4d37752f1d2f6c73e84bd8b&from=invite-eureakplg-result&content=,
233,How to Improve Flange Alignment in Large-Bore Piping,engineering,used,2026-09-08T12:19:29.765074+00:00,2026-09-08T12:19:31.835077+00:00,2026-09-08T12:19:31.835077+00:00,https://eureka.patsnap.com/ai-search/sess_ea89704e62724cc8?from=rd-home&start_from=eureka_landingpage,https://eureka.patsnap.com/share/?id=5baf0f327fc7f846faad6c7b1d2ef2f1&from=invite-eureakplg-result&content=,
234,How to Improve Naphtha Cracking Propylene Selectivity,chemical,used,2026-09-08T12:10:44.744195+00:00,2026-09-08T12:10:48.236678+00:00,2026-09-08T12:10:48.236678+00:00,https://eureka.patsnap.com/ai-search/sess_f715fc88c7b04e48?from=rd-home&start_from=eureka_landingpage,https://eureka.patsnap.com/share/?id=582ab06144d1182936280f9f58a43766&from=invite-eureakplg-result&content=,
235,How to Minimize Naphtha Reforming Catalyst Deactivation,chemical,used,2026-09-08T12:10:48.242921+00:00,2026-09-08T12:10:54.121288+00:00,2026-09-08T12:10:54.121288+00:00,https://eureka.patsnap.com/ai-search/sess_9098ecbcc39648be?from=rd-home&start_from=eureka_landingpage,https://eureka.patsnap.com/share/?id=cad1bb321ced9f2a866050c3b2c62930&from=invite-eureakplg-result&content=,
236,How to Quantify Hydrophobic Surface Defects in Quality Control,engineering,used,2026-09-08T12:19:31.842756+00:00,2026-09-08T12:19:35.543363+00:00,2026-09-08T12:19:35.543363+00:00,https://eureka.patsnap.com/ai-search/sess_caadd132aca8417f?from=rd-home&start_from=eureka_landingpage,https://eureka.patsnap.com/share/?id=569f41944f82e493a9ba1afa7ae93d29&from=invite-eureakplg-result&content=,
237,How to Reduce Assembly Errors in Flanged Joints,engineering,used,2026-09-08T12:19:35.549615+00:00,2026-09-08T12:19:38.394777+00:00,2026-09-08T12:19:38.394777+00:00,https://eureka.patsnap.com/ai-search/sess_e68a644b00054abd?from=rd-home&start_from=eureka_landingpage,https://eureka.patsnap.com/share/?id=8138a066d474a495813a95eba49790b6&from=invite-eureakplg-result&content=,
238,How to Reduce Pressure Drop in Naphtha Hydroprocessing,chemical,used,2026-09-08T12:10:54.127346+00:00,2026-09-08T12:10:57.759018+00:00,2026-09-08T12:10:57.759018+00:00,https://eureka.patsnap.com/ai-search/sess_f26c8fa8c56f47c7?from=rd-home&start_from=eureka_landingpage,https://eureka.patsnap.com/share/?id=31f3810b76c878f467a182b9b4a16c76&from=invite-eureakplg-result&content=,
239,How to Select Battery Insulation for Prismatic Cells,energy,used,2026-09-08T09:33:56.508535+00:00,2026-09-08T12:08:17.106433+00:00,2026-09-08T12:08:17.106433+00:00,https://eureka.patsnap.com/ai-search/sess_0c390981fdd14ee3?from=rd-home&start_from=eureka_landingpage,https://eureka.patsnap.com/share/?id=aca69a05c5fce080e0c8364dab6dff82&from=invite-eureakplg-result&content=,
240,How to Separate Brake Horsepower Gains From Dyno Error,automotive,used,2026-09-08T09:33:56.508379+00:00,2026-09-08T10:52:25.506605+00:00,2026-09-08T10:52:25.506605+00:00,https://eureka.patsnap.com/ai-search/sess_6002ce71904742d5?from=rd-home&start_from=eureka_landingpage,https://eureka.patsnap.com/share/?id=7679a1d6f2b12ac1ea2344463ab2d129&from=invite-eureakplg-result&content=,
241,Measure Heavy Fuel Oil Density for Mass Flow Control,energy,used,2026-09-08T09:33:56.508537+00:00,2026-09-08T12:08:20.314979+00:00,2026-09-08T12:08:20.314979+00:00,https://eureka.patsnap.com/ai-search/sess_71a2feb5d97f41b9?from=rd-home&start_from=eureka_landingpage,https://eureka.patsnap.com/share/?id=12b2913559e7699ff8986111537033f3&from=invite-eureakplg-result&content=,
242,Measure Naphtha PIONA Data for Blend Optimization,chemical,used,2026-09-08T12:10:57.764846+00:00,2026-09-08T12:11:00.592826+00:00,2026-09-08T12:11:00.592826+00:00,https://eureka.patsnap.com/ai-search/sess_d843972363244c16?from=rd-home&start_from=eureka_landingpage,https://eureka.patsnap.com/share/?id=9b62b10236d3896c2090625035f7571f&from=invite-eureakplg-result&content=,
243,Measure Rotary Actuator Vibration for Predictive Maintenance,engineering,used,2026-09-08T12:19:38.401808+00:00,2026-09-08T12:19:40.122634+00:00,2026-09-08T12:19:40.122634+00:00,https://eureka.patsnap.com/ai-search/sess_ba339cb904ae4df5?from=rd-home&start_from=eureka_landingpage,https://eureka.patsnap.com/share/?id=275bd3e43b2b5edaaf21dad90d5017ad&from=invite-eureakplg-result&content=,
244,Optimize Film Casting System Solvent Blend for Drying Quality,engineering,used,2026-09-08T12:19:40.130481+00:00,2026-09-08T12:19:46.388433+00:00,2026-09-08T12:19:46.388433+00:00,https://eureka.patsnap.com/ai-search/sess_ef547e2b9f5b4d10?from=rd-home&start_from=eureka_landingpage,https://eureka.patsnap.com/share/?id=0a583ec780d3c53bf0aeee9257cab2f0&from=invite-eureakplg-result&content=,
245,Quantify Haptic Energy Use in Mobile Devices,engineering,used,2026-09-08T12:19:46.395232+00:00,2026-09-08T12:19:48.740371+00:00,2026-09-08T12:19:48.740371+00:00,https://eureka.patsnap.com/ai-search/sess_4d219b44414a4921?from=rd-home&start_from=eureka_landingpage,https://eureka.patsnap.com/share/?id=4e1b4fa4be41dd4c1a08ae57c4986c66&from=invite-eureakplg-result&content=,
246,Quantify Haptic Perception Under Glove Constraints,engineering,used,2026-09-08T12:19:48.746448+00:00,2026-09-08T12:19:50.408564+00:00,2026-09-08T12:19:50.408564+00:00,https://eureka.patsnap.com/ai-search/sess_fb06efe8c7e9449e?from=rd-home&start_from=eureka_landingpage,https://eureka.patsnap.com/share/?id=fb7267c1488bb952c61826bffa380fd2&from=invite-eureakplg-result&content=,
247,Quantify Scroll Compressor Start-Up Wear for Service Life,engineering,used,2026-09-08T12:19:50.415326+00:00,2026-09-08T12:19:52.847528+00:00,2026-09-08T12:19:52.847528+00:00,https://eureka.patsnap.com/ai-search/sess_49fc638c39ec401d?from=rd-home&start_from=eureka_landingpage,https://eureka.patsnap.com/share/?id=32ee2776a86d042192f3dbd83f61c582&from=invite-eureakplg-result&content=,
248,Validate Flocculant Performance Using Settling-Curve Models,chemical,used,2026-09-08T12:11:00.598938+00:00,2026-09-08T12:11:03.342250+00:00,2026-09-08T12:11:03.342250+00:00,https://eureka.patsnap.com/ai-search/sess_966e2ee59f104317?from=rd-home&start_from=eureka_landingpage,https://eureka.patsnap.com/share/?id=4a50e8e6abf4e3d56e4f7e1317a0d4e1&from=invite-eureakplg-result&content=,
249,Validate Hydrostatic Transmission Efficiency Claims with Duty Cycles,engineering,used,2026-09-08T12:19:52.852438+00:00,2026-09-08T12:19:54.469484+00:00,2026-09-08T12:19:54.469484+00:00,https://eureka.patsnap.com/ai-search/sess_844926d82bf3457f?from=rd-home&start_from=eureka_landingpage,https://eureka.patsnap.com/share/?id=d3294b6349546ea835cdf038bc82cd04&from=invite-eureakplg-result&content=,
250,Battery Insulation vs Busbar Sleeves: HV Fault Protection,energy,used,2026-09-08T09:33:56.508538+00:00,2026-09-08T12:08:26.328733+00:00,2026-09-08T12:08:26.328733+00:00,https://eureka.patsnap.com/ai-search/sess_4a70615ceb0c433f?from=rd-home&start_from=eureka_landingpage,https://eureka.patsnap.com/share/?id=2c320aacfc94218e474e4f28bf82a5cc&from=invite-eureakplg-result&content=,
251,Blind vs Spectacle Flanges: Isolation Reliability,engineering,used,2026-09-08T12:19:54.475323+00:00,2026-09-08T12:19:56.834440+00:00,2026-09-08T12:19:56.834440+00:00,https://eureka.patsnap.com/ai-search/sess_c80399051d95433c?from=rd-home&start_from=eureka_landingpage,https://eureka.patsnap.com/share/?id=8a2b727139acbb864b80ef33990a3fc7&from=invite-eureakplg-result&content=,
252,Brake Horsepower and Turbocharger Sizing Trade-Offs,automotive,used,2026-09-08T09:33:56.508381+00:00,2026-09-08T10:52:26.990500+00:00,2026-09-08T10:52:26.990500+00:00,https://eureka.patsnap.com/ai-search/sess_76a7e5a2f88547ec?from=rd-home&start_from=eureka_landingpage,https://eureka.patsnap.com/share/?id=e8858387e2dcc926942b472485a9621e&from=invite-eureakplg-result&content=,
253,Brake Horsepower vs Peak Torque for Drivability,automotive,used,2026-09-08T09:33:56.508382+00:00,2026-09-08T10:52:28.535171+00:00,2026-09-08T10:52:28.535171+00:00,https://eureka.patsnap.com/ai-search/sess_eb3709ffc53440c5?from=rd-home&start_from=eureka_landingpage,https://eureka.patsnap.com/share/?id=36a926d33d9c2e3d17bbe91eef112f53&from=invite-eureakplg-result&content=,
254,Copper Oxide vs WO3: Response Speed in Gas Sensors,engineering,used,2026-09-08T12:19:56.841986+00:00,2026-09-08T12:20:01.148148+00:00,2026-09-08T12:20:01.148148+00:00,https://eureka.patsnap.com/ai-search/sess_3f105f99ccb94da4?from=rd-home&start_from=eureka_landingpage,https://eureka.patsnap.com/share/?id=f790570605bbc46e7b4bf8d9e5dd70ea&from=invite-eureakplg-result&content=,
255,How to Evaluate Flange Seals for Cryogenic Cycling,engineering,used,2026-09-08T12:20:01.152179+00:00,2026-09-08T12:20:02.941346+00:00,2026-09-08T12:20:02.941346+00:00,https://eureka.patsnap.com/ai-search/sess_25ba68a1e6d34804?from=rd-home&start_from=eureka_landingpage,https://eureka.patsnap.com/share/?id=453f57cb00eef77fda6abfdbd28766f5&from=invite-eureakplg-result&content=,
256,How to Integrate Flip Chip Bonding With Panel-Level Packaging,electronics_manufacturing,used,2026-09-08T09:33:56.508505+00:00,2026-09-08T12:11:06.730268+00:00,2026-09-08T12:11:06.730268+00:00,https://eureka.patsnap.com/ai-search/sess_bee80c87990947c2?from=rd-home&start_from=eureka_landingpage,https://eureka.patsnap.com/share/?id=5e02e0185d0bd7aa82952739a938782e&from=invite-eureakplg-result&content=,
257,How to Optimize Flocculant Dose for Turbidity Removal,chemical,used,2026-09-08T12:13:21.872979+00:00,2026-09-08T12:13:25.878734+00:00,2026-09-08T12:13:25.878734+00:00,https://eureka.patsnap.com/ai-search/sess_992eba26e8d14b37?from=rd-home&start_from=eureka_landingpage,https://eureka.patsnap.com/share/?id=39df594fd5cc37e3e2753d907b28c247&from=invite-eureakplg-result&content=,
258,How to Validate Hydrogen Dispensing Accuracy Under Variable Pressure,energy,used,2026-09-08T09:33:56.508539+00:00,2026-09-08T12:08:29.588951+00:00,2026-09-08T12:08:29.588951+00:00,https://eureka.patsnap.com/ai-search/sess_081b3e70f0d1497a?from=rd-home&start_from=eureka_landingpage,https://eureka.patsnap.com/share/?id=dfa6af5b24930f7f34f64d58e7b89870&from=invite-eureakplg-result&content=,
259,Quantify Factory Automation Spare Capacity for Growth,engineering,used,2026-09-08T12:20:02.945309+00:00,2026-09-08T12:20:05.139489+00:00,2026-09-08T12:20:05.139489+00:00,https://eureka.patsnap.com/ai-search/sess_6d377051009744e0?from=rd-home&start_from=eureka_landingpage,https://eureka.patsnap.com/share/?id=09ea76304db4807a39f93a0ac1f29d88&from=invite-eureakplg-result&content=,
260,Quantify Flocculant Toxicity Risks in Aquaculture Effluent,chemical,used,2026-09-08T12:13:25.885330+00:00,2026-09-08T12:13:28.393823+00:00,2026-09-08T12:13:28.393823+00:00,https://eureka.patsnap.com/ai-search/sess_8de6d8fef168426a?from=rd-home&start_from=eureka_landingpage,https://eureka.patsnap.com/share/?id=a108173ca892c2620d38552226a037cd&from=invite-eureakplg-result&content=,
261,Reduce Roller Marks in Float Glass Through Process Control,materials,used,2026-09-08T09:33:56.508633+00:00,2026-09-08T12:12:11.797033+00:00,2026-09-08T12:12:11.797033+00:00,https://eureka.patsnap.com/ai-search/sess_2816eb2328ef4349?from=rd-home&start_from=eureka_landingpage,https://eureka.patsnap.com/share/?id=f64a9427924dae8320f23cc7795c76f9&from=invite-eureakplg-result&content=,
262,Spiral-Wound vs Kammprofile Gaskets for Flange Sealing,engineering,used,2026-09-08T12:20:05.146938+00:00,2026-09-08T12:20:07.883872+00:00,2026-09-08T12:20:07.883872+00:00,https://eureka.patsnap.com/ai-search/sess_c7bd418c119c4821?from=rd-home&start_from=eureka_landingpage,https://eureka.patsnap.com/share/?id=9488b8a120e1dc7c85b8af50d1bf7897&from=invite-eureakplg-result&content=,
263,Tactile Displays vs Haptic Gloves: Training Scalability,engineering,used,2026-09-08T12:20:07.888116+00:00,2026-09-08T12:20:10.098292+00:00,2026-09-08T12:20:10.098292+00:00,https://eureka.patsnap.com/ai-search/sess_ebe04ce85913438b?from=rd-home&start_from=eureka_landingpage,https://eureka.patsnap.com/share/?id=7499d27ebcc1728cd0f45c196158dbfb&from=invite-eureakplg-result&content=,
264,Validate Factory Automation Robots for Collaborative Workcells,engineering,used,2026-09-08T12:20:10.102281+00:00,2026-09-08T12:20:12.309857+00:00,2026-09-08T12:20:12.309857+00:00,https://eureka.patsnap.com/ai-search/sess_873114505e984b4c?from=rd-home&start_from=eureka_landingpage,https://eureka.patsnap.com/share/?id=01b0c5c338121d11bdc5035d0daed291&from=invite-eureakplg-result&content=,
265,ASME vs EN Flanges: Pressure Rating Selection,engineering,used,2026-09-08T12:20:12.314441+00:00,2026-09-08T12:20:14.193137+00:00,2026-09-08T12:20:14.193137+00:00,https://eureka.patsnap.com/ai-search/sess_51f37fc536564727?from=rd-home&start_from=eureka_landingpage,https://eureka.patsnap.com/share/?id=f68aff266caeb37b62e1bb16c04b55f1&from=invite-eureakplg-result&content=,
266,Brake Horsepower Correction for Temperature and Pressure,automotive,used,2026-09-08T09:33:56.508383+00:00,2026-09-08T10:52:30.084241+00:00,2026-09-08T10:52:30.084241+00:00,https://eureka.patsnap.com/ai-search/sess_4aabfd55d9d5434c?from=rd-home&start_from=eureka_landingpage,https://eureka.patsnap.com/share/?id=a77a40d8c0b8b8e23aa16ff0df8034aa&from=invite-eureakplg-result&content=,
267,Brake Horsepower Measurement for Engine Quality Control,automotive,used,2026-09-08T09:33:56.508384+00:00,2026-09-08T10:52:31.797939+00:00,2026-09-08T10:52:31.797939+00:00,https://eureka.patsnap.com/ai-search/sess_607d97a2e1564f51?from=rd-home&start_from=eureka_landingpage,https://eureka.patsnap.com/share/?id=4e7379938bce9ff379fd29ecd2bcbd8d&from=invite-eureakplg-result&content=,
268,Brake Horsepower Validation for Motorsport Engine Builds,automotive,used,2026-09-08T09:33:56.508386+00:00,2026-09-08T10:52:33.791802+00:00,2026-09-08T10:52:33.791802+00:00,https://eureka.patsnap.com/ai-search/sess_5b464680496c442b?from=rd-home&start_from=eureka_landingpage,https://eureka.patsnap.com/share/?id=e090327924c63edd37f0f5df10644daa&from=invite-eureakplg-result&content=,
269,Brake Horsepower vs Wheel Power: Locating Drivetrain Faults,automotive,used,2026-09-08T09:33:56.508387+00:00,2026-09-08T10:52:35.273881+00:00,2026-09-08T10:52:35.273881+00:00,https://eureka.patsnap.com/ai-search/sess_ac41c0421c434cdd?from=rd-home&start_from=eureka_landingpage,https://eureka.patsnap.com/share/?id=ac3eaf1e5facbe75f95f625670ab9f4e&from=invite-eureakplg-result&content=,
270,Brake Shoe Linings vs Disc Pads: Thermal Recovery in Fleets,engineering,used,2026-09-08T12:20:14.199103+00:00,2026-09-08T12:20:16.086126+00:00,2026-09-08T12:20:16.086126+00:00,https://eureka.patsnap.com/ai-search/sess_ae9ef2b0665e4215?from=rd-home&start_from=eureka_landingpage,https://eureka.patsnap.com/share/?id=0eef924c173216622667095ce8d85182&from=invite-eureakplg-result&content=,
271,Combined Cycle Plant Waste Heat for District Heating,energy,used,2026-09-08T09:33:56.508540+00:00,2026-09-08T12:11:24.857604+00:00,2026-09-08T12:11:24.857604+00:00,https://eureka.patsnap.com/ai-search/sess_50a3779c1b514b93?from=rd-home&start_from=eureka_landingpage,https://eureka.patsnap.com/share/?id=ada3dbd22c755db7bdce1be31929c704&from=invite-eureakplg-result&content=,
272,Design for Manufacturing vs Forging Design: Material Yield,engineering,used,2026-09-08T12:20:16.093355+00:00,2026-09-08T12:20:18.345534+00:00,2026-09-08T12:20:18.345534+00:00,https://eureka.patsnap.com/ai-search/sess_a61a161162f740ac?from=rd-home&start_from=eureka_landingpage,https://eureka.patsnap.com/share/?id=e907e5e670c8845005d2d1bc8961ca3f&from=invite-eureakplg-result&content=,
273,Factory Automation vs Fixed Automation for High Mix,engineering,used,2026-09-08T12:20:18.352959+00:00,2026-09-08T12:20:20.074041+00:00,2026-09-08T12:20:20.074041+00:00,https://eureka.patsnap.com/ai-search/sess_9724c392b2644b6a?from=rd-home&start_from=eureka_landingpage,https://eureka.patsnap.com/share/?id=afb4cc3c373626137db9e785f964b03b&from=invite-eureakplg-result&content=,
274,Fiberboard Microstructure vs MDF: Delamination Risk,materials,used,2026-09-08T09:33:56.508634+00:00,2026-09-08T12:12:16.107303+00:00,2026-09-08T12:12:16.107303+00:00,https://eureka.patsnap.com/ai-search/sess_ba708d27e59c4f05?from=rd-home&start_from=eureka_landingpage,https://eureka.patsnap.com/share/?id=6ee31065ecb265a549676e8c43ed2afd&from=invite-eureakplg-result&content=,
275,Flange Bolt Torque vs Lubrication: Preload Control,engineering,used,2026-09-08T12:20:20.078946+00:00,2026-09-08T12:20:21.966525+00:00,2026-09-08T12:20:21.966525+00:00,https://eureka.patsnap.com/ai-search/sess_93cb5289e7234e44?from=rd-home&start_from=eureka_landingpage,https://eureka.patsnap.com/share/?id=6379424928e3daf328c382b984cbd082&from=invite-eureakplg-result&content=,
276,Flange Gasket Compression vs Recovery Under Cycling,engineering,used,2026-09-08T12:22:00.534505+00:00,2026-09-08T12:22:03.210391+00:00,2026-09-08T12:22:03.210391+00:00,https://eureka.patsnap.com/ai-search/sess_956272223b374785?from=rd-home&start_from=eureka_landingpage,https://eureka.patsnap.com/share/?id=14e01a34e5a1efff65a561fc8f48f541&from=invite-eureakplg-result&content=,
277,Flange Standards vs Project Specifications: Resolve Conflicts,engineering,used,2026-09-08T12:22:03.214269+00:00,2026-09-08T12:22:05.481722+00:00,2026-09-08T12:22:05.481722+00:00,https://eureka.patsnap.com/ai-search/sess_a7802e7071784d28?from=rd-home&start_from=eureka_landingpage,https://eureka.patsnap.com/share/?id=624d535820ebbd4522276c2d2dd447f1&from=invite-eureakplg-result&content=,
278,Flat-Face vs Raised-Face Flanges: Equipment Compatibility,engineering,used,2026-09-08T12:22:05.491750+00:00,2026-09-08T12:22:07.898140+00:00,2026-09-08T12:22:07.898140+00:00,https://eureka.patsnap.com/ai-search/sess_87cb48a723d6495a?from=rd-home&start_from=eureka_landingpage,https://eureka.patsnap.com/share/?id=8e85f3a82150a1d60c72a3dda920d721&from=invite-eureakplg-result&content=,
279,Flip Chip Bonding With NCF vs ACF: Fine-Pitch Yield,electronics_manufacturing,used,2026-09-08T09:33:56.508506+00:00,2026-09-08T12:11:11.117549+00:00,2026-09-08T12:11:11.117549+00:00,https://eureka.patsnap.com/ai-search/sess_0f613da3b8f94570?from=rd-home&start_from=eureka_landingpage,https://eureka.patsnap.com/share/?id=5efeb06d5729c464a5ad49334ce9f23a&from=invite-eureakplg-result&content=,
280,Float Glass Defect Rates vs Tin Bath Temperature Stability,materials,used,2026-09-08T09:33:56.508635+00:00,2026-09-08T12:12:19.457653+00:00,2026-09-08T12:12:19.457653+00:00,https://eureka.patsnap.com/ai-search/sess_b7d856904d524579?from=rd-home&start_from=eureka_landingpage,https://eureka.patsnap.com/share/?id=c67d3f167ee7f26ba6c7d037f71fb5e8&from=invite-eureakplg-result&content=,
281,Flocculant vs Centrifugation: Tailings Water Recovery,chemical,used,2026-09-08T12:13:28.401498+00:00,2026-09-08T12:13:31.410568+00:00,2026-09-08T12:13:31.410568+00:00,https://eureka.patsnap.com/ai-search/sess_8f279969561844d6?from=rd-home&start_from=eureka_landingpage,https://eureka.patsnap.com/share/?id=b2bb1ee4fbcf86095ab5c13211fbda43&from=invite-eureakplg-result&content=,
282,Flocculant vs Ferric Chloride: Arsenic Removal Trade-Offs,chemical,used,2026-09-08T12:13:31.416516+00:00,2026-09-08T12:13:34.595807+00:00,2026-09-08T12:13:34.595807+00:00,https://eureka.patsnap.com/ai-search/sess_4647f35ead7940f8?from=rd-home&start_from=eureka_landingpage,https://eureka.patsnap.com/share/?id=5ea9d07e6d727a97540fdbed6ea85e5d&from=invite-eureakplg-result&content=,
283,Flocculant vs Hydrocycloning: Mineral Classification Efficiency,chemical,used,2026-09-08T12:13:34.598918+00:00,2026-09-08T12:13:39.661077+00:00,2026-09-08T12:13:39.661077+00:00,https://eureka.patsnap.com/ai-search/sess_4d6d6e04367c4868?from=rd-home&start_from=eureka_landingpage,https://eureka.patsnap.com/share/?id=0e9d7ebd70aee65ca717c477f24eab15&from=invite-eureakplg-result&content=,
284,Flocculant vs Lime Softening: Phosphate Removal Costs,chemical,used,2026-09-08T12:15:47.558573+00:00,2026-09-08T12:15:52.725017+00:00,2026-09-08T12:15:52.725017+00:00,https://eureka.patsnap.com/ai-search/sess_b9efda8696004e5b?from=rd-home&start_from=eureka_landingpage,https://eureka.patsnap.com/share/?id=86ff49966670168c4ea8632a19225f4a&from=invite-eureakplg-result&content=,
285,Heavy Fuel Oil vs Biofuel: Deposit Formation in Engines,energy,used,2026-09-08T09:33:56.508541+00:00,2026-09-08T12:11:28.631400+00:00,2026-09-08T12:11:28.631400+00:00,https://eureka.patsnap.com/ai-search/sess_e54468d70d5241f3?from=rd-home&start_from=eureka_landingpage,https://eureka.patsnap.com/share/?id=1978d79a92b531aa97b69dafae8e9084&from=invite-eureakplg-result&content=,
286,Heavy Fuel Oil vs Marine Gas Oil: Sulfur Compliance,energy,used,2026-09-08T09:33:56.508542+00:00,2026-09-08T12:11:31.275053+00:00,2026-09-08T12:11:31.275053+00:00,https://eureka.patsnap.com/ai-search/sess_782963e3c0dc4446?from=rd-home&start_from=eureka_landingpage,https://eureka.patsnap.com/share/?id=48ad8ad2eda1390c0b32d12e987db2c8&from=invite-eureakplg-result&content=,
287,Heavy Fuel Oil vs VLSFO: Tank Cleaning Requirements,energy,used,2026-09-08T09:33:56.508544+00:00,2026-09-08T12:11:38.703721+00:00,2026-09-08T12:11:38.703721+00:00,https://eureka.patsnap.com/ai-search/sess_78e5eb8c092e4e46?from=rd-home&start_from=eureka_landingpage,https://eureka.patsnap.com/share/?id=e9904f53100e7b28fa61ff64b18dfcc4&from=invite-eureakplg-result&content=,
288,How to Assess Hydrostatic Transmission Seal Compatibility,engineering,used,2026-09-08T12:22:07.906762+00:00,2026-09-08T12:22:10.671765+00:00,2026-09-08T12:22:10.671765+00:00,https://eureka.patsnap.com/ai-search/sess_2c66b7ca76444791?from=rd-home&start_from=eureka_landingpage,https://eureka.patsnap.com/share/?id=c80acb7fe7c463a700daaaa9c5c6e6f6&from=invite-eureakplg-result&content=,
289,How to Avoid Lack of Fusion in Welding Stainless Steel,materials,used,2026-09-08T09:33:56.508636+00:00,2026-09-08T12:12:23.608972+00:00,2026-09-08T12:12:23.608972+00:00,https://eureka.patsnap.com/ai-search/sess_f14e5a56079d4549?from=rd-home&start_from=eureka_landingpage,https://eureka.patsnap.com/share/?id=cc351050f0b67c76256180f0eb1cde35&from=invite-eureakplg-result&content=,
290,How to Calculate Rotary Actuator Torque for Valves,engineering,used,2026-09-08T12:22:10.681346+00:00,2026-09-08T12:22:12.339186+00:00,2026-09-08T12:22:12.339186+00:00,https://eureka.patsnap.com/ai-search/sess_0689fa3e7a384f43?from=rd-home&start_from=eureka_landingpage,https://eureka.patsnap.com/share/?id=5deb31e3b04a819bcc3afc9d3bc844b9&from=invite-eureakplg-result&content=,
291,How to Control Chloride in Naphtha Reforming Units,chemical,used,2026-09-08T12:15:52.731660+00:00,2026-09-08T12:15:59.134027+00:00,2026-09-08T12:15:59.134027+00:00,https://eureka.patsnap.com/ai-search/sess_b2c19aa0dfcf48f1?from=rd-home&start_from=eureka_landingpage,https://eureka.patsnap.com/share/?id=3b4c344782eed616d1b872794a79e104&from=invite-eureakplg-result&content=,
292,How to Control Crucibles Porosity and Gas Pickup,materials,used,2026-09-08T09:33:56.508638+00:00,2026-09-08T12:14:52.731238+00:00,2026-09-08T12:14:52.731238+00:00,https://eureka.patsnap.com/ai-search/sess_4db896dfa9964b6e?from=rd-home&start_from=eureka_landingpage,https://eureka.patsnap.com/share/?id=1bf4c7f374ee990a79e69694f0be4aeb&from=invite-eureakplg-result&content=,
293,How to Design Factory Automation for Easy Reconfiguration,engineering,used,2026-09-08T12:22:12.346915+00:00,2026-09-08T12:22:14.182736+00:00,2026-09-08T12:22:14.182736+00:00,https://eureka.patsnap.com/ai-search/sess_61571efc0396478c?from=rd-home&start_from=eureka_landingpage,https://eureka.patsnap.com/share/?id=8983df26524a32ae9a2db85df7491ad5&from=invite-eureakplg-result&content=,
294,How to Design Flocculant Screening for Complex Wastewater,chemical,used,2026-09-08T12:15:59.141111+00:00,2026-09-08T12:16:03.066189+00:00,2026-09-08T12:16:03.066189+00:00,https://eureka.patsnap.com/ai-search/sess_444306ec653e4953?from=rd-home&start_from=eureka_landingpage,https://eureka.patsnap.com/share/?id=32f160712fd3c3a2df32566c24f3462e&from=invite-eureakplg-result&content=,
295,How to Design Haptic Alerts for Alarm Prioritization,engineering,used,2026-09-08T12:22:14.190718+00:00,2026-09-08T12:22:15.991691+00:00,2026-09-08T12:22:15.991691+00:00,https://eureka.patsnap.com/ai-search/sess_19a3cdbb4665404a?from=rd-home&start_from=eureka_landingpage,https://eureka.patsnap.com/share/?id=1cfdf6f6815aae23bec865ffd305aa09&from=invite-eureakplg-result&content=,
296,How to Diagnose Naphtha Cracker Coil Fouling,chemical,used,2026-09-08T12:16:03.072678+00:00,2026-09-08T12:16:07.862001+00:00,2026-09-08T12:16:07.862001+00:00,https://eureka.patsnap.com/ai-search/sess_db10a84ea238453c?from=rd-home&start_from=eureka_landingpage,https://eureka.patsnap.com/share/?id=69e995bec9a0cf768584e33725066574&from=invite-eureakplg-result&content=,
297,How to Improve Heavy Fuel Oil Centrifuge Separation,energy,used,2026-09-08T09:33:56.508546+00:00,2026-09-08T12:11:44.607335+00:00,2026-09-08T12:11:44.607335+00:00,https://eureka.patsnap.com/ai-search/sess_89476bd7e73f4e22?from=rd-home&start_from=eureka_landingpage,https://eureka.patsnap.com/share/?id=fa04d85f56d651dd3318606683e8f4ce&from=invite-eureakplg-result&content=,
298,How to Improve Hydrogen Generator Startup and Shutdown,energy,used,2026-09-08T09:33:56.508547+00:00,2026-09-08T12:14:11.507891+00:00,2026-09-08T12:14:11.507891+00:00,https://eureka.patsnap.com/ai-search/sess_75bd9fdd7e744386?from=rd-home&start_from=eureka_landingpage,https://eureka.patsnap.com/share/?id=dfad83fe7550588ffad66c62663da901&from=invite-eureakplg-result&content=,
299,How to Improve Hydrophobic Coatings on 3D-Printed Parts,materials,used,2026-09-08T09:33:56.508639+00:00,2026-09-08T12:14:56.330201+00:00,2026-09-08T12:14:56.330201+00:00,https://eureka.patsnap.com/ai-search/sess_541a3f1735f74e61?from=rd-home&start_from=eureka_landingpage,https://eureka.patsnap.com/share/?id=6f0150180bf042f9d74b20c3e7d58a7b&from=invite-eureakplg-result&content=,
300,Compare Silver vs Aluminum Back Metal Electrodes for PSCs,energy,used,2026-09-08T09:33:56.508548+00:00,2026-09-08T12:14:14.557527+00:00,2026-09-08T12:14:14.557527+00:00,https://eureka.patsnap.com/ai-search/sess_d4b5736636d9454c?from=rd-home&start_from=eureka_landingpage,https://eureka.patsnap.com/share/?id=51702ae2f1fd27b0b1278af149b08efb&from=invite-eureakplg-result&content=,
301,Underway Seawater Line Pressure Sensor Integration for Flow Monitoring,engineering,used,2026-09-08T12:22:15.996595+00:00,2026-09-08T12:22:18.539436+00:00,2026-09-08T12:22:18.539436+00:00,https://eureka.patsnap.com/ai-search/sess_fea696872b8d44ee?from=rd-home&start_from=eureka_landingpage,https://eureka.patsnap.com/share/?id=8adb3b7047a4ec8d2261cbdb14923507&from=invite-eureakplg-result&content=,
302,How to Select Baddeleyite for Refractory Applications,materials,used,2026-09-08T09:33:56.508640+00:00,2026-09-08T12:15:00.379567+00:00,2026-09-08T12:15:00.379567+00:00,https://eureka.patsnap.com/ai-search/sess_6739878a335c4f69?from=rd-home&start_from=eureka_landingpage,https://eureka.patsnap.com/share/?id=58748a913c9ffbaf6fea7a30c23af8d7&from=invite-eureakplg-result&content=,
303,How to Troubleshoot Virtual Flux Estimation Errors in Direct Power Control,engineering,used,2026-09-08T12:22:18.549421+00:00,2026-09-08T12:22:20.251046+00:00,2026-09-08T12:22:20.251046+00:00,https://eureka.patsnap.com/ai-search/sess_533e1a4ea52841a3?from=rd-home&start_from=eureka_landingpage,https://eureka.patsnap.com/share/?id=f9e326db2825611ce55c11d70ccb2ff5&from=invite-eureakplg-result&content=,
304,Conduction Band Engineering for Resistive Switching Memory,electronics_manufacturing,used,2026-09-08T09:33:56.508507+00:00,2026-09-08T12:11:15.059876+00:00,2026-09-08T12:11:15.059876+00:00,https://eureka.patsnap.com/ai-search/sess_fc9b46242847403d?from=rd-home&start_from=eureka_landingpage,https://eureka.patsnap.com/share/?id=714032edba680caa6ec85043890b77b4&from=invite-eureakplg-result&content=,
305,How to Control Surface Treatment Outgassing for Vacuum Systems,materials,used,2026-09-08T09:33:56.508642+00:00,2026-09-08T12:15:03.516820+00:00,2026-09-08T12:15:03.516820+00:00,https://eureka.patsnap.com/ai-search/sess_c4357882d358446f?from=rd-home&start_from=eureka_landingpage,https://eureka.patsnap.com/share/?id=28625652a1257fad18e45a6111a49195&from=invite-eureakplg-result&content=,
306,Semiconductor Manufacturing Photoresist Poisoning Root Cause for Metal Contamination,electronics_manufacturing,used,2026-09-08T09:33:56.508509+00:00,2026-09-08T12:11:18.337188+00:00,2026-09-08T12:11:18.337188+00:00,https://eureka.patsnap.com/ai-search/sess_ed4b64a0019f498f?from=rd-home&start_from=eureka_landingpage,https://eureka.patsnap.com/share/?id=b6eb86a30691db0b673f8eda51ff6035&from=invite-eureakplg-result&content=,
307,Cold Plate Leak Testing: Pressure Decay vs Helium Methods,engineering,used,2026-09-08T12:22:20.259551+00:00,2026-09-08T12:22:22.027819+00:00,2026-09-08T12:22:22.027819+00:00,https://eureka.patsnap.com/ai-search/sess_2008441f50694f8f?from=rd-home&start_from=eureka_landingpage,https://eureka.patsnap.com/share/?id=53f70178900516581ea30f92a606e827&from=invite-eureakplg-result&content=,
308,Anodes for Solid-State Batteries: Interface Engineering,energy,used,2026-09-08T09:33:56.508549+00:00,2026-09-08T12:14:18.090714+00:00,2026-09-08T12:14:18.090714+00:00,https://eureka.patsnap.com/ai-search/sess_40fab8b7d1044f0c?from=rd-home&start_from=eureka_landingpage,https://eureka.patsnap.com/share/?id=f7799415c26d570ccb7999d4517132c0&from=invite-eureakplg-result&content=,
309,How to Design BMS for Sodium-Ion Battery Chemistry,energy,used,2026-09-08T09:33:56.508550+00:00,2026-09-08T12:14:22.459496+00:00,2026-09-08T12:14:22.459496+00:00,https://eureka.patsnap.com/ai-search/sess_dc0317c0dc71424f?from=rd-home&start_from=eureka_landingpage,https://eureka.patsnap.com/share/?id=be107c4a011dc2e3fd5e83311ff89af3&from=invite-eureakplg-result&content=,
310,e-Axle Rotor Balancing Techniques for NVH Reduction,automotive,used,2026-09-08T09:33:56.508388+00:00,2026-09-08T10:52:37.014642+00:00,2026-09-08T10:52:37.014642+00:00,https://eureka.patsnap.com/ai-search/sess_f0601fa3eee34516?from=rd-home&start_from=eureka_landingpage,https://eureka.patsnap.com/share/?id=add779b5f44cbdeb87fb4aef066c67f8&from=invite-eureakplg-result&content=,
311,Four-Point Bending Test vs Three-Point Bending Test for Composite Flexural Strength,materials,used,2026-09-08T12:15:03.519965+00:00,2026-09-08T12:15:07.323037+00:00,2026-09-08T12:15:07.323037+00:00,https://eureka.patsnap.com/ai-search/sess_2765d8fcfcd1492c?from=rd-home&start_from=eureka_landingpage,https://eureka.patsnap.com/share/?id=f358d9bd60609af28c8c5f3ee3f99c76&from=invite-eureakplg-result&content=,
312,How to Control Resins Ionic Contamination for Quantum Computing Packaging,materials,used,2026-09-08T12:20:21.974674+00:00,2026-09-08T12:20:24.310808+00:00,2026-09-08T12:20:24.310808+00:00,https://eureka.patsnap.com/ai-search/sess_5c9e29ec86094632?from=rd-home&start_from=eureka_landingpage,https://eureka.patsnap.com/share/?id=35fd38e1ee72848945ab198ce9d887a2&from=invite-eureakplg-result&content=,
313,How to Measure Threading Dislocation Density Using X-ray Diffraction,engineering,used,2026-09-08T12:22:22.036159+00:00,2026-09-08T12:22:24.190482+00:00,2026-09-08T12:22:24.190482+00:00,https://eureka.patsnap.com/ai-search/sess_014cbad288f54aef?from=rd-home&start_from=eureka_landingpage,https://eureka.patsnap.com/share/?id=7250b958caf29e09f70cd3bd50c78cf6&from=invite-eureakplg-result&content=,
314,How to Qualify Semiconductor Manufacturing Selective Area Growth for Monolithic 3D Integration,electronics_manufacturing,used,2026-09-08T09:33:56.508510+00:00,2026-09-08T12:11:21.040227+00:00,2026-09-08T12:11:21.040227+00:00,https://eureka.patsnap.com/ai-search/sess_0548e494cd2845b7?from=rd-home&start_from=eureka_landingpage,https://eureka.patsnap.com/share/?id=ce90c78f03decbe2901a6e8aca0ca1e8&from=invite-eureakplg-result&content=,
315,Wafer Process Equipment Matching for Multi-Chamber Tools,electronics_manufacturing,used,2026-09-08T09:33:56.508511+00:00,2026-09-08T12:13:43.973492+00:00,2026-09-08T12:13:43.973492+00:00,https://eureka.patsnap.com/ai-search/sess_35ba6f4a7e6d41a9?from=rd-home&start_from=eureka_landingpage,https://eureka.patsnap.com/share/?id=4f83d07011da735f98ee20fe890af9eb&from=invite-eureakplg-result&content=,
316,Adhesives Technical Solutions,engineering,used,2026-09-08T12:22:24.199012+00:00,2026-09-08T12:22:25.993749+00:00,2026-09-08T12:22:25.993749+00:00,https://eureka.patsnap.com/ai-search/sess_b0335ca483b54750?from=rd-home&start_from=eureka_landingpage,https://eureka.patsnap.com/share/?id=fd69034308e7f3a6f51a59efd8d10611&from=invite-eureakplg-result&content=,
317,Chemical Synthesis Technical Solutions,chemical,used,2026-09-08T12:16:07.865084+00:00,2026-09-08T12:16:11.737507+00:00,2026-09-08T12:16:11.737507+00:00,https://eureka.patsnap.com/ai-search/sess_3dccc7533e5740bc?from=rd-home&start_from=eureka_landingpage,https://eureka.patsnap.com/share/?id=9cbdbef2d35c329de136e47a1e87b8e1&from=invite-eureakplg-result&content=,
318,Robotics Functional Safety Validation for ISO 13849 PLd Requirements,engineering,used,2026-09-08T12:22:25.999420+00:00,2026-09-08T12:22:28.076090+00:00,2026-09-08T12:22:28.076090+00:00,https://eureka.patsnap.com/ai-search/sess_481a269ccd8d4e84?from=rd-home&start_from=eureka_landingpage,https://eureka.patsnap.com/share/?id=d89b08bc9dbb63ea2b84fad6d63762e4&from=invite-eureakplg-result&content=,
319,Wafer Process Defect Pareto Analysis for Yield Improvement,electronics_manufacturing,used,2026-09-08T09:33:56.508512+00:00,2026-09-08T12:13:50.930408+00:00,2026-09-08T12:13:50.930408+00:00,https://eureka.patsnap.com/ai-search/sess_f434a73d24234ad0?from=rd-home&start_from=eureka_landingpage,https://eureka.patsnap.com/share/?id=ec0314786b378411fc5617a48dc8818f&from=invite-eureakplg-result&content=,
320,5g Technical Solutions,other,used,2026-09-08T09:33:56.508685+00:00,2026-09-08T12:12:26.564096+00:00,2026-09-08T12:12:26.564096+00:00,https://eureka.patsnap.com/ai-search/sess_226f296be2bb44e5?from=rd-home&start_from=eureka_landingpage,https://eureka.patsnap.com/share/?id=248d797071be257a2bc93f3f250ff0c4&from=invite-eureakplg-result&content=,
321,Heat Exchangers Technical Solutions,engineering,used,2026-09-08T12:22:28.084380+00:00,2026-09-08T12:22:29.832517+00:00,2026-09-08T12:22:29.832517+00:00,https://eureka.patsnap.com/ai-search/sess_1c750d1b414b4468?from=rd-home&start_from=eureka_landingpage,https://eureka.patsnap.com/share/?id=a67fd79d4c4c9ff82cd7ded8565acd34&from=invite-eureakplg-result&content=,
322,Pcb Technical Solutions,electronics_manufacturing,used,2026-09-08T09:33:56.508513+00:00,2026-09-08T12:13:57.356427+00:00,2026-09-08T12:13:57.356427+00:00,https://eureka.patsnap.com/ai-search/sess_f8f3f799f4ec47cc?from=rd-home&start_from=eureka_landingpage,https://eureka.patsnap.com/share/?id=6960ff4fd9b4d03f102a11bd34953b69&from=invite-eureakplg-result&content=,
323,ADAS Functional Safety Requirements for ISO 26262 Compliance,automotive,used,2026-09-08T09:33:56.508389+00:00,2026-09-08T10:52:39.366563+00:00,2026-09-08T10:52:39.366563+00:00,https://eureka.patsnap.com/ai-search/sess_663ab07c14a74099?from=rd-home&start_from=eureka_landingpage,https://eureka.patsnap.com/share/?id=cf51cb2c82c4745a37fff6c875d2c29e&from=invite-eureakplg-result&content=,
324,ADAS Sensor Cleaning System Requirements for All-Weather Operation,automotive,used,2026-09-08T09:33:56.508391+00:00,2026-09-08T10:52:40.829942+00:00,2026-09-08T10:52:40.829942+00:00,https://eureka.patsnap.com/ai-search/sess_b7eb9efee5a7427e?from=rd-home&start_from=eureka_landingpage,https://eureka.patsnap.com/share/?id=c2749289e50f778b5d0b5b3e11f03aa0&from=invite-eureakplg-result&content=,
325,Compare Transverse Steel vs Axial Studs for Punching Shear,construction,used,2026-09-08T09:33:56.508472+00:00,2026-09-08T12:04:03.594141+00:00,2026-09-08T12:04:03.594141+00:00,https://eureka.patsnap.com/ai-search/sess_370e9568c6ac454a?from=rd-home&start_from=eureka_landingpage,https://eureka.patsnap.com/share/?id=8189e589ce6bc00f9f00992bd0c85b90&from=invite-eureakplg-result&content=,
326,Crop Protection Biological vs Chemical Actives Trade-offs,food_farming_production,used,2026-09-08T09:33:56.508591+00:00,2026-09-08T11:59:49.040934+00:00,2026-09-08T11:59:49.040934+00:00,https://eureka.patsnap.com/ai-search/sess_a8faaabf861c4da1?from=rd-home&start_from=eureka_landingpage,https://eureka.patsnap.com/share/?id=03a2b058e9c8f33c28beb707b7281ce0&from=invite-eureakplg-result&content=,
327,Fermentation Bioreactor Photobioreactor Hybrid Design for Microalgae-Bacteria Co-Culture,biotech,used,2026-09-08T09:33:56.508425+00:00,2026-09-08T10:53:38.907084+00:00,2026-09-08T10:53:38.907084+00:00,https://eureka.patsnap.com/ai-search/sess_9b779780b5214e68?from=rd-home&start_from=eureka_landingpage,https://eureka.patsnap.com/share/?id=9c268714cb524075f54ab43899e3d3f4&from=invite-eureakplg-result&content=,
328,Fuel Cell Hydrogen Crossover Detection Methods for QC,energy,used,2026-09-08T12:14:22.465757+00:00,2026-09-08T12:14:25.481076+00:00,2026-09-08T12:14:25.481076+00:00,https://eureka.patsnap.com/ai-search/sess_8198593079dc4cbc?from=rd-home&start_from=eureka_landingpage,https://eureka.patsnap.com/share/?id=da7b75ea5c36f3324f2cf6baaa77436c&from=invite-eureakplg-result&content=,
329,Fuel Cell Membrane Hydration Control for High-Altitude UAVs,energy,used,2026-09-08T12:17:33.605155+00:00,2026-09-08T12:17:37.856285+00:00,2026-09-08T12:17:37.856285+00:00,https://eureka.patsnap.com/ai-search/sess_ddcea5f4968a4af0?from=rd-home&start_from=eureka_landingpage,https://eureka.patsnap.com/share/?id=2ab3457cb90a5f4c0e7f599cf26edf17&from=invite-eureakplg-result&content=,
330,Heat Pump Defrost Control Optimization for Energy Savings,engineering,used,2026-09-08T12:22:29.841175+00:00,2026-09-08T12:22:32.069319+00:00,2026-09-08T12:22:32.069319+00:00,https://eureka.patsnap.com/ai-search/sess_e1f72d403b0b4b40?from=rd-home&start_from=eureka_landingpage,https://eureka.patsnap.com/share/?id=f299e867f568030d1172ca58645a1118&from=invite-eureakplg-result&content=,
331,How to Assess Stormwater Sediment Contamination from Urban Runoff Particles,engineering,used,2026-09-08T12:22:32.081538+00:00,2026-09-08T12:22:33.909766+00:00,2026-09-08T12:22:33.909766+00:00,https://eureka.patsnap.com/ai-search/sess_11a5377370b64c61?from=rd-home&start_from=eureka_landingpage,https://eureka.patsnap.com/share/?id=280583f5a0c752784dda09ba8c02c4f9&from=invite-eureakplg-result&content=,
332,How to Reduce Thermal Shock Failure in Glass Components,materials,used,2026-09-08T12:20:24.317981+00:00,2026-09-08T12:20:26.735669+00:00,2026-09-08T12:20:26.735669+00:00,https://eureka.patsnap.com/ai-search/sess_5e64259095344e52?from=rd-home&start_from=eureka_landingpage,https://eureka.patsnap.com/share/?id=dedc395331846979018c906c67e67c0f&from=invite-eureakplg-result&content=,
333,New Energy Vehicles Battery Pack Water Ingress Detection Methods,energy,used,2026-09-08T12:17:37.859824+00:00,2026-09-08T12:17:40.869488+00:00,2026-09-08T12:17:40.869488+00:00,https://eureka.patsnap.com/ai-search/sess_ae7cb777f0f34b6b?from=rd-home&start_from=eureka_landingpage,https://eureka.patsnap.com/share/?id=04655f085373c639bd2519ea9c7757d2&from=invite-eureakplg-result&content=,
334,New Energy Vehicles Permanent Magnet Motor Demagnetization Risk Assessment,materials,used,2026-09-08T12:20:26.741032+00:00,2026-09-08T12:20:29.994276+00:00,2026-09-08T12:20:29.994276+00:00,https://eureka.patsnap.com/ai-search/sess_b7ac40e9390b41d2?from=rd-home&start_from=eureka_landingpage,https://eureka.patsnap.com/share/?id=f7bdb7cdf958d4efe89ab48e9557a426&from=invite-eureakplg-result&content=,
335,PCB Annular Ring Design Rules for IPC Class 3 Compliance,electronics_manufacturing,used,2026-09-08T09:33:56.508514+00:00,2026-09-08T12:14:02.423106+00:00,2026-09-08T12:14:02.423106+00:00,https://eureka.patsnap.com/ai-search/sess_42138a4a8a4d4a9b?from=rd-home&start_from=eureka_landingpage,https://eureka.patsnap.com/share/?id=77bca77165218c03e9282597fb6f2bb7&from=invite-eureakplg-result&content=,
336,Resins for Solid-State Battery Electrolyte Encapsulation,energy,used,2026-09-08T12:17:40.875738+00:00,2026-09-08T12:17:45.234302+00:00,2026-09-08T12:17:45.234302+00:00,https://eureka.patsnap.com/ai-search/sess_7403d720ea7249a9?from=rd-home&start_from=eureka_landingpage,https://eureka.patsnap.com/share/?id=816f88081a745982815d8b8619bc8162&from=invite-eureakplg-result&content=,
337,Advanced Packaging Hybrid Bonding vs Microbump for HBM4,electronics_manufacturing,used,2026-09-08T12:14:02.429594+00:00,2026-09-08T12:14:05.490935+00:00,2026-09-08T12:14:05.490935+00:00,https://eureka.patsnap.com/ai-search/sess_8e4ae0f085bb4022?from=rd-home&start_from=eureka_landingpage,https://eureka.patsnap.com/share/?id=977a6518217a3d1a6380b9b86da14c63&from=invite-eureakplg-result&content=,
338,Anodes for Electrochemical Fluorine Generation: Material Challenges,electronics_manufacturing,used,2026-09-08T12:16:27.889859+00:00,2026-09-08T12:16:32.249777+00:00,2026-09-08T12:16:32.249777+00:00,https://eureka.patsnap.com/ai-search/sess_9fda244989e749b9?from=rd-home&start_from=eureka_landingpage,https://eureka.patsnap.com/share/?id=7116369aef35cb2053922445625d83b7&from=invite-eureakplg-result&content=,
339,BMS Coulomb Counting Error Sources and Calibration Methods,engineering,used,2026-09-08T12:22:33.918281+00:00,2026-09-08T12:22:36.162621+00:00,2026-09-08T12:22:36.162621+00:00,https://eureka.patsnap.com/ai-search/sess_d81e691572ba42ed?from=rd-home&start_from=eureka_landingpage,https://eureka.patsnap.com/share/?id=9ac8de1aa46ca96f917d061d0ff63172&from=invite-eureakplg-result&content=,
340,BMS Current Sensor Selection for Precision SOC Tracking,energy,used,2026-09-08T12:17:45.241740+00:00,2026-09-08T12:17:49.825410+00:00,2026-09-08T12:17:49.825410+00:00,https://eureka.patsnap.com/ai-search/sess_f21a24eced454d4d?from=rd-home&start_from=eureka_landingpage,https://eureka.patsnap.com/share/?id=86f90b1bfa3f7d1eed3d6ace69ba8fe1&from=invite-eureakplg-result&content=,
341,EML Parsing Latency Benchmarks for Edge Email Gateways,other,used,2026-09-08T09:33:56.508686+00:00,2026-09-08T12:12:30.320468+00:00,2026-09-08T12:12:30.320468+00:00,https://eureka.patsnap.com/ai-search/sess_79b64258e1074007?from=rd-home&start_from=eureka_landingpage,https://eureka.patsnap.com/share/?id=584b42628cc3b4ed22477eb8fdc436a2&from=invite-eureakplg-result&content=,
342,Glass Melt Homogenization for Optical Fiber Preform Quality,materials,used,2026-09-08T12:20:30.001959+00:00,2026-09-08T12:20:32.139426+00:00,2026-09-08T12:20:32.139426+00:00,https://eureka.patsnap.com/ai-search/sess_5fabed3e868046ac?from=rd-home&start_from=eureka_landingpage,https://eureka.patsnap.com/share/?id=aa7e68c6ca22d4b719fb9eeee8871e28&from=invite-eureakplg-result&content=,
343,How to Design e-Axle for Marine Propulsion Systems,automotive,used,2026-09-08T12:10:28.649375+00:00,2026-09-08T12:10:32.287519+00:00,2026-09-08T12:10:32.287519+00:00,https://eureka.patsnap.com/ai-search/sess_4a873a8025d0404c?from=rd-home&start_from=eureka_landingpage,https://eureka.patsnap.com/share/?id=66cacc7ff0a12c9f15c91dadb48c0b8c&from=invite-eureakplg-result&content=,
344,How to Detail Transverse Steel at Beam-Column Joints,construction,used,2026-09-08T09:33:56.508473+00:00,2026-09-08T12:04:05.310412+00:00,2026-09-08T12:04:05.310412+00:00,https://eureka.patsnap.com/ai-search/sess_966f0791857949e5?from=rd-home&start_from=eureka_landingpage,https://eureka.patsnap.com/share/?id=277bffcc4bb88a890414bc1d9abbe22f&from=invite-eureakplg-result&content=,
345,How to Prevent Elemental Evaporation in HEA Vacuum Arc Melting,engineering,used,2026-09-08T12:22:36.171062+00:00,2026-09-08T12:22:38.037706+00:00,2026-09-08T12:22:38.037706+00:00,https://eureka.patsnap.com/ai-search/sess_de24d231358a4e28?from=rd-home&start_from=eureka_landingpage,https://eureka.patsnap.com/share/?id=983e777d1ff3701072218362cfd07a70&from=invite-eureakplg-result&content=,
346,How to Prevent Reboil Defects in Glass Container Production,materials,used,2026-09-08T12:20:32.146933+00:00,2026-09-08T12:20:34.534979+00:00,2026-09-08T12:20:34.534979+00:00,https://eureka.patsnap.com/ai-search/sess_0e23c4eb24b04563?from=rd-home&start_from=eureka_landingpage,https://eureka.patsnap.com/share/?id=ffe01f30276251df40728cf60d86bc0f&from=invite-eureakplg-result&content=,
347,How to Troubleshoot Model Optimization Gradient Explosion,engineering,used,2026-09-08T12:22:38.048175+00:00,2026-09-08T12:22:40.930721+00:00,2026-09-08T12:22:40.930721+00:00,https://eureka.patsnap.com/ai-search/sess_8a0f5c6605504870?from=rd-home&start_from=eureka_landingpage,https://eureka.patsnap.com/share/?id=accb7acb136deaf6182add41ed7ad6fb&from=invite-eureakplg-result&content=,
348,Inspection Protocol for Hermetic Seal Integrity Verification,engineering,used,2026-09-08T12:22:40.935158+00:00,2026-09-08T12:22:43.946496+00:00,2026-09-08T12:22:43.946496+00:00,https://eureka.patsnap.com/ai-search/sess_8e30066eadd84514?from=rd-home&start_from=eureka_landingpage,https://eureka.patsnap.com/share/?id=69b0b4ef2ae4836ea0c6635152a49442&from=invite-eureakplg-result&content=,
349,Molten Metal Induction Melting vs Resistance Furnace: Energy Efficiency,engineering,used,2026-09-08T12:22:43.953331+00:00,2026-09-08T12:22:46.144339+00:00,2026-09-08T12:22:46.144339+00:00,https://eureka.patsnap.com/ai-search/sess_1086721502e344b6?from=rd-home&start_from=eureka_landingpage,https://eureka.patsnap.com/share/?id=c5cb2cb8520270137529560882175960&from=invite-eureakplg-result&content=,
350,Optimize 5G Handover for Cross-Border High-Speed Rail,other,used,2026-09-08T09:33:56.508687+00:00,2026-09-08T12:12:35.015609+00:00,2026-09-08T12:12:35.015609+00:00,https://eureka.patsnap.com/ai-search/sess_2bbaf849b12f44e8?from=rd-home&start_from=eureka_landingpage,https://eureka.patsnap.com/share/?id=64b42c329e86b26e2056a29fd5439517&from=invite-eureakplg-result&content=,
351,PCB Embedded Component Technology for Miniaturized Wearables,electronics_manufacturing,used,2026-09-08T12:16:32.259160+00:00,2026-09-08T12:16:36.324026+00:00,2026-09-08T12:16:36.324026+00:00,https://eureka.patsnap.com/ai-search/sess_240addeb6ca84063?from=rd-home&start_from=eureka_landingpage,https://eureka.patsnap.com/share/?id=ea66b18e0108ffea9f88232eb3c07622&from=invite-eureakplg-result&content=,
352,Robotics Programming Methods: Teach Pendant vs Offline Simulation,engineering,used,2026-09-08T12:22:46.152746+00:00,2026-09-08T12:22:49.189216+00:00,2026-09-08T12:22:49.189216+00:00,https://eureka.patsnap.com/ai-search/sess_41418a56d7ea48c1?from=rd-home&start_from=eureka_landingpage,https://eureka.patsnap.com/share/?id=a85662f385d9b29f4707a8f6273057ea&from=invite-eureakplg-result&content=,
353,Semiconductor Manufacturing Ion Implantation Dose Uniformity Control,electronics_manufacturing,used,2026-09-08T12:16:36.329908+00:00,2026-09-08T12:16:41.176349+00:00,2026-09-08T12:16:41.176349+00:00,https://eureka.patsnap.com/ai-search/sess_68fcfbabf8844df5?from=rd-home&start_from=eureka_landingpage,https://eureka.patsnap.com/share/?id=997a51e866f7a7be52013f9f628d8c48&from=invite-eureakplg-result&content=,
354,Textile Warp Tension Control for Weaving Defect Prevention,materials,used,2026-09-08T12:20:34.540362+00:00,2026-09-08T12:20:36.170146+00:00,2026-09-08T12:20:36.170146+00:00,https://eureka.patsnap.com/ai-search/sess_a06dc0ac1fb7476c?from=rd-home&start_from=eureka_landingpage,https://eureka.patsnap.com/share/?id=9ad60a83b666fe51a44415c9cbd49d0e&from=invite-eureakplg-result&content=,
355,Vector Oriented Control vs Direct Torque Control: Torque Ripple,engineering,used,2026-09-08T12:22:49.198170+00:00,2026-09-08T12:22:51.460876+00:00,2026-09-08T12:22:51.460876+00:00,https://eureka.patsnap.com/ai-search/sess_6cead1c8880544aa?from=rd-home&start_from=eureka_landingpage,https://eureka.patsnap.com/share/?id=82da46d7f85f330f39d4726840998876&from=invite-eureakplg-result&content=,
356,Corrosion Technical Solutions,engineering,used,2026-09-08T12:22:51.469208+00:00,2026-09-08T12:22:53.417745+00:00,2026-09-08T12:22:53.417745+00:00,https://eureka.patsnap.com/ai-search/sess_4ae2e4814c824d4b?from=rd-home&start_from=eureka_landingpage,https://eureka.patsnap.com/share/?id=79db32dc55fc65063336097fbc59289c&from=invite-eureakplg-result&content=,
357,Embroidery Automation Technical Solutions,engineering,used,2026-09-08T12:22:53.427255+00:00,2026-09-08T12:22:55.446729+00:00,2026-09-08T12:22:55.446729+00:00,https://eureka.patsnap.com/ai-search/sess_5e794995f18f482a?from=rd-home&start_from=eureka_landingpage,https://eureka.patsnap.com/share/?id=898dc10041c60680ff2b144fb124c1f7&from=invite-eureakplg-result&content=,
358,Semiconductor Manufacturing Technical Solutions,electronics_manufacturing,used,2026-09-08T12:16:41.182385+00:00,2026-09-08T12:16:44.612459+00:00,2026-09-08T12:16:44.612459+00:00,https://eureka.patsnap.com/ai-search/sess_8011693c8cba4c87?from=rd-home&start_from=eureka_landingpage,https://eureka.patsnap.com/share/?id=7d1d37f415d14c1d72c97ea580b0d665&from=invite-eureakplg-result&content=,
359,Cavitation Induced Vibrations vs Water Hammer in Pipeline Systems,engineering,used,2026-09-08T12:22:55.455558+00:00,2026-09-08T12:22:58.216053+00:00,2026-09-08T12:22:58.216053+00:00,https://eureka.patsnap.com/ai-search/sess_2aa415a8e4da4fa3?from=rd-home&start_from=eureka_landingpage,https://eureka.patsnap.com/share/?id=af988eee183d252503a97178b46dd6df&from=invite-eureakplg-result&content=,
360,Chemical Synthesis Process Development for Glycosylation Reactions,chemical,used,2026-09-08T12:16:11.744854+00:00,2026-09-08T12:16:16.412872+00:00,2026-09-08T12:16:16.412872+00:00,https://eureka.patsnap.com/ai-search/sess_2fceb7aa79474f43?from=rd-home&start_from=eureka_landingpage,https://eureka.patsnap.com/share/?id=79d753335edd63bb09825f1d3cb052f5&from=invite-eureakplg-result&content=,
361,CIGS vs GaAs Solar Cells: Efficiency Trade-offs for Space,energy,used,2026-09-08T12:17:49.831446+00:00,2026-09-08T12:17:52.965144+00:00,2026-09-08T12:17:52.965144+00:00,https://eureka.patsnap.com/ai-search/sess_cfc9c7dbdb3c44b0?from=rd-home&start_from=eureka_landingpage,https://eureka.patsnap.com/share/?id=3903126c16babdde7937c9b459623fab&from=invite-eureakplg-result&content=,
362,Closed Air Cavity Design for Double Skin Facade Systems,construction,used,2026-09-08T09:33:56.508474+00:00,2026-09-08T12:04:09.057065+00:00,2026-09-08T12:04:09.057065+00:00,https://eureka.patsnap.com/ai-search/sess_b900e5d1a245476f?from=rd-home&start_from=eureka_landingpage,https://eureka.patsnap.com/share/?id=1ce18f6147fe4a7f328e5daebc619fb0&from=invite-eureakplg-result&content=,
363,Compare Hollow Shaft vs Solid Shaft EV Motors for Torque,automotive,used,2026-09-08T12:10:32.291302+00:00,2026-09-08T12:10:35.273794+00:00,2026-09-08T12:10:35.273794+00:00,https://eureka.patsnap.com/ai-search/sess_dba2031747a74c2e?from=rd-home&start_from=eureka_landingpage,https://eureka.patsnap.com/share/?id=9cb83960acba19de04ddfe3a22dfd48e&from=invite-eureakplg-result&content=,
364,Compare Ion Chromatography vs Colorimetry for Ammonium,chemical,used,2026-09-08T12:16:16.419529+00:00,2026-09-08T12:16:21.102088+00:00,2026-09-08T12:16:21.102088+00:00,https://eureka.patsnap.com/ai-search/sess_a1ad1f9ffdf9432a?from=rd-home&start_from=eureka_landingpage,https://eureka.patsnap.com/share/?id=0af11cba7177834565ba7d97e4ec418a&from=invite-eureakplg-result&content=,
365,Conductive Adhesive vs Thermal Paste for Electronics,materials,used,2026-09-08T12:20:36.175093+00:00,2026-09-08T12:20:37.906118+00:00,2026-09-08T12:20:37.906118+00:00,https://eureka.patsnap.com/ai-search/sess_8b54227146c04fab?from=rd-home&start_from=eureka_landingpage,https://eureka.patsnap.com/share/?id=817ec0ba8275b422bf9c2dd8f5a81311&from=invite-eureakplg-result&content=,
366,Crop Protection Timing Strategies for Disease Prevention,food_farming_production,used,2026-09-08T09:33:56.508592+00:00,2026-09-08T11:59:50.721022+00:00,2026-09-08T11:59:50.721022+00:00,https://eureka.patsnap.com/ai-search/sess_8a63146c414b4edc?from=rd-home&start_from=eureka_landingpage,https://eureka.patsnap.com/share/?id=0182aeaf93ca13230d4ce4dde628775c&from=invite-eureakplg-result&content=,
367,e-Axle Patent Landscape for Dual-Motor Configurations,automotive,used,2026-09-08T12:10:35.279501+00:00,2026-09-08T12:10:38.186731+00:00,2026-09-08T12:10:38.186731+00:00,https://eureka.patsnap.com/ai-search/sess_bfe0a0db34cd4a78?from=rd-home&start_from=eureka_landingpage,https://eureka.patsnap.com/share/?id=04de3701b9464f7d9a74aec3fe84f642&from=invite-eureakplg-result&content=,
368,EML Encoding Issues in Cross-Platform Email Migration,other,used,2026-09-08T09:33:56.508689+00:00,2026-09-08T12:12:41.225561+00:00,2026-09-08T12:12:41.225561+00:00,https://eureka.patsnap.com/ai-search/sess_a0041e429c7a44ad?from=rd-home&start_from=eureka_landingpage,https://eureka.patsnap.com/share/?id=e49ebd4a75d446fde799cffb43c7af23&from=invite-eureakplg-result&content=,
369,EV Motors for Elevator Traction: Torque and Duty Cycle,engineering,used,2026-09-08T12:22:58.224264+00:00,2026-09-08T12:23:00.537150+00:00,2026-09-08T12:23:00.537150+00:00,https://eureka.patsnap.com/ai-search/sess_b15e9072dc52473a?from=rd-home&start_from=eureka_landingpage,https://eureka.patsnap.com/share/?id=695cdc8d7d2a2c4338d6a2ef105d53b5&from=invite-eureakplg-result&content=,
370,Four-Point Bending Test vs Compression Test for Brittle Fracture Mode,engineering,used,2026-09-08T12:23:00.541479+00:00,2026-09-08T12:23:02.586027+00:00,2026-09-08T12:23:02.586027+00:00,https://eureka.patsnap.com/ai-search/sess_e97e8991aeb94858?from=rd-home&start_from=eureka_landingpage,https://eureka.patsnap.com/share/?id=2d666d836b566bb5e0a548c5907adc26&from=invite-eureakplg-result&content=,
371,Glass Substrate Flatness Requirements for Photomask Production,electronics_manufacturing,used,2026-09-08T12:16:44.615089+00:00,2026-09-08T12:16:48.117352+00:00,2026-09-08T12:16:48.117352+00:00,https://eureka.patsnap.com/ai-search/sess_3df8cdb90a3f4597?from=rd-home&start_from=eureka_landingpage,https://eureka.patsnap.com/share/?id=c8b7360ccc8012436fea8dccae5ca33f&from=invite-eureakplg-result&content=,
372,Heat Pump Compressor Piston Ring Wear Failure Analysis,engineering,used,2026-09-08T12:23:02.593253+00:00,2026-09-08T12:23:05.245366+00:00,2026-09-08T12:23:05.245366+00:00,https://eureka.patsnap.com/ai-search/sess_f0739275b19e4215?from=rd-home&start_from=eureka_landingpage,https://eureka.patsnap.com/share/?id=2d6eb219e70dd94503da1e0d59682f0f&from=invite-eureakplg-result&content=,
373,How to Assess Crop Protection Efficacy on Herbicide-Tolerant Weeds,food_farming_production,used,2026-09-08T09:33:56.508593+00:00,2026-09-08T11:59:52.667575+00:00,2026-09-08T11:59:52.667575+00:00,https://eureka.patsnap.com/ai-search/sess_92b33d6bc2bc48ed?from=rd-home&start_from=eureka_landingpage,https://eureka.patsnap.com/share/?id=5ce55ed31b703f2b93d398f5f9a4efd6&from=invite-eureakplg-result&content=,
374,How to Build RAG Pipelines for Geospatial Data Retrieval,other,used,2026-09-08T09:33:56.508690+00:00,2026-09-08T12:12:43.939393+00:00,2026-09-08T12:12:43.939393+00:00,https://eureka.patsnap.com/ai-search/sess_94bc1dfa454c4c9b?from=rd-home&start_from=eureka_landingpage,https://eureka.patsnap.com/share/?id=fb8e4008cbc02a855b4fb440807df2d3&from=invite-eureakplg-result&content=,
375,How to Choose Electric Drive Units for Cement Mixer Truck Platforms,construction,used,2026-09-08T09:33:56.508475+00:00,2026-09-08T12:04:10.894677+00:00,2026-09-08T12:04:10.894677+00:00,https://eureka.patsnap.com/ai-search/sess_e48fd6948f7d4b03?from=rd-home&start_from=eureka_landingpage,https://eureka.patsnap.com/share/?id=cd5aeb39ade787cd1bbf948b34d57dd3&from=invite-eureakplg-result&content=,
376,How to Choose V2G Systems for Grid Stabilization,energy,used,2026-09-08T12:17:52.967614+00:00,2026-09-08T12:17:56.269602+00:00,2026-09-08T12:17:56.269602+00:00,https://eureka.patsnap.com/ai-search/sess_828e5eeba9534b71?from=rd-home&start_from=eureka_landingpage,https://eureka.patsnap.com/share/?id=6dd2eee3fc8a258c03d89f3ec994fd88&from=invite-eureakplg-result&content=,
377,How to Design Electric Drive Units for Amphibious Vehicle Platforms,automotive,used,2026-09-08T12:10:38.193448+00:00,2026-09-08T12:10:41.143555+00:00,2026-09-08T12:10:41.143555+00:00,https://eureka.patsnap.com/ai-search/sess_f078359103084cbb?from=rd-home&start_from=eureka_landingpage,https://eureka.patsnap.com/share/?id=d49344d667fbf1dfc22b6c5c36aab890&from=invite-eureakplg-result&content=,
378,How to Measure Coatings Dielectric Breakdown Voltage,materials,used,2026-09-08T12:20:37.909555+00:00,2026-09-08T12:20:39.893974+00:00,2026-09-08T12:20:39.893974+00:00,https://eureka.patsnap.com/ai-search/sess_df05708c49ea4d78?from=rd-home&start_from=eureka_landingpage,https://eureka.patsnap.com/share/?id=dbafd349368b02aae9fd6d902e85fd37&from=invite-eureakplg-result&content=,
379,How to Prevent Solar PV Connector Arcing and Fire Risk,energy,used,2026-09-08T12:17:56.276208+00:00,2026-09-08T12:17:59.930532+00:00,2026-09-08T12:17:59.930532+00:00,https://eureka.patsnap.com/ai-search/sess_6fbfa653417c4de6?from=rd-home&start_from=eureka_landingpage,https://eureka.patsnap.com/share/?id=dc899fea2705b6833bd67ace1bc2dcf0&from=invite-eureakplg-result&content=,
380,How to Reduce Bubble Defects in Glass Casting Operations,materials,used,2026-09-08T12:20:39.898692+00:00,2026-09-08T12:20:42.580797+00:00,2026-09-08T12:20:42.580797+00:00,https://eureka.patsnap.com/ai-search/sess_eeeb85f347e3475a?from=rd-home&start_from=eureka_landingpage,https://eureka.patsnap.com/share/?id=ac37374a724cca261307c9e2d3a6270c&from=invite-eureakplg-result&content=,
381,How to Reduce Defect Density in Wafer Process Steps,electronics_manufacturing,used,2026-09-08T12:16:48.123961+00:00,2026-09-08T12:16:51.895933+00:00,2026-09-08T12:16:51.895933+00:00,https://eureka.patsnap.com/ai-search/sess_ef1e05a375d348e6?from=rd-home&start_from=eureka_landingpage,https://eureka.patsnap.com/share/?id=cb69696c5e9a8feb12ad89ae8cf4eb5e&from=invite-eureakplg-result&content=,
382,How to Reduce Polymer Mold Fouling in Injection Molding,materials,used,2026-09-08T12:20:42.590759+00:00,2026-09-08T12:20:44.369216+00:00,2026-09-08T12:20:44.369216+00:00,https://eureka.patsnap.com/ai-search/sess_6435c0040039452d?from=rd-home&start_from=eureka_landingpage,https://eureka.patsnap.com/share/?id=c53f93d1eff70593a7a5cd35feaac2ff&from=invite-eureakplg-result&content=,
383,How to Select 5G Frequency Band for Maritime Coverage,other,used,2026-09-08T09:33:56.508691+00:00,2026-09-08T12:15:09.987975+00:00,2026-09-08T12:15:09.987975+00:00,https://eureka.patsnap.com/ai-search/sess_7e49140014f14b51?from=rd-home&start_from=eureka_landingpage,https://eureka.patsnap.com/share/?id=70b6b1d2c36ced07cbfbccc48fd4785f&from=invite-eureakplg-result&content=,
384,How to Select Glass for Neutron Shielding in Reactors,materials,used,2026-09-08T12:20:44.377079+00:00,2026-09-08T12:20:46.346560+00:00,2026-09-08T12:20:46.346560+00:00,https://eureka.patsnap.com/ai-search/sess_656ed00eade740d0?from=rd-home&start_from=eureka_landingpage,https://eureka.patsnap.com/share/?id=9292b436731af9ab16b900f9c5a6e349&from=invite-eureakplg-result&content=,
385,How to Select Heat Pumps for Pulp and Paper Mill Drying,engineering,used,2026-09-08T12:23:05.252726+00:00,2026-09-08T12:23:07.909127+00:00,2026-09-08T12:23:07.909127+00:00,https://eureka.patsnap.com/ai-search/sess_c9d1f74baea5444e?from=rd-home&start_from=eureka_landingpage,https://eureka.patsnap.com/share/?id=ac30c6d60f31afd7ae665b6567a5e03e&from=invite-eureakplg-result&content=,
386,How to Select Manipulation Strategies for Thin-Walled Injection Molded Parts,engineering,used,2026-09-08T12:23:07.915563+00:00,2026-09-08T12:23:10.158819+00:00,2026-09-08T12:23:10.158819+00:00,https://eureka.patsnap.com/ai-search/sess_acefe5ae65934516?from=rd-home&start_from=eureka_landingpage,https://eureka.patsnap.com/share/?id=4d5b1cca6133f687bea0ca9b416af72e&from=invite-eureakplg-result&content=,
387,How to Select Rear Metallization for Heterojunction Cells,engineering,used,2026-09-08T12:23:10.167815+00:00,2026-09-08T12:23:12.165260+00:00,2026-09-08T12:23:12.165260+00:00,https://eureka.patsnap.com/ai-search/sess_0b9af3e78c464a15?from=rd-home&start_from=eureka_landingpage,https://eureka.patsnap.com/share/?id=780c7f9bb99eb12a28c051722daf15c3&from=invite-eureakplg-result&content=,
388,How to Select Structural Metals for Hypersonic Vehicle Frames,automotive,used,2026-09-08T12:10:41.149351+00:00,2026-09-08T12:10:44.738589+00:00,2026-09-08T12:10:44.738589+00:00,https://eureka.patsnap.com/ai-search/sess_24f08c02ec6e4d30?from=rd-home&start_from=eureka_landingpage,https://eureka.patsnap.com/share/?id=0a02d8f9a0e8394a57e593433b6b0bef&from=invite-eureakplg-result&content=,
389,How to Select Thermal Management for High-Power Laser Systems,electronics_manufacturing,used,2026-09-08T12:16:51.902856+00:00,2026-09-08T12:16:56.826278+00:00,2026-09-08T12:16:56.826278+00:00,https://eureka.patsnap.com/ai-search/sess_54130780ce0b47be?from=rd-home&start_from=eureka_landingpage,https://eureka.patsnap.com/share/?id=46c08f9b0ad0eb9d605e21721993ab30&from=invite-eureakplg-result&content=,
390,How to Validate HVAC Performance After Retrofit,construction,used,2026-09-08T09:33:56.508476+00:00,2026-09-08T12:04:12.635772+00:00,2026-09-08T12:04:12.635772+00:00,https://eureka.patsnap.com/ai-search/sess_abbcb807845f4a9e?from=rd-home&start_from=eureka_landingpage,https://eureka.patsnap.com/share/?id=f6bc4bcd9371676213780921b93c2200&from=invite-eureakplg-result&content=,
391,HVAC Compressor Failure Root Cause Analysis Methods,engineering,used,2026-09-08T12:23:12.174150+00:00,2026-09-08T12:23:13.856457+00:00,2026-09-08T12:23:13.856457+00:00,https://eureka.patsnap.com/ai-search/sess_b0e4375ba6634323?from=rd-home&start_from=eureka_landingpage,https://eureka.patsnap.com/share/?id=19f70948f69f6959b23ac08a207d6cb8&from=invite-eureakplg-result&content=,
392,LLM Quantization Trade-offs: Accuracy vs Inference Speed,other,used,2026-09-08T09:33:56.508692+00:00,2026-09-08T12:15:13.997572+00:00,2026-09-08T12:15:13.997572+00:00,https://eureka.patsnap.com/ai-search/sess_9945307412684ac8?from=rd-home&start_from=eureka_landingpage,https://eureka.patsnap.com/share/?id=118f091fc159c67bd0885d1382b20dba&from=invite-eureakplg-result&content=,
393,Low Temperature Interconnection vs Transient Liquid Phase Bonding for Die Attach,electronics_manufacturing,used,2026-09-08T12:16:56.832164+00:00,2026-09-08T12:16:59.848045+00:00,2026-09-08T12:16:59.848045+00:00,https://eureka.patsnap.com/ai-search/sess_28358376965843a1?from=rd-home&start_from=eureka_landingpage,https://eureka.patsnap.com/share/?id=f09b5aa21997fd7e992303ee62c6d3d9&from=invite-eureakplg-result&content=,
394,Measure PCB Warpage Using Shadow Moiré Interferometry,electronics_manufacturing,used,2026-09-08T12:16:59.854531+00:00,2026-09-08T12:17:03.465640+00:00,2026-09-08T12:17:03.465640+00:00,https://eureka.patsnap.com/ai-search/sess_5e41f7eadebf452e?from=rd-home&start_from=eureka_landingpage,https://eureka.patsnap.com/share/?id=2dfbc88e455fc289c857f6b48bbbb148&from=invite-eureakplg-result&content=,
395,New Energy Vehicles Residual Value Prediction Models,automotive,used,2026-09-08T12:13:02.633740+00:00,2026-09-08T12:13:07.607100+00:00,2026-09-08T12:13:07.607100+00:00,https://eureka.patsnap.com/ai-search/sess_c23b99298ce24704?from=rd-home&start_from=eureka_landingpage,https://eureka.patsnap.com/share/?id=25b4866763426744b851d2bb43c1297e&from=invite-eureakplg-result&content=,
396,NTN Bearing Load Capacity vs SKF: Engineering Comparison,engineering,used,2026-09-08T12:23:13.910499+00:00,2026-09-08T12:23:17.070096+00:00,2026-09-08T12:23:17.070096+00:00,https://eureka.patsnap.com/ai-search/sess_a93e11b7b1ca443a?from=rd-home&start_from=eureka_landingpage,https://eureka.patsnap.com/share/?id=c5d64718b1ca399540eadde37b0ff0df&from=invite-eureakplg-result&content=,
397,Optimize Fiber Reinforcement in Concrete for Crack Control,construction,used,2026-09-08T09:33:56.508478+00:00,2026-09-08T12:06:03.987571+00:00,2026-09-08T12:06:03.987571+00:00,https://eureka.patsnap.com/ai-search/sess_d462c86040b44e65?from=rd-home&start_from=eureka_landingpage,https://eureka.patsnap.com/share/?id=63decc21af1c6dd3aeb7fcec91ab909b&from=invite-eureakplg-result&content=,
398,Optimize Gas Diffusion Layer Porosity for Electrochemical Membrane Electrolysis,energy,used,2026-09-08T12:17:59.939335+00:00,2026-09-08T12:18:03.681434+00:00,2026-09-08T12:18:03.681434+00:00,https://eureka.patsnap.com/ai-search/sess_d72acc8b0bb043b1?from=rd-home&start_from=eureka_landingpage,https://eureka.patsnap.com/share/?id=fb036ffa11465272843cb3ba42f44051&from=invite-eureakplg-result&content=,
399,Plastic Hinge Behavior Under High Axial Load in Columns,construction,used,2026-09-08T09:33:56.508479+00:00,2026-09-08T12:06:05.779846+00:00,2026-09-08T12:06:05.779846+00:00,https://eureka.patsnap.com/ai-search/sess_092afea72c544d94?from=rd-home&start_from=eureka_landingpage,https://eureka.patsnap.com/share/?id=b38a6051601c932f5d64a33d2d39b146&from=invite-eureakplg-result&content=,
400,Improved modifying agent for yankee coatings,materials,used,2026-09-08T12:20:46.350826+00:00,2026-09-08T12:20:48.878445+00:00,2026-09-08T12:20:48.878445+00:00,https://eureka.patsnap.com/ai-search/sess_eea87b3bff5f4b98?from=rd-home&start_from=eureka_landingpage,https://eureka.patsnap.com/share/?id=e1d0a69af6f9d8567ab579f21a9b9120&from=invite-eureakplg-result&content=,
401,Modular Air-Conditioning Cassettes for Low-Cost Room Retrofit,other,used,2026-09-08T09:33:56.508694+00:00,2026-09-08T12:15:17.154462+00:00,2026-09-08T12:15:17.154462+00:00,https://eureka.patsnap.com/ai-search/sess_8397a6f96a6a4724?from=rd-home&start_from=eureka_landingpage,https://eureka.patsnap.com/share/?id=81c27aeecc9aee6d849892bd3d50f2be&from=invite-eureakplg-result&content=,
402,"Vapour extraction device for a food preparation device, use and system",food_farming_production,used,2026-09-08T09:33:56.508595+00:00,2026-09-08T11:59:54.244976+00:00,2026-09-08T11:59:54.244976+00:00,https://eureka.patsnap.com/ai-search/sess_d4bc614eac584314?from=rd-home&start_from=eureka_landingpage,https://eureka.patsnap.com/share/?id=c14521bf6839be984848a084997bc77f&from=invite-eureakplg-result&content=,
403,Cloud Server Rightsizing Using Multi-Dimensional Workload Metrics,other,used,2026-09-08T09:33:56.508695+00:00,2026-09-08T12:15:21.580769+00:00,2026-09-08T12:15:21.580769+00:00,https://eureka.patsnap.com/ai-search/sess_f00a38ef07f74514?from=rd-home&start_from=eureka_landingpage,https://eureka.patsnap.com/share/?id=fe5afb3246f88cb2a2ccc9f30ee44f0b&from=invite-eureakplg-result&content=,
404,Biogas CO2 Desorption Without Air for Low-Methane-Loss Recovery,engineering,used,2026-09-08T12:23:17.106393+00:00,2026-09-08T12:23:18.880679+00:00,2026-09-08T12:23:18.880679+00:00,https://eureka.patsnap.com/ai-search/sess_87fb978071484e2f?from=rd-home&start_from=eureka_landingpage,https://eureka.patsnap.com/share/?id=7c248c9f54f54811eeda3589747423a8&from=invite-eureakplg-result&content=,
405,Culinary aid,food_farming_production,used,2026-09-08T09:33:56.508596+00:00,2026-09-08T11:59:55.984338+00:00,2026-09-08T11:59:55.984338+00:00,https://eureka.patsnap.com/ai-search/sess_76253073aeb74df0?from=rd-home&start_from=eureka_landingpage,https://eureka.patsnap.com/share/?id=f9622683e85cbd86d8cd3e742c39d245&from=invite-eureakplg-result&content=,
406,Display device,electronics_manufacturing,used,2026-09-08T12:17:03.473188+00:00,2026-09-08T12:17:07.175509+00:00,2026-09-08T12:17:07.175509+00:00,https://eureka.patsnap.com/ai-search/sess_cbed290cb98849fd?from=rd-home&start_from=eureka_landingpage,https://eureka.patsnap.com/share/?id=bc017cc5b999065ab036e95c2144f6c6&from=invite-eureakplg-result&content=,
407,Dryer machine air recycling module,engineering,used,2026-09-08T12:23:18.889178+00:00,2026-09-08T12:23:20.475830+00:00,2026-09-08T12:23:20.475830+00:00,https://eureka.patsnap.com/ai-search/sess_964f66c8f7e1481b?from=rd-home&start_from=eureka_landingpage,https://eureka.patsnap.com/share/?id=ddfc6258957fb07180401ec4c6f7136b&from=invite-eureakplg-result&content=,
408,Metamaterial Prism Optics for Low-Intensity Directional Sensing,engineering,failed,2026-09-08T12:23:20.484705+00:00,,2026-09-08T12:24:20.505151+00:00,,,Eureka authorization is not ready; import a fresh browser curl with `uv run eureka-token import-curl --clipboard`: cached token expired
410,Water Heater Bypass Flow Line for Low-Pressure Activation,other,used,2026-09-08T12:15:21.587744+00:00,2026-09-08T12:15:26.488941+00:00,2026-09-08T12:15:26.488941+00:00,https://eureka.patsnap.com/ai-search/sess_b81615f6d9d34e30?from=rd-home&start_from=eureka_landingpage,https://eureka.patsnap.com/share/?id=8a8cb7c6585ab94141bd11f45bc58d9a&from=invite-eureakplg-result&content=,
414,VCSEL Laser Driver Using FET Capacitance for Multi-Channel Pulsing,electronics_manufacturing,used,2026-09-08T12:17:07.181336+00:00,2026-09-08T12:17:10.972173+00:00,2026-09-08T12:17:10.972173+00:00,https://eureka.patsnap.com/ai-search/sess_1a42538a85834ecc?from=rd-home&start_from=eureka_landingpage,https://eureka.patsnap.com/share/?id=db5966dc0a137e1331f1d85570615c4f&from=invite-eureakplg-result&content=,
415,Autonomous Vehicle Steering Angle Limits for High-Speed Stability,automotive,used,2026-09-08T12:13:07.613247+00:00,2026-09-08T12:13:10.276798+00:00,2026-09-08T12:13:10.276798+00:00,https://eureka.patsnap.com/ai-search/sess_1741006b380c4207?from=rd-home&start_from=eureka_landingpage,https://eureka.patsnap.com/share/?id=fc84367a9456019cb6d065bcf79048f9&from=invite-eureakplg-result&content=,
417,Cooking Appliance Parameter Adjustment Based on Cookware Attributes,food_farming_production,used,2026-09-08T09:33:56.508598+00:00,2026-09-08T11:59:57.475667+00:00,2026-09-08T11:59:57.475667+00:00,https://eureka.patsnap.com/ai-search/sess_d2b2ef2421fa4b32?from=rd-home&start_from=eureka_landingpage,https://eureka.patsnap.com/share/?id=51b659d0d1f563c4a141c497e1546d1f&from=invite-eureakplg-result&content=,
419,Cooking assistance appliance,food_farming_production,used,2026-09-08T09:33:56.508599+00:00,2026-09-08T11:59:59.017059+00:00,2026-09-08T11:59:59.017059+00:00,https://eureka.patsnap.com/ai-search/sess_3051aba864154298?from=rd-home&start_from=eureka_landingpage,https://eureka.patsnap.com/share/?id=22f8523513ff5386f94b4ab71eb4dff2&from=invite-eureakplg-result&content=,
420,Domestic appliance with a control system,other,used,2026-09-08T12:21:17.164960+00:00,2026-09-08T12:21:20.191888+00:00,2026-09-08T12:21:20.191888+00:00,https://eureka.patsnap.com/ai-search/sess_264f0d2c63484d70?from=rd-home&start_from=eureka_landingpage,https://eureka.patsnap.com/share/?id=938929f6732383c1bffe1a0c722ef011&from=invite-eureakplg-result&content=,
422,Multi-Utilitarian Spork-Knife-Chopstick Implement for Portable Dining,food_farming_production,used,2026-09-08T09:33:56.508600+00:00,2026-09-08T12:00:00.672015+00:00,2026-09-08T12:00:00.672015+00:00,https://eureka.patsnap.com/ai-search/sess_973475c490f94359?from=rd-home&start_from=eureka_landingpage,https://eureka.patsnap.com/share/?id=5557e997030c47023529a554a726ba97&from=invite-eureakplg-result&content=,
425,UV-LED Coating Composition for Surface Cure Without Yellowing,materials,used,2026-09-08T12:20:48.891546+00:00,2026-09-08T12:20:51.818801+00:00,2026-09-08T12:20:51.818801+00:00,https://eureka.patsnap.com/ai-search/sess_6e0e651884564e12?from=rd-home&start_from=eureka_landingpage,https://eureka.patsnap.com/share/?id=f70b423f83c291effabc3b936672e48c&from=invite-eureakplg-result&content=,
427,Lithium-Ion Capacitor Electrolyte for Wide-Temperature Stability,electronics_manufacturing,used,2026-09-08T12:17:10.978597+00:00,2026-09-08T12:17:14.591399+00:00,2026-09-08T12:17:14.591399+00:00,https://eureka.patsnap.com/ai-search/sess_c63214a97756492a?from=rd-home&start_from=eureka_landingpage,https://eureka.patsnap.com/share/?id=717e0d85fa71aab984baceb217aea162&from=invite-eureakplg-result&content=,
428,Porous External Electrode Structure for Bend-Resistant Multilayer Capacitors,electronics_manufacturing,used,2026-09-08T12:17:14.597851+00:00,2026-09-08T12:17:18.893681+00:00,2026-09-08T12:17:18.893681+00:00,https://eureka.patsnap.com/ai-search/sess_519b90a7b8b44c27?from=rd-home&start_from=eureka_landingpage,https://eureka.patsnap.com/share/?id=10931013105344e5a93da73563ceb23e&from=invite-eureakplg-result&content=,
430,Air-Conditioning Power Estimation With Field-Calibrated Lookup Tables,other,used,2026-09-08T12:21:20.199702+00:00,2026-09-08T12:21:21.898082+00:00,2026-09-08T12:21:21.898082+00:00,https://eureka.patsnap.com/ai-search/sess_e49916c723b04c60?from=rd-home&start_from=eureka_landingpage,https://eureka.patsnap.com/share/?id=4971518633aad2102b0a68f23aea90b3&from=invite-eureakplg-result&content=,
431,Acoustic muffler for a motorized food processing device,food_farming_production,used,2026-09-08T09:33:56.508601+00:00,2026-09-08T12:04:50.786932+00:00,2026-09-08T12:04:50.786932+00:00,https://eureka.patsnap.com/ai-search/sess_9a8db2e51890409d?from=rd-home&start_from=eureka_landingpage,https://eureka.patsnap.com/share/?id=b8394afda2d69ff72ef170aa644bf2b5&from=invite-eureakplg-result&content=,
432,Amino Acid Derivative Surfactants for Simplified Cleaning Formulations,chemical,used,2026-09-08T12:16:21.110133+00:00,2026-09-08T12:16:24.336491+00:00,2026-09-08T12:16:24.336491+00:00,https://eureka.patsnap.com/ai-search/sess_11b409f0e111496d?from=rd-home&start_from=eureka_landingpage,https://eureka.patsnap.com/share/?id=cd48c734ccd6d10dd97aee43ded2c2fb&from=invite-eureakplg-result&content=,
434,Multilayer Ceramic Structure With Asymmetric Ridge Curvature,materials,used,2026-09-08T12:20:51.822086+00:00,2026-09-08T12:20:53.736209+00:00,2026-09-08T12:20:53.736209+00:00,https://eureka.patsnap.com/ai-search/sess_55f5c7655cf04474?from=rd-home&start_from=eureka_landingpage,https://eureka.patsnap.com/share/?id=eb77c25c3424616ff1ebf90ce2f2002f&from=invite-eureakplg-result&content=,
436,Current Transformer Polarity Verification for Secondary Wiring Errors,energy,used,2026-09-08T12:18:03.687815+00:00,2026-09-08T12:18:06.502954+00:00,2026-09-08T12:18:06.502954+00:00,https://eureka.patsnap.com/ai-search/sess_2a11b5e5827d4bd3?from=rd-home&start_from=eureka_landingpage,https://eureka.patsnap.com/share/?id=2b9f28eede24564959e63da498c10b18&from=invite-eureakplg-result&content=,
438,Embedded Diffusion Barriers for Scaled Copper Interconnects,materials,used,2026-09-08T12:20:53.744512+00:00,2026-09-08T12:20:55.516901+00:00,2026-09-08T12:20:55.516901+00:00,https://eureka.patsnap.com/ai-search/sess_65d7bfa185f447ff?from=rd-home&start_from=eureka_landingpage,https://eureka.patsnap.com/share/?id=003946dd5a386187b062b181a7d12385&from=invite-eureakplg-result&content=,
441,Laundry Scent Additive Composition to Prevent Detergent Overdose,chemical,used,2026-09-08T12:16:24.343369+00:00,2026-09-08T12:16:27.886630+00:00,2026-09-08T12:16:27.886630+00:00,https://eureka.patsnap.com/ai-search/sess_7728e04ce6d946ae?from=rd-home&start_from=eureka_landingpage,https://eureka.patsnap.com/share/?id=41ba6a389397bac6aa8ebd5a7c856798&from=invite-eureakplg-result&content=,
443,Integrated Passive Structure With Edge Stress Buffer for Thermal Cracks,materials,used,2026-09-08T12:20:55.524437+00:00,2026-09-08T12:20:57.953832+00:00,2026-09-08T12:20:57.953832+00:00,https://eureka.patsnap.com/ai-search/sess_7a2c0a6bafc24f04?from=rd-home&start_from=eureka_landingpage,https://eureka.patsnap.com/share/?id=003086c01728f92ce15725460374b73d&from=invite-eureakplg-result&content=,
448,Thermal Runaway Prevention Film With Adhesive-Free Fireproof Sealing,materials,used,2026-09-08T12:20:57.957907+00:00,2026-09-08T12:21:00.215660+00:00,2026-09-08T12:21:00.215660+00:00,https://eureka.patsnap.com/ai-search/sess_d651b8c11c2e401c?from=rd-home&start_from=eureka_landingpage,https://eureka.patsnap.com/share/?id=36052babe1d883b676660f56a8b49149&from=invite-eureakplg-result&content=,
449,Towel with Secured Openings for Headrest and Chair Anchoring,other,used,2026-09-08T12:21:21.901244+00:00,2026-09-08T12:21:23.775272+00:00,2026-09-08T12:21:23.775272+00:00,https://eureka.patsnap.com/ai-search/sess_a521dda4a1f14ba7?from=rd-home&start_from=eureka_landingpage,https://eureka.patsnap.com/share/?id=c6184f4414aea54f893f78c836881add&from=invite-eureakplg-result&content=,
451,Adaptive Capacitor Switching for Low-Speed Ceiling Fan Control,other,used,2026-09-08T12:21:23.783779+00:00,2026-09-08T12:21:25.400736+00:00,2026-09-08T12:21:25.400736+00:00,https://eureka.patsnap.com/ai-search/sess_0cdcad0dfab647a1?from=rd-home&start_from=eureka_landingpage,https://eureka.patsnap.com/share/?id=766b8f75982bf87e576f5bfa607237ef&from=invite-eureakplg-result&content=,
452,System and method for defrosting/ de-icing an air-conditioner,other,used,2026-09-08T12:21:25.408881+00:00,2026-09-08T12:21:27.464498+00:00,2026-09-08T12:21:27.464498+00:00,https://eureka.patsnap.com/ai-search/sess_cb08c5688f4b42a4?from=rd-home&start_from=eureka_landingpage,https://eureka.patsnap.com/share/?id=4f2d73ae8534e79187210c00339d0853&from=invite-eureakplg-result&content=,
453,Power Management Circuit Using Blanking Detection to Cut Display Idle Power,electronics_manufacturing,used,2026-09-08T12:17:18.900152+00:00,2026-09-08T12:17:22.321705+00:00,2026-09-08T12:17:22.321705+00:00,https://eureka.patsnap.com/ai-search/sess_5cf1d02888314966?from=rd-home&start_from=eureka_landingpage,https://eureka.patsnap.com/share/?id=f27ddf2ec917fdc6eb3c7064e2c16a84&from=invite-eureakplg-result&content=,
454,Cleaning robot and method for performing task thereof,other,used,2026-09-08T12:21:27.471334+00:00,2026-09-08T12:21:31.186924+00:00,2026-09-08T12:21:31.186924+00:00,https://eureka.patsnap.com/ai-search/sess_f122f3df44e44fba?from=rd-home&start_from=eureka_landingpage,https://eureka.patsnap.com/share/?id=46be926b787ce84d50570a1f9be2aa80&from=invite-eureakplg-result&content=,
455,"Composite magnetically permeable layer for pot, preparation method therefor, and pot",materials,used,2026-09-08T12:21:00.218785+00:00,2026-09-08T12:21:02.087714+00:00,2026-09-08T12:21:02.087714+00:00,https://eureka.patsnap.com/ai-search/sess_38d0d32159cf45c8?from=rd-home&start_from=eureka_landingpage,https://eureka.patsnap.com/share/?id=8c069c86b8cbeea5f8df6bc906069dc0&from=invite-eureakplg-result&content=,
458,Device for determining a fill level of a dust collector for a vacuum cleaner,other,used,2026-09-08T12:21:31.190134+00:00,2026-09-08T12:21:32.979281+00:00,2026-09-08T12:21:32.979281+00:00,https://eureka.patsnap.com/ai-search/sess_24c436345d864cee?from=rd-home&start_from=eureka_landingpage,https://eureka.patsnap.com/share/?id=06fac31dcf825c54e60cb1b926373186&from=invite-eureakplg-result&content=,
459,Fabric Pretreatment Coating for Inkjet Color Density and Washfastness,materials,used,2026-09-08T12:21:02.095607+00:00,2026-09-08T12:21:04.265804+00:00,2026-09-08T12:21:04.265804+00:00,https://eureka.patsnap.com/ai-search/sess_1e2f532a12fe4e33?from=rd-home&start_from=eureka_landingpage,https://eureka.patsnap.com/share/?id=51597f7c94a58e056027415284e8bfc3&from=invite-eureakplg-result&content=,
460,FinFET Metal Gate Work Function Tuning for Threshold Voltage Control,electronics_manufacturing,used,2026-09-08T12:17:22.328569+00:00,2026-09-08T12:17:26.027275+00:00,2026-09-08T12:17:26.027275+00:00,https://eureka.patsnap.com/ai-search/sess_55c60b8236f04967?from=rd-home&start_from=eureka_landingpage,https://eureka.patsnap.com/share/?id=77418d7b5c40ab0da2eb7f9ad014047a&from=invite-eureakplg-result&content=,
462,Heating control circuit and electric blanket configured with heating control circuit,other,used,2026-09-08T12:21:32.983555+00:00,2026-09-08T12:21:34.707383+00:00,2026-09-08T12:21:34.707383+00:00,https://eureka.patsnap.com/ai-search/sess_28c1205ff7364963?from=rd-home&start_from=eureka_landingpage,https://eureka.patsnap.com/share/?id=892ef8731a55f5fe3c66a1527333f881&from=invite-eureakplg-result&content=,
464,Modular Diatomaceous Earth Absorption Mat for Rapid Drying and Hygiene,materials,used,2026-09-08T12:21:04.269014+00:00,2026-09-08T12:21:06.269596+00:00,2026-09-08T12:21:06.269596+00:00,https://eureka.patsnap.com/ai-search/sess_ba15ef0c3c5b4699?from=rd-home&start_from=eureka_landingpage,https://eureka.patsnap.com/share/?id=f99cd68f8782198d6287db358fce8d12&from=invite-eureakplg-result&content=,
465,Pixel Shifting Control for OLED Burn-In Prevention,electronics_manufacturing,used,2026-09-08T12:17:26.033954+00:00,2026-09-08T12:17:30.430618+00:00,2026-09-08T12:17:30.430618+00:00,https://eureka.patsnap.com/ai-search/sess_ae8163137fe4407b?from=rd-home&start_from=eureka_landingpage,https://eureka.patsnap.com/share/?id=3d9697afef7dde3f43b932feda22e974&from=invite-eureakplg-result&content=,
470,Smart toilet for human health monitoring,other,used,2026-09-08T12:21:34.714548+00:00,2026-09-08T12:21:37.089395+00:00,2026-09-08T12:21:37.089395+00:00,https://eureka.patsnap.com/ai-search/sess_f0decb65da4f4e86?from=rd-home&start_from=eureka_landingpage,https://eureka.patsnap.com/share/?id=745f8921be150a017ba0c640423c5ad6&from=invite-eureakplg-result&content=,
471,Dishwasher Spray Arm Obstruction Detection via Pump Power Monitoring,other,used,2026-09-08T12:21:37.096893+00:00,2026-09-08T12:21:38.890481+00:00,2026-09-08T12:21:38.890481+00:00,https://eureka.patsnap.com/ai-search/sess_e7cf2f8bb797434a?from=rd-home&start_from=eureka_landingpage,https://eureka.patsnap.com/share/?id=5bcc428a4a090f1e1f22e57bda753db0&from=invite-eureakplg-result&content=,
472,Stackable Molded Plastic Rocking Chair with Rocker Stability Design,other,used,2026-09-08T12:21:38.898542+00:00,2026-09-08T12:21:40.870079+00:00,2026-09-08T12:21:40.870079+00:00,https://eureka.patsnap.com/ai-search/sess_ea6f3da91dd64346?from=rd-home&start_from=eureka_landingpage,https://eureka.patsnap.com/share/?id=de7b210396ad6fedf5e3afe10a2a1525&from=invite-eureakplg-result&content=,
473,Switched-Capacitor Reverse Charging for Higher Power and Lower Heat,electronics_manufacturing,used,2026-09-08T12:17:30.437175+00:00,2026-09-08T12:17:33.598433+00:00,2026-09-08T12:17:33.598433+00:00,https://eureka.patsnap.com/ai-search/sess_58928cd54eac4d7f?from=rd-home&start_from=eureka_landingpage,https://eureka.patsnap.com/share/?id=05017960a0031e03bb20cb8884ed4f07&from=invite-eureakplg-result&content=,
475,Wireless Charging Power Control for Cover Material and Heat Limits,materials,used,2026-09-08T12:21:06.276744+00:00,2026-09-08T12:21:08.074565+00:00,2026-09-08T12:21:08.074565+00:00,https://eureka.patsnap.com/ai-search/sess_354b26f9498b4a62?from=rd-home&start_from=eureka_landingpage,https://eureka.patsnap.com/share/?id=c6a8aaf8c5b4acf8e11085226752a1af&from=invite-eureakplg-result&content=,
476,Process for treating a fabric and related compositions,materials,used,2026-09-08T12:21:08.081834+00:00,2026-09-08T12:21:10.357888+00:00,2026-09-08T12:21:10.357888+00:00,https://eureka.patsnap.com/ai-search/sess_4fb7dd9516aa4286?from=rd-home&start_from=eureka_landingpage,https://eureka.patsnap.com/share/?id=196ff3835a36ea80ce5cb5f7be71a4de&from=invite-eureakplg-result&content=,
477,Adaptive Beamforming for Fixed-Microphone Boomless Headphones,other,used,2026-09-08T12:21:40.877379+00:00,2026-09-08T12:21:43.037063+00:00,2026-09-08T12:21:43.037063+00:00,https://eureka.patsnap.com/ai-search/sess_800d1105b0ee42af?from=rd-home&start_from=eureka_landingpage,https://eureka.patsnap.com/share/?id=c108ab0333ccfabef920a108fd02159b&from=invite-eureakplg-result&content=,
480,Air Fryer Heating Assembly Layout to Reduce Airflow Energy Loss,food_farming_production,used,2026-09-08T09:33:56.508602+00:00,2026-09-08T12:04:52.425100+00:00,2026-09-08T12:04:52.425100+00:00,https://eureka.patsnap.com/ai-search/sess_bf25bb9225e5425b?from=rd-home&start_from=eureka_landingpage,https://eureka.patsnap.com/share/?id=ec389e826888f1c3edacdc59e88e31ec&from=invite-eureakplg-result&content=,
482,Compact Antenna Angle Adjustment Mechanism With Dual-Range Pivoting,other,used,2026-09-08T12:21:43.040550+00:00,2026-09-08T12:21:45.172025+00:00,2026-09-08T12:21:45.172025+00:00,https://eureka.patsnap.com/ai-search/sess_d96f70ab2fcb4db7?from=rd-home&start_from=eureka_landingpage,https://eureka.patsnap.com/share/?id=3968ad149e94486a0d4cfd7dd746caf7&from=invite-eureakplg-result&content=,
483,Articulated Vehicle Lane-Keeping Control Under Tire Abnormalities,automotive,used,2026-09-08T12:13:10.283565+00:00,2026-09-08T12:13:16.964282+00:00,2026-09-08T12:13:16.964282+00:00,https://eureka.patsnap.com/ai-search/sess_5b47fb63d592407e?from=rd-home&start_from=eureka_landingpage,https://eureka.patsnap.com/share/?id=d1bef082335da2a6b93397e8e6067734&from=invite-eureakplg-result&content=,
485,Battery Cell Current Interrupt Structure for Overcharge Pressure Cutoff,energy,used,2026-09-08T12:18:06.510217+00:00,2026-09-08T12:18:10.028259+00:00,2026-09-08T12:18:10.028259+00:00,https://eureka.patsnap.com/ai-search/sess_9271a6e44ee44996?from=rd-home&start_from=eureka_landingpage,https://eureka.patsnap.com/share/?id=751039fc204d40f565a95296526c9290&from=invite-eureakplg-result&content=,
486,EV Battery State-of-Health Assessment Using Cell Voltage Balance,energy,used,2026-09-08T12:18:10.034964+00:00,2026-09-08T12:18:12.656480+00:00,2026-09-08T12:18:12.656480+00:00,https://eureka.patsnap.com/ai-search/sess_9ddb27778d0f43b7?from=rd-home&start_from=eureka_landingpage,https://eureka.patsnap.com/share/?id=0973dc8fbf1fe8997dc44ddcc4380bbc&from=invite-eureakplg-result&content=,
487,Refrigerator with heat dissipation compartment at bootom,other,used,2026-09-08T12:21:45.179329+00:00,2026-09-08T12:21:47.389159+00:00,2026-09-08T12:21:47.389159+00:00,https://eureka.patsnap.com/ai-search/sess_712a98c5fa3842e2?from=rd-home&start_from=eureka_landingpage,https://eureka.patsnap.com/share/?id=526047e6d204886504854ed4704020e9&from=invite-eureakplg-result&content=,
489,Potassium Fluoroaluminate Brazing Flux for Corrosion Control,materials,used,2026-09-08T12:21:10.365688+00:00,2026-09-08T12:21:13.548297+00:00,2026-09-08T12:21:13.548297+00:00,https://eureka.patsnap.com/ai-search/sess_c360ff87825043d3?from=rd-home&start_from=eureka_landingpage,https://eureka.patsnap.com/share/?id=fa2b20511b9d9cab2c5106347325b5a4&from=invite-eureakplg-result&content=,
490,Ceramic Capacitor Metal Electrode with In-Situ BaTiO3 Dispersion,materials,used,2026-09-08T12:21:13.551213+00:00,2026-09-08T12:21:17.158018+00:00,2026-09-08T12:21:17.158018+00:00,https://eureka.patsnap.com/ai-search/sess_a40f51d083074c3f?from=rd-home&start_from=eureka_landingpage,https://eureka.patsnap.com/share/?id=9f89ebd98a383f1285a2d308f5b54e3c&from=invite-eureakplg-result&content=,
492,Cold-Plate Rectification Module Layout for Server Power Cooling,energy,used,2026-09-08T12:18:12.663129+00:00,2026-09-08T12:18:15.262829+00:00,2026-09-08T12:18:15.262829+00:00,https://eureka.patsnap.com/ai-search/sess_4871d145a5b749d2?from=rd-home&start_from=eureka_landingpage,https://eureka.patsnap.com/share/?id=98d83d212f3983b8a3719dfbfd431de3&from=invite-eureakplg-result&content=,
493,Vehicle Collision Time Prediction Using Travel Envelope Segmentation,automotive,used,2026-09-08T12:13:16.971144+00:00,2026-09-08T12:13:21.863455+00:00,2026-09-08T12:13:21.863455+00:00,https://eureka.patsnap.com/ai-search/sess_94b8a746f7cc4d61?from=rd-home&start_from=eureka_landingpage,https://eureka.patsnap.com/share/?id=fb0ddbad7927a8336ce9cdff1cbd5ef7&from=invite-eureakplg-result&content=,
494,Container for heating frozen filling-wrapping food in microwave oven and heating method using the same,food_farming_production,used,2026-09-08T09:33:56.508604+00:00,2026-09-08T12:04:54.402969+00:00,2026-09-08T12:04:54.402969+00:00,https://eureka.patsnap.com/ai-search/sess_d8f3a8aab65244a9?from=rd-home&start_from=eureka_landingpage,https://eureka.patsnap.com/share/?id=65844e87ad7c8bf425d13a175015eca2&from=invite-eureakplg-result&content=,
495,CrₓN₁₋ₓ Coating for Cookware Wear Resistance and Non-Stick Performance,food_farming_production,used,2026-09-08T09:33:56.508605+00:00,2026-09-08T12:04:58.105748+00:00,2026-09-08T12:04:58.105748+00:00,https://eureka.patsnap.com/ai-search/sess_9a5105ccd4f54bc1?from=rd-home&start_from=eureka_landingpage,https://eureka.patsnap.com/share/?id=be1c4859bb8d1cff4848856a6564ff11&from=invite-eureakplg-result&content=,
498,Current Transformer Polarity Verification for Secondary Wiring,energy,used,2026-09-08T12:18:15.269107+00:00,2026-09-08T12:18:18.937463+00:00,2026-09-08T12:18:18.937463+00:00,https://eureka.patsnap.com/ai-search/sess_15c9406270894386?from=rd-home&start_from=eureka_landingpage,https://eureka.patsnap.com/share/?id=fa183492545f05358055abbb37b20d49&from=invite-eureakplg-result&content=,
499,Cup Locking Structure with Magnetic Bolt Mechanism for Hidden Security,other,used,2026-09-08T12:21:47.392383+00:00,2026-09-08T12:21:50.182352+00:00,2026-09-08T12:21:50.182352+00:00,https://eureka.patsnap.com/ai-search/sess_b45dece3637c41df?from=rd-home&start_from=eureka_landingpage,https://eureka.patsnap.com/share/?id=e8bd4a04648dba2651d851352dcdae57&from=invite-eureakplg-result&content=,
